value,residue_mod30,valid_lane
0,0,0
1,1,1
2,2,0
3,3,0
4,4,0
5,5,0
6,6,0
7,7,1
8,8,0
9,9,0
10,10,0
11,11,1
12,12,0
13,13,1
14,14,0
15,15,0
16,16,0
17,17,1
18,18,0
19,19,1
20,20,0
21,21,0
22,22,0
23,23,1
24,24,0
25,25,0
26,26,0
27,27,0
28,28,0
29,29,1
30,0,0
31,1,1
32,2,0
33,3,0
34,4,0
35,5,0
36,6,0
37,7,1
38,8,0
39,9,0
40,10,0
41,11,1
42,12,0
43,13,1
44,14,0
45,15,0
46,16,0
47,17,1
48,18,0
49,19,1
50,20,0
51,21,0
52,22,0
53,23,1
54,24,0
55,25,0
56,26,0
57,27,0
58,28,0
59,29,1
60,0,0
61,1,1
62,2,0
63,3,0
64,4,0
65,5,0
66,6,0
67,7,1
68,8,0
69,9,0
70,10,0
71,11,1
72,12,0
73,13,1
74,14,0
75,15,0
76,16,0
77,17,1
78,18,0
79,19,1
80,20,0
81,21,0
82,22,0
83,23,1
84,24,0
85,25,0
86,26,0
87,27,0
88,28,0
89,29,1
90,0,0
91,1,1
92,2,0
93,3,0
94,4,0
95,5,0
96,6,0
97,7,1
98,8,0
99,9,0
100,10,0
101,11,1
102,12,0
103,13,1
104,14,0
105,15,0
106,16,0
107,17,1
108,18,0
109,19,1
110,20,0
111,21,0
112,22,0
113,23,1
114,24,0
115,25,0
116,26,0
117,27,0
118,28,0
119,29,1
120,0,0
121,1,1
122,2,0
123,3,0
124,4,0
125,5,0
126,6,0
127,7,1
128,8,0
129,9,0
130,10,0
131,11,1
132,12,0
133,13,1
134,14,0
135,15,0
136,16,0
137,17,1
138,18,0
139,19,1
140,20,0
141,21,0
142,22,0
143,23,1
144,24,0
145,25,0
146,26,0
147,27,0
148,28,0
149,29,1
150,0,0
151,1,1
152,2,0
153,3,0
154,4,0
155,5,0
156,6,0
157,7,1
158,8,0
159,9,0
160,10,0
161,11,1
162,12,0
163,13,1
164,14,0
165,15,0
166,16,0
167,17,1
168,18,0
169,19,1
170,20,0
171,21,0
172,22,0
173,23,1
174,24,0
175,25,0
176,26,0
177,27,0
178,28,0
179,29,1
180,0,0
181,1,1
182,2,0
183,3,0
184,4,0
185,5,0
186,6,0
187,7,1
188,8,0
189,9,0
190,10,0
191,11,1
192,12,0
193,13,1
194,14,0
195,15,0
196,16,0
197,17,1
198,18,0
199,19,1
200,20,0
201,21,0
202,22,0
203,23,1
204,24,0
205,25,0
206,26,0
207,27,0
208,28,0
209,29,1
210,0,0
211,1,1
212,2,0
213,3,0
214,4,0
215,5,0
216,6,0
217,7,1
218,8,0
219,9,0
220,10,0
221,11,1
222,12,0
223,13,1
224,14,0
225,15,0
226,16,0
227,17,1
228,18,0
229,19,1
230,20,0
231,21,0
232,22,0
233,23,1
234,24,0
235,25,0
236,26,0
237,27,0
238,28,0
239,29,1
240,0,0
241,1,1
242,2,0
243,3,0
244,4,0
245,5,0
246,6,0
247,7,1
248,8,0
249,9,0
250,10,0
251,11,1
252,12,0
253,13,1
254,14,0
255,15,0
256,16,0
257,17,1
258,18,0
259,19,1
260,20,0
261,21,0
262,22,0
263,23,1
264,24,0
265,25,0
266,26,0
267,27,0
268,28,0
269,29,1
270,0,0
271,1,1
272,2,0
273,3,0
274,4,0
275,5,0
276,6,0
277,7,1
278,8,0
279,9,0
280,10,0
281,11,1
282,12,0
283,13,1
284,14,0
285,15,0
286,16,0
287,17,1
288,18,0
289,19,1
290,20,0
291,21,0
292,22,0
293,23,1
294,24,0
295,25,0
296,26,0
297,27,0
298,28,0
299,29,1
300,0,0
301,1,1
302,2,0
303,3,0
304,4,0
305,5,0
306,6,0
307,7,1
308,8,0
309,9,0
310,10,0
311,11,1
312,12,0
313,13,1
314,14,0
315,15,0
316,16,0
317,17,1
318,18,0
319,19,1
320,20,0
321,21,0
322,22,0
323,23,1
324,24,0
325,25,0
326,26,0
327,27,0
328,28,0
329,29,1
330,0,0
331,1,1
332,2,0
333,3,0
334,4,0
335,5,0
336,6,0
337,7,1
338,8,0
339,9,0
340,10,0
341,11,1
342,12,0
343,13,1
344,14,0
345,15,0
346,16,0
347,17,1
348,18,0
349,19,1
350,20,0
351,21,0
352,22,0
353,23,1
354,24,0
355,25,0
356,26,0
357,27,0
358,28,0
359,29,1
360,0,0
361,1,1
362,2,0
363,3,0
364,4,0
365,5,0
366,6,0
367,7,1
368,8,0
369,9,0
370,10,0
371,11,1
372,12,0
373,13,1
374,14,0
375,15,0
376,16,0
377,17,1
378,18,0
379,19,1
380,20,0
381,21,0
382,22,0
383,23,1
384,24,0
385,25,0
386,26,0
387,27,0
388,28,0
389,29,1
390,0,0
391,1,1
392,2,0
393,3,0
394,4,0
395,5,0
396,6,0
397,7,1
398,8,0
399,9,0
400,10,0
401,11,1
402,12,0
403,13,1
404,14,0
405,15,0
406,16,0
407,17,1
408,18,0
409,19,1
410,20,0
411,21,0
412,22,0
413,23,1
414,24,0
415,25,0
416,26,0
417,27,0
418,28,0
419,29,1
420,0,0
421,1,1
422,2,0
423,3,0
424,4,0
425,5,0
426,6,0
427,7,1
428,8,0
429,9,0
430,10,0
431,11,1
432,12,0
433,13,1
434,14,0
435,15,0
436,16,0
437,17,1
438,18,0
439,19,1
440,20,0
441,21,0
442,22,0
443,23,1
444,24,0
445,25,0
446,26,0
447,27,0
448,28,0
449,29,1
450,0,0
451,1,1
452,2,0
453,3,0
454,4,0
455,5,0
456,6,0
457,7,1
458,8,0
459,9,0
460,10,0
461,11,1
462,12,0
463,13,1
464,14,0
465,15,0
466,16,0
467,17,1
468,18,0
469,19,1
470,20,0
471,21,0
472,22,0
473,23,1
474,24,0
475,25,0
476,26,0
477,27,0
478,28,0
479,29,1
480,0,0
481,1,1
482,2,0
483,3,0
484,4,0
485,5,0
486,6,0
487,7,1
488,8,0
489,9,0
490,10,0
491,11,1
492,12,0
493,13,1
494,14,0
495,15,0
496,16,0
497,17,1
498,18,0
499,19,1
500,20,0
501,21,0
502,22,0
503,23,1
504,24,0
505,25,0
506,26,0
507,27,0
508,28,0
509,29,1
510,0,0
511,1,1
512,2,0
513,3,0
514,4,0
515,5,0
516,6,0
517,7,1
518,8,0
519,9,0
520,10,0
521,11,1
522,12,0
523,13,1
524,14,0
525,15,0
526,16,0
527,17,1
528,18,0
529,19,1
530,20,0
531,21,0
532,22,0
533,23,1
534,24,0
535,25,0
536,26,0
537,27,0
538,28,0
539,29,1
540,0,0
541,1,1
542,2,0
543,3,0
544,4,0
545,5,0
546,6,0
547,7,1
548,8,0
549,9,0
550,10,0
551,11,1
552,12,0
553,13,1
554,14,0
555,15,0
556,16,0
557,17,1
558,18,0
559,19,1
560,20,0
561,21,0
562,22,0
563,23,1
564,24,0
565,25,0
566,26,0
567,27,0
568,28,0
569,29,1
570,0,0
571,1,1
572,2,0
573,3,0
574,4,0
575,5,0
576,6,0
577,7,1
578,8,0
579,9,0
580,10,0
581,11,1
582,12,0
583,13,1
584,14,0
585,15,0
586,16,0
587,17,1
588,18,0
589,19,1
590,20,0
591,21,0
592,22,0
593,23,1
594,24,0
595,25,0
596,26,0
597,27,0
598,28,0
599,29,1
600,0,0
601,1,1
602,2,0
603,3,0
604,4,0
605,5,0
606,6,0
607,7,1
608,8,0
609,9,0
610,10,0
611,11,1
612,12,0
613,13,1
614,14,0
615,15,0
616,16,0
617,17,1
618,18,0
619,19,1
620,20,0
621,21,0
622,22,0
623,23,1
624,24,0
625,25,0
626,26,0
627,27,0
628,28,0
629,29,1
630,0,0
631,1,1
632,2,0
633,3,0
634,4,0
635,5,0
636,6,0
637,7,1
638,8,0
639,9,0
640,10,0
641,11,1
642,12,0
643,13,1
644,14,0
645,15,0
646,16,0
647,17,1
648,18,0
649,19,1
650,20,0
651,21,0
652,22,0
653,23,1
654,24,0
655,25,0
656,26,0
657,27,0
658,28,0
659,29,1
660,0,0
661,1,1
662,2,0
663,3,0
664,4,0
665,5,0
666,6,0
667,7,1
668,8,0
669,9,0
670,10,0
671,11,1
672,12,0
673,13,1
674,14,0
675,15,0
676,16,0
677,17,1
678,18,0
679,19,1
680,20,0
681,21,0
682,22,0
683,23,1
684,24,0
685,25,0
686,26,0
687,27,0
688,28,0
689,29,1
690,0,0
691,1,1
692,2,0
693,3,0
694,4,0
695,5,0
696,6,0
697,7,1
698,8,0
699,9,0
700,10,0
701,11,1
702,12,0
703,13,1
704,14,0
705,15,0
706,16,0
707,17,1
708,18,0
709,19,1
710,20,0
711,21,0
712,22,0
713,23,1
714,24,0
715,25,0
716,26,0
717,27,0
718,28,0
719,29,1
720,0,0
721,1,1
722,2,0
723,3,0
724,4,0
725,5,0
726,6,0
727,7,1
728,8,0
729,9,0
730,10,0
731,11,1
732,12,0
733,13,1
734,14,0
735,15,0
736,16,0
737,17,1
738,18,0
739,19,1
740,20,0
741,21,0
742,22,0
743,23,1
744,24,0
745,25,0
746,26,0
747,27,0
748,28,0
749,29,1
750,0,0
751,1,1
752,2,0
753,3,0
754,4,0
755,5,0
756,6,0
757,7,1
758,8,0
759,9,0
760,10,0
761,11,1
762,12,0
763,13,1
764,14,0
765,15,0
766,16,0
767,17,1
768,18,0
769,19,1
770,20,0
771,21,0
772,22,0
773,23,1
774,24,0
775,25,0
776,26,0
777,27,0
778,28,0
779,29,1
780,0,0
781,1,1
782,2,0
783,3,0
784,4,0
785,5,0
786,6,0
787,7,1
788,8,0
789,9,0
790,10,0
791,11,1
792,12,0
793,13,1
794,14,0
795,15,0
796,16,0
797,17,1
798,18,0
799,19,1
800,20,0
801,21,0
802,22,0
803,23,1
804,24,0
805,25,0
806,26,0
807,27,0
808,28,0
809,29,1
810,0,0
811,1,1
812,2,0
813,3,0
814,4,0
815,5,0
816,6,0
817,7,1
818,8,0
819,9,0
820,10,0
821,11,1
822,12,0
823,13,1
824,14,0
825,15,0
826,16,0
827,17,1
828,18,0
829,19,1
830,20,0
831,21,0
832,22,0
833,23,1
834,24,0
835,25,0
836,26,0
837,27,0
838,28,0
839,29,1
840,0,0
841,1,1
842,2,0
843,3,0
844,4,0
845,5,0
846,6,0
847,7,1
848,8,0
849,9,0
850,10,0
851,11,1
852,12,0
853,13,1
854,14,0
855,15,0
856,16,0
857,17,1
858,18,0
859,19,1
860,20,0
861,21,0
862,22,0
863,23,1
864,24,0
865,25,0
866,26,0
867,27,0
868,28,0
869,29,1
870,0,0
871,1,1
872,2,0
873,3,0
874,4,0
875,5,0
876,6,0
877,7,1
878,8,0
879,9,0
880,10,0
881,11,1
882,12,0
883,13,1
884,14,0
885,15,0
886,16,0
887,17,1
888,18,0
889,19,1
890,20,0
891,21,0
892,22,0
893,23,1
894,24,0
895,25,0
896,26,0
897,27,0
898,28,0
899,29,1
900,0,0
901,1,1
902,2,0
903,3,0
904,4,0
905,5,0
906,6,0
907,7,1
908,8,0
909,9,0
910,10,0
911,11,1
912,12,0
913,13,1
914,14,0
915,15,0
916,16,0
917,17,1
918,18,0
919,19,1
920,20,0
921,21,0
922,22,0
923,23,1
924,24,0
925,25,0
926,26,0
927,27,0
928,28,0
929,29,1
930,0,0
931,1,1
932,2,0
933,3,0
934,4,0
935,5,0
936,6,0
937,7,1
938,8,0
939,9,0
940,10,0
941,11,1
942,12,0
943,13,1
944,14,0
945,15,0
946,16,0
947,17,1
948,18,0
949,19,1
950,20,0
951,21,0
952,22,0
953,23,1
954,24,0
955,25,0
956,26,0
957,27,0
958,28,0
959,29,1
960,0,0
961,1,1
962,2,0
963,3,0
964,4,0
965,5,0
966,6,0
967,7,1
968,8,0
969,9,0
970,10,0
971,11,1
972,12,0
973,13,1
974,14,0
975,15,0
976,16,0
977,17,1
978,18,0
979,19,1
980,20,0
981,21,0
982,22,0
983,23,1
984,24,0
985,25,0
986,26,0
987,27,0
988,28,0
989,29,1
990,0,0
991,1,1
992,2,0
993,3,0
994,4,0
995,5,0
996,6,0
997,7,1
998,8,0
999,9,0
1000,10,0
1001,11,1
1002,12,0
1003,13,1
1004,14,0
1005,15,0
1006,16,0
1007,17,1
1008,18,0
1009,19,1
1010,20,0
1011,21,0
1012,22,0
1013,23,1
1014,24,0
1015,25,0
1016,26,0
1017,27,0
1018,28,0
1019,29,1
1020,0,0
1021,1,1
1022,2,0
1023,3,0
1024,4,0
1025,5,0
1026,6,0
1027,7,1
1028,8,0
1029,9,0
1030,10,0
1031,11,1
1032,12,0
1033,13,1
1034,14,0
1035,15,0
1036,16,0
1037,17,1
1038,18,0
1039,19,1
1040,20,0
1041,21,0
1042,22,0
1043,23,1
1044,24,0
1045,25,0
1046,26,0
1047,27,0
1048,28,0
1049,29,1
1050,0,0
1051,1,1
1052,2,0
1053,3,0
1054,4,0
1055,5,0
1056,6,0
1057,7,1
1058,8,0
1059,9,0
1060,10,0
1061,11,1
1062,12,0
1063,13,1
1064,14,0
1065,15,0
1066,16,0
1067,17,1
1068,18,0
1069,19,1
1070,20,0
1071,21,0
1072,22,0
1073,23,1
1074,24,0
1075,25,0
1076,26,0
1077,27,0
1078,28,0
1079,29,1
1080,0,0
1081,1,1
1082,2,0
1083,3,0
1084,4,0
1085,5,0
1086,6,0
1087,7,1
1088,8,0
1089,9,0
1090,10,0
1091,11,1
1092,12,0
1093,13,1
1094,14,0
1095,15,0
1096,16,0
1097,17,1
1098,18,0
1099,19,1
1100,20,0
1101,21,0
1102,22,0
1103,23,1
1104,24,0
1105,25,0
1106,26,0
1107,27,0
1108,28,0
1109,29,1
1110,0,0
1111,1,1
1112,2,0
1113,3,0
1114,4,0
1115,5,0
1116,6,0
1117,7,1
1118,8,0
1119,9,0
1120,10,0
1121,11,1
1122,12,0
1123,13,1
1124,14,0
1125,15,0
1126,16,0
1127,17,1
1128,18,0
1129,19,1
1130,20,0
1131,21,0
1132,22,0
1133,23,1
1134,24,0
1135,25,0
1136,26,0
1137,27,0
1138,28,0
1139,29,1
1140,0,0
1141,1,1
1142,2,0
1143,3,0
1144,4,0
1145,5,0
1146,6,0
1147,7,1
1148,8,0
1149,9,0
1150,10,0
1151,11,1
1152,12,0
1153,13,1
1154,14,0
1155,15,0
1156,16,0
1157,17,1
1158,18,0
1159,19,1
1160,20,0
1161,21,0
1162,22,0
1163,23,1
1164,24,0
1165,25,0
1166,26,0
1167,27,0
1168,28,0
1169,29,1
1170,0,0
1171,1,1
1172,2,0
1173,3,0
1174,4,0
1175,5,0
1176,6,0
1177,7,1
1178,8,0
1179,9,0
1180,10,0
1181,11,1
1182,12,0
1183,13,1
1184,14,0
1185,15,0
1186,16,0
1187,17,1
1188,18,0
1189,19,1
1190,20,0
1191,21,0
1192,22,0
1193,23,1
1194,24,0
1195,25,0
1196,26,0
1197,27,0
1198,28,0
1199,29,1
1200,0,0
1201,1,1
1202,2,0
1203,3,0
1204,4,0
1205,5,0
1206,6,0
1207,7,1
1208,8,0
1209,9,0
1210,10,0
1211,11,1
1212,12,0
1213,13,1
1214,14,0
1215,15,0
1216,16,0
1217,17,1
1218,18,0
1219,19,1
1220,20,0
1221,21,0
1222,22,0
1223,23,1
1224,24,0
1225,25,0
1226,26,0
1227,27,0
1228,28,0
1229,29,1
1230,0,0
1231,1,1
1232,2,0
1233,3,0
1234,4,0
1235,5,0
1236,6,0
1237,7,1
1238,8,0
1239,9,0
1240,10,0
1241,11,1
1242,12,0
1243,13,1
1244,14,0
1245,15,0
1246,16,0
1247,17,1
1248,18,0
1249,19,1
1250,20,0
1251,21,0
1252,22,0
1253,23,1
1254,24,0
1255,25,0
1256,26,0
1257,27,0
1258,28,0
1259,29,1
1260,0,0
1261,1,1
1262,2,0
1263,3,0
1264,4,0
1265,5,0
1266,6,0
1267,7,1
1268,8,0
1269,9,0
1270,10,0
1271,11,1
1272,12,0
1273,13,1
1274,14,0
1275,15,0
1276,16,0
1277,17,1
1278,18,0
1279,19,1
1280,20,0
1281,21,0
1282,22,0
1283,23,1
1284,24,0
1285,25,0
1286,26,0
1287,27,0
1288,28,0
1289,29,1
1290,0,0
1291,1,1
1292,2,0
1293,3,0
1294,4,0
1295,5,0
1296,6,0
1297,7,1
1298,8,0
1299,9,0
1300,10,0
1301,11,1
1302,12,0
1303,13,1
1304,14,0
1305,15,0
1306,16,0
1307,17,1
1308,18,0
1309,19,1
1310,20,0
1311,21,0
1312,22,0
1313,23,1
1314,24,0
1315,25,0
1316,26,0
1317,27,0
1318,28,0
1319,29,1
1320,0,0
1321,1,1
1322,2,0
1323,3,0
1324,4,0
1325,5,0
1326,6,0
1327,7,1
1328,8,0
1329,9,0
1330,10,0
1331,11,1
1332,12,0
1333,13,1
1334,14,0
1335,15,0
1336,16,0
1337,17,1
1338,18,0
1339,19,1
1340,20,0
1341,21,0
1342,22,0
1343,23,1
1344,24,0
1345,25,0
1346,26,0
1347,27,0
1348,28,0
1349,29,1
1350,0,0
1351,1,1
1352,2,0
1353,3,0
1354,4,0
1355,5,0
1356,6,0
1357,7,1
1358,8,0
1359,9,0
1360,10,0
1361,11,1
1362,12,0
1363,13,1
1364,14,0
1365,15,0
1366,16,0
1367,17,1
1368,18,0
1369,19,1
1370,20,0
1371,21,0
1372,22,0
1373,23,1
1374,24,0
1375,25,0
1376,26,0
1377,27,0
1378,28,0
1379,29,1
1380,0,0
1381,1,1
1382,2,0
1383,3,0
1384,4,0
1385,5,0
1386,6,0
1387,7,1
1388,8,0
1389,9,0
1390,10,0
1391,11,1
1392,12,0
1393,13,1
1394,14,0
1395,15,0
1396,16,0
1397,17,1
1398,18,0
1399,19,1
1400,20,0
1401,21,0
1402,22,0
1403,23,1
1404,24,0
1405,25,0
1406,26,0
1407,27,0
1408,28,0
1409,29,1
1410,0,0
1411,1,1
1412,2,0
1413,3,0
1414,4,0
1415,5,0
1416,6,0
1417,7,1
1418,8,0
1419,9,0
1420,10,0
1421,11,1
1422,12,0
1423,13,1
1424,14,0
1425,15,0
1426,16,0
1427,17,1
1428,18,0
1429,19,1
1430,20,0
1431,21,0
1432,22,0
1433,23,1
1434,24,0
1435,25,0
1436,26,0
1437,27,0
1438,28,0
1439,29,1
1440,0,0
1441,1,1
1442,2,0
1443,3,0
1444,4,0
1445,5,0
1446,6,0
1447,7,1
1448,8,0
1449,9,0
1450,10,0
1451,11,1
1452,12,0
1453,13,1
1454,14,0
1455,15,0
1456,16,0
1457,17,1
1458,18,0
1459,19,1
1460,20,0
1461,21,0
1462,22,0
1463,23,1
1464,24,0
1465,25,0
1466,26,0
1467,27,0
1468,28,0
1469,29,1
1470,0,0
1471,1,1
1472,2,0
1473,3,0
1474,4,0
1475,5,0
1476,6,0
1477,7,1
1478,8,0
1479,9,0
1480,10,0
1481,11,1
1482,12,0
1483,13,1
1484,14,0
1485,15,0
1486,16,0
1487,17,1
1488,18,0
1489,19,1
1490,20,0
1491,21,0
1492,22,0
1493,23,1
1494,24,0
1495,25,0
1496,26,0
1497,27,0
1498,28,0
1499,29,1
1500,0,0
1501,1,1
1502,2,0
1503,3,0
1504,4,0
1505,5,0
1506,6,0
1507,7,1
1508,8,0
1509,9,0
1510,10,0
1511,11,1
1512,12,0
1513,13,1
1514,14,0
1515,15,0
1516,16,0
1517,17,1
1518,18,0
1519,19,1
1520,20,0
1521,21,0
1522,22,0
1523,23,1
1524,24,0
1525,25,0
1526,26,0
1527,27,0
1528,28,0
1529,29,1
1530,0,0
1531,1,1
1532,2,0
1533,3,0
1534,4,0
1535,5,0
1536,6,0
1537,7,1
1538,8,0
1539,9,0
1540,10,0
1541,11,1
1542,12,0
1543,13,1
1544,14,0
1545,15,0
1546,16,0
1547,17,1
1548,18,0
1549,19,1
1550,20,0
1551,21,0
1552,22,0
1553,23,1
1554,24,0
1555,25,0
1556,26,0
1557,27,0
1558,28,0
1559,29,1
1560,0,0
1561,1,1
1562,2,0
1563,3,0
1564,4,0
1565,5,0
1566,6,0
1567,7,1
1568,8,0
1569,9,0
1570,10,0
1571,11,1
1572,12,0
1573,13,1
1574,14,0
1575,15,0
1576,16,0
1577,17,1
1578,18,0
1579,19,1
1580,20,0
1581,21,0
1582,22,0
1583,23,1
1584,24,0
1585,25,0
1586,26,0
1587,27,0
1588,28,0
1589,29,1
1590,0,0
1591,1,1
1592,2,0
1593,3,0
1594,4,0
1595,5,0
1596,6,0
1597,7,1
1598,8,0
1599,9,0
1600,10,0
1601,11,1
1602,12,0
1603,13,1
1604,14,0
1605,15,0
1606,16,0
1607,17,1
1608,18,0
1609,19,1
1610,20,0
1611,21,0
1612,22,0
1613,23,1
1614,24,0
1615,25,0
1616,26,0
1617,27,0
1618,28,0
1619,29,1
1620,0,0
1621,1,1
1622,2,0
1623,3,0
1624,4,0
1625,5,0
1626,6,0
1627,7,1
1628,8,0
1629,9,0
1630,10,0
1631,11,1
1632,12,0
1633,13,1
1634,14,0
1635,15,0
1636,16,0
1637,17,1
1638,18,0
1639,19,1
1640,20,0
1641,21,0
1642,22,0
1643,23,1
1644,24,0
1645,25,0
1646,26,0
1647,27,0
1648,28,0
1649,29,1
1650,0,0
1651,1,1
1652,2,0
1653,3,0
1654,4,0
1655,5,0
1656,6,0
1657,7,1
1658,8,0
1659,9,0
1660,10,0
1661,11,1
1662,12,0
1663,13,1
1664,14,0
1665,15,0
1666,16,0
1667,17,1
1668,18,0
1669,19,1
1670,20,0
1671,21,0
1672,22,0
1673,23,1
1674,24,0
1675,25,0
1676,26,0
1677,27,0
1678,28,0
1679,29,1
1680,0,0
1681,1,1
1682,2,0
1683,3,0
1684,4,0
1685,5,0
1686,6,0
1687,7,1
1688,8,0
1689,9,0
1690,10,0
1691,11,1
1692,12,0
1693,13,1
1694,14,0
1695,15,0
1696,16,0
1697,17,1
1698,18,0
1699,19,1
1700,20,0
1701,21,0
1702,22,0
1703,23,1
1704,24,0
1705,25,0
1706,26,0
1707,27,0
1708,28,0
1709,29,1
1710,0,0
1711,1,1
1712,2,0
1713,3,0
1714,4,0
1715,5,0
1716,6,0
1717,7,1
1718,8,0
1719,9,0
1720,10,0
1721,11,1
1722,12,0
1723,13,1
1724,14,0
1725,15,0
1726,16,0
1727,17,1
1728,18,0
1729,19,1
1730,20,0
1731,21,0
1732,22,0
1733,23,1
1734,24,0
1735,25,0
1736,26,0
1737,27,0
1738,28,0
1739,29,1
1740,0,0
1741,1,1
1742,2,0
1743,3,0
1744,4,0
1745,5,0
1746,6,0
1747,7,1
1748,8,0
1749,9,0
1750,10,0
1751,11,1
1752,12,0
1753,13,1
1754,14,0
1755,15,0
1756,16,0
1757,17,1
1758,18,0
1759,19,1
1760,20,0
1761,21,0
1762,22,0
1763,23,1
1764,24,0
1765,25,0
1766,26,0
1767,27,0
1768,28,0
1769,29,1
1770,0,0
1771,1,1
1772,2,0
1773,3,0
1774,4,0
1775,5,0
1776,6,0
1777,7,1
1778,8,0
1779,9,0
1780,10,0
1781,11,1
1782,12,0
1783,13,1
1784,14,0
1785,15,0
1786,16,0
1787,17,1
1788,18,0
1789,19,1
1790,20,0
1791,21,0
1792,22,0
1793,23,1
1794,24,0
1795,25,0
1796,26,0
1797,27,0
1798,28,0
1799,29,1
1800,0,0
1801,1,1
1802,2,0
1803,3,0
1804,4,0
1805,5,0
1806,6,0
1807,7,1
1808,8,0
1809,9,0
1810,10,0
1811,11,1
1812,12,0
1813,13,1
1814,14,0
1815,15,0
1816,16,0
1817,17,1
1818,18,0
1819,19,1
1820,20,0
1821,21,0
1822,22,0
1823,23,1
1824,24,0
1825,25,0
1826,26,0
1827,27,0
1828,28,0
1829,29,1
1830,0,0
1831,1,1
1832,2,0
1833,3,0
1834,4,0
1835,5,0
1836,6,0
1837,7,1
1838,8,0
1839,9,0
1840,10,0
1841,11,1
1842,12,0
1843,13,1
1844,14,0
1845,15,0
1846,16,0
1847,17,1
1848,18,0
1849,19,1
1850,20,0
1851,21,0
1852,22,0
1853,23,1
1854,24,0
1855,25,0
1856,26,0
1857,27,0
1858,28,0
1859,29,1
1860,0,0
1861,1,1
1862,2,0
1863,3,0
1864,4,0
1865,5,0
1866,6,0
1867,7,1
1868,8,0
1869,9,0
1870,10,0
1871,11,1
1872,12,0
1873,13,1
1874,14,0
1875,15,0
1876,16,0
1877,17,1
1878,18,0
1879,19,1
1880,20,0
1881,21,0
1882,22,0
1883,23,1
1884,24,0
1885,25,0
1886,26,0
1887,27,0
1888,28,0
1889,29,1
1890,0,0
1891,1,1
1892,2,0
1893,3,0
1894,4,0
1895,5,0
1896,6,0
1897,7,1
1898,8,0
1899,9,0
1900,10,0
1901,11,1
1902,12,0
1903,13,1
1904,14,0
1905,15,0
1906,16,0
1907,17,1
1908,18,0
1909,19,1
1910,20,0
1911,21,0
1912,22,0
1913,23,1
1914,24,0
1915,25,0
1916,26,0
1917,27,0
1918,28,0
1919,29,1
1920,0,0
1921,1,1
1922,2,0
1923,3,0
1924,4,0
1925,5,0
1926,6,0
1927,7,1
1928,8,0
1929,9,0
1930,10,0
1931,11,1
1932,12,0
1933,13,1
1934,14,0
1935,15,0
1936,16,0
1937,17,1
1938,18,0
1939,19,1
1940,20,0
1941,21,0
1942,22,0
1943,23,1
1944,24,0
1945,25,0
1946,26,0
1947,27,0
1948,28,0
1949,29,1
1950,0,0
1951,1,1
1952,2,0
1953,3,0
1954,4,0
1955,5,0
1956,6,0
1957,7,1
1958,8,0
1959,9,0
1960,10,0
1961,11,1
1962,12,0
1963,13,1
1964,14,0
1965,15,0
1966,16,0
1967,17,1
1968,18,0
1969,19,1
1970,20,0
1971,21,0
1972,22,0
1973,23,1
1974,24,0
1975,25,0
1976,26,0
1977,27,0
1978,28,0
1979,29,1
1980,0,0
1981,1,1
1982,2,0
1983,3,0
1984,4,0
1985,5,0
1986,6,0
1987,7,1
1988,8,0
1989,9,0
1990,10,0
1991,11,1
1992,12,0
1993,13,1
1994,14,0
1995,15,0
1996,16,0
1997,17,1
1998,18,0
1999,19,1
2000,20,0
2001,21,0
2002,22,0
2003,23,1
2004,24,0
2005,25,0
2006,26,0
2007,27,0
2008,28,0
2009,29,1
2010,0,0
2011,1,1
2012,2,0
2013,3,0
2014,4,0
2015,5,0
2016,6,0
2017,7,1
2018,8,0
2019,9,0
2020,10,0
2021,11,1
2022,12,0
2023,13,1
2024,14,0
2025,15,0
2026,16,0
2027,17,1
2028,18,0
2029,19,1
2030,20,0
2031,21,0
2032,22,0
2033,23,1
2034,24,0
2035,25,0
2036,26,0
2037,27,0
2038,28,0
2039,29,1
2040,0,0
2041,1,1
2042,2,0
2043,3,0
2044,4,0
2045,5,0
2046,6,0
2047,7,1
2048,8,0
2049,9,0
2050,10,0
2051,11,1
2052,12,0
2053,13,1
2054,14,0
2055,15,0
2056,16,0
2057,17,1
2058,18,0
2059,19,1
2060,20,0
2061,21,0
2062,22,0
2063,23,1
2064,24,0
2065,25,0
2066,26,0
2067,27,0
2068,28,0
2069,29,1
2070,0,0
2071,1,1
2072,2,0
2073,3,0
2074,4,0
2075,5,0
2076,6,0
2077,7,1
2078,8,0
2079,9,0
2080,10,0
2081,11,1
2082,12,0
2083,13,1
2084,14,0
2085,15,0
2086,16,0
2087,17,1
2088,18,0
2089,19,1
2090,20,0
2091,21,0
2092,22,0
2093,23,1
2094,24,0
2095,25,0
2096,26,0
2097,27,0
2098,28,0
2099,29,1
2100,0,0
2101,1,1
2102,2,0
2103,3,0
2104,4,0
2105,5,0
2106,6,0
2107,7,1
2108,8,0
2109,9,0
2110,10,0
2111,11,1
2112,12,0
2113,13,1
2114,14,0
2115,15,0
2116,16,0
2117,17,1
2118,18,0
2119,19,1
2120,20,0
2121,21,0
2122,22,0
2123,23,1
2124,24,0
2125,25,0
2126,26,0
2127,27,0
2128,28,0
2129,29,1
2130,0,0
2131,1,1
2132,2,0
2133,3,0
2134,4,0
2135,5,0
2136,6,0
2137,7,1
2138,8,0
2139,9,0
2140,10,0
2141,11,1
2142,12,0
2143,13,1
2144,14,0
2145,15,0
2146,16,0
2147,17,1
2148,18,0
2149,19,1
2150,20,0
2151,21,0
2152,22,0
2153,23,1
2154,24,0
2155,25,0
2156,26,0
2157,27,0
2158,28,0
2159,29,1
2160,0,0
2161,1,1
2162,2,0
2163,3,0
2164,4,0
2165,5,0
2166,6,0
2167,7,1
2168,8,0
2169,9,0
2170,10,0
2171,11,1
2172,12,0
2173,13,1
2174,14,0
2175,15,0
2176,16,0
2177,17,1
2178,18,0
2179,19,1
2180,20,0
2181,21,0
2182,22,0
2183,23,1
2184,24,0
2185,25,0
2186,26,0
2187,27,0
2188,28,0
2189,29,1
2190,0,0
2191,1,1
2192,2,0
2193,3,0
2194,4,0
2195,5,0
2196,6,0
2197,7,1
2198,8,0
2199,9,0
2200,10,0
2201,11,1
2202,12,0
2203,13,1
2204,14,0
2205,15,0
2206,16,0
2207,17,1
2208,18,0
2209,19,1
2210,20,0
2211,21,0
2212,22,0
2213,23,1
2214,24,0
2215,25,0
2216,26,0
2217,27,0
2218,28,0
2219,29,1
2220,0,0
2221,1,1
2222,2,0
2223,3,0
2224,4,0
2225,5,0
2226,6,0
2227,7,1
2228,8,0
2229,9,0
2230,10,0
2231,11,1
2232,12,0
2233,13,1
2234,14,0
2235,15,0
2236,16,0
2237,17,1
2238,18,0
2239,19,1
2240,20,0
2241,21,0
2242,22,0
2243,23,1
2244,24,0
2245,25,0
2246,26,0
2247,27,0
2248,28,0
2249,29,1
2250,0,0
2251,1,1
2252,2,0
2253,3,0
2254,4,0
2255,5,0
2256,6,0
2257,7,1
2258,8,0
2259,9,0
2260,10,0
2261,11,1
2262,12,0
2263,13,1
2264,14,0
2265,15,0
2266,16,0
2267,17,1
2268,18,0
2269,19,1
2270,20,0
2271,21,0
2272,22,0
2273,23,1
2274,24,0
2275,25,0
2276,26,0
2277,27,0
2278,28,0
2279,29,1
2280,0,0
2281,1,1
2282,2,0
2283,3,0
2284,4,0
2285,5,0
2286,6,0
2287,7,1
2288,8,0
2289,9,0
2290,10,0
2291,11,1
2292,12,0
2293,13,1
2294,14,0
2295,15,0
2296,16,0
2297,17,1
2298,18,0
2299,19,1
2300,20,0
2301,21,0
2302,22,0
2303,23,1
2304,24,0
2305,25,0
2306,26,0
2307,27,0
2308,28,0
2309,29,1
2310,0,0
2311,1,1
2312,2,0
2313,3,0
2314,4,0
2315,5,0
2316,6,0
2317,7,1
2318,8,0
2319,9,0
2320,10,0
2321,11,1
2322,12,0
2323,13,1
2324,14,0
2325,15,0
2326,16,0
2327,17,1
2328,18,0
2329,19,1
2330,20,0
2331,21,0
2332,22,0
2333,23,1
2334,24,0
2335,25,0
2336,26,0
2337,27,0
2338,28,0
2339,29,1
2340,0,0
2341,1,1
2342,2,0
2343,3,0
2344,4,0
2345,5,0
2346,6,0
2347,7,1
2348,8,0
2349,9,0
2350,10,0
2351,11,1
2352,12,0
2353,13,1
2354,14,0
2355,15,0
2356,16,0
2357,17,1
2358,18,0
2359,19,1
2360,20,0
2361,21,0
2362,22,0
2363,23,1
2364,24,0
2365,25,0
2366,26,0
2367,27,0
2368,28,0
2369,29,1
2370,0,0
2371,1,1
2372,2,0
2373,3,0
2374,4,0
2375,5,0
2376,6,0
2377,7,1
2378,8,0
2379,9,0
2380,10,0
2381,11,1
2382,12,0
2383,13,1
2384,14,0
2385,15,0
2386,16,0
2387,17,1
2388,18,0
2389,19,1
2390,20,0
2391,21,0
2392,22,0
2393,23,1
2394,24,0
2395,25,0
2396,26,0
2397,27,0
2398,28,0
2399,29,1
2400,0,0
2401,1,1
2402,2,0
2403,3,0
2404,4,0
2405,5,0
2406,6,0
2407,7,1
2408,8,0
2409,9,0
2410,10,0
2411,11,1
2412,12,0
2413,13,1
2414,14,0
2415,15,0
2416,16,0
2417,17,1
2418,18,0
2419,19,1
2420,20,0
2421,21,0
2422,22,0
2423,23,1
2424,24,0
2425,25,0
2426,26,0
2427,27,0
2428,28,0
2429,29,1
2430,0,0
2431,1,1
2432,2,0
2433,3,0
2434,4,0
2435,5,0
2436,6,0
2437,7,1
2438,8,0
2439,9,0
2440,10,0
2441,11,1
2442,12,0
2443,13,1
2444,14,0
2445,15,0
2446,16,0
2447,17,1
2448,18,0
2449,19,1
2450,20,0
2451,21,0
2452,22,0
2453,23,1
2454,24,0
2455,25,0
2456,26,0
2457,27,0
2458,28,0
2459,29,1
2460,0,0
2461,1,1
2462,2,0
2463,3,0
2464,4,0
2465,5,0
2466,6,0
2467,7,1
2468,8,0
2469,9,0
2470,10,0
2471,11,1
2472,12,0
2473,13,1
2474,14,0
2475,15,0
2476,16,0
2477,17,1
2478,18,0
2479,19,1
2480,20,0
2481,21,0
2482,22,0
2483,23,1
2484,24,0
2485,25,0
2486,26,0
2487,27,0
2488,28,0
2489,29,1
2490,0,0
2491,1,1
2492,2,0
2493,3,0
2494,4,0
2495,5,0
2496,6,0
2497,7,1
2498,8,0
2499,9,0
2500,10,0
2501,11,1
2502,12,0
2503,13,1
2504,14,0
2505,15,0
2506,16,0
2507,17,1
2508,18,0
2509,19,1
2510,20,0
2511,21,0
2512,22,0
2513,23,1
2514,24,0
2515,25,0
2516,26,0
2517,27,0
2518,28,0
2519,29,1
2520,0,0
2521,1,1
2522,2,0
2523,3,0
2524,4,0
2525,5,0
2526,6,0
2527,7,1
2528,8,0
2529,9,0
2530,10,0
2531,11,1
2532,12,0
2533,13,1
2534,14,0
2535,15,0
2536,16,0
2537,17,1
2538,18,0
2539,19,1
2540,20,0
2541,21,0
2542,22,0
2543,23,1
2544,24,0
2545,25,0
2546,26,0
2547,27,0
2548,28,0
2549,29,1
2550,0,0
2551,1,1
2552,2,0
2553,3,0
2554,4,0
2555,5,0
2556,6,0
2557,7,1
2558,8,0
2559,9,0
2560,10,0
2561,11,1
2562,12,0
2563,13,1
2564,14,0
2565,15,0
2566,16,0
2567,17,1
2568,18,0
2569,19,1
2570,20,0
2571,21,0
2572,22,0
2573,23,1
2574,24,0
2575,25,0
2576,26,0
2577,27,0
2578,28,0
2579,29,1
2580,0,0
2581,1,1
2582,2,0
2583,3,0
2584,4,0
2585,5,0
2586,6,0
2587,7,1
2588,8,0
2589,9,0
2590,10,0
2591,11,1
2592,12,0
2593,13,1
2594,14,0
2595,15,0
2596,16,0
2597,17,1
2598,18,0
2599,19,1
2600,20,0
2601,21,0
2602,22,0
2603,23,1
2604,24,0
2605,25,0
2606,26,0
2607,27,0
2608,28,0
2609,29,1
2610,0,0
2611,1,1
2612,2,0
2613,3,0
2614,4,0
2615,5,0
2616,6,0
2617,7,1
2618,8,0
2619,9,0
2620,10,0
2621,11,1
2622,12,0
2623,13,1
2624,14,0
2625,15,0
2626,16,0
2627,17,1
2628,18,0
2629,19,1
2630,20,0
2631,21,0
2632,22,0
2633,23,1
2634,24,0
2635,25,0
2636,26,0
2637,27,0
2638,28,0
2639,29,1
2640,0,0
2641,1,1
2642,2,0
2643,3,0
2644,4,0
2645,5,0
2646,6,0
2647,7,1
2648,8,0
2649,9,0
2650,10,0
2651,11,1
2652,12,0
2653,13,1
2654,14,0
2655,15,0
2656,16,0
2657,17,1
2658,18,0
2659,19,1
2660,20,0
2661,21,0
2662,22,0
2663,23,1
2664,24,0
2665,25,0
2666,26,0
2667,27,0
2668,28,0
2669,29,1
2670,0,0
2671,1,1
2672,2,0
2673,3,0
2674,4,0
2675,5,0
2676,6,0
2677,7,1
2678,8,0
2679,9,0
2680,10,0
2681,11,1
2682,12,0
2683,13,1
2684,14,0
2685,15,0
2686,16,0
2687,17,1
2688,18,0
2689,19,1
2690,20,0
2691,21,0
2692,22,0
2693,23,1
2694,24,0
2695,25,0
2696,26,0
2697,27,0
2698,28,0
2699,29,1
2700,0,0
2701,1,1
2702,2,0
2703,3,0
2704,4,0
2705,5,0
2706,6,0
2707,7,1
2708,8,0
2709,9,0
2710,10,0
2711,11,1
2712,12,0
2713,13,1
2714,14,0
2715,15,0
2716,16,0
2717,17,1
2718,18,0
2719,19,1
2720,20,0
2721,21,0
2722,22,0
2723,23,1
2724,24,0
2725,25,0
2726,26,0
2727,27,0
2728,28,0
2729,29,1
2730,0,0
2731,1,1
2732,2,0
2733,3,0
2734,4,0
2735,5,0
2736,6,0
2737,7,1
2738,8,0
2739,9,0
2740,10,0
2741,11,1
2742,12,0
2743,13,1
2744,14,0
2745,15,0
2746,16,0
2747,17,1
2748,18,0
2749,19,1
2750,20,0
2751,21,0
2752,22,0
2753,23,1
2754,24,0
2755,25,0
2756,26,0
2757,27,0
2758,28,0
2759,29,1
2760,0,0
2761,1,1
2762,2,0
2763,3,0
2764,4,0
2765,5,0
2766,6,0
2767,7,1
2768,8,0
2769,9,0
2770,10,0
2771,11,1
2772,12,0
2773,13,1
2774,14,0
2775,15,0
2776,16,0
2777,17,1
2778,18,0
2779,19,1
2780,20,0
2781,21,0
2782,22,0
2783,23,1
2784,24,0
2785,25,0
2786,26,0
2787,27,0
2788,28,0
2789,29,1
2790,0,0
2791,1,1
2792,2,0
2793,3,0
2794,4,0
2795,5,0
2796,6,0
2797,7,1
2798,8,0
2799,9,0
2800,10,0
2801,11,1
2802,12,0
2803,13,1
2804,14,0
2805,15,0
2806,16,0
2807,17,1
2808,18,0
2809,19,1
2810,20,0
2811,21,0
2812,22,0
2813,23,1
2814,24,0
2815,25,0
2816,26,0
2817,27,0
2818,28,0
2819,29,1
2820,0,0
2821,1,1
2822,2,0
2823,3,0
2824,4,0
2825,5,0
2826,6,0
2827,7,1
2828,8,0
2829,9,0
2830,10,0
2831,11,1
2832,12,0
2833,13,1
2834,14,0
2835,15,0
2836,16,0
2837,17,1
2838,18,0
2839,19,1
2840,20,0
2841,21,0
2842,22,0
2843,23,1
2844,24,0
2845,25,0
2846,26,0
2847,27,0
2848,28,0
2849,29,1
2850,0,0
2851,1,1
2852,2,0
2853,3,0
2854,4,0
2855,5,0
2856,6,0
2857,7,1
2858,8,0
2859,9,0
2860,10,0
2861,11,1
2862,12,0
2863,13,1
2864,14,0
2865,15,0
2866,16,0
2867,17,1
2868,18,0
2869,19,1
2870,20,0
2871,21,0
2872,22,0
2873,23,1
2874,24,0
2875,25,0
2876,26,0
2877,27,0
2878,28,0
2879,29,1
2880,0,0
2881,1,1
2882,2,0
2883,3,0
2884,4,0
2885,5,0
2886,6,0
2887,7,1
2888,8,0
2889,9,0
2890,10,0
2891,11,1
2892,12,0
2893,13,1
2894,14,0
2895,15,0
2896,16,0
2897,17,1
2898,18,0
2899,19,1
2900,20,0
2901,21,0
2902,22,0
2903,23,1
2904,24,0
2905,25,0
2906,26,0
2907,27,0
2908,28,0
2909,29,1
2910,0,0
2911,1,1
2912,2,0
2913,3,0
2914,4,0
2915,5,0
2916,6,0
2917,7,1
2918,8,0
2919,9,0
2920,10,0
2921,11,1
2922,12,0
2923,13,1
2924,14,0
2925,15,0
2926,16,0
2927,17,1
2928,18,0
2929,19,1
2930,20,0
2931,21,0
2932,22,0
2933,23,1
2934,24,0
2935,25,0
2936,26,0
2937,27,0
2938,28,0
2939,29,1
2940,0,0
2941,1,1
2942,2,0
2943,3,0
2944,4,0
2945,5,0
2946,6,0
2947,7,1
2948,8,0
2949,9,0
2950,10,0
2951,11,1
2952,12,0
2953,13,1
2954,14,0
2955,15,0
2956,16,0
2957,17,1
2958,18,0
2959,19,1
2960,20,0
2961,21,0
2962,22,0
2963,23,1
2964,24,0
2965,25,0
2966,26,0
2967,27,0
2968,28,0
2969,29,1
2970,0,0
2971,1,1
2972,2,0
2973,3,0
2974,4,0
2975,5,0
2976,6,0
2977,7,1
2978,8,0
2979,9,0
2980,10,0
2981,11,1
2982,12,0
2983,13,1
2984,14,0
2985,15,0
2986,16,0
2987,17,1
2988,18,0
2989,19,1
2990,20,0
2991,21,0
2992,22,0
2993,23,1
2994,24,0
2995,25,0
2996,26,0
2997,27,0
2998,28,0
2999,29,1
3000,0,0
3001,1,1
3002,2,0
3003,3,0
3004,4,0
3005,5,0
3006,6,0
3007,7,1
3008,8,0
3009,9,0
3010,10,0
3011,11,1
3012,12,0
3013,13,1
3014,14,0
3015,15,0
3016,16,0
3017,17,1
3018,18,0
3019,19,1
3020,20,0
3021,21,0
3022,22,0
3023,23,1
3024,24,0
3025,25,0
3026,26,0
3027,27,0
3028,28,0
3029,29,1
3030,0,0
3031,1,1
3032,2,0
3033,3,0
3034,4,0
3035,5,0
3036,6,0
3037,7,1
3038,8,0
3039,9,0
3040,10,0
3041,11,1
3042,12,0
3043,13,1
3044,14,0
3045,15,0
3046,16,0
3047,17,1
3048,18,0
3049,19,1
3050,20,0
3051,21,0
3052,22,0
3053,23,1
3054,24,0
3055,25,0
3056,26,0
3057,27,0
3058,28,0
3059,29,1
3060,0,0
3061,1,1
3062,2,0
3063,3,0
3064,4,0
3065,5,0
3066,6,0
3067,7,1
3068,8,0
3069,9,0
3070,10,0
3071,11,1
3072,12,0
3073,13,1
3074,14,0
3075,15,0
3076,16,0
3077,17,1
3078,18,0
3079,19,1
3080,20,0
3081,21,0
3082,22,0
3083,23,1
3084,24,0
3085,25,0
3086,26,0
3087,27,0
3088,28,0
3089,29,1
3090,0,0
3091,1,1
3092,2,0
3093,3,0
3094,4,0
3095,5,0
3096,6,0
3097,7,1
3098,8,0
3099,9,0
3100,10,0
3101,11,1
3102,12,0
3103,13,1
3104,14,0
3105,15,0
3106,16,0
3107,17,1
3108,18,0
3109,19,1
3110,20,0
3111,21,0
3112,22,0
3113,23,1
3114,24,0
3115,25,0
3116,26,0
3117,27,0
3118,28,0
3119,29,1
3120,0,0
3121,1,1
3122,2,0
3123,3,0
3124,4,0
3125,5,0
3126,6,0
3127,7,1
3128,8,0
3129,9,0
3130,10,0
3131,11,1
3132,12,0
3133,13,1
3134,14,0
3135,15,0
3136,16,0
3137,17,1
3138,18,0
3139,19,1
3140,20,0
3141,21,0
3142,22,0
3143,23,1
3144,24,0
3145,25,0
3146,26,0
3147,27,0
3148,28,0
3149,29,1
3150,0,0
3151,1,1
3152,2,0
3153,3,0
3154,4,0
3155,5,0
3156,6,0
3157,7,1
3158,8,0
3159,9,0
3160,10,0
3161,11,1
3162,12,0
3163,13,1
3164,14,0
3165,15,0
3166,16,0
3167,17,1
3168,18,0
3169,19,1
3170,20,0
3171,21,0
3172,22,0
3173,23,1
3174,24,0
3175,25,0
3176,26,0
3177,27,0
3178,28,0
3179,29,1
3180,0,0
3181,1,1
3182,2,0
3183,3,0
3184,4,0
3185,5,0
3186,6,0
3187,7,1
3188,8,0
3189,9,0
3190,10,0
3191,11,1
3192,12,0
3193,13,1
3194,14,0
3195,15,0
3196,16,0
3197,17,1
3198,18,0
3199,19,1
3200,20,0
3201,21,0
3202,22,0
3203,23,1
3204,24,0
3205,25,0
3206,26,0
3207,27,0
3208,28,0
3209,29,1
3210,0,0
3211,1,1
3212,2,0
3213,3,0
3214,4,0
3215,5,0
3216,6,0
3217,7,1
3218,8,0
3219,9,0
3220,10,0
3221,11,1
3222,12,0
3223,13,1
3224,14,0
3225,15,0
3226,16,0
3227,17,1
3228,18,0
3229,19,1
3230,20,0
3231,21,0
3232,22,0
3233,23,1
3234,24,0
3235,25,0
3236,26,0
3237,27,0
3238,28,0
3239,29,1
3240,0,0
3241,1,1
3242,2,0
3243,3,0
3244,4,0
3245,5,0
3246,6,0
3247,7,1
3248,8,0
3249,9,0
3250,10,0
3251,11,1
3252,12,0
3253,13,1
3254,14,0
3255,15,0
3256,16,0
3257,17,1
3258,18,0
3259,19,1
3260,20,0
3261,21,0
3262,22,0
3263,23,1
3264,24,0
3265,25,0
3266,26,0
3267,27,0
3268,28,0
3269,29,1
3270,0,0
3271,1,1
3272,2,0
3273,3,0
3274,4,0
3275,5,0
3276,6,0
3277,7,1
3278,8,0
3279,9,0
3280,10,0
3281,11,1
3282,12,0
3283,13,1
3284,14,0
3285,15,0
3286,16,0
3287,17,1
3288,18,0
3289,19,1
3290,20,0
3291,21,0
3292,22,0
3293,23,1
3294,24,0
3295,25,0
3296,26,0
3297,27,0
3298,28,0
3299,29,1
3300,0,0
3301,1,1
3302,2,0
3303,3,0
3304,4,0
3305,5,0
3306,6,0
3307,7,1
3308,8,0
3309,9,0
3310,10,0
3311,11,1
3312,12,0
3313,13,1
3314,14,0
3315,15,0
3316,16,0
3317,17,1
3318,18,0
3319,19,1
3320,20,0
3321,21,0
3322,22,0
3323,23,1
3324,24,0
3325,25,0
3326,26,0
3327,27,0
3328,28,0
3329,29,1
3330,0,0
3331,1,1
3332,2,0
3333,3,0
3334,4,0
3335,5,0
3336,6,0
3337,7,1
3338,8,0
3339,9,0
3340,10,0
3341,11,1
3342,12,0
3343,13,1
3344,14,0
3345,15,0
3346,16,0
3347,17,1
3348,18,0
3349,19,1
3350,20,0
3351,21,0
3352,22,0
3353,23,1
3354,24,0
3355,25,0
3356,26,0
3357,27,0
3358,28,0
3359,29,1
3360,0,0
3361,1,1
3362,2,0
3363,3,0
3364,4,0
3365,5,0
3366,6,0
3367,7,1
3368,8,0
3369,9,0
3370,10,0
3371,11,1
3372,12,0
3373,13,1
3374,14,0
3375,15,0
3376,16,0
3377,17,1
3378,18,0
3379,19,1
3380,20,0
3381,21,0
3382,22,0
3383,23,1
3384,24,0
3385,25,0
3386,26,0
3387,27,0
3388,28,0
3389,29,1
3390,0,0
3391,1,1
3392,2,0
3393,3,0
3394,4,0
3395,5,0
3396,6,0
3397,7,1
3398,8,0
3399,9,0
3400,10,0
3401,11,1
3402,12,0
3403,13,1
3404,14,0
3405,15,0
3406,16,0
3407,17,1
3408,18,0
3409,19,1
3410,20,0
3411,21,0
3412,22,0
3413,23,1
3414,24,0
3415,25,0
3416,26,0
3417,27,0
3418,28,0
3419,29,1
3420,0,0
3421,1,1
3422,2,0
3423,3,0
3424,4,0
3425,5,0
3426,6,0
3427,7,1
3428,8,0
3429,9,0
3430,10,0
3431,11,1
3432,12,0
3433,13,1
3434,14,0
3435,15,0
3436,16,0
3437,17,1
3438,18,0
3439,19,1
3440,20,0
3441,21,0
3442,22,0
3443,23,1
3444,24,0
3445,25,0
3446,26,0
3447,27,0
3448,28,0
3449,29,1
3450,0,0
3451,1,1
3452,2,0
3453,3,0
3454,4,0
3455,5,0
3456,6,0
3457,7,1
3458,8,0
3459,9,0
3460,10,0
3461,11,1
3462,12,0
3463,13,1
3464,14,0
3465,15,0
3466,16,0
3467,17,1
3468,18,0
3469,19,1
3470,20,0
3471,21,0
3472,22,0
3473,23,1
3474,24,0
3475,25,0
3476,26,0
3477,27,0
3478,28,0
3479,29,1
3480,0,0
3481,1,1
3482,2,0
3483,3,0
3484,4,0
3485,5,0
3486,6,0
3487,7,1
3488,8,0
3489,9,0
3490,10,0
3491,11,1
3492,12,0
3493,13,1
3494,14,0
3495,15,0
3496,16,0
3497,17,1
3498,18,0
3499,19,1
3500,20,0
3501,21,0
3502,22,0
3503,23,1
3504,24,0
3505,25,0
3506,26,0
3507,27,0
3508,28,0
3509,29,1
3510,0,0
3511,1,1
3512,2,0
3513,3,0
3514,4,0
3515,5,0
3516,6,0
3517,7,1
3518,8,0
3519,9,0
3520,10,0
3521,11,1
3522,12,0
3523,13,1
3524,14,0
3525,15,0
3526,16,0
3527,17,1
3528,18,0
3529,19,1
3530,20,0
3531,21,0
3532,22,0
3533,23,1
3534,24,0
3535,25,0
3536,26,0
3537,27,0
3538,28,0
3539,29,1
3540,0,0
3541,1,1
3542,2,0
3543,3,0
3544,4,0
3545,5,0
3546,6,0
3547,7,1
3548,8,0
3549,9,0
3550,10,0
3551,11,1
3552,12,0
3553,13,1
3554,14,0
3555,15,0
3556,16,0
3557,17,1
3558,18,0
3559,19,1
3560,20,0
3561,21,0
3562,22,0
3563,23,1
3564,24,0
3565,25,0
3566,26,0
3567,27,0
3568,28,0
3569,29,1
3570,0,0
3571,1,1
3572,2,0
3573,3,0
3574,4,0
3575,5,0
3576,6,0
3577,7,1
3578,8,0
3579,9,0
3580,10,0
3581,11,1
3582,12,0
3583,13,1
3584,14,0
3585,15,0
3586,16,0
3587,17,1
3588,18,0
3589,19,1
3590,20,0
3591,21,0
3592,22,0
3593,23,1
3594,24,0
3595,25,0
3596,26,0
3597,27,0
3598,28,0
3599,29,1
3600,0,0
3601,1,1
3602,2,0
3603,3,0
3604,4,0
3605,5,0
3606,6,0
3607,7,1
3608,8,0
3609,9,0
3610,10,0
3611,11,1
3612,12,0
3613,13,1
3614,14,0
3615,15,0
3616,16,0
3617,17,1
3618,18,0
3619,19,1
3620,20,0
3621,21,0
3622,22,0
3623,23,1
3624,24,0
3625,25,0
3626,26,0
3627,27,0
3628,28,0
3629,29,1
3630,0,0
3631,1,1
3632,2,0
3633,3,0
3634,4,0
3635,5,0
3636,6,0
3637,7,1
3638,8,0
3639,9,0
3640,10,0
3641,11,1
3642,12,0
3643,13,1
3644,14,0
3645,15,0
3646,16,0
3647,17,1
3648,18,0
3649,19,1
3650,20,0
3651,21,0
3652,22,0
3653,23,1
3654,24,0
3655,25,0
3656,26,0
3657,27,0
3658,28,0
3659,29,1
3660,0,0
3661,1,1
3662,2,0
3663,3,0
3664,4,0
3665,5,0
3666,6,0
3667,7,1
3668,8,0
3669,9,0
3670,10,0
3671,11,1
3672,12,0
3673,13,1
3674,14,0
3675,15,0
3676,16,0
3677,17,1
3678,18,0
3679,19,1
3680,20,0
3681,21,0
3682,22,0
3683,23,1
3684,24,0
3685,25,0
3686,26,0
3687,27,0
3688,28,0
3689,29,1
3690,0,0
3691,1,1
3692,2,0
3693,3,0
3694,4,0
3695,5,0
3696,6,0
3697,7,1
3698,8,0
3699,9,0
3700,10,0
3701,11,1
3702,12,0
3703,13,1
3704,14,0
3705,15,0
3706,16,0
3707,17,1
3708,18,0
3709,19,1
3710,20,0
3711,21,0
3712,22,0
3713,23,1
3714,24,0
3715,25,0
3716,26,0
3717,27,0
3718,28,0
3719,29,1
3720,0,0
3721,1,1
3722,2,0
3723,3,0
3724,4,0
3725,5,0
3726,6,0
3727,7,1
3728,8,0
3729,9,0
3730,10,0
3731,11,1
3732,12,0
3733,13,1
3734,14,0
3735,15,0
3736,16,0
3737,17,1
3738,18,0
3739,19,1
3740,20,0
3741,21,0
3742,22,0
3743,23,1
3744,24,0
3745,25,0
3746,26,0
3747,27,0
3748,28,0
3749,29,1
3750,0,0
3751,1,1
3752,2,0
3753,3,0
3754,4,0
3755,5,0
3756,6,0
3757,7,1
3758,8,0
3759,9,0
3760,10,0
3761,11,1
3762,12,0
3763,13,1
3764,14,0
3765,15,0
3766,16,0
3767,17,1
3768,18,0
3769,19,1
3770,20,0
3771,21,0
3772,22,0
3773,23,1
3774,24,0
3775,25,0
3776,26,0
3777,27,0
3778,28,0
3779,29,1
3780,0,0
3781,1,1
3782,2,0
3783,3,0
3784,4,0
3785,5,0
3786,6,0
3787,7,1
3788,8,0
3789,9,0
3790,10,0
3791,11,1
3792,12,0
3793,13,1
3794,14,0
3795,15,0
3796,16,0
3797,17,1
3798,18,0
3799,19,1
3800,20,0
3801,21,0
3802,22,0
3803,23,1
3804,24,0
3805,25,0
3806,26,0
3807,27,0
3808,28,0
3809,29,1
3810,0,0
3811,1,1
3812,2,0
3813,3,0
3814,4,0
3815,5,0
3816,6,0
3817,7,1
3818,8,0
3819,9,0
3820,10,0
3821,11,1
3822,12,0
3823,13,1
3824,14,0
3825,15,0
3826,16,0
3827,17,1
3828,18,0
3829,19,1
3830,20,0
3831,21,0
3832,22,0
3833,23,1
3834,24,0
3835,25,0
3836,26,0
3837,27,0
3838,28,0
3839,29,1
3840,0,0
3841,1,1
3842,2,0
3843,3,0
3844,4,0
3845,5,0
3846,6,0
3847,7,1
3848,8,0
3849,9,0
3850,10,0
3851,11,1
3852,12,0
3853,13,1
3854,14,0
3855,15,0
3856,16,0
3857,17,1
3858,18,0
3859,19,1
3860,20,0
3861,21,0
3862,22,0
3863,23,1
3864,24,0
3865,25,0
3866,26,0
3867,27,0
3868,28,0
3869,29,1
3870,0,0
3871,1,1
3872,2,0
3873,3,0
3874,4,0
3875,5,0
3876,6,0
3877,7,1
3878,8,0
3879,9,0
3880,10,0
3881,11,1
3882,12,0
3883,13,1
3884,14,0
3885,15,0
3886,16,0
3887,17,1
3888,18,0
3889,19,1
3890,20,0
3891,21,0
3892,22,0
3893,23,1
3894,24,0
3895,25,0
3896,26,0
3897,27,0
3898,28,0
3899,29,1
3900,0,0
3901,1,1
3902,2,0
3903,3,0
3904,4,0
3905,5,0
3906,6,0
3907,7,1
3908,8,0
3909,9,0
3910,10,0
3911,11,1
3912,12,0
3913,13,1
3914,14,0
3915,15,0
3916,16,0
3917,17,1
3918,18,0
3919,19,1
3920,20,0
3921,21,0
3922,22,0
3923,23,1
3924,24,0
3925,25,0
3926,26,0
3927,27,0
3928,28,0
3929,29,1
3930,0,0
3931,1,1
3932,2,0
3933,3,0
3934,4,0
3935,5,0
3936,6,0
3937,7,1
3938,8,0
3939,9,0
3940,10,0
3941,11,1
3942,12,0
3943,13,1
3944,14,0
3945,15,0
3946,16,0
3947,17,1
3948,18,0
3949,19,1
3950,20,0
3951,21,0
3952,22,0
3953,23,1
3954,24,0
3955,25,0
3956,26,0
3957,27,0
3958,28,0
3959,29,1
3960,0,0
3961,1,1
3962,2,0
3963,3,0
3964,4,0
3965,5,0
3966,6,0
3967,7,1
3968,8,0
3969,9,0
3970,10,0
3971,11,1
3972,12,0
3973,13,1
3974,14,0
3975,15,0
3976,16,0
3977,17,1
3978,18,0
3979,19,1
3980,20,0
3981,21,0
3982,22,0
3983,23,1
3984,24,0
3985,25,0
3986,26,0
3987,27,0
3988,28,0
3989,29,1
3990,0,0
3991,1,1
3992,2,0
3993,3,0
3994,4,0
3995,5,0
3996,6,0
3997,7,1
3998,8,0
3999,9,0
4000,10,0
4001,11,1
4002,12,0
4003,13,1
4004,14,0
4005,15,0
4006,16,0
4007,17,1
4008,18,0
4009,19,1
4010,20,0
4011,21,0
4012,22,0
4013,23,1
4014,24,0
4015,25,0
4016,26,0
4017,27,0
4018,28,0
4019,29,1
4020,0,0
4021,1,1
4022,2,0
4023,3,0
4024,4,0
4025,5,0
4026,6,0
4027,7,1
4028,8,0
4029,9,0
4030,10,0
4031,11,1
4032,12,0
4033,13,1
4034,14,0
4035,15,0
4036,16,0
4037,17,1
4038,18,0
4039,19,1
4040,20,0
4041,21,0
4042,22,0
4043,23,1
4044,24,0
4045,25,0
4046,26,0
4047,27,0
4048,28,0
4049,29,1
4050,0,0
4051,1,1
4052,2,0
4053,3,0
4054,4,0
4055,5,0
4056,6,0
4057,7,1
4058,8,0
4059,9,0
4060,10,0
4061,11,1
4062,12,0
4063,13,1
4064,14,0
4065,15,0
4066,16,0
4067,17,1
4068,18,0
4069,19,1
4070,20,0
4071,21,0
4072,22,0
4073,23,1
4074,24,0
4075,25,0
4076,26,0
4077,27,0
4078,28,0
4079,29,1
4080,0,0
4081,1,1
4082,2,0
4083,3,0
4084,4,0
4085,5,0
4086,6,0
4087,7,1
4088,8,0
4089,9,0
4090,10,0
4091,11,1
4092,12,0
4093,13,1
4094,14,0
4095,15,0
4096,16,0
4097,17,1
4098,18,0
4099,19,1
4100,20,0
4101,21,0
4102,22,0
4103,23,1
4104,24,0
4105,25,0
4106,26,0
4107,27,0
4108,28,0
4109,29,1
4110,0,0
4111,1,1
4112,2,0
4113,3,0
4114,4,0
4115,5,0
4116,6,0
4117,7,1
4118,8,0
4119,9,0
4120,10,0
4121,11,1
4122,12,0
4123,13,1
4124,14,0
4125,15,0
4126,16,0
4127,17,1
4128,18,0
4129,19,1
4130,20,0
4131,21,0
4132,22,0
4133,23,1
4134,24,0
4135,25,0
4136,26,0
4137,27,0
4138,28,0
4139,29,1
4140,0,0
4141,1,1
4142,2,0
4143,3,0
4144,4,0
4145,5,0
4146,6,0
4147,7,1
4148,8,0
4149,9,0
4150,10,0
4151,11,1
4152,12,0
4153,13,1
4154,14,0
4155,15,0
4156,16,0
4157,17,1
4158,18,0
4159,19,1
4160,20,0
4161,21,0
4162,22,0
4163,23,1
4164,24,0
4165,25,0
4166,26,0
4167,27,0
4168,28,0
4169,29,1
4170,0,0
4171,1,1
4172,2,0
4173,3,0
4174,4,0
4175,5,0
4176,6,0
4177,7,1
4178,8,0
4179,9,0
4180,10,0
4181,11,1
4182,12,0
4183,13,1
4184,14,0
4185,15,0
4186,16,0
4187,17,1
4188,18,0
4189,19,1
4190,20,0
4191,21,0
4192,22,0
4193,23,1
4194,24,0
4195,25,0
4196,26,0
4197,27,0
4198,28,0
4199,29,1
4200,0,0
4201,1,1
4202,2,0
4203,3,0
4204,4,0
4205,5,0
4206,6,0
4207,7,1
4208,8,0
4209,9,0
4210,10,0
4211,11,1
4212,12,0
4213,13,1
4214,14,0
4215,15,0
4216,16,0
4217,17,1
4218,18,0
4219,19,1
4220,20,0
4221,21,0
4222,22,0
4223,23,1
4224,24,0
4225,25,0
4226,26,0
4227,27,0
4228,28,0
4229,29,1
4230,0,0
4231,1,1
4232,2,0
4233,3,0
4234,4,0
4235,5,0
4236,6,0
4237,7,1
4238,8,0
4239,9,0
4240,10,0
4241,11,1
4242,12,0
4243,13,1
4244,14,0
4245,15,0
4246,16,0
4247,17,1
4248,18,0
4249,19,1
4250,20,0
4251,21,0
4252,22,0
4253,23,1
4254,24,0
4255,25,0
4256,26,0
4257,27,0
4258,28,0
4259,29,1
4260,0,0
4261,1,1
4262,2,0
4263,3,0
4264,4,0
4265,5,0
4266,6,0
4267,7,1
4268,8,0
4269,9,0
4270,10,0
4271,11,1
4272,12,0
4273,13,1
4274,14,0
4275,15,0
4276,16,0
4277,17,1
4278,18,0
4279,19,1
4280,20,0
4281,21,0
4282,22,0
4283,23,1
4284,24,0
4285,25,0
4286,26,0
4287,27,0
4288,28,0
4289,29,1
4290,0,0
4291,1,1
4292,2,0
4293,3,0
4294,4,0
4295,5,0
4296,6,0
4297,7,1
4298,8,0
4299,9,0
4300,10,0
4301,11,1
4302,12,0
4303,13,1
4304,14,0
4305,15,0
4306,16,0
4307,17,1
4308,18,0
4309,19,1
4310,20,0
4311,21,0
4312,22,0
4313,23,1
4314,24,0
4315,25,0
4316,26,0
4317,27,0
4318,28,0
4319,29,1
4320,0,0
4321,1,1
4322,2,0
4323,3,0
4324,4,0
4325,5,0
4326,6,0
4327,7,1
4328,8,0
4329,9,0
4330,10,0
4331,11,1
4332,12,0
4333,13,1
4334,14,0
4335,15,0
4336,16,0
4337,17,1
4338,18,0
4339,19,1
4340,20,0
4341,21,0
4342,22,0
4343,23,1
4344,24,0
4345,25,0
4346,26,0
4347,27,0
4348,28,0
4349,29,1
4350,0,0
4351,1,1
4352,2,0
4353,3,0
4354,4,0
4355,5,0
4356,6,0
4357,7,1
4358,8,0
4359,9,0
4360,10,0
4361,11,1
4362,12,0
4363,13,1
4364,14,0
4365,15,0
4366,16,0
4367,17,1
4368,18,0
4369,19,1
4370,20,0
4371,21,0
4372,22,0
4373,23,1
4374,24,0
4375,25,0
4376,26,0
4377,27,0
4378,28,0
4379,29,1
4380,0,0
4381,1,1
4382,2,0
4383,3,0
4384,4,0
4385,5,0
4386,6,0
4387,7,1
4388,8,0
4389,9,0
4390,10,0
4391,11,1
4392,12,0
4393,13,1
4394,14,0
4395,15,0
4396,16,0
4397,17,1
4398,18,0
4399,19,1
4400,20,0
4401,21,0
4402,22,0
4403,23,1
4404,24,0
4405,25,0
4406,26,0
4407,27,0
4408,28,0
4409,29,1
4410,0,0
4411,1,1
4412,2,0
4413,3,0
4414,4,0
4415,5,0
4416,6,0
4417,7,1
4418,8,0
4419,9,0
4420,10,0
4421,11,1
4422,12,0
4423,13,1
4424,14,0
4425,15,0
4426,16,0
4427,17,1
4428,18,0
4429,19,1
4430,20,0
4431,21,0
4432,22,0
4433,23,1
4434,24,0
4435,25,0
4436,26,0
4437,27,0
4438,28,0
4439,29,1
4440,0,0
4441,1,1
4442,2,0
4443,3,0
4444,4,0
4445,5,0
4446,6,0
4447,7,1
4448,8,0
4449,9,0
4450,10,0
4451,11,1
4452,12,0
4453,13,1
4454,14,0
4455,15,0
4456,16,0
4457,17,1
4458,18,0
4459,19,1
4460,20,0
4461,21,0
4462,22,0
4463,23,1
4464,24,0
4465,25,0
4466,26,0
4467,27,0
4468,28,0
4469,29,1
4470,0,0
4471,1,1
4472,2,0
4473,3,0
4474,4,0
4475,5,0
4476,6,0
4477,7,1
4478,8,0
4479,9,0
4480,10,0
4481,11,1
4482,12,0
4483,13,1
4484,14,0
4485,15,0
4486,16,0
4487,17,1
4488,18,0
4489,19,1
4490,20,0
4491,21,0
4492,22,0
4493,23,1
4494,24,0
4495,25,0
4496,26,0
4497,27,0
4498,28,0
4499,29,1
4500,0,0
4501,1,1
4502,2,0
4503,3,0
4504,4,0
4505,5,0
4506,6,0
4507,7,1
4508,8,0
4509,9,0
4510,10,0
4511,11,1
4512,12,0
4513,13,1
4514,14,0
4515,15,0
4516,16,0
4517,17,1
4518,18,0
4519,19,1
4520,20,0
4521,21,0
4522,22,0
4523,23,1
4524,24,0
4525,25,0
4526,26,0
4527,27,0
4528,28,0
4529,29,1
4530,0,0
4531,1,1
4532,2,0
4533,3,0
4534,4,0
4535,5,0
4536,6,0
4537,7,1
4538,8,0
4539,9,0
4540,10,0
4541,11,1
4542,12,0
4543,13,1
4544,14,0
4545,15,0
4546,16,0
4547,17,1
4548,18,0
4549,19,1
4550,20,0
4551,21,0
4552,22,0
4553,23,1
4554,24,0
4555,25,0
4556,26,0
4557,27,0
4558,28,0
4559,29,1
4560,0,0
4561,1,1
4562,2,0
4563,3,0
4564,4,0
4565,5,0
4566,6,0
4567,7,1
4568,8,0
4569,9,0
4570,10,0
4571,11,1
4572,12,0
4573,13,1
4574,14,0
4575,15,0
4576,16,0
4577,17,1
4578,18,0
4579,19,1
4580,20,0
4581,21,0
4582,22,0
4583,23,1
4584,24,0
4585,25,0
4586,26,0
4587,27,0
4588,28,0
4589,29,1
4590,0,0
4591,1,1
4592,2,0
4593,3,0
4594,4,0
4595,5,0
4596,6,0
4597,7,1
4598,8,0
4599,9,0
4600,10,0
4601,11,1
4602,12,0
4603,13,1
4604,14,0
4605,15,0
4606,16,0
4607,17,1
4608,18,0
4609,19,1
4610,20,0
4611,21,0
4612,22,0
4613,23,1
4614,24,0
4615,25,0
4616,26,0
4617,27,0
4618,28,0
4619,29,1
4620,0,0
4621,1,1
4622,2,0
4623,3,0
4624,4,0
4625,5,0
4626,6,0
4627,7,1
4628,8,0
4629,9,0
4630,10,0
4631,11,1
4632,12,0
4633,13,1
4634,14,0
4635,15,0
4636,16,0
4637,17,1
4638,18,0
4639,19,1
4640,20,0
4641,21,0
4642,22,0
4643,23,1
4644,24,0
4645,25,0
4646,26,0
4647,27,0
4648,28,0
4649,29,1
4650,0,0
4651,1,1
4652,2,0
4653,3,0
4654,4,0
4655,5,0
4656,6,0
4657,7,1
4658,8,0
4659,9,0
4660,10,0
4661,11,1
4662,12,0
4663,13,1
4664,14,0
4665,15,0
4666,16,0
4667,17,1
4668,18,0
4669,19,1
4670,20,0
4671,21,0
4672,22,0
4673,23,1
4674,24,0
4675,25,0
4676,26,0
4677,27,0
4678,28,0
4679,29,1
4680,0,0
4681,1,1
4682,2,0
4683,3,0
4684,4,0
4685,5,0
4686,6,0
4687,7,1
4688,8,0
4689,9,0
4690,10,0
4691,11,1
4692,12,0
4693,13,1
4694,14,0
4695,15,0
4696,16,0
4697,17,1
4698,18,0
4699,19,1
4700,20,0
4701,21,0
4702,22,0
4703,23,1
4704,24,0
4705,25,0
4706,26,0
4707,27,0
4708,28,0
4709,29,1
4710,0,0
4711,1,1
4712,2,0
4713,3,0
4714,4,0
4715,5,0
4716,6,0
4717,7,1
4718,8,0
4719,9,0
4720,10,0
4721,11,1
4722,12,0
4723,13,1
4724,14,0
4725,15,0
4726,16,0
4727,17,1
4728,18,0
4729,19,1
4730,20,0
4731,21,0
4732,22,0
4733,23,1
4734,24,0
4735,25,0
4736,26,0
4737,27,0
4738,28,0
4739,29,1
4740,0,0
4741,1,1
4742,2,0
4743,3,0
4744,4,0
4745,5,0
4746,6,0
4747,7,1
4748,8,0
4749,9,0
4750,10,0
4751,11,1
4752,12,0
4753,13,1
4754,14,0
4755,15,0
4756,16,0
4757,17,1
4758,18,0
4759,19,1
4760,20,0
4761,21,0
4762,22,0
4763,23,1
4764,24,0
4765,25,0
4766,26,0
4767,27,0
4768,28,0
4769,29,1
4770,0,0
4771,1,1
4772,2,0
4773,3,0
4774,4,0
4775,5,0
4776,6,0
4777,7,1
4778,8,0
4779,9,0
4780,10,0
4781,11,1
4782,12,0
4783,13,1
4784,14,0
4785,15,0
4786,16,0
4787,17,1
4788,18,0
4789,19,1
4790,20,0
4791,21,0
4792,22,0
4793,23,1
4794,24,0
4795,25,0
4796,26,0
4797,27,0
4798,28,0
4799,29,1
4800,0,0
4801,1,1
4802,2,0
4803,3,0
4804,4,0
4805,5,0
4806,6,0
4807,7,1
4808,8,0
4809,9,0
4810,10,0
4811,11,1
4812,12,0
4813,13,1
4814,14,0
4815,15,0
4816,16,0
4817,17,1
4818,18,0
4819,19,1
4820,20,0
4821,21,0
4822,22,0
4823,23,1
4824,24,0
4825,25,0
4826,26,0
4827,27,0
4828,28,0
4829,29,1
4830,0,0
4831,1,1
4832,2,0
4833,3,0
4834,4,0
4835,5,0
4836,6,0
4837,7,1
4838,8,0
4839,9,0
4840,10,0
4841,11,1
4842,12,0
4843,13,1
4844,14,0
4845,15,0
4846,16,0
4847,17,1
4848,18,0
4849,19,1
4850,20,0
4851,21,0
4852,22,0
4853,23,1
4854,24,0
4855,25,0
4856,26,0
4857,27,0
4858,28,0
4859,29,1
4860,0,0
4861,1,1
4862,2,0
4863,3,0
4864,4,0
4865,5,0
4866,6,0
4867,7,1
4868,8,0
4869,9,0
4870,10,0
4871,11,1
4872,12,0
4873,13,1
4874,14,0
4875,15,0
4876,16,0
4877,17,1
4878,18,0
4879,19,1
4880,20,0
4881,21,0
4882,22,0
4883,23,1
4884,24,0
4885,25,0
4886,26,0
4887,27,0
4888,28,0
4889,29,1
4890,0,0
4891,1,1
4892,2,0
4893,3,0
4894,4,0
4895,5,0
4896,6,0
4897,7,1
4898,8,0
4899,9,0
4900,10,0
4901,11,1
4902,12,0
4903,13,1
4904,14,0
4905,15,0
4906,16,0
4907,17,1
4908,18,0
4909,19,1
4910,20,0
4911,21,0
4912,22,0
4913,23,1
4914,24,0
4915,25,0
4916,26,0
4917,27,0
4918,28,0
4919,29,1
4920,0,0
4921,1,1
4922,2,0
4923,3,0
4924,4,0
4925,5,0
4926,6,0
4927,7,1
4928,8,0
4929,9,0
4930,10,0
4931,11,1
4932,12,0
4933,13,1
4934,14,0
4935,15,0
4936,16,0
4937,17,1
4938,18,0
4939,19,1
4940,20,0
4941,21,0
4942,22,0
4943,23,1
4944,24,0
4945,25,0
4946,26,0
4947,27,0
4948,28,0
4949,29,1
4950,0,0
4951,1,1
4952,2,0
4953,3,0
4954,4,0
4955,5,0
4956,6,0
4957,7,1
4958,8,0
4959,9,0
4960,10,0
4961,11,1
4962,12,0
4963,13,1
4964,14,0
4965,15,0
4966,16,0
4967,17,1
4968,18,0
4969,19,1
4970,20,0
4971,21,0
4972,22,0
4973,23,1
4974,24,0
4975,25,0
4976,26,0
4977,27,0
4978,28,0
4979,29,1
4980,0,0
4981,1,1
4982,2,0
4983,3,0
4984,4,0
4985,5,0
4986,6,0
4987,7,1
4988,8,0
4989,9,0
4990,10,0
4991,11,1
4992,12,0
4993,13,1
4994,14,0
4995,15,0
4996,16,0
4997,17,1
4998,18,0
4999,19,1
5000,20,0
5001,21,0
5002,22,0
5003,23,1
5004,24,0
5005,25,0
5006,26,0
5007,27,0
5008,28,0
5009,29,1
5010,0,0
5011,1,1
5012,2,0
5013,3,0
5014,4,0
5015,5,0
5016,6,0
5017,7,1
5018,8,0
5019,9,0
5020,10,0
5021,11,1
5022,12,0
5023,13,1
5024,14,0
5025,15,0
5026,16,0
5027,17,1
5028,18,0
5029,19,1
5030,20,0
5031,21,0
5032,22,0
5033,23,1
5034,24,0
5035,25,0
5036,26,0
5037,27,0
5038,28,0
5039,29,1
5040,0,0
5041,1,1
5042,2,0
5043,3,0
5044,4,0
5045,5,0
5046,6,0
5047,7,1
5048,8,0
5049,9,0
5050,10,0
5051,11,1
5052,12,0
5053,13,1
5054,14,0
5055,15,0
5056,16,0
5057,17,1
5058,18,0
5059,19,1
5060,20,0
5061,21,0
5062,22,0
5063,23,1
5064,24,0
5065,25,0
5066,26,0
5067,27,0
5068,28,0
5069,29,1
5070,0,0
5071,1,1
5072,2,0
5073,3,0
5074,4,0
5075,5,0
5076,6,0
5077,7,1
5078,8,0
5079,9,0
5080,10,0
5081,11,1
5082,12,0
5083,13,1
5084,14,0
5085,15,0
5086,16,0
5087,17,1
5088,18,0
5089,19,1
5090,20,0
5091,21,0
5092,22,0
5093,23,1
5094,24,0
5095,25,0
5096,26,0
5097,27,0
5098,28,0
5099,29,1
5100,0,0
5101,1,1
5102,2,0
5103,3,0
5104,4,0
5105,5,0
5106,6,0
5107,7,1
5108,8,0
5109,9,0
5110,10,0
5111,11,1
5112,12,0
5113,13,1
5114,14,0
5115,15,0
5116,16,0
5117,17,1
5118,18,0
5119,19,1
5120,20,0
5121,21,0
5122,22,0
5123,23,1
5124,24,0
5125,25,0
5126,26,0
5127,27,0
5128,28,0
5129,29,1
5130,0,0
5131,1,1
5132,2,0
5133,3,0
5134,4,0
5135,5,0
5136,6,0
5137,7,1
5138,8,0
5139,9,0
5140,10,0
5141,11,1
5142,12,0
5143,13,1
5144,14,0
5145,15,0
5146,16,0
5147,17,1
5148,18,0
5149,19,1
5150,20,0
5151,21,0
5152,22,0
5153,23,1
5154,24,0
5155,25,0
5156,26,0
5157,27,0
5158,28,0
5159,29,1
5160,0,0
5161,1,1
5162,2,0
5163,3,0
5164,4,0
5165,5,0
5166,6,0
5167,7,1
5168,8,0
5169,9,0
5170,10,0
5171,11,1
5172,12,0
5173,13,1
5174,14,0
5175,15,0
5176,16,0
5177,17,1
5178,18,0
5179,19,1
5180,20,0
5181,21,0
5182,22,0
5183,23,1
5184,24,0
5185,25,0
5186,26,0
5187,27,0
5188,28,0
5189,29,1
5190,0,0
5191,1,1
5192,2,0
5193,3,0
5194,4,0
5195,5,0
5196,6,0
5197,7,1
5198,8,0
5199,9,0
5200,10,0
5201,11,1
5202,12,0
5203,13,1
5204,14,0
5205,15,0
5206,16,0
5207,17,1
5208,18,0
5209,19,1
5210,20,0
5211,21,0
5212,22,0
5213,23,1
5214,24,0
5215,25,0
5216,26,0
5217,27,0
5218,28,0
5219,29,1
5220,0,0
5221,1,1
5222,2,0
5223,3,0
5224,4,0
5225,5,0
5226,6,0
5227,7,1
5228,8,0
5229,9,0
5230,10,0
5231,11,1
5232,12,0
5233,13,1
5234,14,0
5235,15,0
5236,16,0
5237,17,1
5238,18,0
5239,19,1
5240,20,0
5241,21,0
5242,22,0
5243,23,1
5244,24,0
5245,25,0
5246,26,0
5247,27,0
5248,28,0
5249,29,1
5250,0,0
5251,1,1
5252,2,0
5253,3,0
5254,4,0
5255,5,0
5256,6,0
5257,7,1
5258,8,0
5259,9,0
5260,10,0
5261,11,1
5262,12,0
5263,13,1
5264,14,0
5265,15,0
5266,16,0
5267,17,1
5268,18,0
5269,19,1
5270,20,0
5271,21,0
5272,22,0
5273,23,1
5274,24,0
5275,25,0
5276,26,0
5277,27,0
5278,28,0
5279,29,1
5280,0,0
5281,1,1
5282,2,0
5283,3,0
5284,4,0
5285,5,0
5286,6,0
5287,7,1
5288,8,0
5289,9,0
5290,10,0
5291,11,1
5292,12,0
5293,13,1
5294,14,0
5295,15,0
5296,16,0
5297,17,1
5298,18,0
5299,19,1
5300,20,0
5301,21,0
5302,22,0
5303,23,1
5304,24,0
5305,25,0
5306,26,0
5307,27,0
5308,28,0
5309,29,1
5310,0,0
5311,1,1
5312,2,0
5313,3,0
5314,4,0
5315,5,0
5316,6,0
5317,7,1
5318,8,0
5319,9,0
5320,10,0
5321,11,1
5322,12,0
5323,13,1
5324,14,0
5325,15,0
5326,16,0
5327,17,1
5328,18,0
5329,19,1
5330,20,0
5331,21,0
5332,22,0
5333,23,1
5334,24,0
5335,25,0
5336,26,0
5337,27,0
5338,28,0
5339,29,1
5340,0,0
5341,1,1
5342,2,0
5343,3,0
5344,4,0
5345,5,0
5346,6,0
5347,7,1
5348,8,0
5349,9,0
5350,10,0
5351,11,1
5352,12,0
5353,13,1
5354,14,0
5355,15,0
5356,16,0
5357,17,1
5358,18,0
5359,19,1
5360,20,0
5361,21,0
5362,22,0
5363,23,1
5364,24,0
5365,25,0
5366,26,0
5367,27,0
5368,28,0
5369,29,1
5370,0,0
5371,1,1
5372,2,0
5373,3,0
5374,4,0
5375,5,0
5376,6,0
5377,7,1
5378,8,0
5379,9,0
5380,10,0
5381,11,1
5382,12,0
5383,13,1
5384,14,0
5385,15,0
5386,16,0
5387,17,1
5388,18,0
5389,19,1
5390,20,0
5391,21,0
5392,22,0
5393,23,1
5394,24,0
5395,25,0
5396,26,0
5397,27,0
5398,28,0
5399,29,1
5400,0,0
5401,1,1
5402,2,0
5403,3,0
5404,4,0
5405,5,0
5406,6,0
5407,7,1
5408,8,0
5409,9,0
5410,10,0
5411,11,1
5412,12,0
5413,13,1
5414,14,0
5415,15,0
5416,16,0
5417,17,1
5418,18,0
5419,19,1
5420,20,0
5421,21,0
5422,22,0
5423,23,1
5424,24,0
5425,25,0
5426,26,0
5427,27,0
5428,28,0
5429,29,1
5430,0,0
5431,1,1
5432,2,0
5433,3,0
5434,4,0
5435,5,0
5436,6,0
5437,7,1
5438,8,0
5439,9,0
5440,10,0
5441,11,1
5442,12,0
5443,13,1
5444,14,0
5445,15,0
5446,16,0
5447,17,1
5448,18,0
5449,19,1
5450,20,0
5451,21,0
5452,22,0
5453,23,1
5454,24,0
5455,25,0
5456,26,0
5457,27,0
5458,28,0
5459,29,1
5460,0,0
5461,1,1
5462,2,0
5463,3,0
5464,4,0
5465,5,0
5466,6,0
5467,7,1
5468,8,0
5469,9,0
5470,10,0
5471,11,1
5472,12,0
5473,13,1
5474,14,0
5475,15,0
5476,16,0
5477,17,1
5478,18,0
5479,19,1
5480,20,0
5481,21,0
5482,22,0
5483,23,1
5484,24,0
5485,25,0
5486,26,0
5487,27,0
5488,28,0
5489,29,1
5490,0,0
5491,1,1
5492,2,0
5493,3,0
5494,4,0
5495,5,0
5496,6,0
5497,7,1
5498,8,0
5499,9,0
5500,10,0
5501,11,1
5502,12,0
5503,13,1
5504,14,0
5505,15,0
5506,16,0
5507,17,1
5508,18,0
5509,19,1
5510,20,0
5511,21,0
5512,22,0
5513,23,1
5514,24,0
5515,25,0
5516,26,0
5517,27,0
5518,28,0
5519,29,1
5520,0,0
5521,1,1
5522,2,0
5523,3,0
5524,4,0
5525,5,0
5526,6,0
5527,7,1
5528,8,0
5529,9,0
5530,10,0
5531,11,1
5532,12,0
5533,13,1
5534,14,0
5535,15,0
5536,16,0
5537,17,1
5538,18,0
5539,19,1
5540,20,0
5541,21,0
5542,22,0
5543,23,1
5544,24,0
5545,25,0
5546,26,0
5547,27,0
5548,28,0
5549,29,1
5550,0,0
5551,1,1
5552,2,0
5553,3,0
5554,4,0
5555,5,0
5556,6,0
5557,7,1
5558,8,0
5559,9,0
5560,10,0
5561,11,1
5562,12,0
5563,13,1
5564,14,0
5565,15,0
5566,16,0
5567,17,1
5568,18,0
5569,19,1
5570,20,0
5571,21,0
5572,22,0
5573,23,1
5574,24,0
5575,25,0
5576,26,0
5577,27,0
5578,28,0
5579,29,1
5580,0,0
5581,1,1
5582,2,0
5583,3,0
5584,4,0
5585,5,0
5586,6,0
5587,7,1
5588,8,0
5589,9,0
5590,10,0
5591,11,1
5592,12,0
5593,13,1
5594,14,0
5595,15,0
5596,16,0
5597,17,1
5598,18,0
5599,19,1
5600,20,0
5601,21,0
5602,22,0
5603,23,1
5604,24,0
5605,25,0
5606,26,0
5607,27,0
5608,28,0
5609,29,1
5610,0,0
5611,1,1
5612,2,0
5613,3,0
5614,4,0
5615,5,0
5616,6,0
5617,7,1
5618,8,0
5619,9,0
5620,10,0
5621,11,1
5622,12,0
5623,13,1
5624,14,0
5625,15,0
5626,16,0
5627,17,1
5628,18,0
5629,19,1
5630,20,0
5631,21,0
5632,22,0
5633,23,1
5634,24,0
5635,25,0
5636,26,0
5637,27,0
5638,28,0
5639,29,1
5640,0,0
5641,1,1
5642,2,0
5643,3,0
5644,4,0
5645,5,0
5646,6,0
5647,7,1
5648,8,0
5649,9,0
5650,10,0
5651,11,1
5652,12,0
5653,13,1
5654,14,0
5655,15,0
5656,16,0
5657,17,1
5658,18,0
5659,19,1
5660,20,0
5661,21,0
5662,22,0
5663,23,1
5664,24,0
5665,25,0
5666,26,0
5667,27,0
5668,28,0
5669,29,1
5670,0,0
5671,1,1
5672,2,0
5673,3,0
5674,4,0
5675,5,0
5676,6,0
5677,7,1
5678,8,0
5679,9,0
5680,10,0
5681,11,1
5682,12,0
5683,13,1
5684,14,0
5685,15,0
5686,16,0
5687,17,1
5688,18,0
5689,19,1
5690,20,0
5691,21,0
5692,22,0
5693,23,1
5694,24,0
5695,25,0
5696,26,0
5697,27,0
5698,28,0
5699,29,1
5700,0,0
5701,1,1
5702,2,0
5703,3,0
5704,4,0
5705,5,0
5706,6,0
5707,7,1
5708,8,0
5709,9,0
5710,10,0
5711,11,1
5712,12,0
5713,13,1
5714,14,0
5715,15,0
5716,16,0
5717,17,1
5718,18,0
5719,19,1
5720,20,0
5721,21,0
5722,22,0
5723,23,1
5724,24,0
5725,25,0
5726,26,0
5727,27,0
5728,28,0
5729,29,1
5730,0,0
5731,1,1
5732,2,0
5733,3,0
5734,4,0
5735,5,0
5736,6,0
5737,7,1
5738,8,0
5739,9,0
5740,10,0
5741,11,1
5742,12,0
5743,13,1
5744,14,0
5745,15,0
5746,16,0
5747,17,1
5748,18,0
5749,19,1
5750,20,0
5751,21,0
5752,22,0
5753,23,1
5754,24,0
5755,25,0
5756,26,0
5757,27,0
5758,28,0
5759,29,1
5760,0,0
5761,1,1
5762,2,0
5763,3,0
5764,4,0
5765,5,0
5766,6,0
5767,7,1
5768,8,0
5769,9,0
5770,10,0
5771,11,1
5772,12,0
5773,13,1
5774,14,0
5775,15,0
5776,16,0
5777,17,1
5778,18,0
5779,19,1
5780,20,0
5781,21,0
5782,22,0
5783,23,1
5784,24,0
5785,25,0
5786,26,0
5787,27,0
5788,28,0
5789,29,1
5790,0,0
5791,1,1
5792,2,0
5793,3,0
5794,4,0
5795,5,0
5796,6,0
5797,7,1
5798,8,0
5799,9,0
5800,10,0
5801,11,1
5802,12,0
5803,13,1
5804,14,0
5805,15,0
5806,16,0
5807,17,1
5808,18,0
5809,19,1
5810,20,0
5811,21,0
5812,22,0
5813,23,1
5814,24,0
5815,25,0
5816,26,0
5817,27,0
5818,28,0
5819,29,1
5820,0,0
5821,1,1
5822,2,0
5823,3,0
5824,4,0
5825,5,0
5826,6,0
5827,7,1
5828,8,0
5829,9,0
5830,10,0
5831,11,1
5832,12,0
5833,13,1
5834,14,0
5835,15,0
5836,16,0
5837,17,1
5838,18,0
5839,19,1
5840,20,0
5841,21,0
5842,22,0
5843,23,1
5844,24,0
5845,25,0
5846,26,0
5847,27,0
5848,28,0
5849,29,1
5850,0,0
5851,1,1
5852,2,0
5853,3,0
5854,4,0
5855,5,0
5856,6,0
5857,7,1
5858,8,0
5859,9,0
5860,10,0
5861,11,1
5862,12,0
5863,13,1
5864,14,0
5865,15,0
5866,16,0
5867,17,1
5868,18,0
5869,19,1
5870,20,0
5871,21,0
5872,22,0
5873,23,1
5874,24,0
5875,25,0
5876,26,0
5877,27,0
5878,28,0
5879,29,1
5880,0,0
5881,1,1
5882,2,0
5883,3,0
5884,4,0
5885,5,0
5886,6,0
5887,7,1
5888,8,0
5889,9,0
5890,10,0
5891,11,1
5892,12,0
5893,13,1
5894,14,0
5895,15,0
5896,16,0
5897,17,1
5898,18,0
5899,19,1
5900,20,0
5901,21,0
5902,22,0
5903,23,1
5904,24,0
5905,25,0
5906,26,0
5907,27,0
5908,28,0
5909,29,1
5910,0,0
5911,1,1
5912,2,0
5913,3,0
5914,4,0
5915,5,0
5916,6,0
5917,7,1
5918,8,0
5919,9,0
5920,10,0
5921,11,1
5922,12,0
5923,13,1
5924,14,0
5925,15,0
5926,16,0
5927,17,1
5928,18,0
5929,19,1
5930,20,0
5931,21,0
5932,22,0
5933,23,1
5934,24,0
5935,25,0
5936,26,0
5937,27,0
5938,28,0
5939,29,1
5940,0,0
5941,1,1
5942,2,0
5943,3,0
5944,4,0
5945,5,0
5946,6,0
5947,7,1
5948,8,0
5949,9,0
5950,10,0
5951,11,1
5952,12,0
5953,13,1
5954,14,0
5955,15,0
5956,16,0
5957,17,1
5958,18,0
5959,19,1
5960,20,0
5961,21,0
5962,22,0
5963,23,1
5964,24,0
5965,25,0
5966,26,0
5967,27,0
5968,28,0
5969,29,1
5970,0,0
5971,1,1
5972,2,0
5973,3,0
5974,4,0
5975,5,0
5976,6,0
5977,7,1
5978,8,0
5979,9,0
5980,10,0
5981,11,1
5982,12,0
5983,13,1
5984,14,0
5985,15,0
5986,16,0
5987,17,1
5988,18,0
5989,19,1
5990,20,0
5991,21,0
5992,22,0
5993,23,1
5994,24,0
5995,25,0
5996,26,0
5997,27,0
5998,28,0
5999,29,1
6000,0,0
6001,1,1
6002,2,0
6003,3,0
6004,4,0
6005,5,0
6006,6,0
6007,7,1
6008,8,0
6009,9,0
6010,10,0
6011,11,1
6012,12,0
6013,13,1
6014,14,0
6015,15,0
6016,16,0
6017,17,1
6018,18,0
6019,19,1
6020,20,0
6021,21,0
6022,22,0
6023,23,1
6024,24,0
6025,25,0
6026,26,0
6027,27,0
6028,28,0
6029,29,1
6030,0,0
6031,1,1
6032,2,0
6033,3,0
6034,4,0
6035,5,0
6036,6,0
6037,7,1
6038,8,0
6039,9,0
6040,10,0
6041,11,1
6042,12,0
6043,13,1
6044,14,0
6045,15,0
6046,16,0
6047,17,1
6048,18,0
6049,19,1
6050,20,0
6051,21,0
6052,22,0
6053,23,1
6054,24,0
6055,25,0
6056,26,0
6057,27,0
6058,28,0
6059,29,1
6060,0,0
6061,1,1
6062,2,0
6063,3,0
6064,4,0
6065,5,0
6066,6,0
6067,7,1
6068,8,0
6069,9,0
6070,10,0
6071,11,1
6072,12,0
6073,13,1
6074,14,0
6075,15,0
6076,16,0
6077,17,1
6078,18,0
6079,19,1
6080,20,0
6081,21,0
6082,22,0
6083,23,1
6084,24,0
6085,25,0
6086,26,0
6087,27,0
6088,28,0
6089,29,1
6090,0,0
6091,1,1
6092,2,0
6093,3,0
6094,4,0
6095,5,0
6096,6,0
6097,7,1
6098,8,0
6099,9,0
6100,10,0
6101,11,1
6102,12,0
6103,13,1
6104,14,0
6105,15,0
6106,16,0
6107,17,1
6108,18,0
6109,19,1
6110,20,0
6111,21,0
6112,22,0
6113,23,1
6114,24,0
6115,25,0
6116,26,0
6117,27,0
6118,28,0
6119,29,1
6120,0,0
6121,1,1
6122,2,0
6123,3,0
6124,4,0
6125,5,0
6126,6,0
6127,7,1
6128,8,0
6129,9,0
6130,10,0
6131,11,1
6132,12,0
6133,13,1
6134,14,0
6135,15,0
6136,16,0
6137,17,1
6138,18,0
6139,19,1
6140,20,0
6141,21,0
6142,22,0
6143,23,1
6144,24,0
6145,25,0
6146,26,0
6147,27,0
6148,28,0
6149,29,1
6150,0,0
6151,1,1
6152,2,0
6153,3,0
6154,4,0
6155,5,0
6156,6,0
6157,7,1
6158,8,0
6159,9,0
6160,10,0
6161,11,1
6162,12,0
6163,13,1
6164,14,0
6165,15,0
6166,16,0
6167,17,1
6168,18,0
6169,19,1
6170,20,0
6171,21,0
6172,22,0
6173,23,1
6174,24,0
6175,25,0
6176,26,0
6177,27,0
6178,28,0
6179,29,1
6180,0,0
6181,1,1
6182,2,0
6183,3,0
6184,4,0
6185,5,0
6186,6,0
6187,7,1
6188,8,0
6189,9,0
6190,10,0
6191,11,1
6192,12,0
6193,13,1
6194,14,0
6195,15,0
6196,16,0
6197,17,1
6198,18,0
6199,19,1
6200,20,0
6201,21,0
6202,22,0
6203,23,1
6204,24,0
6205,25,0
6206,26,0
6207,27,0
6208,28,0
6209,29,1
6210,0,0
6211,1,1
6212,2,0
6213,3,0
6214,4,0
6215,5,0
6216,6,0
6217,7,1
6218,8,0
6219,9,0
6220,10,0
6221,11,1
6222,12,0
6223,13,1
6224,14,0
6225,15,0
6226,16,0
6227,17,1
6228,18,0
6229,19,1
6230,20,0
6231,21,0
6232,22,0
6233,23,1
6234,24,0
6235,25,0
6236,26,0
6237,27,0
6238,28,0
6239,29,1
6240,0,0
6241,1,1
6242,2,0
6243,3,0
6244,4,0
6245,5,0
6246,6,0
6247,7,1
6248,8,0
6249,9,0
6250,10,0
6251,11,1
6252,12,0
6253,13,1
6254,14,0
6255,15,0
6256,16,0
6257,17,1
6258,18,0
6259,19,1
6260,20,0
6261,21,0
6262,22,0
6263,23,1
6264,24,0
6265,25,0
6266,26,0
6267,27,0
6268,28,0
6269,29,1
6270,0,0
6271,1,1
6272,2,0
6273,3,0
6274,4,0
6275,5,0
6276,6,0
6277,7,1
6278,8,0
6279,9,0
6280,10,0
6281,11,1
6282,12,0
6283,13,1
6284,14,0
6285,15,0
6286,16,0
6287,17,1
6288,18,0
6289,19,1
6290,20,0
6291,21,0
6292,22,0
6293,23,1
6294,24,0
6295,25,0
6296,26,0
6297,27,0
6298,28,0
6299,29,1
6300,0,0
6301,1,1
6302,2,0
6303,3,0
6304,4,0
6305,5,0
6306,6,0
6307,7,1
6308,8,0
6309,9,0
6310,10,0
6311,11,1
6312,12,0
6313,13,1
6314,14,0
6315,15,0
6316,16,0
6317,17,1
6318,18,0
6319,19,1
6320,20,0
6321,21,0
6322,22,0
6323,23,1
6324,24,0
6325,25,0
6326,26,0
6327,27,0
6328,28,0
6329,29,1
6330,0,0
6331,1,1
6332,2,0
6333,3,0
6334,4,0
6335,5,0
6336,6,0
6337,7,1
6338,8,0
6339,9,0
6340,10,0
6341,11,1
6342,12,0
6343,13,1
6344,14,0
6345,15,0
6346,16,0
6347,17,1
6348,18,0
6349,19,1
6350,20,0
6351,21,0
6352,22,0
6353,23,1
6354,24,0
6355,25,0
6356,26,0
6357,27,0
6358,28,0
6359,29,1
6360,0,0
6361,1,1
6362,2,0
6363,3,0
6364,4,0
6365,5,0
6366,6,0
6367,7,1
6368,8,0
6369,9,0
6370,10,0
6371,11,1
6372,12,0
6373,13,1
6374,14,0
6375,15,0
6376,16,0
6377,17,1
6378,18,0
6379,19,1
6380,20,0
6381,21,0
6382,22,0
6383,23,1
6384,24,0
6385,25,0
6386,26,0
6387,27,0
6388,28,0
6389,29,1
6390,0,0
6391,1,1
6392,2,0
6393,3,0
6394,4,0
6395,5,0
6396,6,0
6397,7,1
6398,8,0
6399,9,0
6400,10,0
6401,11,1
6402,12,0
6403,13,1
6404,14,0
6405,15,0
6406,16,0
6407,17,1
6408,18,0
6409,19,1
6410,20,0
6411,21,0
6412,22,0
6413,23,1
6414,24,0
6415,25,0
6416,26,0
6417,27,0
6418,28,0
6419,29,1
6420,0,0
6421,1,1
6422,2,0
6423,3,0
6424,4,0
6425,5,0
6426,6,0
6427,7,1
6428,8,0
6429,9,0
6430,10,0
6431,11,1
6432,12,0
6433,13,1
6434,14,0
6435,15,0
6436,16,0
6437,17,1
6438,18,0
6439,19,1
6440,20,0
6441,21,0
6442,22,0
6443,23,1
6444,24,0
6445,25,0
6446,26,0
6447,27,0
6448,28,0
6449,29,1
6450,0,0
6451,1,1
6452,2,0
6453,3,0
6454,4,0
6455,5,0
6456,6,0
6457,7,1
6458,8,0
6459,9,0
6460,10,0
6461,11,1
6462,12,0
6463,13,1
6464,14,0
6465,15,0
6466,16,0
6467,17,1
6468,18,0
6469,19,1
6470,20,0
6471,21,0
6472,22,0
6473,23,1
6474,24,0
6475,25,0
6476,26,0
6477,27,0
6478,28,0
6479,29,1
6480,0,0
6481,1,1
6482,2,0
6483,3,0
6484,4,0
6485,5,0
6486,6,0
6487,7,1
6488,8,0
6489,9,0
6490,10,0
6491,11,1
6492,12,0
6493,13,1
6494,14,0
6495,15,0
6496,16,0
6497,17,1
6498,18,0
6499,19,1
6500,20,0
6501,21,0
6502,22,0
6503,23,1
6504,24,0
6505,25,0
6506,26,0
6507,27,0
6508,28,0
6509,29,1
6510,0,0
6511,1,1
6512,2,0
6513,3,0
6514,4,0
6515,5,0
6516,6,0
6517,7,1
6518,8,0
6519,9,0
6520,10,0
6521,11,1
6522,12,0
6523,13,1
6524,14,0
6525,15,0
6526,16,0
6527,17,1
6528,18,0
6529,19,1
6530,20,0
6531,21,0
6532,22,0
6533,23,1
6534,24,0
6535,25,0
6536,26,0
6537,27,0
6538,28,0
6539,29,1
6540,0,0
6541,1,1
6542,2,0
6543,3,0
6544,4,0
6545,5,0
6546,6,0
6547,7,1
6548,8,0
6549,9,0
6550,10,0
6551,11,1
6552,12,0
6553,13,1
6554,14,0
6555,15,0
6556,16,0
6557,17,1
6558,18,0
6559,19,1
6560,20,0
6561,21,0
6562,22,0
6563,23,1
6564,24,0
6565,25,0
6566,26,0
6567,27,0
6568,28,0
6569,29,1
6570,0,0
6571,1,1
6572,2,0
6573,3,0
6574,4,0
6575,5,0
6576,6,0
6577,7,1
6578,8,0
6579,9,0
6580,10,0
6581,11,1
6582,12,0
6583,13,1
6584,14,0
6585,15,0
6586,16,0
6587,17,1
6588,18,0
6589,19,1
6590,20,0
6591,21,0
6592,22,0
6593,23,1
6594,24,0
6595,25,0
6596,26,0
6597,27,0
6598,28,0
6599,29,1
6600,0,0
6601,1,1
6602,2,0
6603,3,0
6604,4,0
6605,5,0
6606,6,0
6607,7,1
6608,8,0
6609,9,0
6610,10,0
6611,11,1
6612,12,0
6613,13,1
6614,14,0
6615,15,0
6616,16,0
6617,17,1
6618,18,0
6619,19,1
6620,20,0
6621,21,0
6622,22,0
6623,23,1
6624,24,0
6625,25,0
6626,26,0
6627,27,0
6628,28,0
6629,29,1
6630,0,0
6631,1,1
6632,2,0
6633,3,0
6634,4,0
6635,5,0
6636,6,0
6637,7,1
6638,8,0
6639,9,0
6640,10,0
6641,11,1
6642,12,0
6643,13,1
6644,14,0
6645,15,0
6646,16,0
6647,17,1
6648,18,0
6649,19,1
6650,20,0
6651,21,0
6652,22,0
6653,23,1
6654,24,0
6655,25,0
6656,26,0
6657,27,0
6658,28,0
6659,29,1
6660,0,0
6661,1,1
6662,2,0
6663,3,0
6664,4,0
6665,5,0
6666,6,0
6667,7,1
6668,8,0
6669,9,0
6670,10,0
6671,11,1
6672,12,0
6673,13,1
6674,14,0
6675,15,0
6676,16,0
6677,17,1
6678,18,0
6679,19,1
6680,20,0
6681,21,0
6682,22,0
6683,23,1
6684,24,0
6685,25,0
6686,26,0
6687,27,0
6688,28,0
6689,29,1
6690,0,0
6691,1,1
6692,2,0
6693,3,0
6694,4,0
6695,5,0
6696,6,0
6697,7,1
6698,8,0
6699,9,0
6700,10,0
6701,11,1
6702,12,0
6703,13,1
6704,14,0
6705,15,0
6706,16,0
6707,17,1
6708,18,0
6709,19,1
6710,20,0
6711,21,0
6712,22,0
6713,23,1
6714,24,0
6715,25,0
6716,26,0
6717,27,0
6718,28,0
6719,29,1
6720,0,0
6721,1,1
6722,2,0
6723,3,0
6724,4,0
6725,5,0
6726,6,0
6727,7,1
6728,8,0
6729,9,0
6730,10,0
6731,11,1
6732,12,0
6733,13,1
6734,14,0
6735,15,0
6736,16,0
6737,17,1
6738,18,0
6739,19,1
6740,20,0
6741,21,0
6742,22,0
6743,23,1
6744,24,0
6745,25,0
6746,26,0
6747,27,0
6748,28,0
6749,29,1
6750,0,0
6751,1,1
6752,2,0
6753,3,0
6754,4,0
6755,5,0
6756,6,0
6757,7,1
6758,8,0
6759,9,0
6760,10,0
6761,11,1
6762,12,0
6763,13,1
6764,14,0
6765,15,0
6766,16,0
6767,17,1
6768,18,0
6769,19,1
6770,20,0
6771,21,0
6772,22,0
6773,23,1
6774,24,0
6775,25,0
6776,26,0
6777,27,0
6778,28,0
6779,29,1
6780,0,0
6781,1,1
6782,2,0
6783,3,0
6784,4,0
6785,5,0
6786,6,0
6787,7,1
6788,8,0
6789,9,0
6790,10,0
6791,11,1
6792,12,0
6793,13,1
6794,14,0
6795,15,0
6796,16,0
6797,17,1
6798,18,0
6799,19,1
6800,20,0
6801,21,0
6802,22,0
6803,23,1
6804,24,0
6805,25,0
6806,26,0
6807,27,0
6808,28,0
6809,29,1
6810,0,0
6811,1,1
6812,2,0
6813,3,0
6814,4,0
6815,5,0
6816,6,0
6817,7,1
6818,8,0
6819,9,0
6820,10,0
6821,11,1
6822,12,0
6823,13,1
6824,14,0
6825,15,0
6826,16,0
6827,17,1
6828,18,0
6829,19,1
6830,20,0
6831,21,0
6832,22,0
6833,23,1
6834,24,0
6835,25,0
6836,26,0
6837,27,0
6838,28,0
6839,29,1
6840,0,0
6841,1,1
6842,2,0
6843,3,0
6844,4,0
6845,5,0
6846,6,0
6847,7,1
6848,8,0
6849,9,0
6850,10,0
6851,11,1
6852,12,0
6853,13,1
6854,14,0
6855,15,0
6856,16,0
6857,17,1
6858,18,0
6859,19,1
6860,20,0
6861,21,0
6862,22,0
6863,23,1
6864,24,0
6865,25,0
6866,26,0
6867,27,0
6868,28,0
6869,29,1
6870,0,0
6871,1,1
6872,2,0
6873,3,0
6874,4,0
6875,5,0
6876,6,0
6877,7,1
6878,8,0
6879,9,0
6880,10,0
6881,11,1
6882,12,0
6883,13,1
6884,14,0
6885,15,0
6886,16,0
6887,17,1
6888,18,0
6889,19,1
6890,20,0
6891,21,0
6892,22,0
6893,23,1
6894,24,0
6895,25,0
6896,26,0
6897,27,0
6898,28,0
6899,29,1
6900,0,0
6901,1,1
6902,2,0
6903,3,0
6904,4,0
6905,5,0
6906,6,0
6907,7,1
6908,8,0
6909,9,0
6910,10,0
6911,11,1
6912,12,0
6913,13,1
6914,14,0
6915,15,0
6916,16,0
6917,17,1
6918,18,0
6919,19,1
6920,20,0
6921,21,0
6922,22,0
6923,23,1
6924,24,0
6925,25,0
6926,26,0
6927,27,0
6928,28,0
6929,29,1
6930,0,0
6931,1,1
6932,2,0
6933,3,0
6934,4,0
6935,5,0
6936,6,0
6937,7,1
6938,8,0
6939,9,0
6940,10,0
6941,11,1
6942,12,0
6943,13,1
6944,14,0
6945,15,0
6946,16,0
6947,17,1
6948,18,0
6949,19,1
6950,20,0
6951,21,0
6952,22,0
6953,23,1
6954,24,0
6955,25,0
6956,26,0
6957,27,0
6958,28,0
6959,29,1
6960,0,0
6961,1,1
6962,2,0
6963,3,0
6964,4,0
6965,5,0
6966,6,0
6967,7,1
6968,8,0
6969,9,0
6970,10,0
6971,11,1
6972,12,0
6973,13,1
6974,14,0
6975,15,0
6976,16,0
6977,17,1
6978,18,0
6979,19,1
6980,20,0
6981,21,0
6982,22,0
6983,23,1
6984,24,0
6985,25,0
6986,26,0
6987,27,0
6988,28,0
6989,29,1
6990,0,0
6991,1,1
6992,2,0
6993,3,0
6994,4,0
6995,5,0
6996,6,0
6997,7,1
6998,8,0
6999,9,0
7000,10,0
7001,11,1
7002,12,0
7003,13,1
7004,14,0
7005,15,0
7006,16,0
7007,17,1
7008,18,0
7009,19,1
7010,20,0
7011,21,0
7012,22,0
7013,23,1
7014,24,0
7015,25,0
7016,26,0
7017,27,0
7018,28,0
7019,29,1
7020,0,0
7021,1,1
7022,2,0
7023,3,0
7024,4,0
7025,5,0
7026,6,0
7027,7,1
7028,8,0
7029,9,0
7030,10,0
7031,11,1
7032,12,0
7033,13,1
7034,14,0
7035,15,0
7036,16,0
7037,17,1
7038,18,0
7039,19,1
7040,20,0
7041,21,0
7042,22,0
7043,23,1
7044,24,0
7045,25,0
7046,26,0
7047,27,0
7048,28,0
7049,29,1
7050,0,0
7051,1,1
7052,2,0
7053,3,0
7054,4,0
7055,5,0
7056,6,0
7057,7,1
7058,8,0
7059,9,0
7060,10,0
7061,11,1
7062,12,0
7063,13,1
7064,14,0
7065,15,0
7066,16,0
7067,17,1
7068,18,0
7069,19,1
7070,20,0
7071,21,0
7072,22,0
7073,23,1
7074,24,0
7075,25,0
7076,26,0
7077,27,0
7078,28,0
7079,29,1
7080,0,0
7081,1,1
7082,2,0
7083,3,0
7084,4,0
7085,5,0
7086,6,0
7087,7,1
7088,8,0
7089,9,0
7090,10,0
7091,11,1
7092,12,0
7093,13,1
7094,14,0
7095,15,0
7096,16,0
7097,17,1
7098,18,0
7099,19,1
7100,20,0
7101,21,0
7102,22,0
7103,23,1
7104,24,0
7105,25,0
7106,26,0
7107,27,0
7108,28,0
7109,29,1
7110,0,0
7111,1,1
7112,2,0
7113,3,0
7114,4,0
7115,5,0
7116,6,0
7117,7,1
7118,8,0
7119,9,0
7120,10,0
7121,11,1
7122,12,0
7123,13,1
7124,14,0
7125,15,0
7126,16,0
7127,17,1
7128,18,0
7129,19,1
7130,20,0
7131,21,0
7132,22,0
7133,23,1
7134,24,0
7135,25,0
7136,26,0
7137,27,0
7138,28,0
7139,29,1
7140,0,0
7141,1,1
7142,2,0
7143,3,0
7144,4,0
7145,5,0
7146,6,0
7147,7,1
7148,8,0
7149,9,0
7150,10,0
7151,11,1
7152,12,0
7153,13,1
7154,14,0
7155,15,0
7156,16,0
7157,17,1
7158,18,0
7159,19,1
7160,20,0
7161,21,0
7162,22,0
7163,23,1
7164,24,0
7165,25,0
7166,26,0
7167,27,0
7168,28,0
7169,29,1
7170,0,0
7171,1,1
7172,2,0
7173,3,0
7174,4,0
7175,5,0
7176,6,0
7177,7,1
7178,8,0
7179,9,0
7180,10,0
7181,11,1
7182,12,0
7183,13,1
7184,14,0
7185,15,0
7186,16,0
7187,17,1
7188,18,0
7189,19,1
7190,20,0
7191,21,0
7192,22,0
7193,23,1
7194,24,0
7195,25,0
7196,26,0
7197,27,0
7198,28,0
7199,29,1
7200,0,0
7201,1,1
7202,2,0
7203,3,0
7204,4,0
7205,5,0
7206,6,0
7207,7,1
7208,8,0
7209,9,0
7210,10,0
7211,11,1
7212,12,0
7213,13,1
7214,14,0
7215,15,0
7216,16,0
7217,17,1
7218,18,0
7219,19,1
7220,20,0
7221,21,0
7222,22,0
7223,23,1
7224,24,0
7225,25,0
7226,26,0
7227,27,0
7228,28,0
7229,29,1
7230,0,0
7231,1,1
7232,2,0
7233,3,0
7234,4,0
7235,5,0
7236,6,0
7237,7,1
7238,8,0
7239,9,0
7240,10,0
7241,11,1
7242,12,0
7243,13,1
7244,14,0
7245,15,0
7246,16,0
7247,17,1
7248,18,0
7249,19,1
7250,20,0
7251,21,0
7252,22,0
7253,23,1
7254,24,0
7255,25,0
7256,26,0
7257,27,0
7258,28,0
7259,29,1
7260,0,0
7261,1,1
7262,2,0
7263,3,0
7264,4,0
7265,5,0
7266,6,0
7267,7,1
7268,8,0
7269,9,0
7270,10,0
7271,11,1
7272,12,0
7273,13,1
7274,14,0
7275,15,0
7276,16,0
7277,17,1
7278,18,0
7279,19,1
7280,20,0
7281,21,0
7282,22,0
7283,23,1
7284,24,0
7285,25,0
7286,26,0
7287,27,0
7288,28,0
7289,29,1
7290,0,0
7291,1,1
7292,2,0
7293,3,0
7294,4,0
7295,5,0
7296,6,0
7297,7,1
7298,8,0
7299,9,0
7300,10,0
7301,11,1
7302,12,0
7303,13,1
7304,14,0
7305,15,0
7306,16,0
7307,17,1
7308,18,0
7309,19,1
7310,20,0
7311,21,0
7312,22,0
7313,23,1
7314,24,0
7315,25,0
7316,26,0
7317,27,0
7318,28,0
7319,29,1
7320,0,0
7321,1,1
7322,2,0
7323,3,0
7324,4,0
7325,5,0
7326,6,0
7327,7,1
7328,8,0
7329,9,0
7330,10,0
7331,11,1
7332,12,0
7333,13,1
7334,14,0
7335,15,0
7336,16,0
7337,17,1
7338,18,0
7339,19,1
7340,20,0
7341,21,0
7342,22,0
7343,23,1
7344,24,0
7345,25,0
7346,26,0
7347,27,0
7348,28,0
7349,29,1
7350,0,0
7351,1,1
7352,2,0
7353,3,0
7354,4,0
7355,5,0
7356,6,0
7357,7,1
7358,8,0
7359,9,0
7360,10,0
7361,11,1
7362,12,0
7363,13,1
7364,14,0
7365,15,0
7366,16,0
7367,17,1
7368,18,0
7369,19,1
7370,20,0
7371,21,0
7372,22,0
7373,23,1
7374,24,0
7375,25,0
7376,26,0
7377,27,0
7378,28,0
7379,29,1
7380,0,0
7381,1,1
7382,2,0
7383,3,0
7384,4,0
7385,5,0
7386,6,0
7387,7,1
7388,8,0
7389,9,0
7390,10,0
7391,11,1
7392,12,0
7393,13,1
7394,14,0
7395,15,0
7396,16,0
7397,17,1
7398,18,0
7399,19,1
7400,20,0
7401,21,0
7402,22,0
7403,23,1
7404,24,0
7405,25,0
7406,26,0
7407,27,0
7408,28,0
7409,29,1
7410,0,0
7411,1,1
7412,2,0
7413,3,0
7414,4,0
7415,5,0
7416,6,0
7417,7,1
7418,8,0
7419,9,0
7420,10,0
7421,11,1
7422,12,0
7423,13,1
7424,14,0
7425,15,0
7426,16,0
7427,17,1
7428,18,0
7429,19,1
7430,20,0
7431,21,0
7432,22,0
7433,23,1
7434,24,0
7435,25,0
7436,26,0
7437,27,0
7438,28,0
7439,29,1
7440,0,0
7441,1,1
7442,2,0
7443,3,0
7444,4,0
7445,5,0
7446,6,0
7447,7,1
7448,8,0
7449,9,0
7450,10,0
7451,11,1
7452,12,0
7453,13,1
7454,14,0
7455,15,0
7456,16,0
7457,17,1
7458,18,0
7459,19,1
7460,20,0
7461,21,0
7462,22,0
7463,23,1
7464,24,0
7465,25,0
7466,26,0
7467,27,0
7468,28,0
7469,29,1
7470,0,0
7471,1,1
7472,2,0
7473,3,0
7474,4,0
7475,5,0
7476,6,0
7477,7,1
7478,8,0
7479,9,0
7480,10,0
7481,11,1
7482,12,0
7483,13,1
7484,14,0
7485,15,0
7486,16,0
7487,17,1
7488,18,0
7489,19,1
7490,20,0
7491,21,0
7492,22,0
7493,23,1
7494,24,0
7495,25,0
7496,26,0
7497,27,0
7498,28,0
7499,29,1
7500,0,0
7501,1,1
7502,2,0
7503,3,0
7504,4,0
7505,5,0
7506,6,0
7507,7,1
7508,8,0
7509,9,0
7510,10,0
7511,11,1
7512,12,0
7513,13,1
7514,14,0
7515,15,0
7516,16,0
7517,17,1
7518,18,0
7519,19,1
7520,20,0
7521,21,0
7522,22,0
7523,23,1
7524,24,0
7525,25,0
7526,26,0
7527,27,0
7528,28,0
7529,29,1
7530,0,0
7531,1,1
7532,2,0
7533,3,0
7534,4,0
7535,5,0
7536,6,0
7537,7,1
7538,8,0
7539,9,0
7540,10,0
7541,11,1
7542,12,0
7543,13,1
7544,14,0
7545,15,0
7546,16,0
7547,17,1
7548,18,0
7549,19,1
7550,20,0
7551,21,0
7552,22,0
7553,23,1
7554,24,0
7555,25,0
7556,26,0
7557,27,0
7558,28,0
7559,29,1
7560,0,0
7561,1,1
7562,2,0
7563,3,0
7564,4,0
7565,5,0
7566,6,0
7567,7,1
7568,8,0
7569,9,0
7570,10,0
7571,11,1
7572,12,0
7573,13,1
7574,14,0
7575,15,0
7576,16,0
7577,17,1
7578,18,0
7579,19,1
7580,20,0
7581,21,0
7582,22,0
7583,23,1
7584,24,0
7585,25,0
7586,26,0
7587,27,0
7588,28,0
7589,29,1
7590,0,0
7591,1,1
7592,2,0
7593,3,0
7594,4,0
7595,5,0
7596,6,0
7597,7,1
7598,8,0
7599,9,0
7600,10,0
7601,11,1
7602,12,0
7603,13,1
7604,14,0
7605,15,0
7606,16,0
7607,17,1
7608,18,0
7609,19,1
7610,20,0
7611,21,0
7612,22,0
7613,23,1
7614,24,0
7615,25,0
7616,26,0
7617,27,0
7618,28,0
7619,29,1
7620,0,0
7621,1,1
7622,2,0
7623,3,0
7624,4,0
7625,5,0
7626,6,0
7627,7,1
7628,8,0
7629,9,0
7630,10,0
7631,11,1
7632,12,0
7633,13,1
7634,14,0
7635,15,0
7636,16,0
7637,17,1
7638,18,0
7639,19,1
7640,20,0
7641,21,0
7642,22,0
7643,23,1
7644,24,0
7645,25,0
7646,26,0
7647,27,0
7648,28,0
7649,29,1
7650,0,0
7651,1,1
7652,2,0
7653,3,0
7654,4,0
7655,5,0
7656,6,0
7657,7,1
7658,8,0
7659,9,0
7660,10,0
7661,11,1
7662,12,0
7663,13,1
7664,14,0
7665,15,0
7666,16,0
7667,17,1
7668,18,0
7669,19,1
7670,20,0
7671,21,0
7672,22,0
7673,23,1
7674,24,0
7675,25,0
7676,26,0
7677,27,0
7678,28,0
7679,29,1
7680,0,0
7681,1,1
7682,2,0
7683,3,0
7684,4,0
7685,5,0
7686,6,0
7687,7,1
7688,8,0
7689,9,0
7690,10,0
7691,11,1
7692,12,0
7693,13,1
7694,14,0
7695,15,0
7696,16,0
7697,17,1
7698,18,0
7699,19,1
7700,20,0
7701,21,0
7702,22,0
7703,23,1
7704,24,0
7705,25,0
7706,26,0
7707,27,0
7708,28,0
7709,29,1
7710,0,0
7711,1,1
7712,2,0
7713,3,0
7714,4,0
7715,5,0
7716,6,0
7717,7,1
7718,8,0
7719,9,0
7720,10,0
7721,11,1
7722,12,0
7723,13,1
7724,14,0
7725,15,0
7726,16,0
7727,17,1
7728,18,0
7729,19,1
7730,20,0
7731,21,0
7732,22,0
7733,23,1
7734,24,0
7735,25,0
7736,26,0
7737,27,0
7738,28,0
7739,29,1
7740,0,0
7741,1,1
7742,2,0
7743,3,0
7744,4,0
7745,5,0
7746,6,0
7747,7,1
7748,8,0
7749,9,0
7750,10,0
7751,11,1
7752,12,0
7753,13,1
7754,14,0
7755,15,0
7756,16,0
7757,17,1
7758,18,0
7759,19,1
7760,20,0
7761,21,0
7762,22,0
7763,23,1
7764,24,0
7765,25,0
7766,26,0
7767,27,0
7768,28,0
7769,29,1
7770,0,0
7771,1,1
7772,2,0
7773,3,0
7774,4,0
7775,5,0
7776,6,0
7777,7,1
7778,8,0
7779,9,0
7780,10,0
7781,11,1
7782,12,0
7783,13,1
7784,14,0
7785,15,0
7786,16,0
7787,17,1
7788,18,0
7789,19,1
7790,20,0
7791,21,0
7792,22,0
7793,23,1
7794,24,0
7795,25,0
7796,26,0
7797,27,0
7798,28,0
7799,29,1
7800,0,0
7801,1,1
7802,2,0
7803,3,0
7804,4,0
7805,5,0
7806,6,0
7807,7,1
7808,8,0
7809,9,0
7810,10,0
7811,11,1
7812,12,0
7813,13,1
7814,14,0
7815,15,0
7816,16,0
7817,17,1
7818,18,0
7819,19,1
7820,20,0
7821,21,0
7822,22,0
7823,23,1
7824,24,0
7825,25,0
7826,26,0
7827,27,0
7828,28,0
7829,29,1
7830,0,0
7831,1,1
7832,2,0
7833,3,0
7834,4,0
7835,5,0
7836,6,0
7837,7,1
7838,8,0
7839,9,0
7840,10,0
7841,11,1
7842,12,0
7843,13,1
7844,14,0
7845,15,0
7846,16,0
7847,17,1
7848,18,0
7849,19,1
7850,20,0
7851,21,0
7852,22,0
7853,23,1
7854,24,0
7855,25,0
7856,26,0
7857,27,0
7858,28,0
7859,29,1
7860,0,0
7861,1,1
7862,2,0
7863,3,0
7864,4,0
7865,5,0
7866,6,0
7867,7,1
7868,8,0
7869,9,0
7870,10,0
7871,11,1
7872,12,0
7873,13,1
7874,14,0
7875,15,0
7876,16,0
7877,17,1
7878,18,0
7879,19,1
7880,20,0
7881,21,0
7882,22,0
7883,23,1
7884,24,0
7885,25,0
7886,26,0
7887,27,0
7888,28,0
7889,29,1
7890,0,0
7891,1,1
7892,2,0
7893,3,0
7894,4,0
7895,5,0
7896,6,0
7897,7,1
7898,8,0
7899,9,0
7900,10,0
7901,11,1
7902,12,0
7903,13,1
7904,14,0
7905,15,0
7906,16,0
7907,17,1
7908,18,0
7909,19,1
7910,20,0
7911,21,0
7912,22,0
7913,23,1
7914,24,0
7915,25,0
7916,26,0
7917,27,0
7918,28,0
7919,29,1
7920,0,0
7921,1,1
7922,2,0
7923,3,0
7924,4,0
7925,5,0
7926,6,0
7927,7,1
7928,8,0
7929,9,0
7930,10,0
7931,11,1
7932,12,0
7933,13,1
7934,14,0
7935,15,0
7936,16,0
7937,17,1
7938,18,0
7939,19,1
7940,20,0
7941,21,0
7942,22,0
7943,23,1
7944,24,0
7945,25,0
7946,26,0
7947,27,0
7948,28,0
7949,29,1
7950,0,0
7951,1,1
7952,2,0
7953,3,0
7954,4,0
7955,5,0
7956,6,0
7957,7,1
7958,8,0
7959,9,0
7960,10,0
7961,11,1
7962,12,0
7963,13,1
7964,14,0
7965,15,0
7966,16,0
7967,17,1
7968,18,0
7969,19,1
7970,20,0
7971,21,0
7972,22,0
7973,23,1
7974,24,0
7975,25,0
7976,26,0
7977,27,0
7978,28,0
7979,29,1
7980,0,0
7981,1,1
7982,2,0
7983,3,0
7984,4,0
7985,5,0
7986,6,0
7987,7,1
7988,8,0
7989,9,0
7990,10,0
7991,11,1
7992,12,0
7993,13,1
7994,14,0
7995,15,0
7996,16,0
7997,17,1
7998,18,0
7999,19,1
8000,20,0
8001,21,0
8002,22,0
8003,23,1
8004,24,0
8005,25,0
8006,26,0
8007,27,0
8008,28,0
8009,29,1
8010,0,0
8011,1,1
8012,2,0
8013,3,0
8014,4,0
8015,5,0
8016,6,0
8017,7,1
8018,8,0
8019,9,0
8020,10,0
8021,11,1
8022,12,0
8023,13,1
8024,14,0
8025,15,0
8026,16,0
8027,17,1
8028,18,0
8029,19,1
8030,20,0
8031,21,0
8032,22,0
8033,23,1
8034,24,0
8035,25,0
8036,26,0
8037,27,0
8038,28,0
8039,29,1
8040,0,0
8041,1,1
8042,2,0
8043,3,0
8044,4,0
8045,5,0
8046,6,0
8047,7,1
8048,8,0
8049,9,0
8050,10,0
8051,11,1
8052,12,0
8053,13,1
8054,14,0
8055,15,0
8056,16,0
8057,17,1
8058,18,0
8059,19,1
8060,20,0
8061,21,0
8062,22,0
8063,23,1
8064,24,0
8065,25,0
8066,26,0
8067,27,0
8068,28,0
8069,29,1
8070,0,0
8071,1,1
8072,2,0
8073,3,0
8074,4,0
8075,5,0
8076,6,0
8077,7,1
8078,8,0
8079,9,0
8080,10,0
8081,11,1
8082,12,0
8083,13,1
8084,14,0
8085,15,0
8086,16,0
8087,17,1
8088,18,0
8089,19,1
8090,20,0
8091,21,0
8092,22,0
8093,23,1
8094,24,0
8095,25,0
8096,26,0
8097,27,0
8098,28,0
8099,29,1
8100,0,0
8101,1,1
8102,2,0
8103,3,0
8104,4,0
8105,5,0
8106,6,0
8107,7,1
8108,8,0
8109,9,0
8110,10,0
8111,11,1
8112,12,0
8113,13,1
8114,14,0
8115,15,0
8116,16,0
8117,17,1
8118,18,0
8119,19,1
8120,20,0
8121,21,0
8122,22,0
8123,23,1
8124,24,0
8125,25,0
8126,26,0
8127,27,0
8128,28,0
8129,29,1
8130,0,0
8131,1,1
8132,2,0
8133,3,0
8134,4,0
8135,5,0
8136,6,0
8137,7,1
8138,8,0
8139,9,0
8140,10,0
8141,11,1
8142,12,0
8143,13,1
8144,14,0
8145,15,0
8146,16,0
8147,17,1
8148,18,0
8149,19,1
8150,20,0
8151,21,0
8152,22,0
8153,23,1
8154,24,0
8155,25,0
8156,26,0
8157,27,0
8158,28,0
8159,29,1
8160,0,0
8161,1,1
8162,2,0
8163,3,0
8164,4,0
8165,5,0
8166,6,0
8167,7,1
8168,8,0
8169,9,0
8170,10,0
8171,11,1
8172,12,0
8173,13,1
8174,14,0
8175,15,0
8176,16,0
8177,17,1
8178,18,0
8179,19,1
8180,20,0
8181,21,0
8182,22,0
8183,23,1
8184,24,0
8185,25,0
8186,26,0
8187,27,0
8188,28,0
8189,29,1
8190,0,0
8191,1,1
8192,2,0
8193,3,0
8194,4,0
8195,5,0
8196,6,0
8197,7,1
8198,8,0
8199,9,0
8200,10,0
8201,11,1
8202,12,0
8203,13,1
8204,14,0
8205,15,0
8206,16,0
8207,17,1
8208,18,0
8209,19,1
8210,20,0
8211,21,0
8212,22,0
8213,23,1
8214,24,0
8215,25,0
8216,26,0
8217,27,0
8218,28,0
8219,29,1
8220,0,0
8221,1,1
8222,2,0
8223,3,0
8224,4,0
8225,5,0
8226,6,0
8227,7,1
8228,8,0
8229,9,0
8230,10,0
8231,11,1
8232,12,0
8233,13,1
8234,14,0
8235,15,0
8236,16,0
8237,17,1
8238,18,0
8239,19,1
8240,20,0
8241,21,0
8242,22,0
8243,23,1
8244,24,0
8245,25,0
8246,26,0
8247,27,0
8248,28,0
8249,29,1
8250,0,0
8251,1,1
8252,2,0
8253,3,0
8254,4,0
8255,5,0
8256,6,0
8257,7,1
8258,8,0
8259,9,0
8260,10,0
8261,11,1
8262,12,0
8263,13,1
8264,14,0
8265,15,0
8266,16,0
8267,17,1
8268,18,0
8269,19,1
8270,20,0
8271,21,0
8272,22,0
8273,23,1
8274,24,0
8275,25,0
8276,26,0
8277,27,0
8278,28,0
8279,29,1
8280,0,0
8281,1,1
8282,2,0
8283,3,0
8284,4,0
8285,5,0
8286,6,0
8287,7,1
8288,8,0
8289,9,0
8290,10,0
8291,11,1
8292,12,0
8293,13,1
8294,14,0
8295,15,0
8296,16,0
8297,17,1
8298,18,0
8299,19,1
8300,20,0
8301,21,0
8302,22,0
8303,23,1
8304,24,0
8305,25,0
8306,26,0
8307,27,0
8308,28,0
8309,29,1
8310,0,0
8311,1,1
8312,2,0
8313,3,0
8314,4,0
8315,5,0
8316,6,0
8317,7,1
8318,8,0
8319,9,0
8320,10,0
8321,11,1
8322,12,0
8323,13,1
8324,14,0
8325,15,0
8326,16,0
8327,17,1
8328,18,0
8329,19,1
8330,20,0
8331,21,0
8332,22,0
8333,23,1
8334,24,0
8335,25,0
8336,26,0
8337,27,0
8338,28,0
8339,29,1
8340,0,0
8341,1,1
8342,2,0
8343,3,0
8344,4,0
8345,5,0
8346,6,0
8347,7,1
8348,8,0
8349,9,0
8350,10,0
8351,11,1
8352,12,0
8353,13,1
8354,14,0
8355,15,0
8356,16,0
8357,17,1
8358,18,0
8359,19,1
8360,20,0
8361,21,0
8362,22,0
8363,23,1
8364,24,0
8365,25,0
8366,26,0
8367,27,0
8368,28,0
8369,29,1
8370,0,0
8371,1,1
8372,2,0
8373,3,0
8374,4,0
8375,5,0
8376,6,0
8377,7,1
8378,8,0
8379,9,0
8380,10,0
8381,11,1
8382,12,0
8383,13,1
8384,14,0
8385,15,0
8386,16,0
8387,17,1
8388,18,0
8389,19,1
8390,20,0
8391,21,0
8392,22,0
8393,23,1
8394,24,0
8395,25,0
8396,26,0
8397,27,0
8398,28,0
8399,29,1
8400,0,0
8401,1,1
8402,2,0
8403,3,0
8404,4,0
8405,5,0
8406,6,0
8407,7,1
8408,8,0
8409,9,0
8410,10,0
8411,11,1
8412,12,0
8413,13,1
8414,14,0
8415,15,0
8416,16,0
8417,17,1
8418,18,0
8419,19,1
8420,20,0
8421,21,0
8422,22,0
8423,23,1
8424,24,0
8425,25,0
8426,26,0
8427,27,0
8428,28,0
8429,29,1
8430,0,0
8431,1,1
8432,2,0
8433,3,0
8434,4,0
8435,5,0
8436,6,0
8437,7,1
8438,8,0
8439,9,0
8440,10,0
8441,11,1
8442,12,0
8443,13,1
8444,14,0
8445,15,0
8446,16,0
8447,17,1
8448,18,0
8449,19,1
8450,20,0
8451,21,0
8452,22,0
8453,23,1
8454,24,0
8455,25,0
8456,26,0
8457,27,0
8458,28,0
8459,29,1
8460,0,0
8461,1,1
8462,2,0
8463,3,0
8464,4,0
8465,5,0
8466,6,0
8467,7,1
8468,8,0
8469,9,0
8470,10,0
8471,11,1
8472,12,0
8473,13,1
8474,14,0
8475,15,0
8476,16,0
8477,17,1
8478,18,0
8479,19,1
8480,20,0
8481,21,0
8482,22,0
8483,23,1
8484,24,0
8485,25,0
8486,26,0
8487,27,0
8488,28,0
8489,29,1
8490,0,0
8491,1,1
8492,2,0
8493,3,0
8494,4,0
8495,5,0
8496,6,0
8497,7,1
8498,8,0
8499,9,0
8500,10,0
8501,11,1
8502,12,0
8503,13,1
8504,14,0
8505,15,0
8506,16,0
8507,17,1
8508,18,0
8509,19,1
8510,20,0
8511,21,0
8512,22,0
8513,23,1
8514,24,0
8515,25,0
8516,26,0
8517,27,0
8518,28,0
8519,29,1
8520,0,0
8521,1,1
8522,2,0
8523,3,0
8524,4,0
8525,5,0
8526,6,0
8527,7,1
8528,8,0
8529,9,0
8530,10,0
8531,11,1
8532,12,0
8533,13,1
8534,14,0
8535,15,0
8536,16,0
8537,17,1
8538,18,0
8539,19,1
8540,20,0
8541,21,0
8542,22,0
8543,23,1
8544,24,0
8545,25,0
8546,26,0
8547,27,0
8548,28,0
8549,29,1
8550,0,0
8551,1,1
8552,2,0
8553,3,0
8554,4,0
8555,5,0
8556,6,0
8557,7,1
8558,8,0
8559,9,0
8560,10,0
8561,11,1
8562,12,0
8563,13,1
8564,14,0
8565,15,0
8566,16,0
8567,17,1
8568,18,0
8569,19,1
8570,20,0
8571,21,0
8572,22,0
8573,23,1
8574,24,0
8575,25,0
8576,26,0
8577,27,0
8578,28,0
8579,29,1
8580,0,0
8581,1,1
8582,2,0
8583,3,0
8584,4,0
8585,5,0
8586,6,0
8587,7,1
8588,8,0
8589,9,0
8590,10,0
8591,11,1
8592,12,0
8593,13,1
8594,14,0
8595,15,0
8596,16,0
8597,17,1
8598,18,0
8599,19,1
8600,20,0
8601,21,0
8602,22,0
8603,23,1
8604,24,0
8605,25,0
8606,26,0
8607,27,0
8608,28,0
8609,29,1
8610,0,0
8611,1,1
8612,2,0
8613,3,0
8614,4,0
8615,5,0
8616,6,0
8617,7,1
8618,8,0
8619,9,0
8620,10,0
8621,11,1
8622,12,0
8623,13,1
8624,14,0
8625,15,0
8626,16,0
8627,17,1
8628,18,0
8629,19,1
8630,20,0
8631,21,0
8632,22,0
8633,23,1
8634,24,0
8635,25,0
8636,26,0
8637,27,0
8638,28,0
8639,29,1
8640,0,0
8641,1,1
8642,2,0
8643,3,0
8644,4,0
8645,5,0
8646,6,0
8647,7,1
8648,8,0
8649,9,0
8650,10,0
8651,11,1
8652,12,0
8653,13,1
8654,14,0
8655,15,0
8656,16,0
8657,17,1
8658,18,0
8659,19,1
8660,20,0
8661,21,0
8662,22,0
8663,23,1
8664,24,0
8665,25,0
8666,26,0
8667,27,0
8668,28,0
8669,29,1
8670,0,0
8671,1,1
8672,2,0
8673,3,0
8674,4,0
8675,5,0
8676,6,0
8677,7,1
8678,8,0
8679,9,0
8680,10,0
8681,11,1
8682,12,0
8683,13,1
8684,14,0
8685,15,0
8686,16,0
8687,17,1
8688,18,0
8689,19,1
8690,20,0
8691,21,0
8692,22,0
8693,23,1
8694,24,0
8695,25,0
8696,26,0
8697,27,0
8698,28,0
8699,29,1
8700,0,0
8701,1,1
8702,2,0
8703,3,0
8704,4,0
8705,5,0
8706,6,0
8707,7,1
8708,8,0
8709,9,0
8710,10,0
8711,11,1
8712,12,0
8713,13,1
8714,14,0
8715,15,0
8716,16,0
8717,17,1
8718,18,0
8719,19,1
8720,20,0
8721,21,0
8722,22,0
8723,23,1
8724,24,0
8725,25,0
8726,26,0
8727,27,0
8728,28,0
8729,29,1
8730,0,0
8731,1,1
8732,2,0
8733,3,0
8734,4,0
8735,5,0
8736,6,0
8737,7,1
8738,8,0
8739,9,0
8740,10,0
8741,11,1
8742,12,0
8743,13,1
8744,14,0
8745,15,0
8746,16,0
8747,17,1
8748,18,0
8749,19,1
8750,20,0
8751,21,0
8752,22,0
8753,23,1
8754,24,0
8755,25,0
8756,26,0
8757,27,0
8758,28,0
8759,29,1
8760,0,0
8761,1,1
8762,2,0
8763,3,0
8764,4,0
8765,5,0
8766,6,0
8767,7,1
8768,8,0
8769,9,0
8770,10,0
8771,11,1
8772,12,0
8773,13,1
8774,14,0
8775,15,0
8776,16,0
8777,17,1
8778,18,0
8779,19,1
8780,20,0
8781,21,0
8782,22,0
8783,23,1
8784,24,0
8785,25,0
8786,26,0
8787,27,0
8788,28,0
8789,29,1
8790,0,0
8791,1,1
8792,2,0
8793,3,0
8794,4,0
8795,5,0
8796,6,0
8797,7,1
8798,8,0
8799,9,0
8800,10,0
8801,11,1
8802,12,0
8803,13,1
8804,14,0
8805,15,0
8806,16,0
8807,17,1
8808,18,0
8809,19,1
8810,20,0
8811,21,0
8812,22,0
8813,23,1
8814,24,0
8815,25,0
8816,26,0
8817,27,0
8818,28,0
8819,29,1
8820,0,0
8821,1,1
8822,2,0
8823,3,0
8824,4,0
8825,5,0
8826,6,0
8827,7,1
8828,8,0
8829,9,0
8830,10,0
8831,11,1
8832,12,0
8833,13,1
8834,14,0
8835,15,0
8836,16,0
8837,17,1
8838,18,0
8839,19,1
8840,20,0
8841,21,0
8842,22,0
8843,23,1
8844,24,0
8845,25,0
8846,26,0
8847,27,0
8848,28,0
8849,29,1
8850,0,0
8851,1,1
8852,2,0
8853,3,0
8854,4,0
8855,5,0
8856,6,0
8857,7,1
8858,8,0
8859,9,0
8860,10,0
8861,11,1
8862,12,0
8863,13,1
8864,14,0
8865,15,0
8866,16,0
8867,17,1
8868,18,0
8869,19,1
8870,20,0
8871,21,0
8872,22,0
8873,23,1
8874,24,0
8875,25,0
8876,26,0
8877,27,0
8878,28,0
8879,29,1
8880,0,0
8881,1,1
8882,2,0
8883,3,0
8884,4,0
8885,5,0
8886,6,0
8887,7,1
8888,8,0
8889,9,0
8890,10,0
8891,11,1
8892,12,0
8893,13,1
8894,14,0
8895,15,0
8896,16,0
8897,17,1
8898,18,0
8899,19,1
8900,20,0
8901,21,0
8902,22,0
8903,23,1
8904,24,0
8905,25,0
8906,26,0
8907,27,0
8908,28,0
8909,29,1
8910,0,0
8911,1,1
8912,2,0
8913,3,0
8914,4,0
8915,5,0
8916,6,0
8917,7,1
8918,8,0
8919,9,0
8920,10,0
8921,11,1
8922,12,0
8923,13,1
8924,14,0
8925,15,0
8926,16,0
8927,17,1
8928,18,0
8929,19,1
8930,20,0
8931,21,0
8932,22,0
8933,23,1
8934,24,0
8935,25,0
8936,26,0
8937,27,0
8938,28,0
8939,29,1
8940,0,0
8941,1,1
8942,2,0
8943,3,0
8944,4,0
8945,5,0
8946,6,0
8947,7,1
8948,8,0
8949,9,0
8950,10,0
8951,11,1
8952,12,0
8953,13,1
8954,14,0
8955,15,0
8956,16,0
8957,17,1
8958,18,0
8959,19,1
8960,20,0
8961,21,0
8962,22,0
8963,23,1
8964,24,0
8965,25,0
8966,26,0
8967,27,0
8968,28,0
8969,29,1
8970,0,0
8971,1,1
8972,2,0
8973,3,0
8974,4,0
8975,5,0
8976,6,0
8977,7,1
8978,8,0
8979,9,0
8980,10,0
8981,11,1
8982,12,0
8983,13,1
8984,14,0
8985,15,0
8986,16,0
8987,17,1
8988,18,0
8989,19,1
8990,20,0
8991,21,0
8992,22,0
8993,23,1
8994,24,0
8995,25,0
8996,26,0
8997,27,0
8998,28,0
8999,29,1
9000,0,0
9001,1,1
9002,2,0
9003,3,0
9004,4,0
9005,5,0
9006,6,0
9007,7,1
9008,8,0
9009,9,0
9010,10,0
9011,11,1
9012,12,0
9013,13,1
9014,14,0
9015,15,0
9016,16,0
9017,17,1
9018,18,0
9019,19,1
9020,20,0
9021,21,0
9022,22,0
9023,23,1
9024,24,0
9025,25,0
9026,26,0
9027,27,0
9028,28,0
9029,29,1
9030,0,0
9031,1,1
9032,2,0
9033,3,0
9034,4,0
9035,5,0
9036,6,0
9037,7,1
9038,8,0
9039,9,0
9040,10,0
9041,11,1
9042,12,0
9043,13,1
9044,14,0
9045,15,0
9046,16,0
9047,17,1
9048,18,0
9049,19,1
9050,20,0
9051,21,0
9052,22,0
9053,23,1
9054,24,0
9055,25,0
9056,26,0
9057,27,0
9058,28,0
9059,29,1
9060,0,0
9061,1,1
9062,2,0
9063,3,0
9064,4,0
9065,5,0
9066,6,0
9067,7,1
9068,8,0
9069,9,0
9070,10,0
9071,11,1
9072,12,0
9073,13,1
9074,14,0
9075,15,0
9076,16,0
9077,17,1
9078,18,0
9079,19,1
9080,20,0
9081,21,0
9082,22,0
9083,23,1
9084,24,0
9085,25,0
9086,26,0
9087,27,0
9088,28,0
9089,29,1
9090,0,0
9091,1,1
9092,2,0
9093,3,0
9094,4,0
9095,5,0
9096,6,0
9097,7,1
9098,8,0
9099,9,0
9100,10,0
9101,11,1
9102,12,0
9103,13,1
9104,14,0
9105,15,0
9106,16,0
9107,17,1
9108,18,0
9109,19,1
9110,20,0
9111,21,0
9112,22,0
9113,23,1
9114,24,0
9115,25,0
9116,26,0
9117,27,0
9118,28,0
9119,29,1
9120,0,0
9121,1,1
9122,2,0
9123,3,0
9124,4,0
9125,5,0
9126,6,0
9127,7,1
9128,8,0
9129,9,0
9130,10,0
9131,11,1
9132,12,0
9133,13,1
9134,14,0
9135,15,0
9136,16,0
9137,17,1
9138,18,0
9139,19,1
9140,20,0
9141,21,0
9142,22,0
9143,23,1
9144,24,0
9145,25,0
9146,26,0
9147,27,0
9148,28,0
9149,29,1
9150,0,0
9151,1,1
9152,2,0
9153,3,0
9154,4,0
9155,5,0
9156,6,0
9157,7,1
9158,8,0
9159,9,0
9160,10,0
9161,11,1
9162,12,0
9163,13,1
9164,14,0
9165,15,0
9166,16,0
9167,17,1
9168,18,0
9169,19,1
9170,20,0
9171,21,0
9172,22,0
9173,23,1
9174,24,0
9175,25,0
9176,26,0
9177,27,0
9178,28,0
9179,29,1
9180,0,0
9181,1,1
9182,2,0
9183,3,0
9184,4,0
9185,5,0
9186,6,0
9187,7,1
9188,8,0
9189,9,0
9190,10,0
9191,11,1
9192,12,0
9193,13,1
9194,14,0
9195,15,0
9196,16,0
9197,17,1
9198,18,0
9199,19,1
9200,20,0
9201,21,0
9202,22,0
9203,23,1
9204,24,0
9205,25,0
9206,26,0
9207,27,0
9208,28,0
9209,29,1
9210,0,0
9211,1,1
9212,2,0
9213,3,0
9214,4,0
9215,5,0
9216,6,0
9217,7,1
9218,8,0
9219,9,0
9220,10,0
9221,11,1
9222,12,0
9223,13,1
9224,14,0
9225,15,0
9226,16,0
9227,17,1
9228,18,0
9229,19,1
9230,20,0
9231,21,0
9232,22,0
9233,23,1
9234,24,0
9235,25,0
9236,26,0
9237,27,0
9238,28,0
9239,29,1
9240,0,0
9241,1,1
9242,2,0
9243,3,0
9244,4,0
9245,5,0
9246,6,0
9247,7,1
9248,8,0
9249,9,0
9250,10,0
9251,11,1
9252,12,0
9253,13,1
9254,14,0
9255,15,0
9256,16,0
9257,17,1
9258,18,0
9259,19,1
9260,20,0
9261,21,0
9262,22,0
9263,23,1
9264,24,0
9265,25,0
9266,26,0
9267,27,0
9268,28,0
9269,29,1
9270,0,0
9271,1,1
9272,2,0
9273,3,0
9274,4,0
9275,5,0
9276,6,0
9277,7,1
9278,8,0
9279,9,0
9280,10,0
9281,11,1
9282,12,0
9283,13,1
9284,14,0
9285,15,0
9286,16,0
9287,17,1
9288,18,0
9289,19,1
9290,20,0
9291,21,0
9292,22,0
9293,23,1
9294,24,0
9295,25,0
9296,26,0
9297,27,0
9298,28,0
9299,29,1
9300,0,0
9301,1,1
9302,2,0
9303,3,0
9304,4,0
9305,5,0
9306,6,0
9307,7,1
9308,8,0
9309,9,0
9310,10,0
9311,11,1
9312,12,0
9313,13,1
9314,14,0
9315,15,0
9316,16,0
9317,17,1
9318,18,0
9319,19,1
9320,20,0
9321,21,0
9322,22,0
9323,23,1
9324,24,0
9325,25,0
9326,26,0
9327,27,0
9328,28,0
9329,29,1
9330,0,0
9331,1,1
9332,2,0
9333,3,0
9334,4,0
9335,5,0
9336,6,0
9337,7,1
9338,8,0
9339,9,0
9340,10,0
9341,11,1
9342,12,0
9343,13,1
9344,14,0
9345,15,0
9346,16,0
9347,17,1
9348,18,0
9349,19,1
9350,20,0
9351,21,0
9352,22,0
9353,23,1
9354,24,0
9355,25,0
9356,26,0
9357,27,0
9358,28,0
9359,29,1
9360,0,0
9361,1,1
9362,2,0
9363,3,0
9364,4,0
9365,5,0
9366,6,0
9367,7,1
9368,8,0
9369,9,0
9370,10,0
9371,11,1
9372,12,0
9373,13,1
9374,14,0
9375,15,0
9376,16,0
9377,17,1
9378,18,0
9379,19,1
9380,20,0
9381,21,0
9382,22,0
9383,23,1
9384,24,0
9385,25,0
9386,26,0
9387,27,0
9388,28,0
9389,29,1
9390,0,0
9391,1,1
9392,2,0
9393,3,0
9394,4,0
9395,5,0
9396,6,0
9397,7,1
9398,8,0
9399,9,0
9400,10,0
9401,11,1
9402,12,0
9403,13,1
9404,14,0
9405,15,0
9406,16,0
9407,17,1
9408,18,0
9409,19,1
9410,20,0
9411,21,0
9412,22,0
9413,23,1
9414,24,0
9415,25,0
9416,26,0
9417,27,0
9418,28,0
9419,29,1
9420,0,0
9421,1,1
9422,2,0
9423,3,0
9424,4,0
9425,5,0
9426,6,0
9427,7,1
9428,8,0
9429,9,0
9430,10,0
9431,11,1
9432,12,0
9433,13,1
9434,14,0
9435,15,0
9436,16,0
9437,17,1
9438,18,0
9439,19,1
9440,20,0
9441,21,0
9442,22,0
9443,23,1
9444,24,0
9445,25,0
9446,26,0
9447,27,0
9448,28,0
9449,29,1
9450,0,0
9451,1,1
9452,2,0
9453,3,0
9454,4,0
9455,5,0
9456,6,0
9457,7,1
9458,8,0
9459,9,0
9460,10,0
9461,11,1
9462,12,0
9463,13,1
9464,14,0
9465,15,0
9466,16,0
9467,17,1
9468,18,0
9469,19,1
9470,20,0
9471,21,0
9472,22,0
9473,23,1
9474,24,0
9475,25,0
9476,26,0
9477,27,0
9478,28,0
9479,29,1
9480,0,0
9481,1,1
9482,2,0
9483,3,0
9484,4,0
9485,5,0
9486,6,0
9487,7,1
9488,8,0
9489,9,0
9490,10,0
9491,11,1
9492,12,0
9493,13,1
9494,14,0
9495,15,0
9496,16,0
9497,17,1
9498,18,0
9499,19,1
9500,20,0
9501,21,0
9502,22,0
9503,23,1
9504,24,0
9505,25,0
9506,26,0
9507,27,0
9508,28,0
9509,29,1
9510,0,0
9511,1,1
9512,2,0
9513,3,0
9514,4,0
9515,5,0
9516,6,0
9517,7,1
9518,8,0
9519,9,0
9520,10,0
9521,11,1
9522,12,0
9523,13,1
9524,14,0
9525,15,0
9526,16,0
9527,17,1
9528,18,0
9529,19,1
9530,20,0
9531,21,0
9532,22,0
9533,23,1
9534,24,0
9535,25,0
9536,26,0
9537,27,0
9538,28,0
9539,29,1
9540,0,0
9541,1,1
9542,2,0
9543,3,0
9544,4,0
9545,5,0
9546,6,0
9547,7,1
9548,8,0
9549,9,0
9550,10,0
9551,11,1
9552,12,0
9553,13,1
9554,14,0
9555,15,0
9556,16,0
9557,17,1
9558,18,0
9559,19,1
9560,20,0
9561,21,0
9562,22,0
9563,23,1
9564,24,0
9565,25,0
9566,26,0
9567,27,0
9568,28,0
9569,29,1
9570,0,0
9571,1,1
9572,2,0
9573,3,0
9574,4,0
9575,5,0
9576,6,0
9577,7,1
9578,8,0
9579,9,0
9580,10,0
9581,11,1
9582,12,0
9583,13,1
9584,14,0
9585,15,0
9586,16,0
9587,17,1
9588,18,0
9589,19,1
9590,20,0
9591,21,0
9592,22,0
9593,23,1
9594,24,0
9595,25,0
9596,26,0
9597,27,0
9598,28,0
9599,29,1
9600,0,0
9601,1,1
9602,2,0
9603,3,0
9604,4,0
9605,5,0
9606,6,0
9607,7,1
9608,8,0
9609,9,0
9610,10,0
9611,11,1
9612,12,0
9613,13,1
9614,14,0
9615,15,0
9616,16,0
9617,17,1
9618,18,0
9619,19,1
9620,20,0
9621,21,0
9622,22,0
9623,23,1
9624,24,0
9625,25,0
9626,26,0
9627,27,0
9628,28,0
9629,29,1
9630,0,0
9631,1,1
9632,2,0
9633,3,0
9634,4,0
9635,5,0
9636,6,0
9637,7,1
9638,8,0
9639,9,0
9640,10,0
9641,11,1
9642,12,0
9643,13,1
9644,14,0
9645,15,0
9646,16,0
9647,17,1
9648,18,0
9649,19,1
9650,20,0
9651,21,0
9652,22,0
9653,23,1
9654,24,0
9655,25,0
9656,26,0
9657,27,0
9658,28,0
9659,29,1
9660,0,0
9661,1,1
9662,2,0
9663,3,0
9664,4,0
9665,5,0
9666,6,0
9667,7,1
9668,8,0
9669,9,0
9670,10,0
9671,11,1
9672,12,0
9673,13,1
9674,14,0
9675,15,0
9676,16,0
9677,17,1
9678,18,0
9679,19,1
9680,20,0
9681,21,0
9682,22,0
9683,23,1
9684,24,0
9685,25,0
9686,26,0
9687,27,0
9688,28,0
9689,29,1
9690,0,0
9691,1,1
9692,2,0
9693,3,0
9694,4,0
9695,5,0
9696,6,0
9697,7,1
9698,8,0
9699,9,0
9700,10,0
9701,11,1
9702,12,0
9703,13,1
9704,14,0
9705,15,0
9706,16,0
9707,17,1
9708,18,0
9709,19,1
9710,20,0
9711,21,0
9712,22,0
9713,23,1
9714,24,0
9715,25,0
9716,26,0
9717,27,0
9718,28,0
9719,29,1
9720,0,0
9721,1,1
9722,2,0
9723,3,0
9724,4,0
9725,5,0
9726,6,0
9727,7,1
9728,8,0
9729,9,0
9730,10,0
9731,11,1
9732,12,0
9733,13,1
9734,14,0
9735,15,0
9736,16,0
9737,17,1
9738,18,0
9739,19,1
9740,20,0
9741,21,0
9742,22,0
9743,23,1
9744,24,0
9745,25,0
9746,26,0
9747,27,0
9748,28,0
9749,29,1
9750,0,0
9751,1,1
9752,2,0
9753,3,0
9754,4,0
9755,5,0
9756,6,0
9757,7,1
9758,8,0
9759,9,0
9760,10,0
9761,11,1
9762,12,0
9763,13,1
9764,14,0
9765,15,0
9766,16,0
9767,17,1
9768,18,0
9769,19,1
9770,20,0
9771,21,0
9772,22,0
9773,23,1
9774,24,0
9775,25,0
9776,26,0
9777,27,0
9778,28,0
9779,29,1
9780,0,0
9781,1,1
9782,2,0
9783,3,0
9784,4,0
9785,5,0
9786,6,0
9787,7,1
9788,8,0
9789,9,0
9790,10,0
9791,11,1
9792,12,0
9793,13,1
9794,14,0
9795,15,0
9796,16,0
9797,17,1
9798,18,0
9799,19,1
9800,20,0
9801,21,0
9802,22,0
9803,23,1
9804,24,0
9805,25,0
9806,26,0
9807,27,0
9808,28,0
9809,29,1
9810,0,0
9811,1,1
9812,2,0
9813,3,0
9814,4,0
9815,5,0
9816,6,0
9817,7,1
9818,8,0
9819,9,0
9820,10,0
9821,11,1
9822,12,0
9823,13,1
9824,14,0
9825,15,0
9826,16,0
9827,17,1
9828,18,0
9829,19,1
9830,20,0
9831,21,0
9832,22,0
9833,23,1
9834,24,0
9835,25,0
9836,26,0
9837,27,0
9838,28,0
9839,29,1
9840,0,0
9841,1,1
9842,2,0
9843,3,0
9844,4,0
9845,5,0
9846,6,0
9847,7,1
9848,8,0
9849,9,0
9850,10,0
9851,11,1
9852,12,0
9853,13,1
9854,14,0
9855,15,0
9856,16,0
9857,17,1
9858,18,0
9859,19,1
9860,20,0
9861,21,0
9862,22,0
9863,23,1
9864,24,0
9865,25,0
9866,26,0
9867,27,0
9868,28,0
9869,29,1
9870,0,0
9871,1,1
9872,2,0
9873,3,0
9874,4,0
9875,5,0
9876,6,0
9877,7,1
9878,8,0
9879,9,0
9880,10,0
9881,11,1
9882,12,0
9883,13,1
9884,14,0
9885,15,0
9886,16,0
9887,17,1
9888,18,0
9889,19,1
9890,20,0
9891,21,0
9892,22,0
9893,23,1
9894,24,0
9895,25,0
9896,26,0
9897,27,0
9898,28,0
9899,29,1
9900,0,0
9901,1,1
9902,2,0
9903,3,0
9904,4,0
9905,5,0
9906,6,0
9907,7,1
9908,8,0
9909,9,0
9910,10,0
9911,11,1
9912,12,0
9913,13,1
9914,14,0
9915,15,0
9916,16,0
9917,17,1
9918,18,0
9919,19,1
9920,20,0
9921,21,0
9922,22,0
9923,23,1
9924,24,0
9925,25,0
9926,26,0
9927,27,0
9928,28,0
9929,29,1
9930,0,0
9931,1,1
9932,2,0
9933,3,0
9934,4,0
9935,5,0
9936,6,0
9937,7,1
9938,8,0
9939,9,0
9940,10,0
9941,11,1
9942,12,0
9943,13,1
9944,14,0
9945,15,0
9946,16,0
9947,17,1
9948,18,0
9949,19,1
9950,20,0
9951,21,0
9952,22,0
9953,23,1
9954,24,0
9955,25,0
9956,26,0
9957,27,0
9958,28,0
9959,29,1
9960,0,0
9961,1,1
9962,2,0
9963,3,0
9964,4,0
9965,5,0
9966,6,0
9967,7,1
9968,8,0
9969,9,0
9970,10,0
9971,11,1
9972,12,0
9973,13,1
9974,14,0
9975,15,0
9976,16,0
9977,17,1
9978,18,0
9979,19,1
9980,20,0
9981,21,0
9982,22,0
9983,23,1
9984,24,0
9985,25,0
9986,26,0
9987,27,0
9988,28,0
9989,29,1
9990,0,0
9991,1,1
9992,2,0
9993,3,0
9994,4,0
9995,5,0
9996,6,0
9997,7,1
9998,8,0
9999,9,0
10000,10,0
10001,11,1
10002,12,0
10003,13,1
10004,14,0
10005,15,0
10006,16,0
10007,17,1
10008,18,0
10009,19,1
10010,20,0
10011,21,0
10012,22,0
10013,23,1
10014,24,0
10015,25,0
10016,26,0
10017,27,0
10018,28,0
10019,29,1
10020,0,0
10021,1,1
10022,2,0
10023,3,0
10024,4,0
10025,5,0
10026,6,0
10027,7,1
10028,8,0
10029,9,0
10030,10,0
10031,11,1
10032,12,0
10033,13,1
10034,14,0
10035,15,0
10036,16,0
10037,17,1
10038,18,0
10039,19,1
10040,20,0
10041,21,0
10042,22,0
10043,23,1
10044,24,0
10045,25,0
10046,26,0
10047,27,0
10048,28,0
10049,29,1
10050,0,0
10051,1,1
10052,2,0
10053,3,0
10054,4,0
10055,5,0
10056,6,0
10057,7,1
10058,8,0
10059,9,0
10060,10,0
10061,11,1
10062,12,0
10063,13,1
10064,14,0
10065,15,0
10066,16,0
10067,17,1
10068,18,0
10069,19,1
10070,20,0
10071,21,0
10072,22,0
10073,23,1
10074,24,0
10075,25,0
10076,26,0
10077,27,0
10078,28,0
10079,29,1
10080,0,0
10081,1,1
10082,2,0
10083,3,0
10084,4,0
10085,5,0
10086,6,0
10087,7,1
10088,8,0
10089,9,0
10090,10,0
10091,11,1
10092,12,0
10093,13,1
10094,14,0
10095,15,0
10096,16,0
10097,17,1
10098,18,0
10099,19,1
10100,20,0
10101,21,0
10102,22,0
10103,23,1
10104,24,0
10105,25,0
10106,26,0
10107,27,0
10108,28,0
10109,29,1
10110,0,0
10111,1,1
10112,2,0
10113,3,0
10114,4,0
10115,5,0
10116,6,0
10117,7,1
10118,8,0
10119,9,0
10120,10,0
10121,11,1
10122,12,0
10123,13,1
10124,14,0
10125,15,0
10126,16,0
10127,17,1
10128,18,0
10129,19,1
10130,20,0
10131,21,0
10132,22,0
10133,23,1
10134,24,0
10135,25,0
10136,26,0
10137,27,0
10138,28,0
10139,29,1
10140,0,0
10141,1,1
10142,2,0
10143,3,0
10144,4,0
10145,5,0
10146,6,0
10147,7,1
10148,8,0
10149,9,0
10150,10,0
10151,11,1
10152,12,0
10153,13,1
10154,14,0
10155,15,0
10156,16,0
10157,17,1
10158,18,0
10159,19,1
10160,20,0
10161,21,0
10162,22,0
10163,23,1
10164,24,0
10165,25,0
10166,26,0
10167,27,0
10168,28,0
10169,29,1
10170,0,0
10171,1,1
10172,2,0
10173,3,0
10174,4,0
10175,5,0
10176,6,0
10177,7,1
10178,8,0
10179,9,0
10180,10,0
10181,11,1
10182,12,0
10183,13,1
10184,14,0
10185,15,0
10186,16,0
10187,17,1
10188,18,0
10189,19,1
10190,20,0
10191,21,0
10192,22,0
10193,23,1
10194,24,0
10195,25,0
10196,26,0
10197,27,0
10198,28,0
10199,29,1
10200,0,0
10201,1,1
10202,2,0
10203,3,0
10204,4,0
10205,5,0
10206,6,0
10207,7,1
10208,8,0
10209,9,0
10210,10,0
10211,11,1
10212,12,0
10213,13,1
10214,14,0
10215,15,0
10216,16,0
10217,17,1
10218,18,0
10219,19,1
10220,20,0
10221,21,0
10222,22,0
10223,23,1
10224,24,0
10225,25,0
10226,26,0
10227,27,0
10228,28,0
10229,29,1
10230,0,0
10231,1,1
10232,2,0
10233,3,0
10234,4,0
10235,5,0
10236,6,0
10237,7,1
10238,8,0
10239,9,0
10240,10,0
10241,11,1
10242,12,0
10243,13,1
10244,14,0
10245,15,0
10246,16,0
10247,17,1
10248,18,0
10249,19,1
10250,20,0
10251,21,0
10252,22,0
10253,23,1
10254,24,0
10255,25,0
10256,26,0
10257,27,0
10258,28,0
10259,29,1
10260,0,0
10261,1,1
10262,2,0
10263,3,0
10264,4,0
10265,5,0
10266,6,0
10267,7,1
10268,8,0
10269,9,0
10270,10,0
10271,11,1
10272,12,0
10273,13,1
10274,14,0
10275,15,0
10276,16,0
10277,17,1
10278,18,0
10279,19,1
10280,20,0
10281,21,0
10282,22,0
10283,23,1
10284,24,0
10285,25,0
10286,26,0
10287,27,0
10288,28,0
10289,29,1
10290,0,0
10291,1,1
10292,2,0
10293,3,0
10294,4,0
10295,5,0
10296,6,0
10297,7,1
10298,8,0
10299,9,0
10300,10,0
10301,11,1
10302,12,0
10303,13,1
10304,14,0
10305,15,0
10306,16,0
10307,17,1
10308,18,0
10309,19,1
10310,20,0
10311,21,0
10312,22,0
10313,23,1
10314,24,0
10315,25,0
10316,26,0
10317,27,0
10318,28,0
10319,29,1
10320,0,0
10321,1,1
10322,2,0
10323,3,0
10324,4,0
10325,5,0
10326,6,0
10327,7,1
10328,8,0
10329,9,0
10330,10,0
10331,11,1
10332,12,0
10333,13,1
10334,14,0
10335,15,0
10336,16,0
10337,17,1
10338,18,0
10339,19,1
10340,20,0
10341,21,0
10342,22,0
10343,23,1
10344,24,0
10345,25,0
10346,26,0
10347,27,0
10348,28,0
10349,29,1
10350,0,0
10351,1,1
10352,2,0
10353,3,0
10354,4,0
10355,5,0
10356,6,0
10357,7,1
10358,8,0
10359,9,0
10360,10,0
10361,11,1
10362,12,0
10363,13,1
10364,14,0
10365,15,0
10366,16,0
10367,17,1
10368,18,0
10369,19,1
10370,20,0
10371,21,0
10372,22,0
10373,23,1
10374,24,0
10375,25,0
10376,26,0
10377,27,0
10378,28,0
10379,29,1
10380,0,0
10381,1,1
10382,2,0
10383,3,0
10384,4,0
10385,5,0
10386,6,0
10387,7,1
10388,8,0
10389,9,0
10390,10,0
10391,11,1
10392,12,0
10393,13,1
10394,14,0
10395,15,0
10396,16,0
10397,17,1
10398,18,0
10399,19,1
10400,20,0
10401,21,0
10402,22,0
10403,23,1
10404,24,0
10405,25,0
10406,26,0
10407,27,0
10408,28,0
10409,29,1
10410,0,0
10411,1,1
10412,2,0
10413,3,0
10414,4,0
10415,5,0
10416,6,0
10417,7,1
10418,8,0
10419,9,0
10420,10,0
10421,11,1
10422,12,0
10423,13,1
10424,14,0
10425,15,0
10426,16,0
10427,17,1
10428,18,0
10429,19,1
10430,20,0
10431,21,0
10432,22,0
10433,23,1
10434,24,0
10435,25,0
10436,26,0
10437,27,0
10438,28,0
10439,29,1
10440,0,0
10441,1,1
10442,2,0
10443,3,0
10444,4,0
10445,5,0
10446,6,0
10447,7,1
10448,8,0
10449,9,0
10450,10,0
10451,11,1
10452,12,0
10453,13,1
10454,14,0
10455,15,0
10456,16,0
10457,17,1
10458,18,0
10459,19,1
10460,20,0
10461,21,0
10462,22,0
10463,23,1
10464,24,0
10465,25,0
10466,26,0
10467,27,0
10468,28,0
10469,29,1
10470,0,0
10471,1,1
10472,2,0
10473,3,0
10474,4,0
10475,5,0
10476,6,0
10477,7,1
10478,8,0
10479,9,0
10480,10,0
10481,11,1
10482,12,0
10483,13,1
10484,14,0
10485,15,0
10486,16,0
10487,17,1
10488,18,0
10489,19,1
10490,20,0
10491,21,0
10492,22,0
10493,23,1
10494,24,0
10495,25,0
10496,26,0
10497,27,0
10498,28,0
10499,29,1
10500,0,0
10501,1,1
10502,2,0
10503,3,0
10504,4,0
10505,5,0
10506,6,0
10507,7,1
10508,8,0
10509,9,0
10510,10,0
10511,11,1
10512,12,0
10513,13,1
10514,14,0
10515,15,0
10516,16,0
10517,17,1
10518,18,0
10519,19,1
10520,20,0
10521,21,0
10522,22,0
10523,23,1
10524,24,0
10525,25,0
10526,26,0
10527,27,0
10528,28,0
10529,29,1
10530,0,0
10531,1,1
10532,2,0
10533,3,0
10534,4,0
10535,5,0
10536,6,0
10537,7,1
10538,8,0
10539,9,0
10540,10,0
10541,11,1
10542,12,0
10543,13,1
10544,14,0
10545,15,0
10546,16,0
10547,17,1
10548,18,0
10549,19,1
10550,20,0
10551,21,0
10552,22,0
10553,23,1
10554,24,0
10555,25,0
10556,26,0
10557,27,0
10558,28,0
10559,29,1
10560,0,0
10561,1,1
10562,2,0
10563,3,0
10564,4,0
10565,5,0
10566,6,0
10567,7,1
10568,8,0
10569,9,0
10570,10,0
10571,11,1
10572,12,0
10573,13,1
10574,14,0
10575,15,0
10576,16,0
10577,17,1
10578,18,0
10579,19,1
10580,20,0
10581,21,0
10582,22,0
10583,23,1
10584,24,0
10585,25,0
10586,26,0
10587,27,0
10588,28,0
10589,29,1
10590,0,0
10591,1,1
10592,2,0
10593,3,0
10594,4,0
10595,5,0
10596,6,0
10597,7,1
10598,8,0
10599,9,0
10600,10,0
10601,11,1
10602,12,0
10603,13,1
10604,14,0
10605,15,0
10606,16,0
10607,17,1
10608,18,0
10609,19,1
10610,20,0
10611,21,0
10612,22,0
10613,23,1
10614,24,0
10615,25,0
10616,26,0
10617,27,0
10618,28,0
10619,29,1
10620,0,0
10621,1,1
10622,2,0
10623,3,0
10624,4,0
10625,5,0
10626,6,0
10627,7,1
10628,8,0
10629,9,0
10630,10,0
10631,11,1
10632,12,0
10633,13,1
10634,14,0
10635,15,0
10636,16,0
10637,17,1
10638,18,0
10639,19,1
10640,20,0
10641,21,0
10642,22,0
10643,23,1
10644,24,0
10645,25,0
10646,26,0
10647,27,0
10648,28,0
10649,29,1
10650,0,0
10651,1,1
10652,2,0
10653,3,0
10654,4,0
10655,5,0
10656,6,0
10657,7,1
10658,8,0
10659,9,0
10660,10,0
10661,11,1
10662,12,0
10663,13,1
10664,14,0
10665,15,0
10666,16,0
10667,17,1
10668,18,0
10669,19,1
10670,20,0
10671,21,0
10672,22,0
10673,23,1
10674,24,0
10675,25,0
10676,26,0
10677,27,0
10678,28,0
10679,29,1
10680,0,0
10681,1,1
10682,2,0
10683,3,0
10684,4,0
10685,5,0
10686,6,0
10687,7,1
10688,8,0
10689,9,0
10690,10,0
10691,11,1
10692,12,0
10693,13,1
10694,14,0
10695,15,0
10696,16,0
10697,17,1
10698,18,0
10699,19,1
10700,20,0
10701,21,0
10702,22,0
10703,23,1
10704,24,0
10705,25,0
10706,26,0
10707,27,0
10708,28,0
10709,29,1
10710,0,0
10711,1,1
10712,2,0
10713,3,0
10714,4,0
10715,5,0
10716,6,0
10717,7,1
10718,8,0
10719,9,0
10720,10,0
10721,11,1
10722,12,0
10723,13,1
10724,14,0
10725,15,0
10726,16,0
10727,17,1
10728,18,0
10729,19,1
10730,20,0
10731,21,0
10732,22,0
10733,23,1
10734,24,0
10735,25,0
10736,26,0
10737,27,0
10738,28,0
10739,29,1
10740,0,0
10741,1,1
10742,2,0
10743,3,0
10744,4,0
10745,5,0
10746,6,0
10747,7,1
10748,8,0
10749,9,0
10750,10,0
10751,11,1
10752,12,0
10753,13,1
10754,14,0
10755,15,0
10756,16,0
10757,17,1
10758,18,0
10759,19,1
10760,20,0
10761,21,0
10762,22,0
10763,23,1
10764,24,0
10765,25,0
10766,26,0
10767,27,0
10768,28,0
10769,29,1
10770,0,0
10771,1,1
10772,2,0
10773,3,0
10774,4,0
10775,5,0
10776,6,0
10777,7,1
10778,8,0
10779,9,0
10780,10,0
10781,11,1
10782,12,0
10783,13,1
10784,14,0
10785,15,0
10786,16,0
10787,17,1
10788,18,0
10789,19,1
10790,20,0
10791,21,0
10792,22,0
10793,23,1
10794,24,0
10795,25,0
10796,26,0
10797,27,0
10798,28,0
10799,29,1
10800,0,0
10801,1,1
10802,2,0
10803,3,0
10804,4,0
10805,5,0
10806,6,0
10807,7,1
10808,8,0
10809,9,0
10810,10,0
10811,11,1
10812,12,0
10813,13,1
10814,14,0
10815,15,0
10816,16,0
10817,17,1
10818,18,0
10819,19,1
10820,20,0
10821,21,0
10822,22,0
10823,23,1
10824,24,0
10825,25,0
10826,26,0
10827,27,0
10828,28,0
10829,29,1
10830,0,0
10831,1,1
10832,2,0
10833,3,0
10834,4,0
10835,5,0
10836,6,0
10837,7,1
10838,8,0
10839,9,0
10840,10,0
10841,11,1
10842,12,0
10843,13,1
10844,14,0
10845,15,0
10846,16,0
10847,17,1
10848,18,0
10849,19,1
10850,20,0
10851,21,0
10852,22,0
10853,23,1
10854,24,0
10855,25,0
10856,26,0
10857,27,0
10858,28,0
10859,29,1
10860,0,0
10861,1,1
10862,2,0
10863,3,0
10864,4,0
10865,5,0
10866,6,0
10867,7,1
10868,8,0
10869,9,0
10870,10,0
10871,11,1
10872,12,0
10873,13,1
10874,14,0
10875,15,0
10876,16,0
10877,17,1
10878,18,0
10879,19,1
10880,20,0
10881,21,0
10882,22,0
10883,23,1
10884,24,0
10885,25,0
10886,26,0
10887,27,0
10888,28,0
10889,29,1
10890,0,0
10891,1,1
10892,2,0
10893,3,0
10894,4,0
10895,5,0
10896,6,0
10897,7,1
10898,8,0
10899,9,0
10900,10,0
10901,11,1
10902,12,0
10903,13,1
10904,14,0
10905,15,0
10906,16,0
10907,17,1
10908,18,0
10909,19,1
10910,20,0
10911,21,0
10912,22,0
10913,23,1
10914,24,0
10915,25,0
10916,26,0
10917,27,0
10918,28,0
10919,29,1
10920,0,0
10921,1,1
10922,2,0
10923,3,0
10924,4,0
10925,5,0
10926,6,0
10927,7,1
10928,8,0
10929,9,0
10930,10,0
10931,11,1
10932,12,0
10933,13,1
10934,14,0
10935,15,0
10936,16,0
10937,17,1
10938,18,0
10939,19,1
10940,20,0
10941,21,0
10942,22,0
10943,23,1
10944,24,0
10945,25,0
10946,26,0
10947,27,0
10948,28,0
10949,29,1
10950,0,0
10951,1,1
10952,2,0
10953,3,0
10954,4,0
10955,5,0
10956,6,0
10957,7,1
10958,8,0
10959,9,0
10960,10,0
10961,11,1
10962,12,0
10963,13,1
10964,14,0
10965,15,0
10966,16,0
10967,17,1
10968,18,0
10969,19,1
10970,20,0
10971,21,0
10972,22,0
10973,23,1
10974,24,0
10975,25,0
10976,26,0
10977,27,0
10978,28,0
10979,29,1
10980,0,0
10981,1,1
10982,2,0
10983,3,0
10984,4,0
10985,5,0
10986,6,0
10987,7,1
10988,8,0
10989,9,0
10990,10,0
10991,11,1
10992,12,0
10993,13,1
10994,14,0
10995,15,0
10996,16,0
10997,17,1
10998,18,0
10999,19,1
11000,20,0
11001,21,0
11002,22,0
11003,23,1
11004,24,0
11005,25,0
11006,26,0
11007,27,0
11008,28,0
11009,29,1
11010,0,0
11011,1,1
11012,2,0
11013,3,0
11014,4,0
11015,5,0
11016,6,0
11017,7,1
11018,8,0
11019,9,0
11020,10,0
11021,11,1
11022,12,0
11023,13,1
11024,14,0
11025,15,0
11026,16,0
11027,17,1
11028,18,0
11029,19,1
11030,20,0
11031,21,0
11032,22,0
11033,23,1
11034,24,0
11035,25,0
11036,26,0
11037,27,0
11038,28,0
11039,29,1
11040,0,0
11041,1,1
11042,2,0
11043,3,0
11044,4,0
11045,5,0
11046,6,0
11047,7,1
11048,8,0
11049,9,0
11050,10,0
11051,11,1
11052,12,0
11053,13,1
11054,14,0
11055,15,0
11056,16,0
11057,17,1
11058,18,0
11059,19,1
11060,20,0
11061,21,0
11062,22,0
11063,23,1
11064,24,0
11065,25,0
11066,26,0
11067,27,0
11068,28,0
11069,29,1
11070,0,0
11071,1,1
11072,2,0
11073,3,0
11074,4,0
11075,5,0
11076,6,0
11077,7,1
11078,8,0
11079,9,0
11080,10,0
11081,11,1
11082,12,0
11083,13,1
11084,14,0
11085,15,0
11086,16,0
11087,17,1
11088,18,0
11089,19,1
11090,20,0
11091,21,0
11092,22,0
11093,23,1
11094,24,0
11095,25,0
11096,26,0
11097,27,0
11098,28,0
11099,29,1
11100,0,0
11101,1,1
11102,2,0
11103,3,0
11104,4,0
11105,5,0
11106,6,0
11107,7,1
11108,8,0
11109,9,0
11110,10,0
11111,11,1
11112,12,0
11113,13,1
11114,14,0
11115,15,0
11116,16,0
11117,17,1
11118,18,0
11119,19,1
11120,20,0
11121,21,0
11122,22,0
11123,23,1
11124,24,0
11125,25,0
11126,26,0
11127,27,0
11128,28,0
11129,29,1
11130,0,0
11131,1,1
11132,2,0
11133,3,0
11134,4,0
11135,5,0
11136,6,0
11137,7,1
11138,8,0
11139,9,0
11140,10,0
11141,11,1
11142,12,0
11143,13,1
11144,14,0
11145,15,0
11146,16,0
11147,17,1
11148,18,0
11149,19,1
11150,20,0
11151,21,0
11152,22,0
11153,23,1
11154,24,0
11155,25,0
11156,26,0
11157,27,0
11158,28,0
11159,29,1
11160,0,0
11161,1,1
11162,2,0
11163,3,0
11164,4,0
11165,5,0
11166,6,0
11167,7,1
11168,8,0
11169,9,0
11170,10,0
11171,11,1
11172,12,0
11173,13,1
11174,14,0
11175,15,0
11176,16,0
11177,17,1
11178,18,0
11179,19,1
11180,20,0
11181,21,0
11182,22,0
11183,23,1
11184,24,0
11185,25,0
11186,26,0
11187,27,0
11188,28,0
11189,29,1
11190,0,0
11191,1,1
11192,2,0
11193,3,0
11194,4,0
11195,5,0
11196,6,0
11197,7,1
11198,8,0
11199,9,0
11200,10,0
11201,11,1
11202,12,0
11203,13,1
11204,14,0
11205,15,0
11206,16,0
11207,17,1
11208,18,0
11209,19,1
11210,20,0
11211,21,0
11212,22,0
11213,23,1
11214,24,0
11215,25,0
11216,26,0
11217,27,0
11218,28,0
11219,29,1
11220,0,0
11221,1,1
11222,2,0
11223,3,0
11224,4,0
11225,5,0
11226,6,0
11227,7,1
11228,8,0
11229,9,0
11230,10,0
11231,11,1
11232,12,0
11233,13,1
11234,14,0
11235,15,0
11236,16,0
11237,17,1
11238,18,0
11239,19,1
11240,20,0
11241,21,0
11242,22,0
11243,23,1
11244,24,0
11245,25,0
11246,26,0
11247,27,0
11248,28,0
11249,29,1
11250,0,0
11251,1,1
11252,2,0
11253,3,0
11254,4,0
11255,5,0
11256,6,0
11257,7,1
11258,8,0
11259,9,0
11260,10,0
11261,11,1
11262,12,0
11263,13,1
11264,14,0
11265,15,0
11266,16,0
11267,17,1
11268,18,0
11269,19,1
11270,20,0
11271,21,0
11272,22,0
11273,23,1
11274,24,0
11275,25,0
11276,26,0
11277,27,0
11278,28,0
11279,29,1
11280,0,0
11281,1,1
11282,2,0
11283,3,0
11284,4,0
11285,5,0
11286,6,0
11287,7,1
11288,8,0
11289,9,0
11290,10,0
11291,11,1
11292,12,0
11293,13,1
11294,14,0
11295,15,0
11296,16,0
11297,17,1
11298,18,0
11299,19,1
11300,20,0
11301,21,0
11302,22,0
11303,23,1
11304,24,0
11305,25,0
11306,26,0
11307,27,0
11308,28,0
11309,29,1
11310,0,0
11311,1,1
11312,2,0
11313,3,0
11314,4,0
11315,5,0
11316,6,0
11317,7,1
11318,8,0
11319,9,0
11320,10,0
11321,11,1
11322,12,0
11323,13,1
11324,14,0
11325,15,0
11326,16,0
11327,17,1
11328,18,0
11329,19,1
11330,20,0
11331,21,0
11332,22,0
11333,23,1
11334,24,0
11335,25,0
11336,26,0
11337,27,0
11338,28,0
11339,29,1
11340,0,0
11341,1,1
11342,2,0
11343,3,0
11344,4,0
11345,5,0
11346,6,0
11347,7,1
11348,8,0
11349,9,0
11350,10,0
11351,11,1
11352,12,0
11353,13,1
11354,14,0
11355,15,0
11356,16,0
11357,17,1
11358,18,0
11359,19,1
11360,20,0
11361,21,0
11362,22,0
11363,23,1
11364,24,0
11365,25,0
11366,26,0
11367,27,0
11368,28,0
11369,29,1
11370,0,0
11371,1,1
11372,2,0
11373,3,0
11374,4,0
11375,5,0
11376,6,0
11377,7,1
11378,8,0
11379,9,0
11380,10,0
11381,11,1
11382,12,0
11383,13,1
11384,14,0
11385,15,0
11386,16,0
11387,17,1
11388,18,0
11389,19,1
11390,20,0
11391,21,0
11392,22,0
11393,23,1
11394,24,0
11395,25,0
11396,26,0
11397,27,0
11398,28,0
11399,29,1
11400,0,0
11401,1,1
11402,2,0
11403,3,0
11404,4,0
11405,5,0
11406,6,0
11407,7,1
11408,8,0
11409,9,0
11410,10,0
11411,11,1
11412,12,0
11413,13,1
11414,14,0
11415,15,0
11416,16,0
11417,17,1
11418,18,0
11419,19,1
11420,20,0
11421,21,0
11422,22,0
11423,23,1
11424,24,0
11425,25,0
11426,26,0
11427,27,0
11428,28,0
11429,29,1
11430,0,0
11431,1,1
11432,2,0
11433,3,0
11434,4,0
11435,5,0
11436,6,0
11437,7,1
11438,8,0
11439,9,0
11440,10,0
11441,11,1
11442,12,0
11443,13,1
11444,14,0
11445,15,0
11446,16,0
11447,17,1
11448,18,0
11449,19,1
11450,20,0
11451,21,0
11452,22,0
11453,23,1
11454,24,0
11455,25,0
11456,26,0
11457,27,0
11458,28,0
11459,29,1
11460,0,0
11461,1,1
11462,2,0
11463,3,0
11464,4,0
11465,5,0
11466,6,0
11467,7,1
11468,8,0
11469,9,0
11470,10,0
11471,11,1
11472,12,0
11473,13,1
11474,14,0
11475,15,0
11476,16,0
11477,17,1
11478,18,0
11479,19,1
11480,20,0
11481,21,0
11482,22,0
11483,23,1
11484,24,0
11485,25,0
11486,26,0
11487,27,0
11488,28,0
11489,29,1
11490,0,0
11491,1,1
11492,2,0
11493,3,0
11494,4,0
11495,5,0
11496,6,0
11497,7,1
11498,8,0
11499,9,0
11500,10,0
11501,11,1
11502,12,0
11503,13,1
11504,14,0
11505,15,0
11506,16,0
11507,17,1
11508,18,0
11509,19,1
11510,20,0
11511,21,0
11512,22,0
11513,23,1
11514,24,0
11515,25,0
11516,26,0
11517,27,0
11518,28,0
11519,29,1
11520,0,0
11521,1,1
11522,2,0
11523,3,0
11524,4,0
11525,5,0
11526,6,0
11527,7,1
11528,8,0
11529,9,0
11530,10,0
11531,11,1
11532,12,0
11533,13,1
11534,14,0
11535,15,0
11536,16,0
11537,17,1
11538,18,0
11539,19,1
11540,20,0
11541,21,0
11542,22,0
11543,23,1
11544,24,0
11545,25,0
11546,26,0
11547,27,0
11548,28,0
11549,29,1
11550,0,0
11551,1,1
11552,2,0
11553,3,0
11554,4,0
11555,5,0
11556,6,0
11557,7,1
11558,8,0
11559,9,0
11560,10,0
11561,11,1
11562,12,0
11563,13,1
11564,14,0
11565,15,0
11566,16,0
11567,17,1
11568,18,0
11569,19,1
11570,20,0
11571,21,0
11572,22,0
11573,23,1
11574,24,0
11575,25,0
11576,26,0
11577,27,0
11578,28,0
11579,29,1
11580,0,0
11581,1,1
11582,2,0
11583,3,0
11584,4,0
11585,5,0
11586,6,0
11587,7,1
11588,8,0
11589,9,0
11590,10,0
11591,11,1
11592,12,0
11593,13,1
11594,14,0
11595,15,0
11596,16,0
11597,17,1
11598,18,0
11599,19,1
11600,20,0
11601,21,0
11602,22,0
11603,23,1
11604,24,0
11605,25,0
11606,26,0
11607,27,0
11608,28,0
11609,29,1
11610,0,0
11611,1,1
11612,2,0
11613,3,0
11614,4,0
11615,5,0
11616,6,0
11617,7,1
11618,8,0
11619,9,0
11620,10,0
11621,11,1
11622,12,0
11623,13,1
11624,14,0
11625,15,0
11626,16,0
11627,17,1
11628,18,0
11629,19,1
11630,20,0
11631,21,0
11632,22,0
11633,23,1
11634,24,0
11635,25,0
11636,26,0
11637,27,0
11638,28,0
11639,29,1
11640,0,0
11641,1,1
11642,2,0
11643,3,0
11644,4,0
11645,5,0
11646,6,0
11647,7,1
11648,8,0
11649,9,0
11650,10,0
11651,11,1
11652,12,0
11653,13,1
11654,14,0
11655,15,0
11656,16,0
11657,17,1
11658,18,0
11659,19,1
11660,20,0
11661,21,0
11662,22,0
11663,23,1
11664,24,0
11665,25,0
11666,26,0
11667,27,0
11668,28,0
11669,29,1
11670,0,0
11671,1,1
11672,2,0
11673,3,0
11674,4,0
11675,5,0
11676,6,0
11677,7,1
11678,8,0
11679,9,0
11680,10,0
11681,11,1
11682,12,0
11683,13,1
11684,14,0
11685,15,0
11686,16,0
11687,17,1
11688,18,0
11689,19,1
11690,20,0
11691,21,0
11692,22,0
11693,23,1
11694,24,0
11695,25,0
11696,26,0
11697,27,0
11698,28,0
11699,29,1
11700,0,0
11701,1,1
11702,2,0
11703,3,0
11704,4,0
11705,5,0
11706,6,0
11707,7,1
11708,8,0
11709,9,0
11710,10,0
11711,11,1
11712,12,0
11713,13,1
11714,14,0
11715,15,0
11716,16,0
11717,17,1
11718,18,0
11719,19,1
11720,20,0
11721,21,0
11722,22,0
11723,23,1
11724,24,0
11725,25,0
11726,26,0
11727,27,0
11728,28,0
11729,29,1
11730,0,0
11731,1,1
11732,2,0
11733,3,0
11734,4,0
11735,5,0
11736,6,0
11737,7,1
11738,8,0
11739,9,0
11740,10,0
11741,11,1
11742,12,0
11743,13,1
11744,14,0
11745,15,0
11746,16,0
11747,17,1
11748,18,0
11749,19,1
11750,20,0
11751,21,0
11752,22,0
11753,23,1
11754,24,0
11755,25,0
11756,26,0
11757,27,0
11758,28,0
11759,29,1
11760,0,0
11761,1,1
11762,2,0
11763,3,0
11764,4,0
11765,5,0
11766,6,0
11767,7,1
11768,8,0
11769,9,0
11770,10,0
11771,11,1
11772,12,0
11773,13,1
11774,14,0
11775,15,0
11776,16,0
11777,17,1
11778,18,0
11779,19,1
11780,20,0
11781,21,0
11782,22,0
11783,23,1
11784,24,0
11785,25,0
11786,26,0
11787,27,0
11788,28,0
11789,29,1
11790,0,0
11791,1,1
11792,2,0
11793,3,0
11794,4,0
11795,5,0
11796,6,0
11797,7,1
11798,8,0
11799,9,0
11800,10,0
11801,11,1
11802,12,0
11803,13,1
11804,14,0
11805,15,0
11806,16,0
11807,17,1
11808,18,0
11809,19,1
11810,20,0
11811,21,0
11812,22,0
11813,23,1
11814,24,0
11815,25,0
11816,26,0
11817,27,0
11818,28,0
11819,29,1
11820,0,0
11821,1,1
11822,2,0
11823,3,0
11824,4,0
11825,5,0
11826,6,0
11827,7,1
11828,8,0
11829,9,0
11830,10,0
11831,11,1
11832,12,0
11833,13,1
11834,14,0
11835,15,0
11836,16,0
11837,17,1
11838,18,0
11839,19,1
11840,20,0
11841,21,0
11842,22,0
11843,23,1
11844,24,0
11845,25,0
11846,26,0
11847,27,0
11848,28,0
11849,29,1
11850,0,0
11851,1,1
11852,2,0
11853,3,0
11854,4,0
11855,5,0
11856,6,0
11857,7,1
11858,8,0
11859,9,0
11860,10,0
11861,11,1
11862,12,0
11863,13,1
11864,14,0
11865,15,0
11866,16,0
11867,17,1
11868,18,0
11869,19,1
11870,20,0
11871,21,0
11872,22,0
11873,23,1
11874,24,0
11875,25,0
11876,26,0
11877,27,0
11878,28,0
11879,29,1
11880,0,0
11881,1,1
11882,2,0
11883,3,0
11884,4,0
11885,5,0
11886,6,0
11887,7,1
11888,8,0
11889,9,0
11890,10,0
11891,11,1
11892,12,0
11893,13,1
11894,14,0
11895,15,0
11896,16,0
11897,17,1
11898,18,0
11899,19,1
11900,20,0
11901,21,0
11902,22,0
11903,23,1
11904,24,0
11905,25,0
11906,26,0
11907,27,0
11908,28,0
11909,29,1
11910,0,0
11911,1,1
11912,2,0
11913,3,0
11914,4,0
11915,5,0
11916,6,0
11917,7,1
11918,8,0
11919,9,0
11920,10,0
11921,11,1
11922,12,0
11923,13,1
11924,14,0
11925,15,0
11926,16,0
11927,17,1
11928,18,0
11929,19,1
11930,20,0
11931,21,0
11932,22,0
11933,23,1
11934,24,0
11935,25,0
11936,26,0
11937,27,0
11938,28,0
11939,29,1
11940,0,0
11941,1,1
11942,2,0
11943,3,0
11944,4,0
11945,5,0
11946,6,0
11947,7,1
11948,8,0
11949,9,0
11950,10,0
11951,11,1
11952,12,0
11953,13,1
11954,14,0
11955,15,0
11956,16,0
11957,17,1
11958,18,0
11959,19,1
11960,20,0
11961,21,0
11962,22,0
11963,23,1
11964,24,0
11965,25,0
11966,26,0
11967,27,0
11968,28,0
11969,29,1
11970,0,0
11971,1,1
11972,2,0
11973,3,0
11974,4,0
11975,5,0
11976,6,0
11977,7,1
11978,8,0
11979,9,0
11980,10,0
11981,11,1
11982,12,0
11983,13,1
11984,14,0
11985,15,0
11986,16,0
11987,17,1
11988,18,0
11989,19,1
11990,20,0
11991,21,0
11992,22,0
11993,23,1
11994,24,0
11995,25,0
11996,26,0
11997,27,0
11998,28,0
11999,29,1
12000,0,0
12001,1,1
12002,2,0
12003,3,0
12004,4,0
12005,5,0
12006,6,0
12007,7,1
12008,8,0
12009,9,0
12010,10,0
12011,11,1
12012,12,0
12013,13,1
12014,14,0
12015,15,0
12016,16,0
12017,17,1
12018,18,0
12019,19,1
12020,20,0
12021,21,0
12022,22,0
12023,23,1
12024,24,0
12025,25,0
12026,26,0
12027,27,0
12028,28,0
12029,29,1
12030,0,0
12031,1,1
12032,2,0
12033,3,0
12034,4,0
12035,5,0
12036,6,0
12037,7,1
12038,8,0
12039,9,0
12040,10,0
12041,11,1
12042,12,0
12043,13,1
12044,14,0
12045,15,0
12046,16,0
12047,17,1
12048,18,0
12049,19,1
12050,20,0
12051,21,0
12052,22,0
12053,23,1
12054,24,0
12055,25,0
12056,26,0
12057,27,0
12058,28,0
12059,29,1
12060,0,0
12061,1,1
12062,2,0
12063,3,0
12064,4,0
12065,5,0
12066,6,0
12067,7,1
12068,8,0
12069,9,0
12070,10,0
12071,11,1
12072,12,0
12073,13,1
12074,14,0
12075,15,0
12076,16,0
12077,17,1
12078,18,0
12079,19,1
12080,20,0
12081,21,0
12082,22,0
12083,23,1
12084,24,0
12085,25,0
12086,26,0
12087,27,0
12088,28,0
12089,29,1
12090,0,0
12091,1,1
12092,2,0
12093,3,0
12094,4,0
12095,5,0
12096,6,0
12097,7,1
12098,8,0
12099,9,0
12100,10,0
12101,11,1
12102,12,0
12103,13,1
12104,14,0
12105,15,0
12106,16,0
12107,17,1
12108,18,0
12109,19,1
12110,20,0
12111,21,0
12112,22,0
12113,23,1
12114,24,0
12115,25,0
12116,26,0
12117,27,0
12118,28,0
12119,29,1
12120,0,0
12121,1,1
12122,2,0
12123,3,0
12124,4,0
12125,5,0
12126,6,0
12127,7,1
12128,8,0
12129,9,0
12130,10,0
12131,11,1
12132,12,0
12133,13,1
12134,14,0
12135,15,0
12136,16,0
12137,17,1
12138,18,0
12139,19,1
12140,20,0
12141,21,0
12142,22,0
12143,23,1
12144,24,0
12145,25,0
12146,26,0
12147,27,0
12148,28,0
12149,29,1
12150,0,0
12151,1,1
12152,2,0
12153,3,0
12154,4,0
12155,5,0
12156,6,0
12157,7,1
12158,8,0
12159,9,0
12160,10,0
12161,11,1
12162,12,0
12163,13,1
12164,14,0
12165,15,0
12166,16,0
12167,17,1
12168,18,0
12169,19,1
12170,20,0
12171,21,0
12172,22,0
12173,23,1
12174,24,0
12175,25,0
12176,26,0
12177,27,0
12178,28,0
12179,29,1
12180,0,0
12181,1,1
12182,2,0
12183,3,0
12184,4,0
12185,5,0
12186,6,0
12187,7,1
12188,8,0
12189,9,0
12190,10,0
12191,11,1
12192,12,0
12193,13,1
12194,14,0
12195,15,0
12196,16,0
12197,17,1
12198,18,0
12199,19,1
12200,20,0
12201,21,0
12202,22,0
12203,23,1
12204,24,0
12205,25,0
12206,26,0
12207,27,0
12208,28,0
12209,29,1
12210,0,0
12211,1,1
12212,2,0
12213,3,0
12214,4,0
12215,5,0
12216,6,0
12217,7,1
12218,8,0
12219,9,0
12220,10,0
12221,11,1
12222,12,0
12223,13,1
12224,14,0
12225,15,0
12226,16,0
12227,17,1
12228,18,0
12229,19,1
12230,20,0
12231,21,0
12232,22,0
12233,23,1
12234,24,0
12235,25,0
12236,26,0
12237,27,0
12238,28,0
12239,29,1
12240,0,0
12241,1,1
12242,2,0
12243,3,0
12244,4,0
12245,5,0
12246,6,0
12247,7,1
12248,8,0
12249,9,0
12250,10,0
12251,11,1
12252,12,0
12253,13,1
12254,14,0
12255,15,0
12256,16,0
12257,17,1
12258,18,0
12259,19,1
12260,20,0
12261,21,0
12262,22,0
12263,23,1
12264,24,0
12265,25,0
12266,26,0
12267,27,0
12268,28,0
12269,29,1
12270,0,0
12271,1,1
12272,2,0
12273,3,0
12274,4,0
12275,5,0
12276,6,0
12277,7,1
12278,8,0
12279,9,0
12280,10,0
12281,11,1
12282,12,0
12283,13,1
12284,14,0
12285,15,0
12286,16,0
12287,17,1
12288,18,0
12289,19,1
12290,20,0
12291,21,0
12292,22,0
12293,23,1
12294,24,0
12295,25,0
12296,26,0
12297,27,0
12298,28,0
12299,29,1
12300,0,0
12301,1,1
12302,2,0
12303,3,0
12304,4,0
12305,5,0
12306,6,0
12307,7,1
12308,8,0
12309,9,0
12310,10,0
12311,11,1
12312,12,0
12313,13,1
12314,14,0
12315,15,0
12316,16,0
12317,17,1
12318,18,0
12319,19,1
12320,20,0
12321,21,0
12322,22,0
12323,23,1
12324,24,0
12325,25,0
12326,26,0
12327,27,0
12328,28,0
12329,29,1
12330,0,0
12331,1,1
12332,2,0
12333,3,0
12334,4,0
12335,5,0
12336,6,0
12337,7,1
12338,8,0
12339,9,0
12340,10,0
12341,11,1
12342,12,0
12343,13,1
12344,14,0
12345,15,0
12346,16,0
12347,17,1
12348,18,0
12349,19,1
12350,20,0
12351,21,0
12352,22,0
12353,23,1
12354,24,0
12355,25,0
12356,26,0
12357,27,0
12358,28,0
12359,29,1
12360,0,0
12361,1,1
12362,2,0
12363,3,0
12364,4,0
12365,5,0
12366,6,0
12367,7,1
12368,8,0
12369,9,0
12370,10,0
12371,11,1
12372,12,0
12373,13,1
12374,14,0
12375,15,0
12376,16,0
12377,17,1
12378,18,0
12379,19,1
12380,20,0
12381,21,0
12382,22,0
12383,23,1
12384,24,0
12385,25,0
12386,26,0
12387,27,0
12388,28,0
12389,29,1
12390,0,0
12391,1,1
12392,2,0
12393,3,0
12394,4,0
12395,5,0
12396,6,0
12397,7,1
12398,8,0
12399,9,0
12400,10,0
12401,11,1
12402,12,0
12403,13,1
12404,14,0
12405,15,0
12406,16,0
12407,17,1
12408,18,0
12409,19,1
12410,20,0
12411,21,0
12412,22,0
12413,23,1
12414,24,0
12415,25,0
12416,26,0
12417,27,0
12418,28,0
12419,29,1
12420,0,0
12421,1,1
12422,2,0
12423,3,0
12424,4,0
12425,5,0
12426,6,0
12427,7,1
12428,8,0
12429,9,0
12430,10,0
12431,11,1
12432,12,0
12433,13,1
12434,14,0
12435,15,0
12436,16,0
12437,17,1
12438,18,0
12439,19,1
12440,20,0
12441,21,0
12442,22,0
12443,23,1
12444,24,0
12445,25,0
12446,26,0
12447,27,0
12448,28,0
12449,29,1
12450,0,0
12451,1,1
12452,2,0
12453,3,0
12454,4,0
12455,5,0
12456,6,0
12457,7,1
12458,8,0
12459,9,0
12460,10,0
12461,11,1
12462,12,0
12463,13,1
12464,14,0
12465,15,0
12466,16,0
12467,17,1
12468,18,0
12469,19,1
12470,20,0
12471,21,0
12472,22,0
12473,23,1
12474,24,0
12475,25,0
12476,26,0
12477,27,0
12478,28,0
12479,29,1
12480,0,0
12481,1,1
12482,2,0
12483,3,0
12484,4,0
12485,5,0
12486,6,0
12487,7,1
12488,8,0
12489,9,0
12490,10,0
12491,11,1
12492,12,0
12493,13,1
12494,14,0
12495,15,0
12496,16,0
12497,17,1
12498,18,0
12499,19,1
12500,20,0
12501,21,0
12502,22,0
12503,23,1
12504,24,0
12505,25,0
12506,26,0
12507,27,0
12508,28,0
12509,29,1
12510,0,0
12511,1,1
12512,2,0
12513,3,0
12514,4,0
12515,5,0
12516,6,0
12517,7,1
12518,8,0
12519,9,0
12520,10,0
12521,11,1
12522,12,0
12523,13,1
12524,14,0
12525,15,0
12526,16,0
12527,17,1
12528,18,0
12529,19,1
12530,20,0
12531,21,0
12532,22,0
12533,23,1
12534,24,0
12535,25,0
12536,26,0
12537,27,0
12538,28,0
12539,29,1
12540,0,0
12541,1,1
12542,2,0
12543,3,0
12544,4,0
12545,5,0
12546,6,0
12547,7,1
12548,8,0
12549,9,0
12550,10,0
12551,11,1
12552,12,0
12553,13,1
12554,14,0
12555,15,0
12556,16,0
12557,17,1
12558,18,0
12559,19,1
12560,20,0
12561,21,0
12562,22,0
12563,23,1
12564,24,0
12565,25,0
12566,26,0
12567,27,0
12568,28,0
12569,29,1
12570,0,0
12571,1,1
12572,2,0
12573,3,0
12574,4,0
12575,5,0
12576,6,0
12577,7,1
12578,8,0
12579,9,0
12580,10,0
12581,11,1
12582,12,0
12583,13,1
12584,14,0
12585,15,0
12586,16,0
12587,17,1
12588,18,0
12589,19,1
12590,20,0
12591,21,0
12592,22,0
12593,23,1
12594,24,0
12595,25,0
12596,26,0
12597,27,0
12598,28,0
12599,29,1
12600,0,0
12601,1,1
12602,2,0
12603,3,0
12604,4,0
12605,5,0
12606,6,0
12607,7,1
12608,8,0
12609,9,0
12610,10,0
12611,11,1
12612,12,0
12613,13,1
12614,14,0
12615,15,0
12616,16,0
12617,17,1
12618,18,0
12619,19,1
12620,20,0
12621,21,0
12622,22,0
12623,23,1
12624,24,0
12625,25,0
12626,26,0
12627,27,0
12628,28,0
12629,29,1
12630,0,0
12631,1,1
12632,2,0
12633,3,0
12634,4,0
12635,5,0
12636,6,0
12637,7,1
12638,8,0
12639,9,0
12640,10,0
12641,11,1
12642,12,0
12643,13,1
12644,14,0
12645,15,0
12646,16,0
12647,17,1
12648,18,0
12649,19,1
12650,20,0
12651,21,0
12652,22,0
12653,23,1
12654,24,0
12655,25,0
12656,26,0
12657,27,0
12658,28,0
12659,29,1
12660,0,0
12661,1,1
12662,2,0
12663,3,0
12664,4,0
12665,5,0
12666,6,0
12667,7,1
12668,8,0
12669,9,0
12670,10,0
12671,11,1
12672,12,0
12673,13,1
12674,14,0
12675,15,0
12676,16,0
12677,17,1
12678,18,0
12679,19,1
12680,20,0
12681,21,0
12682,22,0
12683,23,1
12684,24,0
12685,25,0
12686,26,0
12687,27,0
12688,28,0
12689,29,1
12690,0,0
12691,1,1
12692,2,0
12693,3,0
12694,4,0
12695,5,0
12696,6,0
12697,7,1
12698,8,0
12699,9,0
12700,10,0
12701,11,1
12702,12,0
12703,13,1
12704,14,0
12705,15,0
12706,16,0
12707,17,1
12708,18,0
12709,19,1
12710,20,0
12711,21,0
12712,22,0
12713,23,1
12714,24,0
12715,25,0
12716,26,0
12717,27,0
12718,28,0
12719,29,1
12720,0,0
12721,1,1
12722,2,0
12723,3,0
12724,4,0
12725,5,0
12726,6,0
12727,7,1
12728,8,0
12729,9,0
12730,10,0
12731,11,1
12732,12,0
12733,13,1
12734,14,0
12735,15,0
12736,16,0
12737,17,1
12738,18,0
12739,19,1
12740,20,0
12741,21,0
12742,22,0
12743,23,1
12744,24,0
12745,25,0
12746,26,0
12747,27,0
12748,28,0
12749,29,1
12750,0,0
12751,1,1
12752,2,0
12753,3,0
12754,4,0
12755,5,0
12756,6,0
12757,7,1
12758,8,0
12759,9,0
12760,10,0
12761,11,1
12762,12,0
12763,13,1
12764,14,0
12765,15,0
12766,16,0
12767,17,1
12768,18,0
12769,19,1
12770,20,0
12771,21,0
12772,22,0
12773,23,1
12774,24,0
12775,25,0
12776,26,0
12777,27,0
12778,28,0
12779,29,1
12780,0,0
12781,1,1
12782,2,0
12783,3,0
12784,4,0
12785,5,0
12786,6,0
12787,7,1
12788,8,0
12789,9,0
12790,10,0
12791,11,1
12792,12,0
12793,13,1
12794,14,0
12795,15,0
12796,16,0
12797,17,1
12798,18,0
12799,19,1
12800,20,0
12801,21,0
12802,22,0
12803,23,1
12804,24,0
12805,25,0
12806,26,0
12807,27,0
12808,28,0
12809,29,1
12810,0,0
12811,1,1
12812,2,0
12813,3,0
12814,4,0
12815,5,0
12816,6,0
12817,7,1
12818,8,0
12819,9,0
12820,10,0
12821,11,1
12822,12,0
12823,13,1
12824,14,0
12825,15,0
12826,16,0
12827,17,1
12828,18,0
12829,19,1
12830,20,0
12831,21,0
12832,22,0
12833,23,1
12834,24,0
12835,25,0
12836,26,0
12837,27,0
12838,28,0
12839,29,1
12840,0,0
12841,1,1
12842,2,0
12843,3,0
12844,4,0
12845,5,0
12846,6,0
12847,7,1
12848,8,0
12849,9,0
12850,10,0
12851,11,1
12852,12,0
12853,13,1
12854,14,0
12855,15,0
12856,16,0
12857,17,1
12858,18,0
12859,19,1
12860,20,0
12861,21,0
12862,22,0
12863,23,1
12864,24,0
12865,25,0
12866,26,0
12867,27,0
12868,28,0
12869,29,1
12870,0,0
12871,1,1
12872,2,0
12873,3,0
12874,4,0
12875,5,0
12876,6,0
12877,7,1
12878,8,0
12879,9,0
12880,10,0
12881,11,1
12882,12,0
12883,13,1
12884,14,0
12885,15,0
12886,16,0
12887,17,1
12888,18,0
12889,19,1
12890,20,0
12891,21,0
12892,22,0
12893,23,1
12894,24,0
12895,25,0
12896,26,0
12897,27,0
12898,28,0
12899,29,1
12900,0,0
12901,1,1
12902,2,0
12903,3,0
12904,4,0
12905,5,0
12906,6,0
12907,7,1
12908,8,0
12909,9,0
12910,10,0
12911,11,1
12912,12,0
12913,13,1
12914,14,0
12915,15,0
12916,16,0
12917,17,1
12918,18,0
12919,19,1
12920,20,0
12921,21,0
12922,22,0
12923,23,1
12924,24,0
12925,25,0
12926,26,0
12927,27,0
12928,28,0
12929,29,1
12930,0,0
12931,1,1
12932,2,0
12933,3,0
12934,4,0
12935,5,0
12936,6,0
12937,7,1
12938,8,0
12939,9,0
12940,10,0
12941,11,1
12942,12,0
12943,13,1
12944,14,0
12945,15,0
12946,16,0
12947,17,1
12948,18,0
12949,19,1
12950,20,0
12951,21,0
12952,22,0
12953,23,1
12954,24,0
12955,25,0
12956,26,0
12957,27,0
12958,28,0
12959,29,1
12960,0,0
12961,1,1
12962,2,0
12963,3,0
12964,4,0
12965,5,0
12966,6,0
12967,7,1
12968,8,0
12969,9,0
12970,10,0
12971,11,1
12972,12,0
12973,13,1
12974,14,0
12975,15,0
12976,16,0
12977,17,1
12978,18,0
12979,19,1
12980,20,0
12981,21,0
12982,22,0
12983,23,1
12984,24,0
12985,25,0
12986,26,0
12987,27,0
12988,28,0
12989,29,1
12990,0,0
12991,1,1
12992,2,0
12993,3,0
12994,4,0
12995,5,0
12996,6,0
12997,7,1
12998,8,0
12999,9,0
13000,10,0
13001,11,1
13002,12,0
13003,13,1
13004,14,0
13005,15,0
13006,16,0
13007,17,1
13008,18,0
13009,19,1
13010,20,0
13011,21,0
13012,22,0
13013,23,1
13014,24,0
13015,25,0
13016,26,0
13017,27,0
13018,28,0
13019,29,1
13020,0,0
13021,1,1
13022,2,0
13023,3,0
13024,4,0
13025,5,0
13026,6,0
13027,7,1
13028,8,0
13029,9,0
13030,10,0
13031,11,1
13032,12,0
13033,13,1
13034,14,0
13035,15,0
13036,16,0
13037,17,1
13038,18,0
13039,19,1
13040,20,0
13041,21,0
13042,22,0
13043,23,1
13044,24,0
13045,25,0
13046,26,0
13047,27,0
13048,28,0
13049,29,1
13050,0,0
13051,1,1
13052,2,0
13053,3,0
13054,4,0
13055,5,0
13056,6,0
13057,7,1
13058,8,0
13059,9,0
13060,10,0
13061,11,1
13062,12,0
13063,13,1
13064,14,0
13065,15,0
13066,16,0
13067,17,1
13068,18,0
13069,19,1
13070,20,0
13071,21,0
13072,22,0
13073,23,1
13074,24,0
13075,25,0
13076,26,0
13077,27,0
13078,28,0
13079,29,1
13080,0,0
13081,1,1
13082,2,0
13083,3,0
13084,4,0
13085,5,0
13086,6,0
13087,7,1
13088,8,0
13089,9,0
13090,10,0
13091,11,1
13092,12,0
13093,13,1
13094,14,0
13095,15,0
13096,16,0
13097,17,1
13098,18,0
13099,19,1
13100,20,0
13101,21,0
13102,22,0
13103,23,1
13104,24,0
13105,25,0
13106,26,0
13107,27,0
13108,28,0
13109,29,1
13110,0,0
13111,1,1
13112,2,0
13113,3,0
13114,4,0
13115,5,0
13116,6,0
13117,7,1
13118,8,0
13119,9,0
13120,10,0
13121,11,1
13122,12,0
13123,13,1
13124,14,0
13125,15,0
13126,16,0
13127,17,1
13128,18,0
13129,19,1
13130,20,0
13131,21,0
13132,22,0
13133,23,1
13134,24,0
13135,25,0
13136,26,0
13137,27,0
13138,28,0
13139,29,1
13140,0,0
13141,1,1
13142,2,0
13143,3,0
13144,4,0
13145,5,0
13146,6,0
13147,7,1
13148,8,0
13149,9,0
13150,10,0
13151,11,1
13152,12,0
13153,13,1
13154,14,0
13155,15,0
13156,16,0
13157,17,1
13158,18,0
13159,19,1
13160,20,0
13161,21,0
13162,22,0
13163,23,1
13164,24,0
13165,25,0
13166,26,0
13167,27,0
13168,28,0
13169,29,1
13170,0,0
13171,1,1
13172,2,0
13173,3,0
13174,4,0
13175,5,0
13176,6,0
13177,7,1
13178,8,0
13179,9,0
13180,10,0
13181,11,1
13182,12,0
13183,13,1
13184,14,0
13185,15,0
13186,16,0
13187,17,1
13188,18,0
13189,19,1
13190,20,0
13191,21,0
13192,22,0
13193,23,1
13194,24,0
13195,25,0
13196,26,0
13197,27,0
13198,28,0
13199,29,1
13200,0,0
13201,1,1
13202,2,0
13203,3,0
13204,4,0
13205,5,0
13206,6,0
13207,7,1
13208,8,0
13209,9,0
13210,10,0
13211,11,1
13212,12,0
13213,13,1
13214,14,0
13215,15,0
13216,16,0
13217,17,1
13218,18,0
13219,19,1
13220,20,0
13221,21,0
13222,22,0
13223,23,1
13224,24,0
13225,25,0
13226,26,0
13227,27,0
13228,28,0
13229,29,1
13230,0,0
13231,1,1
13232,2,0
13233,3,0
13234,4,0
13235,5,0
13236,6,0
13237,7,1
13238,8,0
13239,9,0
13240,10,0
13241,11,1
13242,12,0
13243,13,1
13244,14,0
13245,15,0
13246,16,0
13247,17,1
13248,18,0
13249,19,1
13250,20,0
13251,21,0
13252,22,0
13253,23,1
13254,24,0
13255,25,0
13256,26,0
13257,27,0
13258,28,0
13259,29,1
13260,0,0
13261,1,1
13262,2,0
13263,3,0
13264,4,0
13265,5,0
13266,6,0
13267,7,1
13268,8,0
13269,9,0
13270,10,0
13271,11,1
13272,12,0
13273,13,1
13274,14,0
13275,15,0
13276,16,0
13277,17,1
13278,18,0
13279,19,1
13280,20,0
13281,21,0
13282,22,0
13283,23,1
13284,24,0
13285,25,0
13286,26,0
13287,27,0
13288,28,0
13289,29,1
13290,0,0
13291,1,1
13292,2,0
13293,3,0
13294,4,0
13295,5,0
13296,6,0
13297,7,1
13298,8,0
13299,9,0
13300,10,0
13301,11,1
13302,12,0
13303,13,1
13304,14,0
13305,15,0
13306,16,0
13307,17,1
13308,18,0
13309,19,1
13310,20,0
13311,21,0
13312,22,0
13313,23,1
13314,24,0
13315,25,0
13316,26,0
13317,27,0
13318,28,0
13319,29,1
13320,0,0
13321,1,1
13322,2,0
13323,3,0
13324,4,0
13325,5,0
13326,6,0
13327,7,1
13328,8,0
13329,9,0
13330,10,0
13331,11,1
13332,12,0
13333,13,1
13334,14,0
13335,15,0
13336,16,0
13337,17,1
13338,18,0
13339,19,1
13340,20,0
13341,21,0
13342,22,0
13343,23,1
13344,24,0
13345,25,0
13346,26,0
13347,27,0
13348,28,0
13349,29,1
13350,0,0
13351,1,1
13352,2,0
13353,3,0
13354,4,0
13355,5,0
13356,6,0
13357,7,1
13358,8,0
13359,9,0
13360,10,0
13361,11,1
13362,12,0
13363,13,1
13364,14,0
13365,15,0
13366,16,0
13367,17,1
13368,18,0
13369,19,1
13370,20,0
13371,21,0
13372,22,0
13373,23,1
13374,24,0
13375,25,0
13376,26,0
13377,27,0
13378,28,0
13379,29,1
13380,0,0
13381,1,1
13382,2,0
13383,3,0
13384,4,0
13385,5,0
13386,6,0
13387,7,1
13388,8,0
13389,9,0
13390,10,0
13391,11,1
13392,12,0
13393,13,1
13394,14,0
13395,15,0
13396,16,0
13397,17,1
13398,18,0
13399,19,1
13400,20,0
13401,21,0
13402,22,0
13403,23,1
13404,24,0
13405,25,0
13406,26,0
13407,27,0
13408,28,0
13409,29,1
13410,0,0
13411,1,1
13412,2,0
13413,3,0
13414,4,0
13415,5,0
13416,6,0
13417,7,1
13418,8,0
13419,9,0
13420,10,0
13421,11,1
13422,12,0
13423,13,1
13424,14,0
13425,15,0
13426,16,0
13427,17,1
13428,18,0
13429,19,1
13430,20,0
13431,21,0
13432,22,0
13433,23,1
13434,24,0
13435,25,0
13436,26,0
13437,27,0
13438,28,0
13439,29,1
13440,0,0
13441,1,1
13442,2,0
13443,3,0
13444,4,0
13445,5,0
13446,6,0
13447,7,1
13448,8,0
13449,9,0
13450,10,0
13451,11,1
13452,12,0
13453,13,1
13454,14,0
13455,15,0
13456,16,0
13457,17,1
13458,18,0
13459,19,1
13460,20,0
13461,21,0
13462,22,0
13463,23,1
13464,24,0
13465,25,0
13466,26,0
13467,27,0
13468,28,0
13469,29,1
13470,0,0
13471,1,1
13472,2,0
13473,3,0
13474,4,0
13475,5,0
13476,6,0
13477,7,1
13478,8,0
13479,9,0
13480,10,0
13481,11,1
13482,12,0
13483,13,1
13484,14,0
13485,15,0
13486,16,0
13487,17,1
13488,18,0
13489,19,1
13490,20,0
13491,21,0
13492,22,0
13493,23,1
13494,24,0
13495,25,0
13496,26,0
13497,27,0
13498,28,0
13499,29,1
13500,0,0
13501,1,1
13502,2,0
13503,3,0
13504,4,0
13505,5,0
13506,6,0
13507,7,1
13508,8,0
13509,9,0
13510,10,0
13511,11,1
13512,12,0
13513,13,1
13514,14,0
13515,15,0
13516,16,0
13517,17,1
13518,18,0
13519,19,1
13520,20,0
13521,21,0
13522,22,0
13523,23,1
13524,24,0
13525,25,0
13526,26,0
13527,27,0
13528,28,0
13529,29,1
13530,0,0
13531,1,1
13532,2,0
13533,3,0
13534,4,0
13535,5,0
13536,6,0
13537,7,1
13538,8,0
13539,9,0
13540,10,0
13541,11,1
13542,12,0
13543,13,1
13544,14,0
13545,15,0
13546,16,0
13547,17,1
13548,18,0
13549,19,1
13550,20,0
13551,21,0
13552,22,0
13553,23,1
13554,24,0
13555,25,0
13556,26,0
13557,27,0
13558,28,0
13559,29,1
13560,0,0
13561,1,1
13562,2,0
13563,3,0
13564,4,0
13565,5,0
13566,6,0
13567,7,1
13568,8,0
13569,9,0
13570,10,0
13571,11,1
13572,12,0
13573,13,1
13574,14,0
13575,15,0
13576,16,0
13577,17,1
13578,18,0
13579,19,1
13580,20,0
13581,21,0
13582,22,0
13583,23,1
13584,24,0
13585,25,0
13586,26,0
13587,27,0
13588,28,0
13589,29,1
13590,0,0
13591,1,1
13592,2,0
13593,3,0
13594,4,0
13595,5,0
13596,6,0
13597,7,1
13598,8,0
13599,9,0
13600,10,0
13601,11,1
13602,12,0
13603,13,1
13604,14,0
13605,15,0
13606,16,0
13607,17,1
13608,18,0
13609,19,1
13610,20,0
13611,21,0
13612,22,0
13613,23,1
13614,24,0
13615,25,0
13616,26,0
13617,27,0
13618,28,0
13619,29,1
13620,0,0
13621,1,1
13622,2,0
13623,3,0
13624,4,0
13625,5,0
13626,6,0
13627,7,1
13628,8,0
13629,9,0
13630,10,0
13631,11,1
13632,12,0
13633,13,1
13634,14,0
13635,15,0
13636,16,0
13637,17,1
13638,18,0
13639,19,1
13640,20,0
13641,21,0
13642,22,0
13643,23,1
13644,24,0
13645,25,0
13646,26,0
13647,27,0
13648,28,0
13649,29,1
13650,0,0
13651,1,1
13652,2,0
13653,3,0
13654,4,0
13655,5,0
13656,6,0
13657,7,1
13658,8,0
13659,9,0
13660,10,0
13661,11,1
13662,12,0
13663,13,1
13664,14,0
13665,15,0
13666,16,0
13667,17,1
13668,18,0
13669,19,1
13670,20,0
13671,21,0
13672,22,0
13673,23,1
13674,24,0
13675,25,0
13676,26,0
13677,27,0
13678,28,0
13679,29,1
13680,0,0
13681,1,1
13682,2,0
13683,3,0
13684,4,0
13685,5,0
13686,6,0
13687,7,1
13688,8,0
13689,9,0
13690,10,0
13691,11,1
13692,12,0
13693,13,1
13694,14,0
13695,15,0
13696,16,0
13697,17,1
13698,18,0
13699,19,1
13700,20,0
13701,21,0
13702,22,0
13703,23,1
13704,24,0
13705,25,0
13706,26,0
13707,27,0
13708,28,0
13709,29,1
13710,0,0
13711,1,1
13712,2,0
13713,3,0
13714,4,0
13715,5,0
13716,6,0
13717,7,1
13718,8,0
13719,9,0
13720,10,0
13721,11,1
13722,12,0
13723,13,1
13724,14,0
13725,15,0
13726,16,0
13727,17,1
13728,18,0
13729,19,1
13730,20,0
13731,21,0
13732,22,0
13733,23,1
13734,24,0
13735,25,0
13736,26,0
13737,27,0
13738,28,0
13739,29,1
13740,0,0
13741,1,1
13742,2,0
13743,3,0
13744,4,0
13745,5,0
13746,6,0
13747,7,1
13748,8,0
13749,9,0
13750,10,0
13751,11,1
13752,12,0
13753,13,1
13754,14,0
13755,15,0
13756,16,0
13757,17,1
13758,18,0
13759,19,1
13760,20,0
13761,21,0
13762,22,0
13763,23,1
13764,24,0
13765,25,0
13766,26,0
13767,27,0
13768,28,0
13769,29,1
13770,0,0
13771,1,1
13772,2,0
13773,3,0
13774,4,0
13775,5,0
13776,6,0
13777,7,1
13778,8,0
13779,9,0
13780,10,0
13781,11,1
13782,12,0
13783,13,1
13784,14,0
13785,15,0
13786,16,0
13787,17,1
13788,18,0
13789,19,1
13790,20,0
13791,21,0
13792,22,0
13793,23,1
13794,24,0
13795,25,0
13796,26,0
13797,27,0
13798,28,0
13799,29,1
13800,0,0
13801,1,1
13802,2,0
13803,3,0
13804,4,0
13805,5,0
13806,6,0
13807,7,1
13808,8,0
13809,9,0
13810,10,0
13811,11,1
13812,12,0
13813,13,1
13814,14,0
13815,15,0
13816,16,0
13817,17,1
13818,18,0
13819,19,1
13820,20,0
13821,21,0
13822,22,0
13823,23,1
13824,24,0
13825,25,0
13826,26,0
13827,27,0
13828,28,0
13829,29,1
13830,0,0
13831,1,1
13832,2,0
13833,3,0
13834,4,0
13835,5,0
13836,6,0
13837,7,1
13838,8,0
13839,9,0
13840,10,0
13841,11,1
13842,12,0
13843,13,1
13844,14,0
13845,15,0
13846,16,0
13847,17,1
13848,18,0
13849,19,1
13850,20,0
13851,21,0
13852,22,0
13853,23,1
13854,24,0
13855,25,0
13856,26,0
13857,27,0
13858,28,0
13859,29,1
13860,0,0
13861,1,1
13862,2,0
13863,3,0
13864,4,0
13865,5,0
13866,6,0
13867,7,1
13868,8,0
13869,9,0
13870,10,0
13871,11,1
13872,12,0
13873,13,1
13874,14,0
13875,15,0
13876,16,0
13877,17,1
13878,18,0
13879,19,1
13880,20,0
13881,21,0
13882,22,0
13883,23,1
13884,24,0
13885,25,0
13886,26,0
13887,27,0
13888,28,0
13889,29,1
13890,0,0
13891,1,1
13892,2,0
13893,3,0
13894,4,0
13895,5,0
13896,6,0
13897,7,1
13898,8,0
13899,9,0
13900,10,0
13901,11,1
13902,12,0
13903,13,1
13904,14,0
13905,15,0
13906,16,0
13907,17,1
13908,18,0
13909,19,1
13910,20,0
13911,21,0
13912,22,0
13913,23,1
13914,24,0
13915,25,0
13916,26,0
13917,27,0
13918,28,0
13919,29,1
13920,0,0
13921,1,1
13922,2,0
13923,3,0
13924,4,0
13925,5,0
13926,6,0
13927,7,1
13928,8,0
13929,9,0
13930,10,0
13931,11,1
13932,12,0
13933,13,1
13934,14,0
13935,15,0
13936,16,0
13937,17,1
13938,18,0
13939,19,1
13940,20,0
13941,21,0
13942,22,0
13943,23,1
13944,24,0
13945,25,0
13946,26,0
13947,27,0
13948,28,0
13949,29,1
13950,0,0
13951,1,1
13952,2,0
13953,3,0
13954,4,0
13955,5,0
13956,6,0
13957,7,1
13958,8,0
13959,9,0
13960,10,0
13961,11,1
13962,12,0
13963,13,1
13964,14,0
13965,15,0
13966,16,0
13967,17,1
13968,18,0
13969,19,1
13970,20,0
13971,21,0
13972,22,0
13973,23,1
13974,24,0
13975,25,0
13976,26,0
13977,27,0
13978,28,0
13979,29,1
13980,0,0
13981,1,1
13982,2,0
13983,3,0
13984,4,0
13985,5,0
13986,6,0
13987,7,1
13988,8,0
13989,9,0
13990,10,0
13991,11,1
13992,12,0
13993,13,1
13994,14,0
13995,15,0
13996,16,0
13997,17,1
13998,18,0
13999,19,1
14000,20,0
14001,21,0
14002,22,0
14003,23,1
14004,24,0
14005,25,0
14006,26,0
14007,27,0
14008,28,0
14009,29,1
14010,0,0
14011,1,1
14012,2,0
14013,3,0
14014,4,0
14015,5,0
14016,6,0
14017,7,1
14018,8,0
14019,9,0
14020,10,0
14021,11,1
14022,12,0
14023,13,1
14024,14,0
14025,15,0
14026,16,0
14027,17,1
14028,18,0
14029,19,1
14030,20,0
14031,21,0
14032,22,0
14033,23,1
14034,24,0
14035,25,0
14036,26,0
14037,27,0
14038,28,0
14039,29,1
14040,0,0
14041,1,1
14042,2,0
14043,3,0
14044,4,0
14045,5,0
14046,6,0
14047,7,1
14048,8,0
14049,9,0
14050,10,0
14051,11,1
14052,12,0
14053,13,1
14054,14,0
14055,15,0
14056,16,0
14057,17,1
14058,18,0
14059,19,1
14060,20,0
14061,21,0
14062,22,0
14063,23,1
14064,24,0
14065,25,0
14066,26,0
14067,27,0
14068,28,0
14069,29,1
14070,0,0
14071,1,1
14072,2,0
14073,3,0
14074,4,0
14075,5,0
14076,6,0
14077,7,1
14078,8,0
14079,9,0
14080,10,0
14081,11,1
14082,12,0
14083,13,1
14084,14,0
14085,15,0
14086,16,0
14087,17,1
14088,18,0
14089,19,1
14090,20,0
14091,21,0
14092,22,0
14093,23,1
14094,24,0
14095,25,0
14096,26,0
14097,27,0
14098,28,0
14099,29,1
14100,0,0
14101,1,1
14102,2,0
14103,3,0
14104,4,0
14105,5,0
14106,6,0
14107,7,1
14108,8,0
14109,9,0
14110,10,0
14111,11,1
14112,12,0
14113,13,1
14114,14,0
14115,15,0
14116,16,0
14117,17,1
14118,18,0
14119,19,1
14120,20,0
14121,21,0
14122,22,0
14123,23,1
14124,24,0
14125,25,0
14126,26,0
14127,27,0
14128,28,0
14129,29,1
14130,0,0
14131,1,1
14132,2,0
14133,3,0
14134,4,0
14135,5,0
14136,6,0
14137,7,1
14138,8,0
14139,9,0
14140,10,0
14141,11,1
14142,12,0
14143,13,1
14144,14,0
14145,15,0
14146,16,0
14147,17,1
14148,18,0
14149,19,1
14150,20,0
14151,21,0
14152,22,0
14153,23,1
14154,24,0
14155,25,0
14156,26,0
14157,27,0
14158,28,0
14159,29,1
14160,0,0
14161,1,1
14162,2,0
14163,3,0
14164,4,0
14165,5,0
14166,6,0
14167,7,1
14168,8,0
14169,9,0
14170,10,0
14171,11,1
14172,12,0
14173,13,1
14174,14,0
14175,15,0
14176,16,0
14177,17,1
14178,18,0
14179,19,1
14180,20,0
14181,21,0
14182,22,0
14183,23,1
14184,24,0
14185,25,0
14186,26,0
14187,27,0
14188,28,0
14189,29,1
14190,0,0
14191,1,1
14192,2,0
14193,3,0
14194,4,0
14195,5,0
14196,6,0
14197,7,1
14198,8,0
14199,9,0
14200,10,0
14201,11,1
14202,12,0
14203,13,1
14204,14,0
14205,15,0
14206,16,0
14207,17,1
14208,18,0
14209,19,1
14210,20,0
14211,21,0
14212,22,0
14213,23,1
14214,24,0
14215,25,0
14216,26,0
14217,27,0
14218,28,0
14219,29,1
14220,0,0
14221,1,1
14222,2,0
14223,3,0
14224,4,0
14225,5,0
14226,6,0
14227,7,1
14228,8,0
14229,9,0
14230,10,0
14231,11,1
14232,12,0
14233,13,1
14234,14,0
14235,15,0
14236,16,0
14237,17,1
14238,18,0
14239,19,1
14240,20,0
14241,21,0
14242,22,0
14243,23,1
14244,24,0
14245,25,0
14246,26,0
14247,27,0
14248,28,0
14249,29,1
14250,0,0
14251,1,1
14252,2,0
14253,3,0
14254,4,0
14255,5,0
14256,6,0
14257,7,1
14258,8,0
14259,9,0
14260,10,0
14261,11,1
14262,12,0
14263,13,1
14264,14,0
14265,15,0
14266,16,0
14267,17,1
14268,18,0
14269,19,1
14270,20,0
14271,21,0
14272,22,0
14273,23,1
14274,24,0
14275,25,0
14276,26,0
14277,27,0
14278,28,0
14279,29,1
14280,0,0
14281,1,1
14282,2,0
14283,3,0
14284,4,0
14285,5,0
14286,6,0
14287,7,1
14288,8,0
14289,9,0
14290,10,0
14291,11,1
14292,12,0
14293,13,1
14294,14,0
14295,15,0
14296,16,0
14297,17,1
14298,18,0
14299,19,1
14300,20,0
14301,21,0
14302,22,0
14303,23,1
14304,24,0
14305,25,0
14306,26,0
14307,27,0
14308,28,0
14309,29,1
14310,0,0
14311,1,1
14312,2,0
14313,3,0
14314,4,0
14315,5,0
14316,6,0
14317,7,1
14318,8,0
14319,9,0
14320,10,0
14321,11,1
14322,12,0
14323,13,1
14324,14,0
14325,15,0
14326,16,0
14327,17,1
14328,18,0
14329,19,1
14330,20,0
14331,21,0
14332,22,0
14333,23,1
14334,24,0
14335,25,0
14336,26,0
14337,27,0
14338,28,0
14339,29,1
14340,0,0
14341,1,1
14342,2,0
14343,3,0
14344,4,0
14345,5,0
14346,6,0
14347,7,1
14348,8,0
14349,9,0
14350,10,0
14351,11,1
14352,12,0
14353,13,1
14354,14,0
14355,15,0
14356,16,0
14357,17,1
14358,18,0
14359,19,1
14360,20,0
14361,21,0
14362,22,0
14363,23,1
14364,24,0
14365,25,0
14366,26,0
14367,27,0
14368,28,0
14369,29,1
14370,0,0
14371,1,1
14372,2,0
14373,3,0
14374,4,0
14375,5,0
14376,6,0
14377,7,1
14378,8,0
14379,9,0
14380,10,0
14381,11,1
14382,12,0
14383,13,1
14384,14,0
14385,15,0
14386,16,0
14387,17,1
14388,18,0
14389,19,1
14390,20,0
14391,21,0
14392,22,0
14393,23,1
14394,24,0
14395,25,0
14396,26,0
14397,27,0
14398,28,0
14399,29,1
14400,0,0
14401,1,1
14402,2,0
14403,3,0
14404,4,0
14405,5,0
14406,6,0
14407,7,1
14408,8,0
14409,9,0
14410,10,0
14411,11,1
14412,12,0
14413,13,1
14414,14,0
14415,15,0
14416,16,0
14417,17,1
14418,18,0
14419,19,1
14420,20,0
14421,21,0
14422,22,0
14423,23,1
14424,24,0
14425,25,0
14426,26,0
14427,27,0
14428,28,0
14429,29,1
14430,0,0
14431,1,1
14432,2,0
14433,3,0
14434,4,0
14435,5,0
14436,6,0
14437,7,1
14438,8,0
14439,9,0
14440,10,0
14441,11,1
14442,12,0
14443,13,1
14444,14,0
14445,15,0
14446,16,0
14447,17,1
14448,18,0
14449,19,1
14450,20,0
14451,21,0
14452,22,0
14453,23,1
14454,24,0
14455,25,0
14456,26,0
14457,27,0
14458,28,0
14459,29,1
14460,0,0
14461,1,1
14462,2,0
14463,3,0
14464,4,0
14465,5,0
14466,6,0
14467,7,1
14468,8,0
14469,9,0
14470,10,0
14471,11,1
14472,12,0
14473,13,1
14474,14,0
14475,15,0
14476,16,0
14477,17,1
14478,18,0
14479,19,1
14480,20,0
14481,21,0
14482,22,0
14483,23,1
14484,24,0
14485,25,0
14486,26,0
14487,27,0
14488,28,0
14489,29,1
14490,0,0
14491,1,1
14492,2,0
14493,3,0
14494,4,0
14495,5,0
14496,6,0
14497,7,1
14498,8,0
14499,9,0
14500,10,0
14501,11,1
14502,12,0
14503,13,1
14504,14,0
14505,15,0
14506,16,0
14507,17,1
14508,18,0
14509,19,1
14510,20,0
14511,21,0
14512,22,0
14513,23,1
14514,24,0
14515,25,0
14516,26,0
14517,27,0
14518,28,0
14519,29,1
14520,0,0
14521,1,1
14522,2,0
14523,3,0
14524,4,0
14525,5,0
14526,6,0
14527,7,1
14528,8,0
14529,9,0
14530,10,0
14531,11,1
14532,12,0
14533,13,1
14534,14,0
14535,15,0
14536,16,0
14537,17,1
14538,18,0
14539,19,1
14540,20,0
14541,21,0
14542,22,0
14543,23,1
14544,24,0
14545,25,0
14546,26,0
14547,27,0
14548,28,0
14549,29,1
14550,0,0
14551,1,1
14552,2,0
14553,3,0
14554,4,0
14555,5,0
14556,6,0
14557,7,1
14558,8,0
14559,9,0
14560,10,0
14561,11,1
14562,12,0
14563,13,1
14564,14,0
14565,15,0
14566,16,0
14567,17,1
14568,18,0
14569,19,1
14570,20,0
14571,21,0
14572,22,0
14573,23,1
14574,24,0
14575,25,0
14576,26,0
14577,27,0
14578,28,0
14579,29,1
14580,0,0
14581,1,1
14582,2,0
14583,3,0
14584,4,0
14585,5,0
14586,6,0
14587,7,1
14588,8,0
14589,9,0
14590,10,0
14591,11,1
14592,12,0
14593,13,1
14594,14,0
14595,15,0
14596,16,0
14597,17,1
14598,18,0
14599,19,1
14600,20,0
14601,21,0
14602,22,0
14603,23,1
14604,24,0
14605,25,0
14606,26,0
14607,27,0
14608,28,0
14609,29,1
14610,0,0
14611,1,1
14612,2,0
14613,3,0
14614,4,0
14615,5,0
14616,6,0
14617,7,1
14618,8,0
14619,9,0
14620,10,0
14621,11,1
14622,12,0
14623,13,1
14624,14,0
14625,15,0
14626,16,0
14627,17,1
14628,18,0
14629,19,1
14630,20,0
14631,21,0
14632,22,0
14633,23,1
14634,24,0
14635,25,0
14636,26,0
14637,27,0
14638,28,0
14639,29,1
14640,0,0
14641,1,1
14642,2,0
14643,3,0
14644,4,0
14645,5,0
14646,6,0
14647,7,1
14648,8,0
14649,9,0
14650,10,0
14651,11,1
14652,12,0
14653,13,1
14654,14,0
14655,15,0
14656,16,0
14657,17,1
14658,18,0
14659,19,1
14660,20,0
14661,21,0
14662,22,0
14663,23,1
14664,24,0
14665,25,0
14666,26,0
14667,27,0
14668,28,0
14669,29,1
14670,0,0
14671,1,1
14672,2,0
14673,3,0
14674,4,0
14675,5,0
14676,6,0
14677,7,1
14678,8,0
14679,9,0
14680,10,0
14681,11,1
14682,12,0
14683,13,1
14684,14,0
14685,15,0
14686,16,0
14687,17,1
14688,18,0
14689,19,1
14690,20,0
14691,21,0
14692,22,0
14693,23,1
14694,24,0
14695,25,0
14696,26,0
14697,27,0
14698,28,0
14699,29,1
14700,0,0
14701,1,1
14702,2,0
14703,3,0
14704,4,0
14705,5,0
14706,6,0
14707,7,1
14708,8,0
14709,9,0
14710,10,0
14711,11,1
14712,12,0
14713,13,1
14714,14,0
14715,15,0
14716,16,0
14717,17,1
14718,18,0
14719,19,1
14720,20,0
14721,21,0
14722,22,0
14723,23,1
14724,24,0
14725,25,0
14726,26,0
14727,27,0
14728,28,0
14729,29,1
14730,0,0
14731,1,1
14732,2,0
14733,3,0
14734,4,0
14735,5,0
14736,6,0
14737,7,1
14738,8,0
14739,9,0
14740,10,0
14741,11,1
14742,12,0
14743,13,1
14744,14,0
14745,15,0
14746,16,0
14747,17,1
14748,18,0
14749,19,1
14750,20,0
14751,21,0
14752,22,0
14753,23,1
14754,24,0
14755,25,0
14756,26,0
14757,27,0
14758,28,0
14759,29,1
14760,0,0
14761,1,1
14762,2,0
14763,3,0
14764,4,0
14765,5,0
14766,6,0
14767,7,1
14768,8,0
14769,9,0
14770,10,0
14771,11,1
14772,12,0
14773,13,1
14774,14,0
14775,15,0
14776,16,0
14777,17,1
14778,18,0
14779,19,1
14780,20,0
14781,21,0
14782,22,0
14783,23,1
14784,24,0
14785,25,0
14786,26,0
14787,27,0
14788,28,0
14789,29,1
14790,0,0
14791,1,1
14792,2,0
14793,3,0
14794,4,0
14795,5,0
14796,6,0
14797,7,1
14798,8,0
14799,9,0
14800,10,0
14801,11,1
14802,12,0
14803,13,1
14804,14,0
14805,15,0
14806,16,0
14807,17,1
14808,18,0
14809,19,1
14810,20,0
14811,21,0
14812,22,0
14813,23,1
14814,24,0
14815,25,0
14816,26,0
14817,27,0
14818,28,0
14819,29,1
14820,0,0
14821,1,1
14822,2,0
14823,3,0
14824,4,0
14825,5,0
14826,6,0
14827,7,1
14828,8,0
14829,9,0
14830,10,0
14831,11,1
14832,12,0
14833,13,1
14834,14,0
14835,15,0
14836,16,0
14837,17,1
14838,18,0
14839,19,1
14840,20,0
14841,21,0
14842,22,0
14843,23,1
14844,24,0
14845,25,0
14846,26,0
14847,27,0
14848,28,0
14849,29,1
14850,0,0
14851,1,1
14852,2,0
14853,3,0
14854,4,0
14855,5,0
14856,6,0
14857,7,1
14858,8,0
14859,9,0
14860,10,0
14861,11,1
14862,12,0
14863,13,1
14864,14,0
14865,15,0
14866,16,0
14867,17,1
14868,18,0
14869,19,1
14870,20,0
14871,21,0
14872,22,0
14873,23,1
14874,24,0
14875,25,0
14876,26,0
14877,27,0
14878,28,0
14879,29,1
14880,0,0
14881,1,1
14882,2,0
14883,3,0
14884,4,0
14885,5,0
14886,6,0
14887,7,1
14888,8,0
14889,9,0
14890,10,0
14891,11,1
14892,12,0
14893,13,1
14894,14,0
14895,15,0
14896,16,0
14897,17,1
14898,18,0
14899,19,1
14900,20,0
14901,21,0
14902,22,0
14903,23,1
14904,24,0
14905,25,0
14906,26,0
14907,27,0
14908,28,0
14909,29,1
14910,0,0
14911,1,1
14912,2,0
14913,3,0
14914,4,0
14915,5,0
14916,6,0
14917,7,1
14918,8,0
14919,9,0
14920,10,0
14921,11,1
14922,12,0
14923,13,1
14924,14,0
14925,15,0
14926,16,0
14927,17,1
14928,18,0
14929,19,1
14930,20,0
14931,21,0
14932,22,0
14933,23,1
14934,24,0
14935,25,0
14936,26,0
14937,27,0
14938,28,0
14939,29,1
14940,0,0
14941,1,1
14942,2,0
14943,3,0
14944,4,0
14945,5,0
14946,6,0
14947,7,1
14948,8,0
14949,9,0
14950,10,0
14951,11,1
14952,12,0
14953,13,1
14954,14,0
14955,15,0
14956,16,0
14957,17,1
14958,18,0
14959,19,1
14960,20,0
14961,21,0
14962,22,0
14963,23,1
14964,24,0
14965,25,0
14966,26,0
14967,27,0
14968,28,0
14969,29,1
14970,0,0
14971,1,1
14972,2,0
14973,3,0
14974,4,0
14975,5,0
14976,6,0
14977,7,1
14978,8,0
14979,9,0
14980,10,0
14981,11,1
14982,12,0
14983,13,1
14984,14,0
14985,15,0
14986,16,0
14987,17,1
14988,18,0
14989,19,1
14990,20,0
14991,21,0
14992,22,0
14993,23,1
14994,24,0
14995,25,0
14996,26,0
14997,27,0
14998,28,0
14999,29,1
15000,0,0
15001,1,1
15002,2,0
15003,3,0
15004,4,0
15005,5,0
15006,6,0
15007,7,1
15008,8,0
15009,9,0
15010,10,0
15011,11,1
15012,12,0
15013,13,1
15014,14,0
15015,15,0
15016,16,0
15017,17,1
15018,18,0
15019,19,1
15020,20,0
15021,21,0
15022,22,0
15023,23,1
15024,24,0
15025,25,0
15026,26,0
15027,27,0
15028,28,0
15029,29,1
15030,0,0
15031,1,1
15032,2,0
15033,3,0
15034,4,0
15035,5,0
15036,6,0
15037,7,1
15038,8,0
15039,9,0
15040,10,0
15041,11,1
15042,12,0
15043,13,1
15044,14,0
15045,15,0
15046,16,0
15047,17,1
15048,18,0
15049,19,1
15050,20,0
15051,21,0
15052,22,0
15053,23,1
15054,24,0
15055,25,0
15056,26,0
15057,27,0
15058,28,0
15059,29,1
15060,0,0
15061,1,1
15062,2,0
15063,3,0
15064,4,0
15065,5,0
15066,6,0
15067,7,1
15068,8,0
15069,9,0
15070,10,0
15071,11,1
15072,12,0
15073,13,1
15074,14,0
15075,15,0
15076,16,0
15077,17,1
15078,18,0
15079,19,1
15080,20,0
15081,21,0
15082,22,0
15083,23,1
15084,24,0
15085,25,0
15086,26,0
15087,27,0
15088,28,0
15089,29,1
15090,0,0
15091,1,1
15092,2,0
15093,3,0
15094,4,0
15095,5,0
15096,6,0
15097,7,1
15098,8,0
15099,9,0
15100,10,0
15101,11,1
15102,12,0
15103,13,1
15104,14,0
15105,15,0
15106,16,0
15107,17,1
15108,18,0
15109,19,1
15110,20,0
15111,21,0
15112,22,0
15113,23,1
15114,24,0
15115,25,0
15116,26,0
15117,27,0
15118,28,0
15119,29,1
15120,0,0
15121,1,1
15122,2,0
15123,3,0
15124,4,0
15125,5,0
15126,6,0
15127,7,1
15128,8,0
15129,9,0
15130,10,0
15131,11,1
15132,12,0
15133,13,1
15134,14,0
15135,15,0
15136,16,0
15137,17,1
15138,18,0
15139,19,1
15140,20,0
15141,21,0
15142,22,0
15143,23,1
15144,24,0
15145,25,0
15146,26,0
15147,27,0
15148,28,0
15149,29,1
15150,0,0
15151,1,1
15152,2,0
15153,3,0
15154,4,0
15155,5,0
15156,6,0
15157,7,1
15158,8,0
15159,9,0
15160,10,0
15161,11,1
15162,12,0
15163,13,1
15164,14,0
15165,15,0
15166,16,0
15167,17,1
15168,18,0
15169,19,1
15170,20,0
15171,21,0
15172,22,0
15173,23,1
15174,24,0
15175,25,0
15176,26,0
15177,27,0
15178,28,0
15179,29,1
15180,0,0
15181,1,1
15182,2,0
15183,3,0
15184,4,0
15185,5,0
15186,6,0
15187,7,1
15188,8,0
15189,9,0
15190,10,0
15191,11,1
15192,12,0
15193,13,1
15194,14,0
15195,15,0
15196,16,0
15197,17,1
15198,18,0
15199,19,1
15200,20,0
15201,21,0
15202,22,0
15203,23,1
15204,24,0
15205,25,0
15206,26,0
15207,27,0
15208,28,0
15209,29,1
15210,0,0
15211,1,1
15212,2,0
15213,3,0
15214,4,0
15215,5,0
15216,6,0
15217,7,1
15218,8,0
15219,9,0
15220,10,0
15221,11,1
15222,12,0
15223,13,1
15224,14,0
15225,15,0
15226,16,0
15227,17,1
15228,18,0
15229,19,1
15230,20,0
15231,21,0
15232,22,0
15233,23,1
15234,24,0
15235,25,0
15236,26,0
15237,27,0
15238,28,0
15239,29,1
15240,0,0
15241,1,1
15242,2,0
15243,3,0
15244,4,0
15245,5,0
15246,6,0
15247,7,1
15248,8,0
15249,9,0
15250,10,0
15251,11,1
15252,12,0
15253,13,1
15254,14,0
15255,15,0
15256,16,0
15257,17,1
15258,18,0
15259,19,1
15260,20,0
15261,21,0
15262,22,0
15263,23,1
15264,24,0
15265,25,0
15266,26,0
15267,27,0
15268,28,0
15269,29,1
15270,0,0
15271,1,1
15272,2,0
15273,3,0
15274,4,0
15275,5,0
15276,6,0
15277,7,1
15278,8,0
15279,9,0
15280,10,0
15281,11,1
15282,12,0
15283,13,1
15284,14,0
15285,15,0
15286,16,0
15287,17,1
15288,18,0
15289,19,1
15290,20,0
15291,21,0
15292,22,0
15293,23,1
15294,24,0
15295,25,0
15296,26,0
15297,27,0
15298,28,0
15299,29,1
15300,0,0
15301,1,1
15302,2,0
15303,3,0
15304,4,0
15305,5,0
15306,6,0
15307,7,1
15308,8,0
15309,9,0
15310,10,0
15311,11,1
15312,12,0
15313,13,1
15314,14,0
15315,15,0
15316,16,0
15317,17,1
15318,18,0
15319,19,1
15320,20,0
15321,21,0
15322,22,0
15323,23,1
15324,24,0
15325,25,0
15326,26,0
15327,27,0
15328,28,0
15329,29,1
15330,0,0
15331,1,1
15332,2,0
15333,3,0
15334,4,0
15335,5,0
15336,6,0
15337,7,1
15338,8,0
15339,9,0
15340,10,0
15341,11,1
15342,12,0
15343,13,1
15344,14,0
15345,15,0
15346,16,0
15347,17,1
15348,18,0
15349,19,1
15350,20,0
15351,21,0
15352,22,0
15353,23,1
15354,24,0
15355,25,0
15356,26,0
15357,27,0
15358,28,0
15359,29,1
15360,0,0
15361,1,1
15362,2,0
15363,3,0
15364,4,0
15365,5,0
15366,6,0
15367,7,1
15368,8,0
15369,9,0
15370,10,0
15371,11,1
15372,12,0
15373,13,1
15374,14,0
15375,15,0
15376,16,0
15377,17,1
15378,18,0
15379,19,1
15380,20,0
15381,21,0
15382,22,0
15383,23,1
15384,24,0
15385,25,0
15386,26,0
15387,27,0
15388,28,0
15389,29,1
15390,0,0
15391,1,1
15392,2,0
15393,3,0
15394,4,0
15395,5,0
15396,6,0
15397,7,1
15398,8,0
15399,9,0
15400,10,0
15401,11,1
15402,12,0
15403,13,1
15404,14,0
15405,15,0
15406,16,0
15407,17,1
15408,18,0
15409,19,1
15410,20,0
15411,21,0
15412,22,0
15413,23,1
15414,24,0
15415,25,0
15416,26,0
15417,27,0
15418,28,0
15419,29,1
15420,0,0
15421,1,1
15422,2,0
15423,3,0
15424,4,0
15425,5,0
15426,6,0
15427,7,1
15428,8,0
15429,9,0
15430,10,0
15431,11,1
15432,12,0
15433,13,1
15434,14,0
15435,15,0
15436,16,0
15437,17,1
15438,18,0
15439,19,1
15440,20,0
15441,21,0
15442,22,0
15443,23,1
15444,24,0
15445,25,0
15446,26,0
15447,27,0
15448,28,0
15449,29,1
15450,0,0
15451,1,1
15452,2,0
15453,3,0
15454,4,0
15455,5,0
15456,6,0
15457,7,1
15458,8,0
15459,9,0
15460,10,0
15461,11,1
15462,12,0
15463,13,1
15464,14,0
15465,15,0
15466,16,0
15467,17,1
15468,18,0
15469,19,1
15470,20,0
15471,21,0
15472,22,0
15473,23,1
15474,24,0
15475,25,0
15476,26,0
15477,27,0
15478,28,0
15479,29,1
15480,0,0
15481,1,1
15482,2,0
15483,3,0
15484,4,0
15485,5,0
15486,6,0
15487,7,1
15488,8,0
15489,9,0
15490,10,0
15491,11,1
15492,12,0
15493,13,1
15494,14,0
15495,15,0
15496,16,0
15497,17,1
15498,18,0
15499,19,1
15500,20,0
15501,21,0
15502,22,0
15503,23,1
15504,24,0
15505,25,0
15506,26,0
15507,27,0
15508,28,0
15509,29,1
15510,0,0
15511,1,1
15512,2,0
15513,3,0
15514,4,0
15515,5,0
15516,6,0
15517,7,1
15518,8,0
15519,9,0
15520,10,0
15521,11,1
15522,12,0
15523,13,1
15524,14,0
15525,15,0
15526,16,0
15527,17,1
15528,18,0
15529,19,1
15530,20,0
15531,21,0
15532,22,0
15533,23,1
15534,24,0
15535,25,0
15536,26,0
15537,27,0
15538,28,0
15539,29,1
15540,0,0
15541,1,1
15542,2,0
15543,3,0
15544,4,0
15545,5,0
15546,6,0
15547,7,1
15548,8,0
15549,9,0
15550,10,0
15551,11,1
15552,12,0
15553,13,1
15554,14,0
15555,15,0
15556,16,0
15557,17,1
15558,18,0
15559,19,1
15560,20,0
15561,21,0
15562,22,0
15563,23,1
15564,24,0
15565,25,0
15566,26,0
15567,27,0
15568,28,0
15569,29,1
15570,0,0
15571,1,1
15572,2,0
15573,3,0
15574,4,0
15575,5,0
15576,6,0
15577,7,1
15578,8,0
15579,9,0
15580,10,0
15581,11,1
15582,12,0
15583,13,1
15584,14,0
15585,15,0
15586,16,0
15587,17,1
15588,18,0
15589,19,1
15590,20,0
15591,21,0
15592,22,0
15593,23,1
15594,24,0
15595,25,0
15596,26,0
15597,27,0
15598,28,0
15599,29,1
15600,0,0
15601,1,1
15602,2,0
15603,3,0
15604,4,0
15605,5,0
15606,6,0
15607,7,1
15608,8,0
15609,9,0
15610,10,0
15611,11,1
15612,12,0
15613,13,1
15614,14,0
15615,15,0
15616,16,0
15617,17,1
15618,18,0
15619,19,1
15620,20,0
15621,21,0
15622,22,0
15623,23,1
15624,24,0
15625,25,0
15626,26,0
15627,27,0
15628,28,0
15629,29,1
15630,0,0
15631,1,1
15632,2,0
15633,3,0
15634,4,0
15635,5,0
15636,6,0
15637,7,1
15638,8,0
15639,9,0
15640,10,0
15641,11,1
15642,12,0
15643,13,1
15644,14,0
15645,15,0
15646,16,0
15647,17,1
15648,18,0
15649,19,1
15650,20,0
15651,21,0
15652,22,0
15653,23,1
15654,24,0
15655,25,0
15656,26,0
15657,27,0
15658,28,0
15659,29,1
15660,0,0
15661,1,1
15662,2,0
15663,3,0
15664,4,0
15665,5,0
15666,6,0
15667,7,1
15668,8,0
15669,9,0
15670,10,0
15671,11,1
15672,12,0
15673,13,1
15674,14,0
15675,15,0
15676,16,0
15677,17,1
15678,18,0
15679,19,1
15680,20,0
15681,21,0
15682,22,0
15683,23,1
15684,24,0
15685,25,0
15686,26,0
15687,27,0
15688,28,0
15689,29,1
15690,0,0
15691,1,1
15692,2,0
15693,3,0
15694,4,0
15695,5,0
15696,6,0
15697,7,1
15698,8,0
15699,9,0
15700,10,0
15701,11,1
15702,12,0
15703,13,1
15704,14,0
15705,15,0
15706,16,0
15707,17,1
15708,18,0
15709,19,1
15710,20,0
15711,21,0
15712,22,0
15713,23,1
15714,24,0
15715,25,0
15716,26,0
15717,27,0
15718,28,0
15719,29,1
15720,0,0
15721,1,1
15722,2,0
15723,3,0
15724,4,0
15725,5,0
15726,6,0
15727,7,1
15728,8,0
15729,9,0
15730,10,0
15731,11,1
15732,12,0
15733,13,1
15734,14,0
15735,15,0
15736,16,0
15737,17,1
15738,18,0
15739,19,1
15740,20,0
15741,21,0
15742,22,0
15743,23,1
15744,24,0
15745,25,0
15746,26,0
15747,27,0
15748,28,0
15749,29,1
15750,0,0
15751,1,1
15752,2,0
15753,3,0
15754,4,0
15755,5,0
15756,6,0
15757,7,1
15758,8,0
15759,9,0
15760,10,0
15761,11,1
15762,12,0
15763,13,1
15764,14,0
15765,15,0
15766,16,0
15767,17,1
15768,18,0
15769,19,1
15770,20,0
15771,21,0
15772,22,0
15773,23,1
15774,24,0
15775,25,0
15776,26,0
15777,27,0
15778,28,0
15779,29,1
15780,0,0
15781,1,1
15782,2,0
15783,3,0
15784,4,0
15785,5,0
15786,6,0
15787,7,1
15788,8,0
15789,9,0
15790,10,0
15791,11,1
15792,12,0
15793,13,1
15794,14,0
15795,15,0
15796,16,0
15797,17,1
15798,18,0
15799,19,1
15800,20,0
15801,21,0
15802,22,0
15803,23,1
15804,24,0
15805,25,0
15806,26,0
15807,27,0
15808,28,0
15809,29,1
15810,0,0
15811,1,1
15812,2,0
15813,3,0
15814,4,0
15815,5,0
15816,6,0
15817,7,1
15818,8,0
15819,9,0
15820,10,0
15821,11,1
15822,12,0
15823,13,1
15824,14,0
15825,15,0
15826,16,0
15827,17,1
15828,18,0
15829,19,1
15830,20,0
15831,21,0
15832,22,0
15833,23,1
15834,24,0
15835,25,0
15836,26,0
15837,27,0
15838,28,0
15839,29,1
15840,0,0
15841,1,1
15842,2,0
15843,3,0
15844,4,0
15845,5,0
15846,6,0
15847,7,1
15848,8,0
15849,9,0
15850,10,0
15851,11,1
15852,12,0
15853,13,1
15854,14,0
15855,15,0
15856,16,0
15857,17,1
15858,18,0
15859,19,1
15860,20,0
15861,21,0
15862,22,0
15863,23,1
15864,24,0
15865,25,0
15866,26,0
15867,27,0
15868,28,0
15869,29,1
15870,0,0
15871,1,1
15872,2,0
15873,3,0
15874,4,0
15875,5,0
15876,6,0
15877,7,1
15878,8,0
15879,9,0
15880,10,0
15881,11,1
15882,12,0
15883,13,1
15884,14,0
15885,15,0
15886,16,0
15887,17,1
15888,18,0
15889,19,1
15890,20,0
15891,21,0
15892,22,0
15893,23,1
15894,24,0
15895,25,0
15896,26,0
15897,27,0
15898,28,0
15899,29,1
15900,0,0
15901,1,1
15902,2,0
15903,3,0
15904,4,0
15905,5,0
15906,6,0
15907,7,1
15908,8,0
15909,9,0
15910,10,0
15911,11,1
15912,12,0
15913,13,1
15914,14,0
15915,15,0
15916,16,0
15917,17,1
15918,18,0
15919,19,1
15920,20,0
15921,21,0
15922,22,0
15923,23,1
15924,24,0
15925,25,0
15926,26,0
15927,27,0
15928,28,0
15929,29,1
15930,0,0
15931,1,1
15932,2,0
15933,3,0
15934,4,0
15935,5,0
15936,6,0
15937,7,1
15938,8,0
15939,9,0
15940,10,0
15941,11,1
15942,12,0
15943,13,1
15944,14,0
15945,15,0
15946,16,0
15947,17,1
15948,18,0
15949,19,1
15950,20,0
15951,21,0
15952,22,0
15953,23,1
15954,24,0
15955,25,0
15956,26,0
15957,27,0
15958,28,0
15959,29,1
15960,0,0
15961,1,1
15962,2,0
15963,3,0
15964,4,0
15965,5,0
15966,6,0
15967,7,1
15968,8,0
15969,9,0
15970,10,0
15971,11,1
15972,12,0
15973,13,1
15974,14,0
15975,15,0
15976,16,0
15977,17,1
15978,18,0
15979,19,1
15980,20,0
15981,21,0
15982,22,0
15983,23,1
15984,24,0
15985,25,0
15986,26,0
15987,27,0
15988,28,0
15989,29,1
15990,0,0
15991,1,1
15992,2,0
15993,3,0
15994,4,0
15995,5,0
15996,6,0
15997,7,1
15998,8,0
15999,9,0
16000,10,0
16001,11,1
16002,12,0
16003,13,1
16004,14,0
16005,15,0
16006,16,0
16007,17,1
16008,18,0
16009,19,1
16010,20,0
16011,21,0
16012,22,0
16013,23,1
16014,24,0
16015,25,0
16016,26,0
16017,27,0
16018,28,0
16019,29,1
16020,0,0
16021,1,1
16022,2,0
16023,3,0
16024,4,0
16025,5,0
16026,6,0
16027,7,1
16028,8,0
16029,9,0
16030,10,0
16031,11,1
16032,12,0
16033,13,1
16034,14,0
16035,15,0
16036,16,0
16037,17,1
16038,18,0
16039,19,1
16040,20,0
16041,21,0
16042,22,0
16043,23,1
16044,24,0
16045,25,0
16046,26,0
16047,27,0
16048,28,0
16049,29,1
16050,0,0
16051,1,1
16052,2,0
16053,3,0
16054,4,0
16055,5,0
16056,6,0
16057,7,1
16058,8,0
16059,9,0
16060,10,0
16061,11,1
16062,12,0
16063,13,1
16064,14,0
16065,15,0
16066,16,0
16067,17,1
16068,18,0
16069,19,1
16070,20,0
16071,21,0
16072,22,0
16073,23,1
16074,24,0
16075,25,0
16076,26,0
16077,27,0
16078,28,0
16079,29,1
16080,0,0
16081,1,1
16082,2,0
16083,3,0
16084,4,0
16085,5,0
16086,6,0
16087,7,1
16088,8,0
16089,9,0
16090,10,0
16091,11,1
16092,12,0
16093,13,1
16094,14,0
16095,15,0
16096,16,0
16097,17,1
16098,18,0
16099,19,1
16100,20,0
16101,21,0
16102,22,0
16103,23,1
16104,24,0
16105,25,0
16106,26,0
16107,27,0
16108,28,0
16109,29,1
16110,0,0
16111,1,1
16112,2,0
16113,3,0
16114,4,0
16115,5,0
16116,6,0
16117,7,1
16118,8,0
16119,9,0
16120,10,0
16121,11,1
16122,12,0
16123,13,1
16124,14,0
16125,15,0
16126,16,0
16127,17,1
16128,18,0
16129,19,1
16130,20,0
16131,21,0
16132,22,0
16133,23,1
16134,24,0
16135,25,0
16136,26,0
16137,27,0
16138,28,0
16139,29,1
16140,0,0
16141,1,1
16142,2,0
16143,3,0
16144,4,0
16145,5,0
16146,6,0
16147,7,1
16148,8,0
16149,9,0
16150,10,0
16151,11,1
16152,12,0
16153,13,1
16154,14,0
16155,15,0
16156,16,0
16157,17,1
16158,18,0
16159,19,1
16160,20,0
16161,21,0
16162,22,0
16163,23,1
16164,24,0
16165,25,0
16166,26,0
16167,27,0
16168,28,0
16169,29,1
16170,0,0
16171,1,1
16172,2,0
16173,3,0
16174,4,0
16175,5,0
16176,6,0
16177,7,1
16178,8,0
16179,9,0
16180,10,0
16181,11,1
16182,12,0
16183,13,1
16184,14,0
16185,15,0
16186,16,0
16187,17,1
16188,18,0
16189,19,1
16190,20,0
16191,21,0
16192,22,0
16193,23,1
16194,24,0
16195,25,0
16196,26,0
16197,27,0
16198,28,0
16199,29,1
16200,0,0
16201,1,1
16202,2,0
16203,3,0
16204,4,0
16205,5,0
16206,6,0
16207,7,1
16208,8,0
16209,9,0
16210,10,0
16211,11,1
16212,12,0
16213,13,1
16214,14,0
16215,15,0
16216,16,0
16217,17,1
16218,18,0
16219,19,1
16220,20,0
16221,21,0
16222,22,0
16223,23,1
16224,24,0
16225,25,0
16226,26,0
16227,27,0
16228,28,0
16229,29,1
16230,0,0
16231,1,1
16232,2,0
16233,3,0
16234,4,0
16235,5,0
16236,6,0
16237,7,1
16238,8,0
16239,9,0
16240,10,0
16241,11,1
16242,12,0
16243,13,1
16244,14,0
16245,15,0
16246,16,0
16247,17,1
16248,18,0
16249,19,1
16250,20,0
16251,21,0
16252,22,0
16253,23,1
16254,24,0
16255,25,0
16256,26,0
16257,27,0
16258,28,0
16259,29,1
16260,0,0
16261,1,1
16262,2,0
16263,3,0
16264,4,0
16265,5,0
16266,6,0
16267,7,1
16268,8,0
16269,9,0
16270,10,0
16271,11,1
16272,12,0
16273,13,1
16274,14,0
16275,15,0
16276,16,0
16277,17,1
16278,18,0
16279,19,1
16280,20,0
16281,21,0
16282,22,0
16283,23,1
16284,24,0
16285,25,0
16286,26,0
16287,27,0
16288,28,0
16289,29,1
16290,0,0
16291,1,1
16292,2,0
16293,3,0
16294,4,0
16295,5,0
16296,6,0
16297,7,1
16298,8,0
16299,9,0
16300,10,0
16301,11,1
16302,12,0
16303,13,1
16304,14,0
16305,15,0
16306,16,0
16307,17,1
16308,18,0
16309,19,1
16310,20,0
16311,21,0
16312,22,0
16313,23,1
16314,24,0
16315,25,0
16316,26,0
16317,27,0
16318,28,0
16319,29,1
16320,0,0
16321,1,1
16322,2,0
16323,3,0
16324,4,0
16325,5,0
16326,6,0
16327,7,1
16328,8,0
16329,9,0
16330,10,0
16331,11,1
16332,12,0
16333,13,1
16334,14,0
16335,15,0
16336,16,0
16337,17,1
16338,18,0
16339,19,1
16340,20,0
16341,21,0
16342,22,0
16343,23,1
16344,24,0
16345,25,0
16346,26,0
16347,27,0
16348,28,0
16349,29,1
16350,0,0
16351,1,1
16352,2,0
16353,3,0
16354,4,0
16355,5,0
16356,6,0
16357,7,1
16358,8,0
16359,9,0
16360,10,0
16361,11,1
16362,12,0
16363,13,1
16364,14,0
16365,15,0
16366,16,0
16367,17,1
16368,18,0
16369,19,1
16370,20,0
16371,21,0
16372,22,0
16373,23,1
16374,24,0
16375,25,0
16376,26,0
16377,27,0
16378,28,0
16379,29,1
16380,0,0
16381,1,1
16382,2,0
16383,3,0
16384,4,0
16385,5,0
16386,6,0
16387,7,1
16388,8,0
16389,9,0
16390,10,0
16391,11,1
16392,12,0
16393,13,1
16394,14,0
16395,15,0
16396,16,0
16397,17,1
16398,18,0
16399,19,1
16400,20,0
16401,21,0
16402,22,0
16403,23,1
16404,24,0
16405,25,0
16406,26,0
16407,27,0
16408,28,0
16409,29,1
16410,0,0
16411,1,1
16412,2,0
16413,3,0
16414,4,0
16415,5,0
16416,6,0
16417,7,1
16418,8,0
16419,9,0
16420,10,0
16421,11,1
16422,12,0
16423,13,1
16424,14,0
16425,15,0
16426,16,0
16427,17,1
16428,18,0
16429,19,1
16430,20,0
16431,21,0
16432,22,0
16433,23,1
16434,24,0
16435,25,0
16436,26,0
16437,27,0
16438,28,0
16439,29,1
16440,0,0
16441,1,1
16442,2,0
16443,3,0
16444,4,0
16445,5,0
16446,6,0
16447,7,1
16448,8,0
16449,9,0
16450,10,0
16451,11,1
16452,12,0
16453,13,1
16454,14,0
16455,15,0
16456,16,0
16457,17,1
16458,18,0
16459,19,1
16460,20,0
16461,21,0
16462,22,0
16463,23,1
16464,24,0
16465,25,0
16466,26,0
16467,27,0
16468,28,0
16469,29,1
16470,0,0
16471,1,1
16472,2,0
16473,3,0
16474,4,0
16475,5,0
16476,6,0
16477,7,1
16478,8,0
16479,9,0
16480,10,0
16481,11,1
16482,12,0
16483,13,1
16484,14,0
16485,15,0
16486,16,0
16487,17,1
16488,18,0
16489,19,1
16490,20,0
16491,21,0
16492,22,0
16493,23,1
16494,24,0
16495,25,0
16496,26,0
16497,27,0
16498,28,0
16499,29,1
16500,0,0
16501,1,1
16502,2,0
16503,3,0
16504,4,0
16505,5,0
16506,6,0
16507,7,1
16508,8,0
16509,9,0
16510,10,0
16511,11,1
16512,12,0
16513,13,1
16514,14,0
16515,15,0
16516,16,0
16517,17,1
16518,18,0
16519,19,1
16520,20,0
16521,21,0
16522,22,0
16523,23,1
16524,24,0
16525,25,0
16526,26,0
16527,27,0
16528,28,0
16529,29,1
16530,0,0
16531,1,1
16532,2,0
16533,3,0
16534,4,0
16535,5,0
16536,6,0
16537,7,1
16538,8,0
16539,9,0
16540,10,0
16541,11,1
16542,12,0
16543,13,1
16544,14,0
16545,15,0
16546,16,0
16547,17,1
16548,18,0
16549,19,1
16550,20,0
16551,21,0
16552,22,0
16553,23,1
16554,24,0
16555,25,0
16556,26,0
16557,27,0
16558,28,0
16559,29,1
16560,0,0
16561,1,1
16562,2,0
16563,3,0
16564,4,0
16565,5,0
16566,6,0
16567,7,1
16568,8,0
16569,9,0
16570,10,0
16571,11,1
16572,12,0
16573,13,1
16574,14,0
16575,15,0
16576,16,0
16577,17,1
16578,18,0
16579,19,1
16580,20,0
16581,21,0
16582,22,0
16583,23,1
16584,24,0
16585,25,0
16586,26,0
16587,27,0
16588,28,0
16589,29,1
16590,0,0
16591,1,1
16592,2,0
16593,3,0
16594,4,0
16595,5,0
16596,6,0
16597,7,1
16598,8,0
16599,9,0
16600,10,0
16601,11,1
16602,12,0
16603,13,1
16604,14,0
16605,15,0
16606,16,0
16607,17,1
16608,18,0
16609,19,1
16610,20,0
16611,21,0
16612,22,0
16613,23,1
16614,24,0
16615,25,0
16616,26,0
16617,27,0
16618,28,0
16619,29,1
16620,0,0
16621,1,1
16622,2,0
16623,3,0
16624,4,0
16625,5,0
16626,6,0
16627,7,1
16628,8,0
16629,9,0
16630,10,0
16631,11,1
16632,12,0
16633,13,1
16634,14,0
16635,15,0
16636,16,0
16637,17,1
16638,18,0
16639,19,1
16640,20,0
16641,21,0
16642,22,0
16643,23,1
16644,24,0
16645,25,0
16646,26,0
16647,27,0
16648,28,0
16649,29,1
16650,0,0
16651,1,1
16652,2,0
16653,3,0
16654,4,0
16655,5,0
16656,6,0
16657,7,1
16658,8,0
16659,9,0
16660,10,0
16661,11,1
16662,12,0
16663,13,1
16664,14,0
16665,15,0
16666,16,0
16667,17,1
16668,18,0
16669,19,1
16670,20,0
16671,21,0
16672,22,0
16673,23,1
16674,24,0
16675,25,0
16676,26,0
16677,27,0
16678,28,0
16679,29,1
16680,0,0
16681,1,1
16682,2,0
16683,3,0
16684,4,0
16685,5,0
16686,6,0
16687,7,1
16688,8,0
16689,9,0
16690,10,0
16691,11,1
16692,12,0
16693,13,1
16694,14,0
16695,15,0
16696,16,0
16697,17,1
16698,18,0
16699,19,1
16700,20,0
16701,21,0
16702,22,0
16703,23,1
16704,24,0
16705,25,0
16706,26,0
16707,27,0
16708,28,0
16709,29,1
16710,0,0
16711,1,1
16712,2,0
16713,3,0
16714,4,0
16715,5,0
16716,6,0
16717,7,1
16718,8,0
16719,9,0
16720,10,0
16721,11,1
16722,12,0
16723,13,1
16724,14,0
16725,15,0
16726,16,0
16727,17,1
16728,18,0
16729,19,1
16730,20,0
16731,21,0
16732,22,0
16733,23,1
16734,24,0
16735,25,0
16736,26,0
16737,27,0
16738,28,0
16739,29,1
16740,0,0
16741,1,1
16742,2,0
16743,3,0
16744,4,0
16745,5,0
16746,6,0
16747,7,1
16748,8,0
16749,9,0
16750,10,0
16751,11,1
16752,12,0
16753,13,1
16754,14,0
16755,15,0
16756,16,0
16757,17,1
16758,18,0
16759,19,1
16760,20,0
16761,21,0
16762,22,0
16763,23,1
16764,24,0
16765,25,0
16766,26,0
16767,27,0
16768,28,0
16769,29,1
16770,0,0
16771,1,1
16772,2,0
16773,3,0
16774,4,0
16775,5,0
16776,6,0
16777,7,1
16778,8,0
16779,9,0
16780,10,0
16781,11,1
16782,12,0
16783,13,1
16784,14,0
16785,15,0
16786,16,0
16787,17,1
16788,18,0
16789,19,1
16790,20,0
16791,21,0
16792,22,0
16793,23,1
16794,24,0
16795,25,0
16796,26,0
16797,27,0
16798,28,0
16799,29,1
16800,0,0
16801,1,1
16802,2,0
16803,3,0
16804,4,0
16805,5,0
16806,6,0
16807,7,1
16808,8,0
16809,9,0
16810,10,0
16811,11,1
16812,12,0
16813,13,1
16814,14,0
16815,15,0
16816,16,0
16817,17,1
16818,18,0
16819,19,1
16820,20,0
16821,21,0
16822,22,0
16823,23,1
16824,24,0
16825,25,0
16826,26,0
16827,27,0
16828,28,0
16829,29,1
16830,0,0
16831,1,1
16832,2,0
16833,3,0
16834,4,0
16835,5,0
16836,6,0
16837,7,1
16838,8,0
16839,9,0
16840,10,0
16841,11,1
16842,12,0
16843,13,1
16844,14,0
16845,15,0
16846,16,0
16847,17,1
16848,18,0
16849,19,1
16850,20,0
16851,21,0
16852,22,0
16853,23,1
16854,24,0
16855,25,0
16856,26,0
16857,27,0
16858,28,0
16859,29,1
16860,0,0
16861,1,1
16862,2,0
16863,3,0
16864,4,0
16865,5,0
16866,6,0
16867,7,1
16868,8,0
16869,9,0
16870,10,0
16871,11,1
16872,12,0
16873,13,1
16874,14,0
16875,15,0
16876,16,0
16877,17,1
16878,18,0
16879,19,1
16880,20,0
16881,21,0
16882,22,0
16883,23,1
16884,24,0
16885,25,0
16886,26,0
16887,27,0
16888,28,0
16889,29,1
16890,0,0
16891,1,1
16892,2,0
16893,3,0
16894,4,0
16895,5,0
16896,6,0
16897,7,1
16898,8,0
16899,9,0
16900,10,0
16901,11,1
16902,12,0
16903,13,1
16904,14,0
16905,15,0
16906,16,0
16907,17,1
16908,18,0
16909,19,1
16910,20,0
16911,21,0
16912,22,0
16913,23,1
16914,24,0
16915,25,0
16916,26,0
16917,27,0
16918,28,0
16919,29,1
16920,0,0
16921,1,1
16922,2,0
16923,3,0
16924,4,0
16925,5,0
16926,6,0
16927,7,1
16928,8,0
16929,9,0
16930,10,0
16931,11,1
16932,12,0
16933,13,1
16934,14,0
16935,15,0
16936,16,0
16937,17,1
16938,18,0
16939,19,1
16940,20,0
16941,21,0
16942,22,0
16943,23,1
16944,24,0
16945,25,0
16946,26,0
16947,27,0
16948,28,0
16949,29,1
16950,0,0
16951,1,1
16952,2,0
16953,3,0
16954,4,0
16955,5,0
16956,6,0
16957,7,1
16958,8,0
16959,9,0
16960,10,0
16961,11,1
16962,12,0
16963,13,1
16964,14,0
16965,15,0
16966,16,0
16967,17,1
16968,18,0
16969,19,1
16970,20,0
16971,21,0
16972,22,0
16973,23,1
16974,24,0
16975,25,0
16976,26,0
16977,27,0
16978,28,0
16979,29,1
16980,0,0
16981,1,1
16982,2,0
16983,3,0
16984,4,0
16985,5,0
16986,6,0
16987,7,1
16988,8,0
16989,9,0
16990,10,0
16991,11,1
16992,12,0
16993,13,1
16994,14,0
16995,15,0
16996,16,0
16997,17,1
16998,18,0
16999,19,1
17000,20,0
17001,21,0
17002,22,0
17003,23,1
17004,24,0
17005,25,0
17006,26,0
17007,27,0
17008,28,0
17009,29,1
17010,0,0
17011,1,1
17012,2,0
17013,3,0
17014,4,0
17015,5,0
17016,6,0
17017,7,1
17018,8,0
17019,9,0
17020,10,0
17021,11,1
17022,12,0
17023,13,1
17024,14,0
17025,15,0
17026,16,0
17027,17,1
17028,18,0
17029,19,1
17030,20,0
17031,21,0
17032,22,0
17033,23,1
17034,24,0
17035,25,0
17036,26,0
17037,27,0
17038,28,0
17039,29,1
17040,0,0
17041,1,1
17042,2,0
17043,3,0
17044,4,0
17045,5,0
17046,6,0
17047,7,1
17048,8,0
17049,9,0
17050,10,0
17051,11,1
17052,12,0
17053,13,1
17054,14,0
17055,15,0
17056,16,0
17057,17,1
17058,18,0
17059,19,1
17060,20,0
17061,21,0
17062,22,0
17063,23,1
17064,24,0
17065,25,0
17066,26,0
17067,27,0
17068,28,0
17069,29,1
17070,0,0
17071,1,1
17072,2,0
17073,3,0
17074,4,0
17075,5,0
17076,6,0
17077,7,1
17078,8,0
17079,9,0
17080,10,0
17081,11,1
17082,12,0
17083,13,1
17084,14,0
17085,15,0
17086,16,0
17087,17,1
17088,18,0
17089,19,1
17090,20,0
17091,21,0
17092,22,0
17093,23,1
17094,24,0
17095,25,0
17096,26,0
17097,27,0
17098,28,0
17099,29,1
17100,0,0
17101,1,1
17102,2,0
17103,3,0
17104,4,0
17105,5,0
17106,6,0
17107,7,1
17108,8,0
17109,9,0
17110,10,0
17111,11,1
17112,12,0
17113,13,1
17114,14,0
17115,15,0
17116,16,0
17117,17,1
17118,18,0
17119,19,1
17120,20,0
17121,21,0
17122,22,0
17123,23,1
17124,24,0
17125,25,0
17126,26,0
17127,27,0
17128,28,0
17129,29,1
17130,0,0
17131,1,1
17132,2,0
17133,3,0
17134,4,0
17135,5,0
17136,6,0
17137,7,1
17138,8,0
17139,9,0
17140,10,0
17141,11,1
17142,12,0
17143,13,1
17144,14,0
17145,15,0
17146,16,0
17147,17,1
17148,18,0
17149,19,1
17150,20,0
17151,21,0
17152,22,0
17153,23,1
17154,24,0
17155,25,0
17156,26,0
17157,27,0
17158,28,0
17159,29,1
17160,0,0
17161,1,1
17162,2,0
17163,3,0
17164,4,0
17165,5,0
17166,6,0
17167,7,1
17168,8,0
17169,9,0
17170,10,0
17171,11,1
17172,12,0
17173,13,1
17174,14,0
17175,15,0
17176,16,0
17177,17,1
17178,18,0
17179,19,1
17180,20,0
17181,21,0
17182,22,0
17183,23,1
17184,24,0
17185,25,0
17186,26,0
17187,27,0
17188,28,0
17189,29,1
17190,0,0
17191,1,1
17192,2,0
17193,3,0
17194,4,0
17195,5,0
17196,6,0
17197,7,1
17198,8,0
17199,9,0
17200,10,0
17201,11,1
17202,12,0
17203,13,1
17204,14,0
17205,15,0
17206,16,0
17207,17,1
17208,18,0
17209,19,1
17210,20,0
17211,21,0
17212,22,0
17213,23,1
17214,24,0
17215,25,0
17216,26,0
17217,27,0
17218,28,0
17219,29,1
17220,0,0
17221,1,1
17222,2,0
17223,3,0
17224,4,0
17225,5,0
17226,6,0
17227,7,1
17228,8,0
17229,9,0
17230,10,0
17231,11,1
17232,12,0
17233,13,1
17234,14,0
17235,15,0
17236,16,0
17237,17,1
17238,18,0
17239,19,1
17240,20,0
17241,21,0
17242,22,0
17243,23,1
17244,24,0
17245,25,0
17246,26,0
17247,27,0
17248,28,0
17249,29,1
17250,0,0
17251,1,1
17252,2,0
17253,3,0
17254,4,0
17255,5,0
17256,6,0
17257,7,1
17258,8,0
17259,9,0
17260,10,0
17261,11,1
17262,12,0
17263,13,1
17264,14,0
17265,15,0
17266,16,0
17267,17,1
17268,18,0
17269,19,1
17270,20,0
17271,21,0
17272,22,0
17273,23,1
17274,24,0
17275,25,0
17276,26,0
17277,27,0
17278,28,0
17279,29,1
17280,0,0
17281,1,1
17282,2,0
17283,3,0
17284,4,0
17285,5,0
17286,6,0
17287,7,1
17288,8,0
17289,9,0
17290,10,0
17291,11,1
17292,12,0
17293,13,1
17294,14,0
17295,15,0
17296,16,0
17297,17,1
17298,18,0
17299,19,1
17300,20,0
17301,21,0
17302,22,0
17303,23,1
17304,24,0
17305,25,0
17306,26,0
17307,27,0
17308,28,0
17309,29,1
17310,0,0
17311,1,1
17312,2,0
17313,3,0
17314,4,0
17315,5,0
17316,6,0
17317,7,1
17318,8,0
17319,9,0
17320,10,0
17321,11,1
17322,12,0
17323,13,1
17324,14,0
17325,15,0
17326,16,0
17327,17,1
17328,18,0
17329,19,1
17330,20,0
17331,21,0
17332,22,0
17333,23,1
17334,24,0
17335,25,0
17336,26,0
17337,27,0
17338,28,0
17339,29,1
17340,0,0
17341,1,1
17342,2,0
17343,3,0
17344,4,0
17345,5,0
17346,6,0
17347,7,1
17348,8,0
17349,9,0
17350,10,0
17351,11,1
17352,12,0
17353,13,1
17354,14,0
17355,15,0
17356,16,0
17357,17,1
17358,18,0
17359,19,1
17360,20,0
17361,21,0
17362,22,0
17363,23,1
17364,24,0
17365,25,0
17366,26,0
17367,27,0
17368,28,0
17369,29,1
17370,0,0
17371,1,1
17372,2,0
17373,3,0
17374,4,0
17375,5,0
17376,6,0
17377,7,1
17378,8,0
17379,9,0
17380,10,0
17381,11,1
17382,12,0
17383,13,1
17384,14,0
17385,15,0
17386,16,0
17387,17,1
17388,18,0
17389,19,1
17390,20,0
17391,21,0
17392,22,0
17393,23,1
17394,24,0
17395,25,0
17396,26,0
17397,27,0
17398,28,0
17399,29,1
17400,0,0
17401,1,1
17402,2,0
17403,3,0
17404,4,0
17405,5,0
17406,6,0
17407,7,1
17408,8,0
17409,9,0
17410,10,0
17411,11,1
17412,12,0
17413,13,1
17414,14,0
17415,15,0
17416,16,0
17417,17,1
17418,18,0
17419,19,1
17420,20,0
17421,21,0
17422,22,0
17423,23,1
17424,24,0
17425,25,0
17426,26,0
17427,27,0
17428,28,0
17429,29,1
17430,0,0
17431,1,1
17432,2,0
17433,3,0
17434,4,0
17435,5,0
17436,6,0
17437,7,1
17438,8,0
17439,9,0
17440,10,0
17441,11,1
17442,12,0
17443,13,1
17444,14,0
17445,15,0
17446,16,0
17447,17,1
17448,18,0
17449,19,1
17450,20,0
17451,21,0
17452,22,0
17453,23,1
17454,24,0
17455,25,0
17456,26,0
17457,27,0
17458,28,0
17459,29,1
17460,0,0
17461,1,1
17462,2,0
17463,3,0
17464,4,0
17465,5,0
17466,6,0
17467,7,1
17468,8,0
17469,9,0
17470,10,0
17471,11,1
17472,12,0
17473,13,1
17474,14,0
17475,15,0
17476,16,0
17477,17,1
17478,18,0
17479,19,1
17480,20,0
17481,21,0
17482,22,0
17483,23,1
17484,24,0
17485,25,0
17486,26,0
17487,27,0
17488,28,0
17489,29,1
17490,0,0
17491,1,1
17492,2,0
17493,3,0
17494,4,0
17495,5,0
17496,6,0
17497,7,1
17498,8,0
17499,9,0
17500,10,0
17501,11,1
17502,12,0
17503,13,1
17504,14,0
17505,15,0
17506,16,0
17507,17,1
17508,18,0
17509,19,1
17510,20,0
17511,21,0
17512,22,0
17513,23,1
17514,24,0
17515,25,0
17516,26,0
17517,27,0
17518,28,0
17519,29,1
17520,0,0
17521,1,1
17522,2,0
17523,3,0
17524,4,0
17525,5,0
17526,6,0
17527,7,1
17528,8,0
17529,9,0
17530,10,0
17531,11,1
17532,12,0
17533,13,1
17534,14,0
17535,15,0
17536,16,0
17537,17,1
17538,18,0
17539,19,1
17540,20,0
17541,21,0
17542,22,0
17543,23,1
17544,24,0
17545,25,0
17546,26,0
17547,27,0
17548,28,0
17549,29,1
17550,0,0
17551,1,1
17552,2,0
17553,3,0
17554,4,0
17555,5,0
17556,6,0
17557,7,1
17558,8,0
17559,9,0
17560,10,0
17561,11,1
17562,12,0
17563,13,1
17564,14,0
17565,15,0
17566,16,0
17567,17,1
17568,18,0
17569,19,1
17570,20,0
17571,21,0
17572,22,0
17573,23,1
17574,24,0
17575,25,0
17576,26,0
17577,27,0
17578,28,0
17579,29,1
17580,0,0
17581,1,1
17582,2,0
17583,3,0
17584,4,0
17585,5,0
17586,6,0
17587,7,1
17588,8,0
17589,9,0
17590,10,0
17591,11,1
17592,12,0
17593,13,1
17594,14,0
17595,15,0
17596,16,0
17597,17,1
17598,18,0
17599,19,1
17600,20,0
17601,21,0
17602,22,0
17603,23,1
17604,24,0
17605,25,0
17606,26,0
17607,27,0
17608,28,0
17609,29,1
17610,0,0
17611,1,1
17612,2,0
17613,3,0
17614,4,0
17615,5,0
17616,6,0
17617,7,1
17618,8,0
17619,9,0
17620,10,0
17621,11,1
17622,12,0
17623,13,1
17624,14,0
17625,15,0
17626,16,0
17627,17,1
17628,18,0
17629,19,1
17630,20,0
17631,21,0
17632,22,0
17633,23,1
17634,24,0
17635,25,0
17636,26,0
17637,27,0
17638,28,0
17639,29,1
17640,0,0
17641,1,1
17642,2,0
17643,3,0
17644,4,0
17645,5,0
17646,6,0
17647,7,1
17648,8,0
17649,9,0
17650,10,0
17651,11,1
17652,12,0
17653,13,1
17654,14,0
17655,15,0
17656,16,0
17657,17,1
17658,18,0
17659,19,1
17660,20,0
17661,21,0
17662,22,0
17663,23,1
17664,24,0
17665,25,0
17666,26,0
17667,27,0
17668,28,0
17669,29,1
17670,0,0
17671,1,1
17672,2,0
17673,3,0
17674,4,0
17675,5,0
17676,6,0
17677,7,1
17678,8,0
17679,9,0
17680,10,0
17681,11,1
17682,12,0
17683,13,1
17684,14,0
17685,15,0
17686,16,0
17687,17,1
17688,18,0
17689,19,1
17690,20,0
17691,21,0
17692,22,0
17693,23,1
17694,24,0
17695,25,0
17696,26,0
17697,27,0
17698,28,0
17699,29,1
17700,0,0
17701,1,1
17702,2,0
17703,3,0
17704,4,0
17705,5,0
17706,6,0
17707,7,1
17708,8,0
17709,9,0
17710,10,0
17711,11,1
17712,12,0
17713,13,1
17714,14,0
17715,15,0
17716,16,0
17717,17,1
17718,18,0
17719,19,1
17720,20,0
17721,21,0
17722,22,0
17723,23,1
17724,24,0
17725,25,0
17726,26,0
17727,27,0
17728,28,0
17729,29,1
17730,0,0
17731,1,1
17732,2,0
17733,3,0
17734,4,0
17735,5,0
17736,6,0
17737,7,1
17738,8,0
17739,9,0
17740,10,0
17741,11,1
17742,12,0
17743,13,1
17744,14,0
17745,15,0
17746,16,0
17747,17,1
17748,18,0
17749,19,1
17750,20,0
17751,21,0
17752,22,0
17753,23,1
17754,24,0
17755,25,0
17756,26,0
17757,27,0
17758,28,0
17759,29,1
17760,0,0
17761,1,1
17762,2,0
17763,3,0
17764,4,0
17765,5,0
17766,6,0
17767,7,1
17768,8,0
17769,9,0
17770,10,0
17771,11,1
17772,12,0
17773,13,1
17774,14,0
17775,15,0
17776,16,0
17777,17,1
17778,18,0
17779,19,1
17780,20,0
17781,21,0
17782,22,0
17783,23,1
17784,24,0
17785,25,0
17786,26,0
17787,27,0
17788,28,0
17789,29,1
17790,0,0
17791,1,1
17792,2,0
17793,3,0
17794,4,0
17795,5,0
17796,6,0
17797,7,1
17798,8,0
17799,9,0
17800,10,0
17801,11,1
17802,12,0
17803,13,1
17804,14,0
17805,15,0
17806,16,0
17807,17,1
17808,18,0
17809,19,1
17810,20,0
17811,21,0
17812,22,0
17813,23,1
17814,24,0
17815,25,0
17816,26,0
17817,27,0
17818,28,0
17819,29,1
17820,0,0
17821,1,1
17822,2,0
17823,3,0
17824,4,0
17825,5,0
17826,6,0
17827,7,1
17828,8,0
17829,9,0
17830,10,0
17831,11,1
17832,12,0
17833,13,1
17834,14,0
17835,15,0
17836,16,0
17837,17,1
17838,18,0
17839,19,1
17840,20,0
17841,21,0
17842,22,0
17843,23,1
17844,24,0
17845,25,0
17846,26,0
17847,27,0
17848,28,0
17849,29,1
17850,0,0
17851,1,1
17852,2,0
17853,3,0
17854,4,0
17855,5,0
17856,6,0
17857,7,1
17858,8,0
17859,9,0
17860,10,0
17861,11,1
17862,12,0
17863,13,1
17864,14,0
17865,15,0
17866,16,0
17867,17,1
17868,18,0
17869,19,1
17870,20,0
17871,21,0
17872,22,0
17873,23,1
17874,24,0
17875,25,0
17876,26,0
17877,27,0
17878,28,0
17879,29,1
17880,0,0
17881,1,1
17882,2,0
17883,3,0
17884,4,0
17885,5,0
17886,6,0
17887,7,1
17888,8,0
17889,9,0
17890,10,0
17891,11,1
17892,12,0
17893,13,1
17894,14,0
17895,15,0
17896,16,0
17897,17,1
17898,18,0
17899,19,1
17900,20,0
17901,21,0
17902,22,0
17903,23,1
17904,24,0
17905,25,0
17906,26,0
17907,27,0
17908,28,0
17909,29,1
17910,0,0
17911,1,1
17912,2,0
17913,3,0
17914,4,0
17915,5,0
17916,6,0
17917,7,1
17918,8,0
17919,9,0
17920,10,0
17921,11,1
17922,12,0
17923,13,1
17924,14,0
17925,15,0
17926,16,0
17927,17,1
17928,18,0
17929,19,1
17930,20,0
17931,21,0
17932,22,0
17933,23,1
17934,24,0
17935,25,0
17936,26,0
17937,27,0
17938,28,0
17939,29,1
17940,0,0
17941,1,1
17942,2,0
17943,3,0
17944,4,0
17945,5,0
17946,6,0
17947,7,1
17948,8,0
17949,9,0
17950,10,0
17951,11,1
17952,12,0
17953,13,1
17954,14,0
17955,15,0
17956,16,0
17957,17,1
17958,18,0
17959,19,1
17960,20,0
17961,21,0
17962,22,0
17963,23,1
17964,24,0
17965,25,0
17966,26,0
17967,27,0
17968,28,0
17969,29,1
17970,0,0
17971,1,1
17972,2,0
17973,3,0
17974,4,0
17975,5,0
17976,6,0
17977,7,1
17978,8,0
17979,9,0
17980,10,0
17981,11,1
17982,12,0
17983,13,1
17984,14,0
17985,15,0
17986,16,0
17987,17,1
17988,18,0
17989,19,1
17990,20,0
17991,21,0
17992,22,0
17993,23,1
17994,24,0
17995,25,0
17996,26,0
17997,27,0
17998,28,0
17999,29,1
18000,0,0
18001,1,1
18002,2,0
18003,3,0
18004,4,0
18005,5,0
18006,6,0
18007,7,1
18008,8,0
18009,9,0
18010,10,0
18011,11,1
18012,12,0
18013,13,1
18014,14,0
18015,15,0
18016,16,0
18017,17,1
18018,18,0
18019,19,1
18020,20,0
18021,21,0
18022,22,0
18023,23,1
18024,24,0
18025,25,0
18026,26,0
18027,27,0
18028,28,0
18029,29,1
18030,0,0
18031,1,1
18032,2,0
18033,3,0
18034,4,0
18035,5,0
18036,6,0
18037,7,1
18038,8,0
18039,9,0
18040,10,0
18041,11,1
18042,12,0
18043,13,1
18044,14,0
18045,15,0
18046,16,0
18047,17,1
18048,18,0
18049,19,1
18050,20,0
18051,21,0
18052,22,0
18053,23,1
18054,24,0
18055,25,0
18056,26,0
18057,27,0
18058,28,0
18059,29,1
18060,0,0
18061,1,1
18062,2,0
18063,3,0
18064,4,0
18065,5,0
18066,6,0
18067,7,1
18068,8,0
18069,9,0
18070,10,0
18071,11,1
18072,12,0
18073,13,1
18074,14,0
18075,15,0
18076,16,0
18077,17,1
18078,18,0
18079,19,1
18080,20,0
18081,21,0
18082,22,0
18083,23,1
18084,24,0
18085,25,0
18086,26,0
18087,27,0
18088,28,0
18089,29,1
18090,0,0
18091,1,1
18092,2,0
18093,3,0
18094,4,0
18095,5,0
18096,6,0
18097,7,1
18098,8,0
18099,9,0
18100,10,0
18101,11,1
18102,12,0
18103,13,1
18104,14,0
18105,15,0
18106,16,0
18107,17,1
18108,18,0
18109,19,1
18110,20,0
18111,21,0
18112,22,0
18113,23,1
18114,24,0
18115,25,0
18116,26,0
18117,27,0
18118,28,0
18119,29,1
18120,0,0
18121,1,1
18122,2,0
18123,3,0
18124,4,0
18125,5,0
18126,6,0
18127,7,1
18128,8,0
18129,9,0
18130,10,0
18131,11,1
18132,12,0
18133,13,1
18134,14,0
18135,15,0
18136,16,0
18137,17,1
18138,18,0
18139,19,1
18140,20,0
18141,21,0
18142,22,0
18143,23,1
18144,24,0
18145,25,0
18146,26,0
18147,27,0
18148,28,0
18149,29,1
18150,0,0
18151,1,1
18152,2,0
18153,3,0
18154,4,0
18155,5,0
18156,6,0
18157,7,1
18158,8,0
18159,9,0
18160,10,0
18161,11,1
18162,12,0
18163,13,1
18164,14,0
18165,15,0
18166,16,0
18167,17,1
18168,18,0
18169,19,1
18170,20,0
18171,21,0
18172,22,0
18173,23,1
18174,24,0
18175,25,0
18176,26,0
18177,27,0
18178,28,0
18179,29,1
18180,0,0
18181,1,1
18182,2,0
18183,3,0
18184,4,0
18185,5,0
18186,6,0
18187,7,1
18188,8,0
18189,9,0
18190,10,0
18191,11,1
18192,12,0
18193,13,1
18194,14,0
18195,15,0
18196,16,0
18197,17,1
18198,18,0
18199,19,1
18200,20,0
18201,21,0
18202,22,0
18203,23,1
18204,24,0
18205,25,0
18206,26,0
18207,27,0
18208,28,0
18209,29,1
18210,0,0
18211,1,1
18212,2,0
18213,3,0
18214,4,0
18215,5,0
18216,6,0
18217,7,1
18218,8,0
18219,9,0
18220,10,0
18221,11,1
18222,12,0
18223,13,1
18224,14,0
18225,15,0
18226,16,0
18227,17,1
18228,18,0
18229,19,1
18230,20,0
18231,21,0
18232,22,0
18233,23,1
18234,24,0
18235,25,0
18236,26,0
18237,27,0
18238,28,0
18239,29,1
18240,0,0
18241,1,1
18242,2,0
18243,3,0
18244,4,0
18245,5,0
18246,6,0
18247,7,1
18248,8,0
18249,9,0
18250,10,0
18251,11,1
18252,12,0
18253,13,1
18254,14,0
18255,15,0
18256,16,0
18257,17,1
18258,18,0
18259,19,1
18260,20,0
18261,21,0
18262,22,0
18263,23,1
18264,24,0
18265,25,0
18266,26,0
18267,27,0
18268,28,0
18269,29,1
18270,0,0
18271,1,1
18272,2,0
18273,3,0
18274,4,0
18275,5,0
18276,6,0
18277,7,1
18278,8,0
18279,9,0
18280,10,0
18281,11,1
18282,12,0
18283,13,1
18284,14,0
18285,15,0
18286,16,0
18287,17,1
18288,18,0
18289,19,1
18290,20,0
18291,21,0
18292,22,0
18293,23,1
18294,24,0
18295,25,0
18296,26,0
18297,27,0
18298,28,0
18299,29,1
18300,0,0
18301,1,1
18302,2,0
18303,3,0
18304,4,0
18305,5,0
18306,6,0
18307,7,1
18308,8,0
18309,9,0
18310,10,0
18311,11,1
18312,12,0
18313,13,1
18314,14,0
18315,15,0
18316,16,0
18317,17,1
18318,18,0
18319,19,1
18320,20,0
18321,21,0
18322,22,0
18323,23,1
18324,24,0
18325,25,0
18326,26,0
18327,27,0
18328,28,0
18329,29,1
18330,0,0
18331,1,1
18332,2,0
18333,3,0
18334,4,0
18335,5,0
18336,6,0
18337,7,1
18338,8,0
18339,9,0
18340,10,0
18341,11,1
18342,12,0
18343,13,1
18344,14,0
18345,15,0
18346,16,0
18347,17,1
18348,18,0
18349,19,1
18350,20,0
18351,21,0
18352,22,0
18353,23,1
18354,24,0
18355,25,0
18356,26,0
18357,27,0
18358,28,0
18359,29,1
18360,0,0
18361,1,1
18362,2,0
18363,3,0
18364,4,0
18365,5,0
18366,6,0
18367,7,1
18368,8,0
18369,9,0
18370,10,0
18371,11,1
18372,12,0
18373,13,1
18374,14,0
18375,15,0
18376,16,0
18377,17,1
18378,18,0
18379,19,1
18380,20,0
18381,21,0
18382,22,0
18383,23,1
18384,24,0
18385,25,0
18386,26,0
18387,27,0
18388,28,0
18389,29,1
18390,0,0
18391,1,1
18392,2,0
18393,3,0
18394,4,0
18395,5,0
18396,6,0
18397,7,1
18398,8,0
18399,9,0
18400,10,0
18401,11,1
18402,12,0
18403,13,1
18404,14,0
18405,15,0
18406,16,0
18407,17,1
18408,18,0
18409,19,1
18410,20,0
18411,21,0
18412,22,0
18413,23,1
18414,24,0
18415,25,0
18416,26,0
18417,27,0
18418,28,0
18419,29,1
18420,0,0
18421,1,1
18422,2,0
18423,3,0
18424,4,0
18425,5,0
18426,6,0
18427,7,1
18428,8,0
18429,9,0
18430,10,0
18431,11,1
18432,12,0
18433,13,1
18434,14,0
18435,15,0
18436,16,0
18437,17,1
18438,18,0
18439,19,1
18440,20,0
18441,21,0
18442,22,0
18443,23,1
18444,24,0
18445,25,0
18446,26,0
18447,27,0
18448,28,0
18449,29,1
18450,0,0
18451,1,1
18452,2,0
18453,3,0
18454,4,0
18455,5,0
18456,6,0
18457,7,1
18458,8,0
18459,9,0
18460,10,0
18461,11,1
18462,12,0
18463,13,1
18464,14,0
18465,15,0
18466,16,0
18467,17,1
18468,18,0
18469,19,1
18470,20,0
18471,21,0
18472,22,0
18473,23,1
18474,24,0
18475,25,0
18476,26,0
18477,27,0
18478,28,0
18479,29,1
18480,0,0
18481,1,1
18482,2,0
18483,3,0
18484,4,0
18485,5,0
18486,6,0
18487,7,1
18488,8,0
18489,9,0
18490,10,0
18491,11,1
18492,12,0
18493,13,1
18494,14,0
18495,15,0
18496,16,0
18497,17,1
18498,18,0
18499,19,1
18500,20,0
18501,21,0
18502,22,0
18503,23,1
18504,24,0
18505,25,0
18506,26,0
18507,27,0
18508,28,0
18509,29,1
18510,0,0
18511,1,1
18512,2,0
18513,3,0
18514,4,0
18515,5,0
18516,6,0
18517,7,1
18518,8,0
18519,9,0
18520,10,0
18521,11,1
18522,12,0
18523,13,1
18524,14,0
18525,15,0
18526,16,0
18527,17,1
18528,18,0
18529,19,1
18530,20,0
18531,21,0
18532,22,0
18533,23,1
18534,24,0
18535,25,0
18536,26,0
18537,27,0
18538,28,0
18539,29,1
18540,0,0
18541,1,1
18542,2,0
18543,3,0
18544,4,0
18545,5,0
18546,6,0
18547,7,1
18548,8,0
18549,9,0
18550,10,0
18551,11,1
18552,12,0
18553,13,1
18554,14,0
18555,15,0
18556,16,0
18557,17,1
18558,18,0
18559,19,1
18560,20,0
18561,21,0
18562,22,0
18563,23,1
18564,24,0
18565,25,0
18566,26,0
18567,27,0
18568,28,0
18569,29,1
18570,0,0
18571,1,1
18572,2,0
18573,3,0
18574,4,0
18575,5,0
18576,6,0
18577,7,1
18578,8,0
18579,9,0
18580,10,0
18581,11,1
18582,12,0
18583,13,1
18584,14,0
18585,15,0
18586,16,0
18587,17,1
18588,18,0
18589,19,1
18590,20,0
18591,21,0
18592,22,0
18593,23,1
18594,24,0
18595,25,0
18596,26,0
18597,27,0
18598,28,0
18599,29,1
18600,0,0
18601,1,1
18602,2,0
18603,3,0
18604,4,0
18605,5,0
18606,6,0
18607,7,1
18608,8,0
18609,9,0
18610,10,0
18611,11,1
18612,12,0
18613,13,1
18614,14,0
18615,15,0
18616,16,0
18617,17,1
18618,18,0
18619,19,1
18620,20,0
18621,21,0
18622,22,0
18623,23,1
18624,24,0
18625,25,0
18626,26,0
18627,27,0
18628,28,0
18629,29,1
18630,0,0
18631,1,1
18632,2,0
18633,3,0
18634,4,0
18635,5,0
18636,6,0
18637,7,1
18638,8,0
18639,9,0
18640,10,0
18641,11,1
18642,12,0
18643,13,1
18644,14,0
18645,15,0
18646,16,0
18647,17,1
18648,18,0
18649,19,1
18650,20,0
18651,21,0
18652,22,0
18653,23,1
18654,24,0
18655,25,0
18656,26,0
18657,27,0
18658,28,0
18659,29,1
18660,0,0
18661,1,1
18662,2,0
18663,3,0
18664,4,0
18665,5,0
18666,6,0
18667,7,1
18668,8,0
18669,9,0
18670,10,0
18671,11,1
18672,12,0
18673,13,1
18674,14,0
18675,15,0
18676,16,0
18677,17,1
18678,18,0
18679,19,1
18680,20,0
18681,21,0
18682,22,0
18683,23,1
18684,24,0
18685,25,0
18686,26,0
18687,27,0
18688,28,0
18689,29,1
18690,0,0
18691,1,1
18692,2,0
18693,3,0
18694,4,0
18695,5,0
18696,6,0
18697,7,1
18698,8,0
18699,9,0
18700,10,0
18701,11,1
18702,12,0
18703,13,1
18704,14,0
18705,15,0
18706,16,0
18707,17,1
18708,18,0
18709,19,1
18710,20,0
18711,21,0
18712,22,0
18713,23,1
18714,24,0
18715,25,0
18716,26,0
18717,27,0
18718,28,0
18719,29,1
18720,0,0
18721,1,1
18722,2,0
18723,3,0
18724,4,0
18725,5,0
18726,6,0
18727,7,1
18728,8,0
18729,9,0
18730,10,0
18731,11,1
18732,12,0
18733,13,1
18734,14,0
18735,15,0
18736,16,0
18737,17,1
18738,18,0
18739,19,1
18740,20,0
18741,21,0
18742,22,0
18743,23,1
18744,24,0
18745,25,0
18746,26,0
18747,27,0
18748,28,0
18749,29,1
18750,0,0
18751,1,1
18752,2,0
18753,3,0
18754,4,0
18755,5,0
18756,6,0
18757,7,1
18758,8,0
18759,9,0
18760,10,0
18761,11,1
18762,12,0
18763,13,1
18764,14,0
18765,15,0
18766,16,0
18767,17,1
18768,18,0
18769,19,1
18770,20,0
18771,21,0
18772,22,0
18773,23,1
18774,24,0
18775,25,0
18776,26,0
18777,27,0
18778,28,0
18779,29,1
18780,0,0
18781,1,1
18782,2,0
18783,3,0
18784,4,0
18785,5,0
18786,6,0
18787,7,1
18788,8,0
18789,9,0
18790,10,0
18791,11,1
18792,12,0
18793,13,1
18794,14,0
18795,15,0
18796,16,0
18797,17,1
18798,18,0
18799,19,1
18800,20,0
18801,21,0
18802,22,0
18803,23,1
18804,24,0
18805,25,0
18806,26,0
18807,27,0
18808,28,0
18809,29,1
18810,0,0
18811,1,1
18812,2,0
18813,3,0
18814,4,0
18815,5,0
18816,6,0
18817,7,1
18818,8,0
18819,9,0
18820,10,0
18821,11,1
18822,12,0
18823,13,1
18824,14,0
18825,15,0
18826,16,0
18827,17,1
18828,18,0
18829,19,1
18830,20,0
18831,21,0
18832,22,0
18833,23,1
18834,24,0
18835,25,0
18836,26,0
18837,27,0
18838,28,0
18839,29,1
18840,0,0
18841,1,1
18842,2,0
18843,3,0
18844,4,0
18845,5,0
18846,6,0
18847,7,1
18848,8,0
18849,9,0
18850,10,0
18851,11,1
18852,12,0
18853,13,1
18854,14,0
18855,15,0
18856,16,0
18857,17,1
18858,18,0
18859,19,1
18860,20,0
18861,21,0
18862,22,0
18863,23,1
18864,24,0
18865,25,0
18866,26,0
18867,27,0
18868,28,0
18869,29,1
18870,0,0
18871,1,1
18872,2,0
18873,3,0
18874,4,0
18875,5,0
18876,6,0
18877,7,1
18878,8,0
18879,9,0
18880,10,0
18881,11,1
18882,12,0
18883,13,1
18884,14,0
18885,15,0
18886,16,0
18887,17,1
18888,18,0
18889,19,1
18890,20,0
18891,21,0
18892,22,0
18893,23,1
18894,24,0
18895,25,0
18896,26,0
18897,27,0
18898,28,0
18899,29,1
18900,0,0
18901,1,1
18902,2,0
18903,3,0
18904,4,0
18905,5,0
18906,6,0
18907,7,1
18908,8,0
18909,9,0
18910,10,0
18911,11,1
18912,12,0
18913,13,1
18914,14,0
18915,15,0
18916,16,0
18917,17,1
18918,18,0
18919,19,1
18920,20,0
18921,21,0
18922,22,0
18923,23,1
18924,24,0
18925,25,0
18926,26,0
18927,27,0
18928,28,0
18929,29,1
18930,0,0
18931,1,1
18932,2,0
18933,3,0
18934,4,0
18935,5,0
18936,6,0
18937,7,1
18938,8,0
18939,9,0
18940,10,0
18941,11,1
18942,12,0
18943,13,1
18944,14,0
18945,15,0
18946,16,0
18947,17,1
18948,18,0
18949,19,1
18950,20,0
18951,21,0
18952,22,0
18953,23,1
18954,24,0
18955,25,0
18956,26,0
18957,27,0
18958,28,0
18959,29,1
18960,0,0
18961,1,1
18962,2,0
18963,3,0
18964,4,0
18965,5,0
18966,6,0
18967,7,1
18968,8,0
18969,9,0
18970,10,0
18971,11,1
18972,12,0
18973,13,1
18974,14,0
18975,15,0
18976,16,0
18977,17,1
18978,18,0
18979,19,1
18980,20,0
18981,21,0
18982,22,0
18983,23,1
18984,24,0
18985,25,0
18986,26,0
18987,27,0
18988,28,0
18989,29,1
18990,0,0
18991,1,1
18992,2,0
18993,3,0
18994,4,0
18995,5,0
18996,6,0
18997,7,1
18998,8,0
18999,9,0
19000,10,0
19001,11,1
19002,12,0
19003,13,1
19004,14,0
19005,15,0
19006,16,0
19007,17,1
19008,18,0
19009,19,1
19010,20,0
19011,21,0
19012,22,0
19013,23,1
19014,24,0
19015,25,0
19016,26,0
19017,27,0
19018,28,0
19019,29,1
19020,0,0
19021,1,1
19022,2,0
19023,3,0
19024,4,0
19025,5,0
19026,6,0
19027,7,1
19028,8,0
19029,9,0
19030,10,0
19031,11,1
19032,12,0
19033,13,1
19034,14,0
19035,15,0
19036,16,0
19037,17,1
19038,18,0
19039,19,1
19040,20,0
19041,21,0
19042,22,0
19043,23,1
19044,24,0
19045,25,0
19046,26,0
19047,27,0
19048,28,0
19049,29,1
19050,0,0
19051,1,1
19052,2,0
19053,3,0
19054,4,0
19055,5,0
19056,6,0
19057,7,1
19058,8,0
19059,9,0
19060,10,0
19061,11,1
19062,12,0
19063,13,1
19064,14,0
19065,15,0
19066,16,0
19067,17,1
19068,18,0
19069,19,1
19070,20,0
19071,21,0
19072,22,0
19073,23,1
19074,24,0
19075,25,0
19076,26,0
19077,27,0
19078,28,0
19079,29,1
19080,0,0
19081,1,1
19082,2,0
19083,3,0
19084,4,0
19085,5,0
19086,6,0
19087,7,1
19088,8,0
19089,9,0
19090,10,0
19091,11,1
19092,12,0
19093,13,1
19094,14,0
19095,15,0
19096,16,0
19097,17,1
19098,18,0
19099,19,1
19100,20,0
19101,21,0
19102,22,0
19103,23,1
19104,24,0
19105,25,0
19106,26,0
19107,27,0
19108,28,0
19109,29,1
19110,0,0
19111,1,1
19112,2,0
19113,3,0
19114,4,0
19115,5,0
19116,6,0
19117,7,1
19118,8,0
19119,9,0
19120,10,0
19121,11,1
19122,12,0
19123,13,1
19124,14,0
19125,15,0
19126,16,0
19127,17,1
19128,18,0
19129,19,1
19130,20,0
19131,21,0
19132,22,0
19133,23,1
19134,24,0
19135,25,0
19136,26,0
19137,27,0
19138,28,0
19139,29,1
19140,0,0
19141,1,1
19142,2,0
19143,3,0
19144,4,0
19145,5,0
19146,6,0
19147,7,1
19148,8,0
19149,9,0
19150,10,0
19151,11,1
19152,12,0
19153,13,1
19154,14,0
19155,15,0
19156,16,0
19157,17,1
19158,18,0
19159,19,1
19160,20,0
19161,21,0
19162,22,0
19163,23,1
19164,24,0
19165,25,0
19166,26,0
19167,27,0
19168,28,0
19169,29,1
19170,0,0
19171,1,1
19172,2,0
19173,3,0
19174,4,0
19175,5,0
19176,6,0
19177,7,1
19178,8,0
19179,9,0
19180,10,0
19181,11,1
19182,12,0
19183,13,1
19184,14,0
19185,15,0
19186,16,0
19187,17,1
19188,18,0
19189,19,1
19190,20,0
19191,21,0
19192,22,0
19193,23,1
19194,24,0
19195,25,0
19196,26,0
19197,27,0
19198,28,0
19199,29,1
19200,0,0
19201,1,1
19202,2,0
19203,3,0
19204,4,0
19205,5,0
19206,6,0
19207,7,1
19208,8,0
19209,9,0
19210,10,0
19211,11,1
19212,12,0
19213,13,1
19214,14,0
19215,15,0
19216,16,0
19217,17,1
19218,18,0
19219,19,1
19220,20,0
19221,21,0
19222,22,0
19223,23,1
19224,24,0
19225,25,0
19226,26,0
19227,27,0
19228,28,0
19229,29,1
19230,0,0
19231,1,1
19232,2,0
19233,3,0
19234,4,0
19235,5,0
19236,6,0
19237,7,1
19238,8,0
19239,9,0
19240,10,0
19241,11,1
19242,12,0
19243,13,1
19244,14,0
19245,15,0
19246,16,0
19247,17,1
19248,18,0
19249,19,1
19250,20,0
19251,21,0
19252,22,0
19253,23,1
19254,24,0
19255,25,0
19256,26,0
19257,27,0
19258,28,0
19259,29,1
19260,0,0
19261,1,1
19262,2,0
19263,3,0
19264,4,0
19265,5,0
19266,6,0
19267,7,1
19268,8,0
19269,9,0
19270,10,0
19271,11,1
19272,12,0
19273,13,1
19274,14,0
19275,15,0
19276,16,0
19277,17,1
19278,18,0
19279,19,1
19280,20,0
19281,21,0
19282,22,0
19283,23,1
19284,24,0
19285,25,0
19286,26,0
19287,27,0
19288,28,0
19289,29,1
19290,0,0
19291,1,1
19292,2,0
19293,3,0
19294,4,0
19295,5,0
19296,6,0
19297,7,1
19298,8,0
19299,9,0
19300,10,0
19301,11,1
19302,12,0
19303,13,1
19304,14,0
19305,15,0
19306,16,0
19307,17,1
19308,18,0
19309,19,1
19310,20,0
19311,21,0
19312,22,0
19313,23,1
19314,24,0
19315,25,0
19316,26,0
19317,27,0
19318,28,0
19319,29,1
19320,0,0
19321,1,1
19322,2,0
19323,3,0
19324,4,0
19325,5,0
19326,6,0
19327,7,1
19328,8,0
19329,9,0
19330,10,0
19331,11,1
19332,12,0
19333,13,1
19334,14,0
19335,15,0
19336,16,0
19337,17,1
19338,18,0
19339,19,1
19340,20,0
19341,21,0
19342,22,0
19343,23,1
19344,24,0
19345,25,0
19346,26,0
19347,27,0
19348,28,0
19349,29,1
19350,0,0
19351,1,1
19352,2,0
19353,3,0
19354,4,0
19355,5,0
19356,6,0
19357,7,1
19358,8,0
19359,9,0
19360,10,0
19361,11,1
19362,12,0
19363,13,1
19364,14,0
19365,15,0
19366,16,0
19367,17,1
19368,18,0
19369,19,1
19370,20,0
19371,21,0
19372,22,0
19373,23,1
19374,24,0
19375,25,0
19376,26,0
19377,27,0
19378,28,0
19379,29,1
19380,0,0
19381,1,1
19382,2,0
19383,3,0
19384,4,0
19385,5,0
19386,6,0
19387,7,1
19388,8,0
19389,9,0
19390,10,0
19391,11,1
19392,12,0
19393,13,1
19394,14,0
19395,15,0
19396,16,0
19397,17,1
19398,18,0
19399,19,1
19400,20,0
19401,21,0
19402,22,0
19403,23,1
19404,24,0
19405,25,0
19406,26,0
19407,27,0
19408,28,0
19409,29,1
19410,0,0
19411,1,1
19412,2,0
19413,3,0
19414,4,0
19415,5,0
19416,6,0
19417,7,1
19418,8,0
19419,9,0
19420,10,0
19421,11,1
19422,12,0
19423,13,1
19424,14,0
19425,15,0
19426,16,0
19427,17,1
19428,18,0
19429,19,1
19430,20,0
19431,21,0
19432,22,0
19433,23,1
19434,24,0
19435,25,0
19436,26,0
19437,27,0
19438,28,0
19439,29,1
19440,0,0
19441,1,1
19442,2,0
19443,3,0
19444,4,0
19445,5,0
19446,6,0
19447,7,1
19448,8,0
19449,9,0
19450,10,0
19451,11,1
19452,12,0
19453,13,1
19454,14,0
19455,15,0
19456,16,0
19457,17,1
19458,18,0
19459,19,1
19460,20,0
19461,21,0
19462,22,0
19463,23,1
19464,24,0
19465,25,0
19466,26,0
19467,27,0
19468,28,0
19469,29,1
19470,0,0
19471,1,1
19472,2,0
19473,3,0
19474,4,0
19475,5,0
19476,6,0
19477,7,1
19478,8,0
19479,9,0
19480,10,0
19481,11,1
19482,12,0
19483,13,1
19484,14,0
19485,15,0
19486,16,0
19487,17,1
19488,18,0
19489,19,1
19490,20,0
19491,21,0
19492,22,0
19493,23,1
19494,24,0
19495,25,0
19496,26,0
19497,27,0
19498,28,0
19499,29,1
19500,0,0
19501,1,1
19502,2,0
19503,3,0
19504,4,0
19505,5,0
19506,6,0
19507,7,1
19508,8,0
19509,9,0
19510,10,0
19511,11,1
19512,12,0
19513,13,1
19514,14,0
19515,15,0
19516,16,0
19517,17,1
19518,18,0
19519,19,1
19520,20,0
19521,21,0
19522,22,0
19523,23,1
19524,24,0
19525,25,0
19526,26,0
19527,27,0
19528,28,0
19529,29,1
19530,0,0
19531,1,1
19532,2,0
19533,3,0
19534,4,0
19535,5,0
19536,6,0
19537,7,1
19538,8,0
19539,9,0
19540,10,0
19541,11,1
19542,12,0
19543,13,1
19544,14,0
19545,15,0
19546,16,0
19547,17,1
19548,18,0
19549,19,1
19550,20,0
19551,21,0
19552,22,0
19553,23,1
19554,24,0
19555,25,0
19556,26,0
19557,27,0
19558,28,0
19559,29,1
19560,0,0
19561,1,1
19562,2,0
19563,3,0
19564,4,0
19565,5,0
19566,6,0
19567,7,1
19568,8,0
19569,9,0
19570,10,0
19571,11,1
19572,12,0
19573,13,1
19574,14,0
19575,15,0
19576,16,0
19577,17,1
19578,18,0
19579,19,1
19580,20,0
19581,21,0
19582,22,0
19583,23,1
19584,24,0
19585,25,0
19586,26,0
19587,27,0
19588,28,0
19589,29,1
19590,0,0
19591,1,1
19592,2,0
19593,3,0
19594,4,0
19595,5,0
19596,6,0
19597,7,1
19598,8,0
19599,9,0
19600,10,0
19601,11,1
19602,12,0
19603,13,1
19604,14,0
19605,15,0
19606,16,0
19607,17,1
19608,18,0
19609,19,1
19610,20,0
19611,21,0
19612,22,0
19613,23,1
19614,24,0
19615,25,0
19616,26,0
19617,27,0
19618,28,0
19619,29,1
19620,0,0
19621,1,1
19622,2,0
19623,3,0
19624,4,0
19625,5,0
19626,6,0
19627,7,1
19628,8,0
19629,9,0
19630,10,0
19631,11,1
19632,12,0
19633,13,1
19634,14,0
19635,15,0
19636,16,0
19637,17,1
19638,18,0
19639,19,1
19640,20,0
19641,21,0
19642,22,0
19643,23,1
19644,24,0
19645,25,0
19646,26,0
19647,27,0
19648,28,0
19649,29,1
19650,0,0
19651,1,1
19652,2,0
19653,3,0
19654,4,0
19655,5,0
19656,6,0
19657,7,1
19658,8,0
19659,9,0
19660,10,0
19661,11,1
19662,12,0
19663,13,1
19664,14,0
19665,15,0
19666,16,0
19667,17,1
19668,18,0
19669,19,1
19670,20,0
19671,21,0
19672,22,0
19673,23,1
19674,24,0
19675,25,0
19676,26,0
19677,27,0
19678,28,0
19679,29,1
19680,0,0
19681,1,1
19682,2,0
19683,3,0
19684,4,0
19685,5,0
19686,6,0
19687,7,1
19688,8,0
19689,9,0
19690,10,0
19691,11,1
19692,12,0
19693,13,1
19694,14,0
19695,15,0
19696,16,0
19697,17,1
19698,18,0
19699,19,1
19700,20,0
19701,21,0
19702,22,0
19703,23,1
19704,24,0
19705,25,0
19706,26,0
19707,27,0
19708,28,0
19709,29,1
19710,0,0
19711,1,1
19712,2,0
19713,3,0
19714,4,0
19715,5,0
19716,6,0
19717,7,1
19718,8,0
19719,9,0
19720,10,0
19721,11,1
19722,12,0
19723,13,1
19724,14,0
19725,15,0
19726,16,0
19727,17,1
19728,18,0
19729,19,1
19730,20,0
19731,21,0
19732,22,0
19733,23,1
19734,24,0
19735,25,0
19736,26,0
19737,27,0
19738,28,0
19739,29,1
19740,0,0
19741,1,1
19742,2,0
19743,3,0
19744,4,0
19745,5,0
19746,6,0
19747,7,1
19748,8,0
19749,9,0
19750,10,0
19751,11,1
19752,12,0
19753,13,1
19754,14,0
19755,15,0
19756,16,0
19757,17,1
19758,18,0
19759,19,1
19760,20,0
19761,21,0
19762,22,0
19763,23,1
19764,24,0
19765,25,0
19766,26,0
19767,27,0
19768,28,0
19769,29,1
19770,0,0
19771,1,1
19772,2,0
19773,3,0
19774,4,0
19775,5,0
19776,6,0
19777,7,1
19778,8,0
19779,9,0
19780,10,0
19781,11,1
19782,12,0
19783,13,1
19784,14,0
19785,15,0
19786,16,0
19787,17,1
19788,18,0
19789,19,1
19790,20,0
19791,21,0
19792,22,0
19793,23,1
19794,24,0
19795,25,0
19796,26,0
19797,27,0
19798,28,0
19799,29,1
19800,0,0
19801,1,1
19802,2,0
19803,3,0
19804,4,0
19805,5,0
19806,6,0
19807,7,1
19808,8,0
19809,9,0
19810,10,0
19811,11,1
19812,12,0
19813,13,1
19814,14,0
19815,15,0
19816,16,0
19817,17,1
19818,18,0
19819,19,1
19820,20,0
19821,21,0
19822,22,0
19823,23,1
19824,24,0
19825,25,0
19826,26,0
19827,27,0
19828,28,0
19829,29,1
19830,0,0
19831,1,1
19832,2,0
19833,3,0
19834,4,0
19835,5,0
19836,6,0
19837,7,1
19838,8,0
19839,9,0
19840,10,0
19841,11,1
19842,12,0
19843,13,1
19844,14,0
19845,15,0
19846,16,0
19847,17,1
19848,18,0
19849,19,1
19850,20,0
19851,21,0
19852,22,0
19853,23,1
19854,24,0
19855,25,0
19856,26,0
19857,27,0
19858,28,0
19859,29,1
19860,0,0
19861,1,1
19862,2,0
19863,3,0
19864,4,0
19865,5,0
19866,6,0
19867,7,1
19868,8,0
19869,9,0
19870,10,0
19871,11,1
19872,12,0
19873,13,1
19874,14,0
19875,15,0
19876,16,0
19877,17,1
19878,18,0
19879,19,1
19880,20,0
19881,21,0
19882,22,0
19883,23,1
19884,24,0
19885,25,0
19886,26,0
19887,27,0
19888,28,0
19889,29,1
19890,0,0
19891,1,1
19892,2,0
19893,3,0
19894,4,0
19895,5,0
19896,6,0
19897,7,1
19898,8,0
19899,9,0
19900,10,0
19901,11,1
19902,12,0
19903,13,1
19904,14,0
19905,15,0
19906,16,0
19907,17,1
19908,18,0
19909,19,1
19910,20,0
19911,21,0
19912,22,0
19913,23,1
19914,24,0
19915,25,0
19916,26,0
19917,27,0
19918,28,0
19919,29,1
19920,0,0
19921,1,1
19922,2,0
19923,3,0
19924,4,0
19925,5,0
19926,6,0
19927,7,1
19928,8,0
19929,9,0
19930,10,0
19931,11,1
19932,12,0
19933,13,1
19934,14,0
19935,15,0
19936,16,0
19937,17,1
19938,18,0
19939,19,1
19940,20,0
19941,21,0
19942,22,0
19943,23,1
19944,24,0
19945,25,0
19946,26,0
19947,27,0
19948,28,0
19949,29,1
19950,0,0
19951,1,1
19952,2,0
19953,3,0
19954,4,0
19955,5,0
19956,6,0
19957,7,1
19958,8,0
19959,9,0
19960,10,0
19961,11,1
19962,12,0
19963,13,1
19964,14,0
19965,15,0
19966,16,0
19967,17,1
19968,18,0
19969,19,1
19970,20,0
19971,21,0
19972,22,0
19973,23,1
19974,24,0
19975,25,0
19976,26,0
19977,27,0
19978,28,0
19979,29,1
19980,0,0
19981,1,1
19982,2,0
19983,3,0
19984,4,0
19985,5,0
19986,6,0
19987,7,1
19988,8,0
19989,9,0
19990,10,0
19991,11,1
19992,12,0
19993,13,1
19994,14,0
19995,15,0
19996,16,0
19997,17,1
19998,18,0
19999,19,1
20000,20,0
20001,21,0
20002,22,0
20003,23,1
20004,24,0
20005,25,0
20006,26,0
20007,27,0
20008,28,0
20009,29,1
20010,0,0
20011,1,1
20012,2,0
20013,3,0
20014,4,0
20015,5,0
20016,6,0
20017,7,1
20018,8,0
20019,9,0
20020,10,0
20021,11,1
20022,12,0
20023,13,1
20024,14,0
20025,15,0
20026,16,0
20027,17,1
20028,18,0
20029,19,1
20030,20,0
20031,21,0
20032,22,0
20033,23,1
20034,24,0
20035,25,0
20036,26,0
20037,27,0
20038,28,0
20039,29,1
20040,0,0
20041,1,1
20042,2,0
20043,3,0
20044,4,0
20045,5,0
20046,6,0
20047,7,1
20048,8,0
20049,9,0
20050,10,0
20051,11,1
20052,12,0
20053,13,1
20054,14,0
20055,15,0
20056,16,0
20057,17,1
20058,18,0
20059,19,1
20060,20,0
20061,21,0
20062,22,0
20063,23,1
20064,24,0
20065,25,0
20066,26,0
20067,27,0
20068,28,0
20069,29,1
20070,0,0
20071,1,1
20072,2,0
20073,3,0
20074,4,0
20075,5,0
20076,6,0
20077,7,1
20078,8,0
20079,9,0
20080,10,0
20081,11,1
20082,12,0
20083,13,1
20084,14,0
20085,15,0
20086,16,0
20087,17,1
20088,18,0
20089,19,1
20090,20,0
20091,21,0
20092,22,0
20093,23,1
20094,24,0
20095,25,0
20096,26,0
20097,27,0
20098,28,0
20099,29,1
20100,0,0
20101,1,1
20102,2,0
20103,3,0
20104,4,0
20105,5,0
20106,6,0
20107,7,1
20108,8,0
20109,9,0
20110,10,0
20111,11,1
20112,12,0
20113,13,1
20114,14,0
20115,15,0
20116,16,0
20117,17,1
20118,18,0
20119,19,1
20120,20,0
20121,21,0
20122,22,0
20123,23,1
20124,24,0
20125,25,0
20126,26,0
20127,27,0
20128,28,0
20129,29,1
20130,0,0
20131,1,1
20132,2,0
20133,3,0
20134,4,0
20135,5,0
20136,6,0
20137,7,1
20138,8,0
20139,9,0
20140,10,0
20141,11,1
20142,12,0
20143,13,1
20144,14,0
20145,15,0
20146,16,0
20147,17,1
20148,18,0
20149,19,1
20150,20,0
20151,21,0
20152,22,0
20153,23,1
20154,24,0
20155,25,0
20156,26,0
20157,27,0
20158,28,0
20159,29,1
20160,0,0
20161,1,1
20162,2,0
20163,3,0
20164,4,0
20165,5,0
20166,6,0
20167,7,1
20168,8,0
20169,9,0
20170,10,0
20171,11,1
20172,12,0
20173,13,1
20174,14,0
20175,15,0
20176,16,0
20177,17,1
20178,18,0
20179,19,1
20180,20,0
20181,21,0
20182,22,0
20183,23,1
20184,24,0
20185,25,0
20186,26,0
20187,27,0
20188,28,0
20189,29,1
20190,0,0
20191,1,1
20192,2,0
20193,3,0
20194,4,0
20195,5,0
20196,6,0
20197,7,1
20198,8,0
20199,9,0
20200,10,0
20201,11,1
20202,12,0
20203,13,1
20204,14,0
20205,15,0
20206,16,0
20207,17,1
20208,18,0
20209,19,1
20210,20,0
20211,21,0
20212,22,0
20213,23,1
20214,24,0
20215,25,0
20216,26,0
20217,27,0
20218,28,0
20219,29,1
20220,0,0
20221,1,1
20222,2,0
20223,3,0
20224,4,0
20225,5,0
20226,6,0
20227,7,1
20228,8,0
20229,9,0
20230,10,0
20231,11,1
20232,12,0
20233,13,1
20234,14,0
20235,15,0
20236,16,0
20237,17,1
20238,18,0
20239,19,1
20240,20,0
20241,21,0
20242,22,0
20243,23,1
20244,24,0
20245,25,0
20246,26,0
20247,27,0
20248,28,0
20249,29,1
20250,0,0
20251,1,1
20252,2,0
20253,3,0
20254,4,0
20255,5,0
20256,6,0
20257,7,1
20258,8,0
20259,9,0
20260,10,0
20261,11,1
20262,12,0
20263,13,1
20264,14,0
20265,15,0
20266,16,0
20267,17,1
20268,18,0
20269,19,1
20270,20,0
20271,21,0
20272,22,0
20273,23,1
20274,24,0
20275,25,0
20276,26,0
20277,27,0
20278,28,0
20279,29,1
20280,0,0
20281,1,1
20282,2,0
20283,3,0
20284,4,0
20285,5,0
20286,6,0
20287,7,1
20288,8,0
20289,9,0
20290,10,0
20291,11,1
20292,12,0
20293,13,1
20294,14,0
20295,15,0
20296,16,0
20297,17,1
20298,18,0
20299,19,1
20300,20,0
20301,21,0
20302,22,0
20303,23,1
20304,24,0
20305,25,0
20306,26,0
20307,27,0
20308,28,0
20309,29,1
20310,0,0
20311,1,1
20312,2,0
20313,3,0
20314,4,0
20315,5,0
20316,6,0
20317,7,1
20318,8,0
20319,9,0
20320,10,0
20321,11,1
20322,12,0
20323,13,1
20324,14,0
20325,15,0
20326,16,0
20327,17,1
20328,18,0
20329,19,1
20330,20,0
20331,21,0
20332,22,0
20333,23,1
20334,24,0
20335,25,0
20336,26,0
20337,27,0
20338,28,0
20339,29,1
20340,0,0
20341,1,1
20342,2,0
20343,3,0
20344,4,0
20345,5,0
20346,6,0
20347,7,1
20348,8,0
20349,9,0
20350,10,0
20351,11,1
20352,12,0
20353,13,1
20354,14,0
20355,15,0
20356,16,0
20357,17,1
20358,18,0
20359,19,1
20360,20,0
20361,21,0
20362,22,0
20363,23,1
20364,24,0
20365,25,0
20366,26,0
20367,27,0
20368,28,0
20369,29,1
20370,0,0
20371,1,1
20372,2,0
20373,3,0
20374,4,0
20375,5,0
20376,6,0
20377,7,1
20378,8,0
20379,9,0
20380,10,0
20381,11,1
20382,12,0
20383,13,1
20384,14,0
20385,15,0
20386,16,0
20387,17,1
20388,18,0
20389,19,1
20390,20,0
20391,21,0
20392,22,0
20393,23,1
20394,24,0
20395,25,0
20396,26,0
20397,27,0
20398,28,0
20399,29,1
20400,0,0
20401,1,1
20402,2,0
20403,3,0
20404,4,0
20405,5,0
20406,6,0
20407,7,1
20408,8,0
20409,9,0
20410,10,0
20411,11,1
20412,12,0
20413,13,1
20414,14,0
20415,15,0
20416,16,0
20417,17,1
20418,18,0
20419,19,1
20420,20,0
20421,21,0
20422,22,0
20423,23,1
20424,24,0
20425,25,0
20426,26,0
20427,27,0
20428,28,0
20429,29,1
20430,0,0
20431,1,1
20432,2,0
20433,3,0
20434,4,0
20435,5,0
20436,6,0
20437,7,1
20438,8,0
20439,9,0
20440,10,0
20441,11,1
20442,12,0
20443,13,1
20444,14,0
20445,15,0
20446,16,0
20447,17,1
20448,18,0
20449,19,1
20450,20,0
20451,21,0
20452,22,0
20453,23,1
20454,24,0
20455,25,0
20456,26,0
20457,27,0
20458,28,0
20459,29,1
20460,0,0
20461,1,1
20462,2,0
20463,3,0
20464,4,0
20465,5,0
20466,6,0
20467,7,1
20468,8,0
20469,9,0
20470,10,0
20471,11,1
20472,12,0
20473,13,1
20474,14,0
20475,15,0
20476,16,0
20477,17,1
20478,18,0
20479,19,1
20480,20,0
20481,21,0
20482,22,0
20483,23,1
20484,24,0
20485,25,0
20486,26,0
20487,27,0
20488,28,0
20489,29,1
20490,0,0
20491,1,1
20492,2,0
20493,3,0
20494,4,0
20495,5,0
20496,6,0
20497,7,1
20498,8,0
20499,9,0
20500,10,0
20501,11,1
20502,12,0
20503,13,1
20504,14,0
20505,15,0
20506,16,0
20507,17,1
20508,18,0
20509,19,1
20510,20,0
20511,21,0
20512,22,0
20513,23,1
20514,24,0
20515,25,0
20516,26,0
20517,27,0
20518,28,0
20519,29,1
20520,0,0
20521,1,1
20522,2,0
20523,3,0
20524,4,0
20525,5,0
20526,6,0
20527,7,1
20528,8,0
20529,9,0
20530,10,0
20531,11,1
20532,12,0
20533,13,1
20534,14,0
20535,15,0
20536,16,0
20537,17,1
20538,18,0
20539,19,1
20540,20,0
20541,21,0
20542,22,0
20543,23,1
20544,24,0
20545,25,0
20546,26,0
20547,27,0
20548,28,0
20549,29,1
20550,0,0
20551,1,1
20552,2,0
20553,3,0
20554,4,0
20555,5,0
20556,6,0
20557,7,1
20558,8,0
20559,9,0
20560,10,0
20561,11,1
20562,12,0
20563,13,1
20564,14,0
20565,15,0
20566,16,0
20567,17,1
20568,18,0
20569,19,1
20570,20,0
20571,21,0
20572,22,0
20573,23,1
20574,24,0
20575,25,0
20576,26,0
20577,27,0
20578,28,0
20579,29,1
20580,0,0
20581,1,1
20582,2,0
20583,3,0
20584,4,0
20585,5,0
20586,6,0
20587,7,1
20588,8,0
20589,9,0
20590,10,0
20591,11,1
20592,12,0
20593,13,1
20594,14,0
20595,15,0
20596,16,0
20597,17,1
20598,18,0
20599,19,1
20600,20,0
20601,21,0
20602,22,0
20603,23,1
20604,24,0
20605,25,0
20606,26,0
20607,27,0
20608,28,0
20609,29,1
20610,0,0
20611,1,1
20612,2,0
20613,3,0
20614,4,0
20615,5,0
20616,6,0
20617,7,1
20618,8,0
20619,9,0
20620,10,0
20621,11,1
20622,12,0
20623,13,1
20624,14,0
20625,15,0
20626,16,0
20627,17,1
20628,18,0
20629,19,1
20630,20,0
20631,21,0
20632,22,0
20633,23,1
20634,24,0
20635,25,0
20636,26,0
20637,27,0
20638,28,0
20639,29,1
20640,0,0
20641,1,1
20642,2,0
20643,3,0
20644,4,0
20645,5,0
20646,6,0
20647,7,1
20648,8,0
20649,9,0
20650,10,0
20651,11,1
20652,12,0
20653,13,1
20654,14,0
20655,15,0
20656,16,0
20657,17,1
20658,18,0
20659,19,1
20660,20,0
20661,21,0
20662,22,0
20663,23,1
20664,24,0
20665,25,0
20666,26,0
20667,27,0
20668,28,0
20669,29,1
20670,0,0
20671,1,1
20672,2,0
20673,3,0
20674,4,0
20675,5,0
20676,6,0
20677,7,1
20678,8,0
20679,9,0
20680,10,0
20681,11,1
20682,12,0
20683,13,1
20684,14,0
20685,15,0
20686,16,0
20687,17,1
20688,18,0
20689,19,1
20690,20,0
20691,21,0
20692,22,0
20693,23,1
20694,24,0
20695,25,0
20696,26,0
20697,27,0
20698,28,0
20699,29,1
20700,0,0
20701,1,1
20702,2,0
20703,3,0
20704,4,0
20705,5,0
20706,6,0
20707,7,1
20708,8,0
20709,9,0
20710,10,0
20711,11,1
20712,12,0
20713,13,1
20714,14,0
20715,15,0
20716,16,0
20717,17,1
20718,18,0
20719,19,1
20720,20,0
20721,21,0
20722,22,0
20723,23,1
20724,24,0
20725,25,0
20726,26,0
20727,27,0
20728,28,0
20729,29,1
20730,0,0
20731,1,1
20732,2,0
20733,3,0
20734,4,0
20735,5,0
20736,6,0
20737,7,1
20738,8,0
20739,9,0
20740,10,0
20741,11,1
20742,12,0
20743,13,1
20744,14,0
20745,15,0
20746,16,0
20747,17,1
20748,18,0
20749,19,1
20750,20,0
20751,21,0
20752,22,0
20753,23,1
20754,24,0
20755,25,0
20756,26,0
20757,27,0
20758,28,0
20759,29,1
20760,0,0
20761,1,1
20762,2,0
20763,3,0
20764,4,0
20765,5,0
20766,6,0
20767,7,1
20768,8,0
20769,9,0
20770,10,0
20771,11,1
20772,12,0
20773,13,1
20774,14,0
20775,15,0
20776,16,0
20777,17,1
20778,18,0
20779,19,1
20780,20,0
20781,21,0
20782,22,0
20783,23,1
20784,24,0
20785,25,0
20786,26,0
20787,27,0
20788,28,0
20789,29,1
20790,0,0
20791,1,1
20792,2,0
20793,3,0
20794,4,0
20795,5,0
20796,6,0
20797,7,1
20798,8,0
20799,9,0
20800,10,0
20801,11,1
20802,12,0
20803,13,1
20804,14,0
20805,15,0
20806,16,0
20807,17,1
20808,18,0
20809,19,1
20810,20,0
20811,21,0
20812,22,0
20813,23,1
20814,24,0
20815,25,0
20816,26,0
20817,27,0
20818,28,0
20819,29,1
20820,0,0
20821,1,1
20822,2,0
20823,3,0
20824,4,0
20825,5,0
20826,6,0
20827,7,1
20828,8,0
20829,9,0
20830,10,0
20831,11,1
20832,12,0
20833,13,1
20834,14,0
20835,15,0
20836,16,0
20837,17,1
20838,18,0
20839,19,1
20840,20,0
20841,21,0
20842,22,0
20843,23,1
20844,24,0
20845,25,0
20846,26,0
20847,27,0
20848,28,0
20849,29,1
20850,0,0
20851,1,1
20852,2,0
20853,3,0
20854,4,0
20855,5,0
20856,6,0
20857,7,1
20858,8,0
20859,9,0
20860,10,0
20861,11,1
20862,12,0
20863,13,1
20864,14,0
20865,15,0
20866,16,0
20867,17,1
20868,18,0
20869,19,1
20870,20,0
20871,21,0
20872,22,0
20873,23,1
20874,24,0
20875,25,0
20876,26,0
20877,27,0
20878,28,0
20879,29,1
20880,0,0
20881,1,1
20882,2,0
20883,3,0
20884,4,0
20885,5,0
20886,6,0
20887,7,1
20888,8,0
20889,9,0
20890,10,0
20891,11,1
20892,12,0
20893,13,1
20894,14,0
20895,15,0
20896,16,0
20897,17,1
20898,18,0
20899,19,1
20900,20,0
20901,21,0
20902,22,0
20903,23,1
20904,24,0
20905,25,0
20906,26,0
20907,27,0
20908,28,0
20909,29,1
20910,0,0
20911,1,1
20912,2,0
20913,3,0
20914,4,0
20915,5,0
20916,6,0
20917,7,1
20918,8,0
20919,9,0
20920,10,0
20921,11,1
20922,12,0
20923,13,1
20924,14,0
20925,15,0
20926,16,0
20927,17,1
20928,18,0
20929,19,1
20930,20,0
20931,21,0
20932,22,0
20933,23,1
20934,24,0
20935,25,0
20936,26,0
20937,27,0
20938,28,0
20939,29,1
20940,0,0
20941,1,1
20942,2,0
20943,3,0
20944,4,0
20945,5,0
20946,6,0
20947,7,1
20948,8,0
20949,9,0
20950,10,0
20951,11,1
20952,12,0
20953,13,1
20954,14,0
20955,15,0
20956,16,0
20957,17,1
20958,18,0
20959,19,1
20960,20,0
20961,21,0
20962,22,0
20963,23,1
20964,24,0
20965,25,0
20966,26,0
20967,27,0
20968,28,0
20969,29,1
20970,0,0
20971,1,1
20972,2,0
20973,3,0
20974,4,0
20975,5,0
20976,6,0
20977,7,1
20978,8,0
20979,9,0
20980,10,0
20981,11,1
20982,12,0
20983,13,1
20984,14,0
20985,15,0
20986,16,0
20987,17,1
20988,18,0
20989,19,1
20990,20,0
20991,21,0
20992,22,0
20993,23,1
20994,24,0
20995,25,0
20996,26,0
20997,27,0
20998,28,0
20999,29,1
21000,0,0
21001,1,1
21002,2,0
21003,3,0
21004,4,0
21005,5,0
21006,6,0
21007,7,1
21008,8,0
21009,9,0
21010,10,0
21011,11,1
21012,12,0
21013,13,1
21014,14,0
21015,15,0
21016,16,0
21017,17,1
21018,18,0
21019,19,1
21020,20,0
21021,21,0
21022,22,0
21023,23,1
21024,24,0
21025,25,0
21026,26,0
21027,27,0
21028,28,0
21029,29,1
21030,0,0
21031,1,1
21032,2,0
21033,3,0
21034,4,0
21035,5,0
21036,6,0
21037,7,1
21038,8,0
21039,9,0
21040,10,0
21041,11,1
21042,12,0
21043,13,1
21044,14,0
21045,15,0
21046,16,0
21047,17,1
21048,18,0
21049,19,1
21050,20,0
21051,21,0
21052,22,0
21053,23,1
21054,24,0
21055,25,0
21056,26,0
21057,27,0
21058,28,0
21059,29,1
21060,0,0
21061,1,1
21062,2,0
21063,3,0
21064,4,0
21065,5,0
21066,6,0
21067,7,1
21068,8,0
21069,9,0
21070,10,0
21071,11,1
21072,12,0
21073,13,1
21074,14,0
21075,15,0
21076,16,0
21077,17,1
21078,18,0
21079,19,1
21080,20,0
21081,21,0
21082,22,0
21083,23,1
21084,24,0
21085,25,0
21086,26,0
21087,27,0
21088,28,0
21089,29,1
21090,0,0
21091,1,1
21092,2,0
21093,3,0
21094,4,0
21095,5,0
21096,6,0
21097,7,1
21098,8,0
21099,9,0
21100,10,0
21101,11,1
21102,12,0
21103,13,1
21104,14,0
21105,15,0
21106,16,0
21107,17,1
21108,18,0
21109,19,1
21110,20,0
21111,21,0
21112,22,0
21113,23,1
21114,24,0
21115,25,0
21116,26,0
21117,27,0
21118,28,0
21119,29,1
21120,0,0
21121,1,1
21122,2,0
21123,3,0
21124,4,0
21125,5,0
21126,6,0
21127,7,1
21128,8,0
21129,9,0
21130,10,0
21131,11,1
21132,12,0
21133,13,1
21134,14,0
21135,15,0
21136,16,0
21137,17,1
21138,18,0
21139,19,1
21140,20,0
21141,21,0
21142,22,0
21143,23,1
21144,24,0
21145,25,0
21146,26,0
21147,27,0
21148,28,0
21149,29,1
21150,0,0
21151,1,1
21152,2,0
21153,3,0
21154,4,0
21155,5,0
21156,6,0
21157,7,1
21158,8,0
21159,9,0
21160,10,0
21161,11,1
21162,12,0
21163,13,1
21164,14,0
21165,15,0
21166,16,0
21167,17,1
21168,18,0
21169,19,1
21170,20,0
21171,21,0
21172,22,0
21173,23,1
21174,24,0
21175,25,0
21176,26,0
21177,27,0
21178,28,0
21179,29,1
21180,0,0
21181,1,1
21182,2,0
21183,3,0
21184,4,0
21185,5,0
21186,6,0
21187,7,1
21188,8,0
21189,9,0
21190,10,0
21191,11,1
21192,12,0
21193,13,1
21194,14,0
21195,15,0
21196,16,0
21197,17,1
21198,18,0
21199,19,1
21200,20,0
21201,21,0
21202,22,0
21203,23,1
21204,24,0
21205,25,0
21206,26,0
21207,27,0
21208,28,0
21209,29,1
21210,0,0
21211,1,1
21212,2,0
21213,3,0
21214,4,0
21215,5,0
21216,6,0
21217,7,1
21218,8,0
21219,9,0
21220,10,0
21221,11,1
21222,12,0
21223,13,1
21224,14,0
21225,15,0
21226,16,0
21227,17,1
21228,18,0
21229,19,1
21230,20,0
21231,21,0
21232,22,0
21233,23,1
21234,24,0
21235,25,0
21236,26,0
21237,27,0
21238,28,0
21239,29,1
21240,0,0
21241,1,1
21242,2,0
21243,3,0
21244,4,0
21245,5,0
21246,6,0
21247,7,1
21248,8,0
21249,9,0
21250,10,0
21251,11,1
21252,12,0
21253,13,1
21254,14,0
21255,15,0
21256,16,0
21257,17,1
21258,18,0
21259,19,1
21260,20,0
21261,21,0
21262,22,0
21263,23,1
21264,24,0
21265,25,0
21266,26,0
21267,27,0
21268,28,0
21269,29,1
21270,0,0
21271,1,1
21272,2,0
21273,3,0
21274,4,0
21275,5,0
21276,6,0
21277,7,1
21278,8,0
21279,9,0
21280,10,0
21281,11,1
21282,12,0
21283,13,1
21284,14,0
21285,15,0
21286,16,0
21287,17,1
21288,18,0
21289,19,1
21290,20,0
21291,21,0
21292,22,0
21293,23,1
21294,24,0
21295,25,0
21296,26,0
21297,27,0
21298,28,0
21299,29,1
21300,0,0
21301,1,1
21302,2,0
21303,3,0
21304,4,0
21305,5,0
21306,6,0
21307,7,1
21308,8,0
21309,9,0
21310,10,0
21311,11,1
21312,12,0
21313,13,1
21314,14,0
21315,15,0
21316,16,0
21317,17,1
21318,18,0
21319,19,1
21320,20,0
21321,21,0
21322,22,0
21323,23,1
21324,24,0
21325,25,0
21326,26,0
21327,27,0
21328,28,0
21329,29,1
21330,0,0
21331,1,1
21332,2,0
21333,3,0
21334,4,0
21335,5,0
21336,6,0
21337,7,1
21338,8,0
21339,9,0
21340,10,0
21341,11,1
21342,12,0
21343,13,1
21344,14,0
21345,15,0
21346,16,0
21347,17,1
21348,18,0
21349,19,1
21350,20,0
21351,21,0
21352,22,0
21353,23,1
21354,24,0
21355,25,0
21356,26,0
21357,27,0
21358,28,0
21359,29,1
21360,0,0
21361,1,1
21362,2,0
21363,3,0
21364,4,0
21365,5,0
21366,6,0
21367,7,1
21368,8,0
21369,9,0
21370,10,0
21371,11,1
21372,12,0
21373,13,1
21374,14,0
21375,15,0
21376,16,0
21377,17,1
21378,18,0
21379,19,1
21380,20,0
21381,21,0
21382,22,0
21383,23,1
21384,24,0
21385,25,0
21386,26,0
21387,27,0
21388,28,0
21389,29,1
21390,0,0
21391,1,1
21392,2,0
21393,3,0
21394,4,0
21395,5,0
21396,6,0
21397,7,1
21398,8,0
21399,9,0
21400,10,0
21401,11,1
21402,12,0
21403,13,1
21404,14,0
21405,15,0
21406,16,0
21407,17,1
21408,18,0
21409,19,1
21410,20,0
21411,21,0
21412,22,0
21413,23,1
21414,24,0
21415,25,0
21416,26,0
21417,27,0
21418,28,0
21419,29,1
21420,0,0
21421,1,1
21422,2,0
21423,3,0
21424,4,0
21425,5,0
21426,6,0
21427,7,1
21428,8,0
21429,9,0
21430,10,0
21431,11,1
21432,12,0
21433,13,1
21434,14,0
21435,15,0
21436,16,0
21437,17,1
21438,18,0
21439,19,1
21440,20,0
21441,21,0
21442,22,0
21443,23,1
21444,24,0
21445,25,0
21446,26,0
21447,27,0
21448,28,0
21449,29,1
21450,0,0
21451,1,1
21452,2,0
21453,3,0
21454,4,0
21455,5,0
21456,6,0
21457,7,1
21458,8,0
21459,9,0
21460,10,0
21461,11,1
21462,12,0
21463,13,1
21464,14,0
21465,15,0
21466,16,0
21467,17,1
21468,18,0
21469,19,1
21470,20,0
21471,21,0
21472,22,0
21473,23,1
21474,24,0
21475,25,0
21476,26,0
21477,27,0
21478,28,0
21479,29,1
21480,0,0
21481,1,1
21482,2,0
21483,3,0
21484,4,0
21485,5,0
21486,6,0
21487,7,1
21488,8,0
21489,9,0
21490,10,0
21491,11,1
21492,12,0
21493,13,1
21494,14,0
21495,15,0
21496,16,0
21497,17,1
21498,18,0
21499,19,1
21500,20,0
21501,21,0
21502,22,0
21503,23,1
21504,24,0
21505,25,0
21506,26,0
21507,27,0
21508,28,0
21509,29,1
21510,0,0
21511,1,1
21512,2,0
21513,3,0
21514,4,0
21515,5,0
21516,6,0
21517,7,1
21518,8,0
21519,9,0
21520,10,0
21521,11,1
21522,12,0
21523,13,1
21524,14,0
21525,15,0
21526,16,0
21527,17,1
21528,18,0
21529,19,1
21530,20,0
21531,21,0
21532,22,0
21533,23,1
21534,24,0
21535,25,0
21536,26,0
21537,27,0
21538,28,0
21539,29,1
21540,0,0
21541,1,1
21542,2,0
21543,3,0
21544,4,0
21545,5,0
21546,6,0
21547,7,1
21548,8,0
21549,9,0
21550,10,0
21551,11,1
21552,12,0
21553,13,1
21554,14,0
21555,15,0
21556,16,0
21557,17,1
21558,18,0
21559,19,1
21560,20,0
21561,21,0
21562,22,0
21563,23,1
21564,24,0
21565,25,0
21566,26,0
21567,27,0
21568,28,0
21569,29,1
21570,0,0
21571,1,1
21572,2,0
21573,3,0
21574,4,0
21575,5,0
21576,6,0
21577,7,1
21578,8,0
21579,9,0
21580,10,0
21581,11,1
21582,12,0
21583,13,1
21584,14,0
21585,15,0
21586,16,0
21587,17,1
21588,18,0
21589,19,1
21590,20,0
21591,21,0
21592,22,0
21593,23,1
21594,24,0
21595,25,0
21596,26,0
21597,27,0
21598,28,0
21599,29,1
21600,0,0
21601,1,1
21602,2,0
21603,3,0
21604,4,0
21605,5,0
21606,6,0
21607,7,1
21608,8,0
21609,9,0
21610,10,0
21611,11,1
21612,12,0
21613,13,1
21614,14,0
21615,15,0
21616,16,0
21617,17,1
21618,18,0
21619,19,1
21620,20,0
21621,21,0
21622,22,0
21623,23,1
21624,24,0
21625,25,0
21626,26,0
21627,27,0
21628,28,0
21629,29,1
21630,0,0
21631,1,1
21632,2,0
21633,3,0
21634,4,0
21635,5,0
21636,6,0
21637,7,1
21638,8,0
21639,9,0
21640,10,0
21641,11,1
21642,12,0
21643,13,1
21644,14,0
21645,15,0
21646,16,0
21647,17,1
21648,18,0
21649,19,1
21650,20,0
21651,21,0
21652,22,0
21653,23,1
21654,24,0
21655,25,0
21656,26,0
21657,27,0
21658,28,0
21659,29,1
21660,0,0
21661,1,1
21662,2,0
21663,3,0
21664,4,0
21665,5,0
21666,6,0
21667,7,1
21668,8,0
21669,9,0
21670,10,0
21671,11,1
21672,12,0
21673,13,1
21674,14,0
21675,15,0
21676,16,0
21677,17,1
21678,18,0
21679,19,1
21680,20,0
21681,21,0
21682,22,0
21683,23,1
21684,24,0
21685,25,0
21686,26,0
21687,27,0
21688,28,0
21689,29,1
21690,0,0
21691,1,1
21692,2,0
21693,3,0
21694,4,0
21695,5,0
21696,6,0
21697,7,1
21698,8,0
21699,9,0
21700,10,0
21701,11,1
21702,12,0
21703,13,1
21704,14,0
21705,15,0
21706,16,0
21707,17,1
21708,18,0
21709,19,1
21710,20,0
21711,21,0
21712,22,0
21713,23,1
21714,24,0
21715,25,0
21716,26,0
21717,27,0
21718,28,0
21719,29,1
21720,0,0
21721,1,1
21722,2,0
21723,3,0
21724,4,0
21725,5,0
21726,6,0
21727,7,1
21728,8,0
21729,9,0
21730,10,0
21731,11,1
21732,12,0
21733,13,1
21734,14,0
21735,15,0
21736,16,0
21737,17,1
21738,18,0
21739,19,1
21740,20,0
21741,21,0
21742,22,0
21743,23,1
21744,24,0
21745,25,0
21746,26,0
21747,27,0
21748,28,0
21749,29,1
21750,0,0
21751,1,1
21752,2,0
21753,3,0
21754,4,0
21755,5,0
21756,6,0
21757,7,1
21758,8,0
21759,9,0
21760,10,0
21761,11,1
21762,12,0
21763,13,1
21764,14,0
21765,15,0
21766,16,0
21767,17,1
21768,18,0
21769,19,1
21770,20,0
21771,21,0
21772,22,0
21773,23,1
21774,24,0
21775,25,0
21776,26,0
21777,27,0
21778,28,0
21779,29,1
21780,0,0
21781,1,1
21782,2,0
21783,3,0
21784,4,0
21785,5,0
21786,6,0
21787,7,1
21788,8,0
21789,9,0
21790,10,0
21791,11,1
21792,12,0
21793,13,1
21794,14,0
21795,15,0
21796,16,0
21797,17,1
21798,18,0
21799,19,1
21800,20,0
21801,21,0
21802,22,0
21803,23,1
21804,24,0
21805,25,0
21806,26,0
21807,27,0
21808,28,0
21809,29,1
21810,0,0
21811,1,1
21812,2,0
21813,3,0
21814,4,0
21815,5,0
21816,6,0
21817,7,1
21818,8,0
21819,9,0
21820,10,0
21821,11,1
21822,12,0
21823,13,1
21824,14,0
21825,15,0
21826,16,0
21827,17,1
21828,18,0
21829,19,1
21830,20,0
21831,21,0
21832,22,0
21833,23,1
21834,24,0
21835,25,0
21836,26,0
21837,27,0
21838,28,0
21839,29,1
21840,0,0
21841,1,1
21842,2,0
21843,3,0
21844,4,0
21845,5,0
21846,6,0
21847,7,1
21848,8,0
21849,9,0
21850,10,0
21851,11,1
21852,12,0
21853,13,1
21854,14,0
21855,15,0
21856,16,0
21857,17,1
21858,18,0
21859,19,1
21860,20,0
21861,21,0
21862,22,0
21863,23,1
21864,24,0
21865,25,0
21866,26,0
21867,27,0
21868,28,0
21869,29,1
21870,0,0
21871,1,1
21872,2,0
21873,3,0
21874,4,0
21875,5,0
21876,6,0
21877,7,1
21878,8,0
21879,9,0
21880,10,0
21881,11,1
21882,12,0
21883,13,1
21884,14,0
21885,15,0
21886,16,0
21887,17,1
21888,18,0
21889,19,1
21890,20,0
21891,21,0
21892,22,0
21893,23,1
21894,24,0
21895,25,0
21896,26,0
21897,27,0
21898,28,0
21899,29,1
21900,0,0
21901,1,1
21902,2,0
21903,3,0
21904,4,0
21905,5,0
21906,6,0
21907,7,1
21908,8,0
21909,9,0
21910,10,0
21911,11,1
21912,12,0
21913,13,1
21914,14,0
21915,15,0
21916,16,0
21917,17,1
21918,18,0
21919,19,1
21920,20,0
21921,21,0
21922,22,0
21923,23,1
21924,24,0
21925,25,0
21926,26,0
21927,27,0
21928,28,0
21929,29,1
21930,0,0
21931,1,1
21932,2,0
21933,3,0
21934,4,0
21935,5,0
21936,6,0
21937,7,1
21938,8,0
21939,9,0
21940,10,0
21941,11,1
21942,12,0
21943,13,1
21944,14,0
21945,15,0
21946,16,0
21947,17,1
21948,18,0
21949,19,1
21950,20,0
21951,21,0
21952,22,0
21953,23,1
21954,24,0
21955,25,0
21956,26,0
21957,27,0
21958,28,0
21959,29,1
21960,0,0
21961,1,1
21962,2,0
21963,3,0
21964,4,0
21965,5,0
21966,6,0
21967,7,1
21968,8,0
21969,9,0
21970,10,0
21971,11,1
21972,12,0
21973,13,1
21974,14,0
21975,15,0
21976,16,0
21977,17,1
21978,18,0
21979,19,1
21980,20,0
21981,21,0
21982,22,0
21983,23,1
21984,24,0
21985,25,0
21986,26,0
21987,27,0
21988,28,0
21989,29,1
21990,0,0
21991,1,1
21992,2,0
21993,3,0
21994,4,0
21995,5,0
21996,6,0
21997,7,1
21998,8,0
21999,9,0
22000,10,0
22001,11,1
22002,12,0
22003,13,1
22004,14,0
22005,15,0
22006,16,0
22007,17,1
22008,18,0
22009,19,1
22010,20,0
22011,21,0
22012,22,0
22013,23,1
22014,24,0
22015,25,0
22016,26,0
22017,27,0
22018,28,0
22019,29,1
22020,0,0
22021,1,1
22022,2,0
22023,3,0
22024,4,0
22025,5,0
22026,6,0
22027,7,1
22028,8,0
22029,9,0
22030,10,0
22031,11,1
22032,12,0
22033,13,1
22034,14,0
22035,15,0
22036,16,0
22037,17,1
22038,18,0
22039,19,1
22040,20,0
22041,21,0
22042,22,0
22043,23,1
22044,24,0
22045,25,0
22046,26,0
22047,27,0
22048,28,0
22049,29,1
22050,0,0
22051,1,1
22052,2,0
22053,3,0
22054,4,0
22055,5,0
22056,6,0
22057,7,1
22058,8,0
22059,9,0
22060,10,0
22061,11,1
22062,12,0
22063,13,1
22064,14,0
22065,15,0
22066,16,0
22067,17,1
22068,18,0
22069,19,1
22070,20,0
22071,21,0
22072,22,0
22073,23,1
22074,24,0
22075,25,0
22076,26,0
22077,27,0
22078,28,0
22079,29,1
22080,0,0
22081,1,1
22082,2,0
22083,3,0
22084,4,0
22085,5,0
22086,6,0
22087,7,1
22088,8,0
22089,9,0
22090,10,0
22091,11,1
22092,12,0
22093,13,1
22094,14,0
22095,15,0
22096,16,0
22097,17,1
22098,18,0
22099,19,1
22100,20,0
22101,21,0
22102,22,0
22103,23,1
22104,24,0
22105,25,0
22106,26,0
22107,27,0
22108,28,0
22109,29,1
22110,0,0
22111,1,1
22112,2,0
22113,3,0
22114,4,0
22115,5,0
22116,6,0
22117,7,1
22118,8,0
22119,9,0
22120,10,0
22121,11,1
22122,12,0
22123,13,1
22124,14,0
22125,15,0
22126,16,0
22127,17,1
22128,18,0
22129,19,1
22130,20,0
22131,21,0
22132,22,0
22133,23,1
22134,24,0
22135,25,0
22136,26,0
22137,27,0
22138,28,0
22139,29,1
22140,0,0
22141,1,1
22142,2,0
22143,3,0
22144,4,0
22145,5,0
22146,6,0
22147,7,1
22148,8,0
22149,9,0
22150,10,0
22151,11,1
22152,12,0
22153,13,1
22154,14,0
22155,15,0
22156,16,0
22157,17,1
22158,18,0
22159,19,1
22160,20,0
22161,21,0
22162,22,0
22163,23,1
22164,24,0
22165,25,0
22166,26,0
22167,27,0
22168,28,0
22169,29,1
22170,0,0
22171,1,1
22172,2,0
22173,3,0
22174,4,0
22175,5,0
22176,6,0
22177,7,1
22178,8,0
22179,9,0
22180,10,0
22181,11,1
22182,12,0
22183,13,1
22184,14,0
22185,15,0
22186,16,0
22187,17,1
22188,18,0
22189,19,1
22190,20,0
22191,21,0
22192,22,0
22193,23,1
22194,24,0
22195,25,0
22196,26,0
22197,27,0
22198,28,0
22199,29,1
22200,0,0
22201,1,1
22202,2,0
22203,3,0
22204,4,0
22205,5,0
22206,6,0
22207,7,1
22208,8,0
22209,9,0
22210,10,0
22211,11,1
22212,12,0
22213,13,1
22214,14,0
22215,15,0
22216,16,0
22217,17,1
22218,18,0
22219,19,1
22220,20,0
22221,21,0
22222,22,0
22223,23,1
22224,24,0
22225,25,0
22226,26,0
22227,27,0
22228,28,0
22229,29,1
22230,0,0
22231,1,1
22232,2,0
22233,3,0
22234,4,0
22235,5,0
22236,6,0
22237,7,1
22238,8,0
22239,9,0
22240,10,0
22241,11,1
22242,12,0
22243,13,1
22244,14,0
22245,15,0
22246,16,0
22247,17,1
22248,18,0
22249,19,1
22250,20,0
22251,21,0
22252,22,0
22253,23,1
22254,24,0
22255,25,0
22256,26,0
22257,27,0
22258,28,0
22259,29,1
22260,0,0
22261,1,1
22262,2,0
22263,3,0
22264,4,0
22265,5,0
22266,6,0
22267,7,1
22268,8,0
22269,9,0
22270,10,0
22271,11,1
22272,12,0
22273,13,1
22274,14,0
22275,15,0
22276,16,0
22277,17,1
22278,18,0
22279,19,1
22280,20,0
22281,21,0
22282,22,0
22283,23,1
22284,24,0
22285,25,0
22286,26,0
22287,27,0
22288,28,0
22289,29,1
22290,0,0
22291,1,1
22292,2,0
22293,3,0
22294,4,0
22295,5,0
22296,6,0
22297,7,1
22298,8,0
22299,9,0
22300,10,0
22301,11,1
22302,12,0
22303,13,1
22304,14,0
22305,15,0
22306,16,0
22307,17,1
22308,18,0
22309,19,1
22310,20,0
22311,21,0
22312,22,0
22313,23,1
22314,24,0
22315,25,0
22316,26,0
22317,27,0
22318,28,0
22319,29,1
22320,0,0
22321,1,1
22322,2,0
22323,3,0
22324,4,0
22325,5,0
22326,6,0
22327,7,1
22328,8,0
22329,9,0
22330,10,0
22331,11,1
22332,12,0
22333,13,1
22334,14,0
22335,15,0
22336,16,0
22337,17,1
22338,18,0
22339,19,1
22340,20,0
22341,21,0
22342,22,0
22343,23,1
22344,24,0
22345,25,0
22346,26,0
22347,27,0
22348,28,0
22349,29,1
22350,0,0
22351,1,1
22352,2,0
22353,3,0
22354,4,0
22355,5,0
22356,6,0
22357,7,1
22358,8,0
22359,9,0
22360,10,0
22361,11,1
22362,12,0
22363,13,1
22364,14,0
22365,15,0
22366,16,0
22367,17,1
22368,18,0
22369,19,1
22370,20,0
22371,21,0
22372,22,0
22373,23,1
22374,24,0
22375,25,0
22376,26,0
22377,27,0
22378,28,0
22379,29,1
22380,0,0
22381,1,1
22382,2,0
22383,3,0
22384,4,0
22385,5,0
22386,6,0
22387,7,1
22388,8,0
22389,9,0
22390,10,0
22391,11,1
22392,12,0
22393,13,1
22394,14,0
22395,15,0
22396,16,0
22397,17,1
22398,18,0
22399,19,1
22400,20,0
22401,21,0
22402,22,0
22403,23,1
22404,24,0
22405,25,0
22406,26,0
22407,27,0
22408,28,0
22409,29,1
22410,0,0
22411,1,1
22412,2,0
22413,3,0
22414,4,0
22415,5,0
22416,6,0
22417,7,1
22418,8,0
22419,9,0
22420,10,0
22421,11,1
22422,12,0
22423,13,1
22424,14,0
22425,15,0
22426,16,0
22427,17,1
22428,18,0
22429,19,1
22430,20,0
22431,21,0
22432,22,0
22433,23,1
22434,24,0
22435,25,0
22436,26,0
22437,27,0
22438,28,0
22439,29,1
22440,0,0
22441,1,1
22442,2,0
22443,3,0
22444,4,0
22445,5,0
22446,6,0
22447,7,1
22448,8,0
22449,9,0
22450,10,0
22451,11,1
22452,12,0
22453,13,1
22454,14,0
22455,15,0
22456,16,0
22457,17,1
22458,18,0
22459,19,1
22460,20,0
22461,21,0
22462,22,0
22463,23,1
22464,24,0
22465,25,0
22466,26,0
22467,27,0
22468,28,0
22469,29,1
22470,0,0
22471,1,1
22472,2,0
22473,3,0
22474,4,0
22475,5,0
22476,6,0
22477,7,1
22478,8,0
22479,9,0
22480,10,0
22481,11,1
22482,12,0
22483,13,1
22484,14,0
22485,15,0
22486,16,0
22487,17,1
22488,18,0
22489,19,1
22490,20,0
22491,21,0
22492,22,0
22493,23,1
22494,24,0
22495,25,0
22496,26,0
22497,27,0
22498,28,0
22499,29,1
22500,0,0
22501,1,1
22502,2,0
22503,3,0
22504,4,0
22505,5,0
22506,6,0
22507,7,1
22508,8,0
22509,9,0
22510,10,0
22511,11,1
22512,12,0
22513,13,1
22514,14,0
22515,15,0
22516,16,0
22517,17,1
22518,18,0
22519,19,1
22520,20,0
22521,21,0
22522,22,0
22523,23,1
22524,24,0
22525,25,0
22526,26,0
22527,27,0
22528,28,0
22529,29,1
22530,0,0
22531,1,1
22532,2,0
22533,3,0
22534,4,0
22535,5,0
22536,6,0
22537,7,1
22538,8,0
22539,9,0
22540,10,0
22541,11,1
22542,12,0
22543,13,1
22544,14,0
22545,15,0
22546,16,0
22547,17,1
22548,18,0
22549,19,1
22550,20,0
22551,21,0
22552,22,0
22553,23,1
22554,24,0
22555,25,0
22556,26,0
22557,27,0
22558,28,0
22559,29,1
22560,0,0
22561,1,1
22562,2,0
22563,3,0
22564,4,0
22565,5,0
22566,6,0
22567,7,1
22568,8,0
22569,9,0
22570,10,0
22571,11,1
22572,12,0
22573,13,1
22574,14,0
22575,15,0
22576,16,0
22577,17,1
22578,18,0
22579,19,1
22580,20,0
22581,21,0
22582,22,0
22583,23,1
22584,24,0
22585,25,0
22586,26,0
22587,27,0
22588,28,0
22589,29,1
22590,0,0
22591,1,1
22592,2,0
22593,3,0
22594,4,0
22595,5,0
22596,6,0
22597,7,1
22598,8,0
22599,9,0
22600,10,0
22601,11,1
22602,12,0
22603,13,1
22604,14,0
22605,15,0
22606,16,0
22607,17,1
22608,18,0
22609,19,1
22610,20,0
22611,21,0
22612,22,0
22613,23,1
22614,24,0
22615,25,0
22616,26,0
22617,27,0
22618,28,0
22619,29,1
22620,0,0
22621,1,1
22622,2,0
22623,3,0
22624,4,0
22625,5,0
22626,6,0
22627,7,1
22628,8,0
22629,9,0
22630,10,0
22631,11,1
22632,12,0
22633,13,1
22634,14,0
22635,15,0
22636,16,0
22637,17,1
22638,18,0
22639,19,1
22640,20,0
22641,21,0
22642,22,0
22643,23,1
22644,24,0
22645,25,0
22646,26,0
22647,27,0
22648,28,0
22649,29,1
22650,0,0
22651,1,1
22652,2,0
22653,3,0
22654,4,0
22655,5,0
22656,6,0
22657,7,1
22658,8,0
22659,9,0
22660,10,0
22661,11,1
22662,12,0
22663,13,1
22664,14,0
22665,15,0
22666,16,0
22667,17,1
22668,18,0
22669,19,1
22670,20,0
22671,21,0
22672,22,0
22673,23,1
22674,24,0
22675,25,0
22676,26,0
22677,27,0
22678,28,0
22679,29,1
22680,0,0
22681,1,1
22682,2,0
22683,3,0
22684,4,0
22685,5,0
22686,6,0
22687,7,1
22688,8,0
22689,9,0
22690,10,0
22691,11,1
22692,12,0
22693,13,1
22694,14,0
22695,15,0
22696,16,0
22697,17,1
22698,18,0
22699,19,1
22700,20,0
22701,21,0
22702,22,0
22703,23,1
22704,24,0
22705,25,0
22706,26,0
22707,27,0
22708,28,0
22709,29,1
22710,0,0
22711,1,1
22712,2,0
22713,3,0
22714,4,0
22715,5,0
22716,6,0
22717,7,1
22718,8,0
22719,9,0
22720,10,0
22721,11,1
22722,12,0
22723,13,1
22724,14,0
22725,15,0
22726,16,0
22727,17,1
22728,18,0
22729,19,1
22730,20,0
22731,21,0
22732,22,0
22733,23,1
22734,24,0
22735,25,0
22736,26,0
22737,27,0
22738,28,0
22739,29,1
22740,0,0
22741,1,1
22742,2,0
22743,3,0
22744,4,0
22745,5,0
22746,6,0
22747,7,1
22748,8,0
22749,9,0
22750,10,0
22751,11,1
22752,12,0
22753,13,1
22754,14,0
22755,15,0
22756,16,0
22757,17,1
22758,18,0
22759,19,1
22760,20,0
22761,21,0
22762,22,0
22763,23,1
22764,24,0
22765,25,0
22766,26,0
22767,27,0
22768,28,0
22769,29,1
22770,0,0
22771,1,1
22772,2,0
22773,3,0
22774,4,0
22775,5,0
22776,6,0
22777,7,1
22778,8,0
22779,9,0
22780,10,0
22781,11,1
22782,12,0
22783,13,1
22784,14,0
22785,15,0
22786,16,0
22787,17,1
22788,18,0
22789,19,1
22790,20,0
22791,21,0
22792,22,0
22793,23,1
22794,24,0
22795,25,0
22796,26,0
22797,27,0
22798,28,0
22799,29,1
22800,0,0
22801,1,1
22802,2,0
22803,3,0
22804,4,0
22805,5,0
22806,6,0
22807,7,1
22808,8,0
22809,9,0
22810,10,0
22811,11,1
22812,12,0
22813,13,1
22814,14,0
22815,15,0
22816,16,0
22817,17,1
22818,18,0
22819,19,1
22820,20,0
22821,21,0
22822,22,0
22823,23,1
22824,24,0
22825,25,0
22826,26,0
22827,27,0
22828,28,0
22829,29,1
22830,0,0
22831,1,1
22832,2,0
22833,3,0
22834,4,0
22835,5,0
22836,6,0
22837,7,1
22838,8,0
22839,9,0
22840,10,0
22841,11,1
22842,12,0
22843,13,1
22844,14,0
22845,15,0
22846,16,0
22847,17,1
22848,18,0
22849,19,1
22850,20,0
22851,21,0
22852,22,0
22853,23,1
22854,24,0
22855,25,0
22856,26,0
22857,27,0
22858,28,0
22859,29,1
22860,0,0
22861,1,1
22862,2,0
22863,3,0
22864,4,0
22865,5,0
22866,6,0
22867,7,1
22868,8,0
22869,9,0
22870,10,0
22871,11,1
22872,12,0
22873,13,1
22874,14,0
22875,15,0
22876,16,0
22877,17,1
22878,18,0
22879,19,1
22880,20,0
22881,21,0
22882,22,0
22883,23,1
22884,24,0
22885,25,0
22886,26,0
22887,27,0
22888,28,0
22889,29,1
22890,0,0
22891,1,1
22892,2,0
22893,3,0
22894,4,0
22895,5,0
22896,6,0
22897,7,1
22898,8,0
22899,9,0
22900,10,0
22901,11,1
22902,12,0
22903,13,1
22904,14,0
22905,15,0
22906,16,0
22907,17,1
22908,18,0
22909,19,1
22910,20,0
22911,21,0
22912,22,0
22913,23,1
22914,24,0
22915,25,0
22916,26,0
22917,27,0
22918,28,0
22919,29,1
22920,0,0
22921,1,1
22922,2,0
22923,3,0
22924,4,0
22925,5,0
22926,6,0
22927,7,1
22928,8,0
22929,9,0
22930,10,0
22931,11,1
22932,12,0
22933,13,1
22934,14,0
22935,15,0
22936,16,0
22937,17,1
22938,18,0
22939,19,1
22940,20,0
22941,21,0
22942,22,0
22943,23,1
22944,24,0
22945,25,0
22946,26,0
22947,27,0
22948,28,0
22949,29,1
22950,0,0
22951,1,1
22952,2,0
22953,3,0
22954,4,0
22955,5,0
22956,6,0
22957,7,1
22958,8,0
22959,9,0
22960,10,0
22961,11,1
22962,12,0
22963,13,1
22964,14,0
22965,15,0
22966,16,0
22967,17,1
22968,18,0
22969,19,1
22970,20,0
22971,21,0
22972,22,0
22973,23,1
22974,24,0
22975,25,0
22976,26,0
22977,27,0
22978,28,0
22979,29,1
22980,0,0
22981,1,1
22982,2,0
22983,3,0
22984,4,0
22985,5,0
22986,6,0
22987,7,1
22988,8,0
22989,9,0
22990,10,0
22991,11,1
22992,12,0
22993,13,1
22994,14,0
22995,15,0
22996,16,0
22997,17,1
22998,18,0
22999,19,1
23000,20,0
23001,21,0
23002,22,0
23003,23,1
23004,24,0
23005,25,0
23006,26,0
23007,27,0
23008,28,0
23009,29,1
23010,0,0
23011,1,1
23012,2,0
23013,3,0
23014,4,0
23015,5,0
23016,6,0
23017,7,1
23018,8,0
23019,9,0
23020,10,0
23021,11,1
23022,12,0
23023,13,1
23024,14,0
23025,15,0
23026,16,0
23027,17,1
23028,18,0
23029,19,1
23030,20,0
23031,21,0
23032,22,0
23033,23,1
23034,24,0
23035,25,0
23036,26,0
23037,27,0
23038,28,0
23039,29,1
23040,0,0
23041,1,1
23042,2,0
23043,3,0
23044,4,0
23045,5,0
23046,6,0
23047,7,1
23048,8,0
23049,9,0
23050,10,0
23051,11,1
23052,12,0
23053,13,1
23054,14,0
23055,15,0
23056,16,0
23057,17,1
23058,18,0
23059,19,1
23060,20,0
23061,21,0
23062,22,0
23063,23,1
23064,24,0
23065,25,0
23066,26,0
23067,27,0
23068,28,0
23069,29,1
23070,0,0
23071,1,1
23072,2,0
23073,3,0
23074,4,0
23075,5,0
23076,6,0
23077,7,1
23078,8,0
23079,9,0
23080,10,0
23081,11,1
23082,12,0
23083,13,1
23084,14,0
23085,15,0
23086,16,0
23087,17,1
23088,18,0
23089,19,1
23090,20,0
23091,21,0
23092,22,0
23093,23,1
23094,24,0
23095,25,0
23096,26,0
23097,27,0
23098,28,0
23099,29,1
23100,0,0
23101,1,1
23102,2,0
23103,3,0
23104,4,0
23105,5,0
23106,6,0
23107,7,1
23108,8,0
23109,9,0
23110,10,0
23111,11,1
23112,12,0
23113,13,1
23114,14,0
23115,15,0
23116,16,0
23117,17,1
23118,18,0
23119,19,1
23120,20,0
23121,21,0
23122,22,0
23123,23,1
23124,24,0
23125,25,0
23126,26,0
23127,27,0
23128,28,0
23129,29,1
23130,0,0
23131,1,1
23132,2,0
23133,3,0
23134,4,0
23135,5,0
23136,6,0
23137,7,1
23138,8,0
23139,9,0
23140,10,0
23141,11,1
23142,12,0
23143,13,1
23144,14,0
23145,15,0
23146,16,0
23147,17,1
23148,18,0
23149,19,1
23150,20,0
23151,21,0
23152,22,0
23153,23,1
23154,24,0
23155,25,0
23156,26,0
23157,27,0
23158,28,0
23159,29,1
23160,0,0
23161,1,1
23162,2,0
23163,3,0
23164,4,0
23165,5,0
23166,6,0
23167,7,1
23168,8,0
23169,9,0
23170,10,0
23171,11,1
23172,12,0
23173,13,1
23174,14,0
23175,15,0
23176,16,0
23177,17,1
23178,18,0
23179,19,1
23180,20,0
23181,21,0
23182,22,0
23183,23,1
23184,24,0
23185,25,0
23186,26,0
23187,27,0
23188,28,0
23189,29,1
23190,0,0
23191,1,1
23192,2,0
23193,3,0
23194,4,0
23195,5,0
23196,6,0
23197,7,1
23198,8,0
23199,9,0
23200,10,0
23201,11,1
23202,12,0
23203,13,1
23204,14,0
23205,15,0
23206,16,0
23207,17,1
23208,18,0
23209,19,1
23210,20,0
23211,21,0
23212,22,0
23213,23,1
23214,24,0
23215,25,0
23216,26,0
23217,27,0
23218,28,0
23219,29,1
23220,0,0
23221,1,1
23222,2,0
23223,3,0
23224,4,0
23225,5,0
23226,6,0
23227,7,1
23228,8,0
23229,9,0
23230,10,0
23231,11,1
23232,12,0
23233,13,1
23234,14,0
23235,15,0
23236,16,0
23237,17,1
23238,18,0
23239,19,1
23240,20,0
23241,21,0
23242,22,0
23243,23,1
23244,24,0
23245,25,0
23246,26,0
23247,27,0
23248,28,0
23249,29,1
23250,0,0
23251,1,1
23252,2,0
23253,3,0
23254,4,0
23255,5,0
23256,6,0
23257,7,1
23258,8,0
23259,9,0
23260,10,0
23261,11,1
23262,12,0
23263,13,1
23264,14,0
23265,15,0
23266,16,0
23267,17,1
23268,18,0
23269,19,1
23270,20,0
23271,21,0
23272,22,0
23273,23,1
23274,24,0
23275,25,0
23276,26,0
23277,27,0
23278,28,0
23279,29,1
23280,0,0
23281,1,1
23282,2,0
23283,3,0
23284,4,0
23285,5,0
23286,6,0
23287,7,1
23288,8,0
23289,9,0
23290,10,0
23291,11,1
23292,12,0
23293,13,1
23294,14,0
23295,15,0
23296,16,0
23297,17,1
23298,18,0
23299,19,1
23300,20,0
23301,21,0
23302,22,0
23303,23,1
23304,24,0
23305,25,0
23306,26,0
23307,27,0
23308,28,0
23309,29,1
23310,0,0
23311,1,1
23312,2,0
23313,3,0
23314,4,0
23315,5,0
23316,6,0
23317,7,1
23318,8,0
23319,9,0
23320,10,0
23321,11,1
23322,12,0
23323,13,1
23324,14,0
23325,15,0
23326,16,0
23327,17,1
23328,18,0
23329,19,1
23330,20,0
23331,21,0
23332,22,0
23333,23,1
23334,24,0
23335,25,0
23336,26,0
23337,27,0
23338,28,0
23339,29,1
23340,0,0
23341,1,1
23342,2,0
23343,3,0
23344,4,0
23345,5,0
23346,6,0
23347,7,1
23348,8,0
23349,9,0
23350,10,0
23351,11,1
23352,12,0
23353,13,1
23354,14,0
23355,15,0
23356,16,0
23357,17,1
23358,18,0
23359,19,1
23360,20,0
23361,21,0
23362,22,0
23363,23,1
23364,24,0
23365,25,0
23366,26,0
23367,27,0
23368,28,0
23369,29,1
23370,0,0
23371,1,1
23372,2,0
23373,3,0
23374,4,0
23375,5,0
23376,6,0
23377,7,1
23378,8,0
23379,9,0
23380,10,0
23381,11,1
23382,12,0
23383,13,1
23384,14,0
23385,15,0
23386,16,0
23387,17,1
23388,18,0
23389,19,1
23390,20,0
23391,21,0
23392,22,0
23393,23,1
23394,24,0
23395,25,0
23396,26,0
23397,27,0
23398,28,0
23399,29,1
23400,0,0
23401,1,1
23402,2,0
23403,3,0
23404,4,0
23405,5,0
23406,6,0
23407,7,1
23408,8,0
23409,9,0
23410,10,0
23411,11,1
23412,12,0
23413,13,1
23414,14,0
23415,15,0
23416,16,0
23417,17,1
23418,18,0
23419,19,1
23420,20,0
23421,21,0
23422,22,0
23423,23,1
23424,24,0
23425,25,0
23426,26,0
23427,27,0
23428,28,0
23429,29,1
23430,0,0
23431,1,1
23432,2,0
23433,3,0
23434,4,0
23435,5,0
23436,6,0
23437,7,1
23438,8,0
23439,9,0
23440,10,0
23441,11,1
23442,12,0
23443,13,1
23444,14,0
23445,15,0
23446,16,0
23447,17,1
23448,18,0
23449,19,1
23450,20,0
23451,21,0
23452,22,0
23453,23,1
23454,24,0
23455,25,0
23456,26,0
23457,27,0
23458,28,0
23459,29,1
23460,0,0
23461,1,1
23462,2,0
23463,3,0
23464,4,0
23465,5,0
23466,6,0
23467,7,1
23468,8,0
23469,9,0
23470,10,0
23471,11,1
23472,12,0
23473,13,1
23474,14,0
23475,15,0
23476,16,0
23477,17,1
23478,18,0
23479,19,1
23480,20,0
23481,21,0
23482,22,0
23483,23,1
23484,24,0
23485,25,0
23486,26,0
23487,27,0
23488,28,0
23489,29,1
23490,0,0
23491,1,1
23492,2,0
23493,3,0
23494,4,0
23495,5,0
23496,6,0
23497,7,1
23498,8,0
23499,9,0
23500,10,0
23501,11,1
23502,12,0
23503,13,1
23504,14,0
23505,15,0
23506,16,0
23507,17,1
23508,18,0
23509,19,1
23510,20,0
23511,21,0
23512,22,0
23513,23,1
23514,24,0
23515,25,0
23516,26,0
23517,27,0
23518,28,0
23519,29,1
23520,0,0
23521,1,1
23522,2,0
23523,3,0
23524,4,0
23525,5,0
23526,6,0
23527,7,1
23528,8,0
23529,9,0
23530,10,0
23531,11,1
23532,12,0
23533,13,1
23534,14,0
23535,15,0
23536,16,0
23537,17,1
23538,18,0
23539,19,1
23540,20,0
23541,21,0
23542,22,0
23543,23,1
23544,24,0
23545,25,0
23546,26,0
23547,27,0
23548,28,0
23549,29,1
23550,0,0
23551,1,1
23552,2,0
23553,3,0
23554,4,0
23555,5,0
23556,6,0
23557,7,1
23558,8,0
23559,9,0
23560,10,0
23561,11,1
23562,12,0
23563,13,1
23564,14,0
23565,15,0
23566,16,0
23567,17,1
23568,18,0
23569,19,1
23570,20,0
23571,21,0
23572,22,0
23573,23,1
23574,24,0
23575,25,0
23576,26,0
23577,27,0
23578,28,0
23579,29,1
23580,0,0
23581,1,1
23582,2,0
23583,3,0
23584,4,0
23585,5,0
23586,6,0
23587,7,1
23588,8,0
23589,9,0
23590,10,0
23591,11,1
23592,12,0
23593,13,1
23594,14,0
23595,15,0
23596,16,0
23597,17,1
23598,18,0
23599,19,1
23600,20,0
23601,21,0
23602,22,0
23603,23,1
23604,24,0
23605,25,0
23606,26,0
23607,27,0
23608,28,0
23609,29,1
23610,0,0
23611,1,1
23612,2,0
23613,3,0
23614,4,0
23615,5,0
23616,6,0
23617,7,1
23618,8,0
23619,9,0
23620,10,0
23621,11,1
23622,12,0
23623,13,1
23624,14,0
23625,15,0
23626,16,0
23627,17,1
23628,18,0
23629,19,1
23630,20,0
23631,21,0
23632,22,0
23633,23,1
23634,24,0
23635,25,0
23636,26,0
23637,27,0
23638,28,0
23639,29,1
23640,0,0
23641,1,1
23642,2,0
23643,3,0
23644,4,0
23645,5,0
23646,6,0
23647,7,1
23648,8,0
23649,9,0
23650,10,0
23651,11,1
23652,12,0
23653,13,1
23654,14,0
23655,15,0
23656,16,0
23657,17,1
23658,18,0
23659,19,1
23660,20,0
23661,21,0
23662,22,0
23663,23,1
23664,24,0
23665,25,0
23666,26,0
23667,27,0
23668,28,0
23669,29,1
23670,0,0
23671,1,1
23672,2,0
23673,3,0
23674,4,0
23675,5,0
23676,6,0
23677,7,1
23678,8,0
23679,9,0
23680,10,0
23681,11,1
23682,12,0
23683,13,1
23684,14,0
23685,15,0
23686,16,0
23687,17,1
23688,18,0
23689,19,1
23690,20,0
23691,21,0
23692,22,0
23693,23,1
23694,24,0
23695,25,0
23696,26,0
23697,27,0
23698,28,0
23699,29,1
23700,0,0
23701,1,1
23702,2,0
23703,3,0
23704,4,0
23705,5,0
23706,6,0
23707,7,1
23708,8,0
23709,9,0
23710,10,0
23711,11,1
23712,12,0
23713,13,1
23714,14,0
23715,15,0
23716,16,0
23717,17,1
23718,18,0
23719,19,1
23720,20,0
23721,21,0
23722,22,0
23723,23,1
23724,24,0
23725,25,0
23726,26,0
23727,27,0
23728,28,0
23729,29,1
23730,0,0
23731,1,1
23732,2,0
23733,3,0
23734,4,0
23735,5,0
23736,6,0
23737,7,1
23738,8,0
23739,9,0
23740,10,0
23741,11,1
23742,12,0
23743,13,1
23744,14,0
23745,15,0
23746,16,0
23747,17,1
23748,18,0
23749,19,1
23750,20,0
23751,21,0
23752,22,0
23753,23,1
23754,24,0
23755,25,0
23756,26,0
23757,27,0
23758,28,0
23759,29,1
23760,0,0
23761,1,1
23762,2,0
23763,3,0
23764,4,0
23765,5,0
23766,6,0
23767,7,1
23768,8,0
23769,9,0
23770,10,0
23771,11,1
23772,12,0
23773,13,1
23774,14,0
23775,15,0
23776,16,0
23777,17,1
23778,18,0
23779,19,1
23780,20,0
23781,21,0
23782,22,0
23783,23,1
23784,24,0
23785,25,0
23786,26,0
23787,27,0
23788,28,0
23789,29,1
23790,0,0
23791,1,1
23792,2,0
23793,3,0
23794,4,0
23795,5,0
23796,6,0
23797,7,1
23798,8,0
23799,9,0
23800,10,0
23801,11,1
23802,12,0
23803,13,1
23804,14,0
23805,15,0
23806,16,0
23807,17,1
23808,18,0
23809,19,1
23810,20,0
23811,21,0
23812,22,0
23813,23,1
23814,24,0
23815,25,0
23816,26,0
23817,27,0
23818,28,0
23819,29,1
23820,0,0
23821,1,1
23822,2,0
23823,3,0
23824,4,0
23825,5,0
23826,6,0
23827,7,1
23828,8,0
23829,9,0
23830,10,0
23831,11,1
23832,12,0
23833,13,1
23834,14,0
23835,15,0
23836,16,0
23837,17,1
23838,18,0
23839,19,1
23840,20,0
23841,21,0
23842,22,0
23843,23,1
23844,24,0
23845,25,0
23846,26,0
23847,27,0
23848,28,0
23849,29,1
23850,0,0
23851,1,1
23852,2,0
23853,3,0
23854,4,0
23855,5,0
23856,6,0
23857,7,1
23858,8,0
23859,9,0
23860,10,0
23861,11,1
23862,12,0
23863,13,1
23864,14,0
23865,15,0
23866,16,0
23867,17,1
23868,18,0
23869,19,1
23870,20,0
23871,21,0
23872,22,0
23873,23,1
23874,24,0
23875,25,0
23876,26,0
23877,27,0
23878,28,0
23879,29,1
23880,0,0
23881,1,1
23882,2,0
23883,3,0
23884,4,0
23885,5,0
23886,6,0
23887,7,1
23888,8,0
23889,9,0
23890,10,0
23891,11,1
23892,12,0
23893,13,1
23894,14,0
23895,15,0
23896,16,0
23897,17,1
23898,18,0
23899,19,1
23900,20,0
23901,21,0
23902,22,0
23903,23,1
23904,24,0
23905,25,0
23906,26,0
23907,27,0
23908,28,0
23909,29,1
23910,0,0
23911,1,1
23912,2,0
23913,3,0
23914,4,0
23915,5,0
23916,6,0
23917,7,1
23918,8,0
23919,9,0
23920,10,0
23921,11,1
23922,12,0
23923,13,1
23924,14,0
23925,15,0
23926,16,0
23927,17,1
23928,18,0
23929,19,1
23930,20,0
23931,21,0
23932,22,0
23933,23,1
23934,24,0
23935,25,0
23936,26,0
23937,27,0
23938,28,0
23939,29,1
23940,0,0
23941,1,1
23942,2,0
23943,3,0
23944,4,0
23945,5,0
23946,6,0
23947,7,1
23948,8,0
23949,9,0
23950,10,0
23951,11,1
23952,12,0
23953,13,1
23954,14,0
23955,15,0
23956,16,0
23957,17,1
23958,18,0
23959,19,1
23960,20,0
23961,21,0
23962,22,0
23963,23,1
23964,24,0
23965,25,0
23966,26,0
23967,27,0
23968,28,0
23969,29,1
23970,0,0
23971,1,1
23972,2,0
23973,3,0
23974,4,0
23975,5,0
23976,6,0
23977,7,1
23978,8,0
23979,9,0
23980,10,0
23981,11,1
23982,12,0
23983,13,1
23984,14,0
23985,15,0
23986,16,0
23987,17,1
23988,18,0
23989,19,1
23990,20,0
23991,21,0
23992,22,0
23993,23,1
23994,24,0
23995,25,0
23996,26,0
23997,27,0
23998,28,0
23999,29,1
24000,0,0
24001,1,1
24002,2,0
24003,3,0
24004,4,0
24005,5,0
24006,6,0
24007,7,1
24008,8,0
24009,9,0
24010,10,0
24011,11,1
24012,12,0
24013,13,1
24014,14,0
24015,15,0
24016,16,0
24017,17,1
24018,18,0
24019,19,1
24020,20,0
24021,21,0
24022,22,0
24023,23,1
24024,24,0
24025,25,0
24026,26,0
24027,27,0
24028,28,0
24029,29,1
24030,0,0
24031,1,1
24032,2,0
24033,3,0
24034,4,0
24035,5,0
24036,6,0
24037,7,1
24038,8,0
24039,9,0
24040,10,0
24041,11,1
24042,12,0
24043,13,1
24044,14,0
24045,15,0
24046,16,0
24047,17,1
24048,18,0
24049,19,1
24050,20,0
24051,21,0
24052,22,0
24053,23,1
24054,24,0
24055,25,0
24056,26,0
24057,27,0
24058,28,0
24059,29,1
24060,0,0
24061,1,1
24062,2,0
24063,3,0
24064,4,0
24065,5,0
24066,6,0
24067,7,1
24068,8,0
24069,9,0
24070,10,0
24071,11,1
24072,12,0
24073,13,1
24074,14,0
24075,15,0
24076,16,0
24077,17,1
24078,18,0
24079,19,1
24080,20,0
24081,21,0
24082,22,0
24083,23,1
24084,24,0
24085,25,0
24086,26,0
24087,27,0
24088,28,0
24089,29,1
24090,0,0
24091,1,1
24092,2,0
24093,3,0
24094,4,0
24095,5,0
24096,6,0
24097,7,1
24098,8,0
24099,9,0
24100,10,0
24101,11,1
24102,12,0
24103,13,1
24104,14,0
24105,15,0
24106,16,0
24107,17,1
24108,18,0
24109,19,1
24110,20,0
24111,21,0
24112,22,0
24113,23,1
24114,24,0
24115,25,0
24116,26,0
24117,27,0
24118,28,0
24119,29,1
24120,0,0
24121,1,1
24122,2,0
24123,3,0
24124,4,0
24125,5,0
24126,6,0
24127,7,1
24128,8,0
24129,9,0
24130,10,0
24131,11,1
24132,12,0
24133,13,1
24134,14,0
24135,15,0
24136,16,0
24137,17,1
24138,18,0
24139,19,1
24140,20,0
24141,21,0
24142,22,0
24143,23,1
24144,24,0
24145,25,0
24146,26,0
24147,27,0
24148,28,0
24149,29,1
24150,0,0
24151,1,1
24152,2,0
24153,3,0
24154,4,0
24155,5,0
24156,6,0
24157,7,1
24158,8,0
24159,9,0
24160,10,0
24161,11,1
24162,12,0
24163,13,1
24164,14,0
24165,15,0
24166,16,0
24167,17,1
24168,18,0
24169,19,1
24170,20,0
24171,21,0
24172,22,0
24173,23,1
24174,24,0
24175,25,0
24176,26,0
24177,27,0
24178,28,0
24179,29,1
24180,0,0
24181,1,1
24182,2,0
24183,3,0
24184,4,0
24185,5,0
24186,6,0
24187,7,1
24188,8,0
24189,9,0
24190,10,0
24191,11,1
24192,12,0
24193,13,1
24194,14,0
24195,15,0
24196,16,0
24197,17,1
24198,18,0
24199,19,1
24200,20,0
24201,21,0
24202,22,0
24203,23,1
24204,24,0
24205,25,0
24206,26,0
24207,27,0
24208,28,0
24209,29,1
24210,0,0
24211,1,1
24212,2,0
24213,3,0
24214,4,0
24215,5,0
24216,6,0
24217,7,1
24218,8,0
24219,9,0
24220,10,0
24221,11,1
24222,12,0
24223,13,1
24224,14,0
24225,15,0
24226,16,0
24227,17,1
24228,18,0
24229,19,1
24230,20,0
24231,21,0
24232,22,0
24233,23,1
24234,24,0
24235,25,0
24236,26,0
24237,27,0
24238,28,0
24239,29,1
24240,0,0
24241,1,1
24242,2,0
24243,3,0
24244,4,0
24245,5,0
24246,6,0
24247,7,1
24248,8,0
24249,9,0
24250,10,0
24251,11,1
24252,12,0
24253,13,1
24254,14,0
24255,15,0
24256,16,0
24257,17,1
24258,18,0
24259,19,1
24260,20,0
24261,21,0
24262,22,0
24263,23,1
24264,24,0
24265,25,0
24266,26,0
24267,27,0
24268,28,0
24269,29,1
24270,0,0
24271,1,1
24272,2,0
24273,3,0
24274,4,0
24275,5,0
24276,6,0
24277,7,1
24278,8,0
24279,9,0
24280,10,0
24281,11,1
24282,12,0
24283,13,1
24284,14,0
24285,15,0
24286,16,0
24287,17,1
24288,18,0
24289,19,1
24290,20,0
24291,21,0
24292,22,0
24293,23,1
24294,24,0
24295,25,0
24296,26,0
24297,27,0
24298,28,0
24299,29,1
24300,0,0
24301,1,1
24302,2,0
24303,3,0
24304,4,0
24305,5,0
24306,6,0
24307,7,1
24308,8,0
24309,9,0
24310,10,0
24311,11,1
24312,12,0
24313,13,1
24314,14,0
24315,15,0
24316,16,0
24317,17,1
24318,18,0
24319,19,1
24320,20,0
24321,21,0
24322,22,0
24323,23,1
24324,24,0
24325,25,0
24326,26,0
24327,27,0
24328,28,0
24329,29,1
24330,0,0
24331,1,1
24332,2,0
24333,3,0
24334,4,0
24335,5,0
24336,6,0
24337,7,1
24338,8,0
24339,9,0
24340,10,0
24341,11,1
24342,12,0
24343,13,1
24344,14,0
24345,15,0
24346,16,0
24347,17,1
24348,18,0
24349,19,1
24350,20,0
24351,21,0
24352,22,0
24353,23,1
24354,24,0
24355,25,0
24356,26,0
24357,27,0
24358,28,0
24359,29,1
24360,0,0
24361,1,1
24362,2,0
24363,3,0
24364,4,0
24365,5,0
24366,6,0
24367,7,1
24368,8,0
24369,9,0
24370,10,0
24371,11,1
24372,12,0
24373,13,1
24374,14,0
24375,15,0
24376,16,0
24377,17,1
24378,18,0
24379,19,1
24380,20,0
24381,21,0
24382,22,0
24383,23,1
24384,24,0
24385,25,0
24386,26,0
24387,27,0
24388,28,0
24389,29,1
24390,0,0
24391,1,1
24392,2,0
24393,3,0
24394,4,0
24395,5,0
24396,6,0
24397,7,1
24398,8,0
24399,9,0
24400,10,0
24401,11,1
24402,12,0
24403,13,1
24404,14,0
24405,15,0
24406,16,0
24407,17,1
24408,18,0
24409,19,1
24410,20,0
24411,21,0
24412,22,0
24413,23,1
24414,24,0
24415,25,0
24416,26,0
24417,27,0
24418,28,0
24419,29,1
24420,0,0
24421,1,1
24422,2,0
24423,3,0
24424,4,0
24425,5,0
24426,6,0
24427,7,1
24428,8,0
24429,9,0
24430,10,0
24431,11,1
24432,12,0
24433,13,1
24434,14,0
24435,15,0
24436,16,0
24437,17,1
24438,18,0
24439,19,1
24440,20,0
24441,21,0
24442,22,0
24443,23,1
24444,24,0
24445,25,0
24446,26,0
24447,27,0
24448,28,0
24449,29,1
24450,0,0
24451,1,1
24452,2,0
24453,3,0
24454,4,0
24455,5,0
24456,6,0
24457,7,1
24458,8,0
24459,9,0
24460,10,0
24461,11,1
24462,12,0
24463,13,1
24464,14,0
24465,15,0
24466,16,0
24467,17,1
24468,18,0
24469,19,1
24470,20,0
24471,21,0
24472,22,0
24473,23,1
24474,24,0
24475,25,0
24476,26,0
24477,27,0
24478,28,0
24479,29,1
24480,0,0
24481,1,1
24482,2,0
24483,3,0
24484,4,0
24485,5,0
24486,6,0
24487,7,1
24488,8,0
24489,9,0
24490,10,0
24491,11,1
24492,12,0
24493,13,1
24494,14,0
24495,15,0
24496,16,0
24497,17,1
24498,18,0
24499,19,1
24500,20,0
24501,21,0
24502,22,0
24503,23,1
24504,24,0
24505,25,0
24506,26,0
24507,27,0
24508,28,0
24509,29,1
24510,0,0
24511,1,1
24512,2,0
24513,3,0
24514,4,0
24515,5,0
24516,6,0
24517,7,1
24518,8,0
24519,9,0
24520,10,0
24521,11,1
24522,12,0
24523,13,1
24524,14,0
24525,15,0
24526,16,0
24527,17,1
24528,18,0
24529,19,1
24530,20,0
24531,21,0
24532,22,0
24533,23,1
24534,24,0
24535,25,0
24536,26,0
24537,27,0
24538,28,0
24539,29,1
24540,0,0
24541,1,1
24542,2,0
24543,3,0
24544,4,0
24545,5,0
24546,6,0
24547,7,1
24548,8,0
24549,9,0
24550,10,0
24551,11,1
24552,12,0
24553,13,1
24554,14,0
24555,15,0
24556,16,0
24557,17,1
24558,18,0
24559,19,1
24560,20,0
24561,21,0
24562,22,0
24563,23,1
24564,24,0
24565,25,0
24566,26,0
24567,27,0
24568,28,0
24569,29,1
24570,0,0
24571,1,1
24572,2,0
24573,3,0
24574,4,0
24575,5,0
24576,6,0
24577,7,1
24578,8,0
24579,9,0
24580,10,0
24581,11,1
24582,12,0
24583,13,1
24584,14,0
24585,15,0
24586,16,0
24587,17,1
24588,18,0
24589,19,1
24590,20,0
24591,21,0
24592,22,0
24593,23,1
24594,24,0
24595,25,0
24596,26,0
24597,27,0
24598,28,0
24599,29,1
24600,0,0
24601,1,1
24602,2,0
24603,3,0
24604,4,0
24605,5,0
24606,6,0
24607,7,1
24608,8,0
24609,9,0
24610,10,0
24611,11,1
24612,12,0
24613,13,1
24614,14,0
24615,15,0
24616,16,0
24617,17,1
24618,18,0
24619,19,1
24620,20,0
24621,21,0
24622,22,0
24623,23,1
24624,24,0
24625,25,0
24626,26,0
24627,27,0
24628,28,0
24629,29,1
24630,0,0
24631,1,1
24632,2,0
24633,3,0
24634,4,0
24635,5,0
24636,6,0
24637,7,1
24638,8,0
24639,9,0
24640,10,0
24641,11,1
24642,12,0
24643,13,1
24644,14,0
24645,15,0
24646,16,0
24647,17,1
24648,18,0
24649,19,1
24650,20,0
24651,21,0
24652,22,0
24653,23,1
24654,24,0
24655,25,0
24656,26,0
24657,27,0
24658,28,0
24659,29,1
24660,0,0
24661,1,1
24662,2,0
24663,3,0
24664,4,0
24665,5,0
24666,6,0
24667,7,1
24668,8,0
24669,9,0
24670,10,0
24671,11,1
24672,12,0
24673,13,1
24674,14,0
24675,15,0
24676,16,0
24677,17,1
24678,18,0
24679,19,1
24680,20,0
24681,21,0
24682,22,0
24683,23,1
24684,24,0
24685,25,0
24686,26,0
24687,27,0
24688,28,0
24689,29,1
24690,0,0
24691,1,1
24692,2,0
24693,3,0
24694,4,0
24695,5,0
24696,6,0
24697,7,1
24698,8,0
24699,9,0
24700,10,0
24701,11,1
24702,12,0
24703,13,1
24704,14,0
24705,15,0
24706,16,0
24707,17,1
24708,18,0
24709,19,1
24710,20,0
24711,21,0
24712,22,0
24713,23,1
24714,24,0
24715,25,0
24716,26,0
24717,27,0
24718,28,0
24719,29,1
24720,0,0
24721,1,1
24722,2,0
24723,3,0
24724,4,0
24725,5,0
24726,6,0
24727,7,1
24728,8,0
24729,9,0
24730,10,0
24731,11,1
24732,12,0
24733,13,1
24734,14,0
24735,15,0
24736,16,0
24737,17,1
24738,18,0
24739,19,1
24740,20,0
24741,21,0
24742,22,0
24743,23,1
24744,24,0
24745,25,0
24746,26,0
24747,27,0
24748,28,0
24749,29,1
24750,0,0
24751,1,1
24752,2,0
24753,3,0
24754,4,0
24755,5,0
24756,6,0
24757,7,1
24758,8,0
24759,9,0
24760,10,0
24761,11,1
24762,12,0
24763,13,1
24764,14,0
24765,15,0
24766,16,0
24767,17,1
24768,18,0
24769,19,1
24770,20,0
24771,21,0
24772,22,0
24773,23,1
24774,24,0
24775,25,0
24776,26,0
24777,27,0
24778,28,0
24779,29,1
24780,0,0
24781,1,1
24782,2,0
24783,3,0
24784,4,0
24785,5,0
24786,6,0
24787,7,1
24788,8,0
24789,9,0
24790,10,0
24791,11,1
24792,12,0
24793,13,1
24794,14,0
24795,15,0
24796,16,0
24797,17,1
24798,18,0
24799,19,1
24800,20,0
24801,21,0
24802,22,0
24803,23,1
24804,24,0
24805,25,0
24806,26,0
24807,27,0
24808,28,0
24809,29,1
24810,0,0
24811,1,1
24812,2,0
24813,3,0
24814,4,0
24815,5,0
24816,6,0
24817,7,1
24818,8,0
24819,9,0
24820,10,0
24821,11,1
24822,12,0
24823,13,1
24824,14,0
24825,15,0
24826,16,0
24827,17,1
24828,18,0
24829,19,1
24830,20,0
24831,21,0
24832,22,0
24833,23,1
24834,24,0
24835,25,0
24836,26,0
24837,27,0
24838,28,0
24839,29,1
24840,0,0
24841,1,1
24842,2,0
24843,3,0
24844,4,0
24845,5,0
24846,6,0
24847,7,1
24848,8,0
24849,9,0
24850,10,0
24851,11,1
24852,12,0
24853,13,1
24854,14,0
24855,15,0
24856,16,0
24857,17,1
24858,18,0
24859,19,1
24860,20,0
24861,21,0
24862,22,0
24863,23,1
24864,24,0
24865,25,0
24866,26,0
24867,27,0
24868,28,0
24869,29,1
24870,0,0
24871,1,1
24872,2,0
24873,3,0
24874,4,0
24875,5,0
24876,6,0
24877,7,1
24878,8,0
24879,9,0
24880,10,0
24881,11,1
24882,12,0
24883,13,1
24884,14,0
24885,15,0
24886,16,0
24887,17,1
24888,18,0
24889,19,1
24890,20,0
24891,21,0
24892,22,0
24893,23,1
24894,24,0
24895,25,0
24896,26,0
24897,27,0
24898,28,0
24899,29,1
24900,0,0
24901,1,1
24902,2,0
24903,3,0
24904,4,0
24905,5,0
24906,6,0
24907,7,1
24908,8,0
24909,9,0
24910,10,0
24911,11,1
24912,12,0
24913,13,1
24914,14,0
24915,15,0
24916,16,0
24917,17,1
24918,18,0
24919,19,1
24920,20,0
24921,21,0
24922,22,0
24923,23,1
24924,24,0
24925,25,0
24926,26,0
24927,27,0
24928,28,0
24929,29,1
24930,0,0
24931,1,1
24932,2,0
24933,3,0
24934,4,0
24935,5,0
24936,6,0
24937,7,1
24938,8,0
24939,9,0
24940,10,0
24941,11,1
24942,12,0
24943,13,1
24944,14,0
24945,15,0
24946,16,0
24947,17,1
24948,18,0
24949,19,1
24950,20,0
24951,21,0
24952,22,0
24953,23,1
24954,24,0
24955,25,0
24956,26,0
24957,27,0
24958,28,0
24959,29,1
24960,0,0
24961,1,1
24962,2,0
24963,3,0
24964,4,0
24965,5,0
24966,6,0
24967,7,1
24968,8,0
24969,9,0
24970,10,0
24971,11,1
24972,12,0
24973,13,1
24974,14,0
24975,15,0
24976,16,0
24977,17,1
24978,18,0
24979,19,1
24980,20,0
24981,21,0
24982,22,0
24983,23,1
24984,24,0
24985,25,0
24986,26,0
24987,27,0
24988,28,0
24989,29,1
24990,0,0
24991,1,1
24992,2,0
24993,3,0
24994,4,0
24995,5,0
24996,6,0
24997,7,1
24998,8,0
24999,9,0
25000,10,0
25001,11,1
25002,12,0
25003,13,1
25004,14,0
25005,15,0
25006,16,0
25007,17,1
25008,18,0
25009,19,1
25010,20,0
25011,21,0
25012,22,0
25013,23,1
25014,24,0
25015,25,0
25016,26,0
25017,27,0
25018,28,0
25019,29,1
25020,0,0
25021,1,1
25022,2,0
25023,3,0
25024,4,0
25025,5,0
25026,6,0
25027,7,1
25028,8,0
25029,9,0
25030,10,0
25031,11,1
25032,12,0
25033,13,1
25034,14,0
25035,15,0
25036,16,0
25037,17,1
25038,18,0
25039,19,1
25040,20,0
25041,21,0
25042,22,0
25043,23,1
25044,24,0
25045,25,0
25046,26,0
25047,27,0
25048,28,0
25049,29,1
25050,0,0
25051,1,1
25052,2,0
25053,3,0
25054,4,0
25055,5,0
25056,6,0
25057,7,1
25058,8,0
25059,9,0
25060,10,0
25061,11,1
25062,12,0
25063,13,1
25064,14,0
25065,15,0
25066,16,0
25067,17,1
25068,18,0
25069,19,1
25070,20,0
25071,21,0
25072,22,0
25073,23,1
25074,24,0
25075,25,0
25076,26,0
25077,27,0
25078,28,0
25079,29,1
25080,0,0
25081,1,1
25082,2,0
25083,3,0
25084,4,0
25085,5,0
25086,6,0
25087,7,1
25088,8,0
25089,9,0
25090,10,0
25091,11,1
25092,12,0
25093,13,1
25094,14,0
25095,15,0
25096,16,0
25097,17,1
25098,18,0
25099,19,1
25100,20,0
25101,21,0
25102,22,0
25103,23,1
25104,24,0
25105,25,0
25106,26,0
25107,27,0
25108,28,0
25109,29,1
25110,0,0
25111,1,1
25112,2,0
25113,3,0
25114,4,0
25115,5,0
25116,6,0
25117,7,1
25118,8,0
25119,9,0
25120,10,0
25121,11,1
25122,12,0
25123,13,1
25124,14,0
25125,15,0
25126,16,0
25127,17,1
25128,18,0
25129,19,1
25130,20,0
25131,21,0
25132,22,0
25133,23,1
25134,24,0
25135,25,0
25136,26,0
25137,27,0
25138,28,0
25139,29,1
25140,0,0
25141,1,1
25142,2,0
25143,3,0
25144,4,0
25145,5,0
25146,6,0
25147,7,1
25148,8,0
25149,9,0
25150,10,0
25151,11,1
25152,12,0
25153,13,1
25154,14,0
25155,15,0
25156,16,0
25157,17,1
25158,18,0
25159,19,1
25160,20,0
25161,21,0
25162,22,0
25163,23,1
25164,24,0
25165,25,0
25166,26,0
25167,27,0
25168,28,0
25169,29,1
25170,0,0
25171,1,1
25172,2,0
25173,3,0
25174,4,0
25175,5,0
25176,6,0
25177,7,1
25178,8,0
25179,9,0
25180,10,0
25181,11,1
25182,12,0
25183,13,1
25184,14,0
25185,15,0
25186,16,0
25187,17,1
25188,18,0
25189,19,1
25190,20,0
25191,21,0
25192,22,0
25193,23,1
25194,24,0
25195,25,0
25196,26,0
25197,27,0
25198,28,0
25199,29,1
25200,0,0
25201,1,1
25202,2,0
25203,3,0
25204,4,0
25205,5,0
25206,6,0
25207,7,1
25208,8,0
25209,9,0
25210,10,0
25211,11,1
25212,12,0
25213,13,1
25214,14,0
25215,15,0
25216,16,0
25217,17,1
25218,18,0
25219,19,1
25220,20,0
25221,21,0
25222,22,0
25223,23,1
25224,24,0
25225,25,0
25226,26,0
25227,27,0
25228,28,0
25229,29,1
25230,0,0
25231,1,1
25232,2,0
25233,3,0
25234,4,0
25235,5,0
25236,6,0
25237,7,1
25238,8,0
25239,9,0
25240,10,0
25241,11,1
25242,12,0
25243,13,1
25244,14,0
25245,15,0
25246,16,0
25247,17,1
25248,18,0
25249,19,1
25250,20,0
25251,21,0
25252,22,0
25253,23,1
25254,24,0
25255,25,0
25256,26,0
25257,27,0
25258,28,0
25259,29,1
25260,0,0
25261,1,1
25262,2,0
25263,3,0
25264,4,0
25265,5,0
25266,6,0
25267,7,1
25268,8,0
25269,9,0
25270,10,0
25271,11,1
25272,12,0
25273,13,1
25274,14,0
25275,15,0
25276,16,0
25277,17,1
25278,18,0
25279,19,1
25280,20,0
25281,21,0
25282,22,0
25283,23,1
25284,24,0
25285,25,0
25286,26,0
25287,27,0
25288,28,0
25289,29,1
25290,0,0
25291,1,1
25292,2,0
25293,3,0
25294,4,0
25295,5,0
25296,6,0
25297,7,1
25298,8,0
25299,9,0
25300,10,0
25301,11,1
25302,12,0
25303,13,1
25304,14,0
25305,15,0
25306,16,0
25307,17,1
25308,18,0
25309,19,1
25310,20,0
25311,21,0
25312,22,0
25313,23,1
25314,24,0
25315,25,0
25316,26,0
25317,27,0
25318,28,0
25319,29,1
25320,0,0
25321,1,1
25322,2,0
25323,3,0
25324,4,0
25325,5,0
25326,6,0
25327,7,1
25328,8,0
25329,9,0
25330,10,0
25331,11,1
25332,12,0
25333,13,1
25334,14,0
25335,15,0
25336,16,0
25337,17,1
25338,18,0
25339,19,1
25340,20,0
25341,21,0
25342,22,0
25343,23,1
25344,24,0
25345,25,0
25346,26,0
25347,27,0
25348,28,0
25349,29,1
25350,0,0
25351,1,1
25352,2,0
25353,3,0
25354,4,0
25355,5,0
25356,6,0
25357,7,1
25358,8,0
25359,9,0
25360,10,0
25361,11,1
25362,12,0
25363,13,1
25364,14,0
25365,15,0
25366,16,0
25367,17,1
25368,18,0
25369,19,1
25370,20,0
25371,21,0
25372,22,0
25373,23,1
25374,24,0
25375,25,0
25376,26,0
25377,27,0
25378,28,0
25379,29,1
25380,0,0
25381,1,1
25382,2,0
25383,3,0
25384,4,0
25385,5,0
25386,6,0
25387,7,1
25388,8,0
25389,9,0
25390,10,0
25391,11,1
25392,12,0
25393,13,1
25394,14,0
25395,15,0
25396,16,0
25397,17,1
25398,18,0
25399,19,1
25400,20,0
25401,21,0
25402,22,0
25403,23,1
25404,24,0
25405,25,0
25406,26,0
25407,27,0
25408,28,0
25409,29,1
25410,0,0
25411,1,1
25412,2,0
25413,3,0
25414,4,0
25415,5,0
25416,6,0
25417,7,1
25418,8,0
25419,9,0
25420,10,0
25421,11,1
25422,12,0
25423,13,1
25424,14,0
25425,15,0
25426,16,0
25427,17,1
25428,18,0
25429,19,1
25430,20,0
25431,21,0
25432,22,0
25433,23,1
25434,24,0
25435,25,0
25436,26,0
25437,27,0
25438,28,0
25439,29,1
25440,0,0
25441,1,1
25442,2,0
25443,3,0
25444,4,0
25445,5,0
25446,6,0
25447,7,1
25448,8,0
25449,9,0
25450,10,0
25451,11,1
25452,12,0
25453,13,1
25454,14,0
25455,15,0
25456,16,0
25457,17,1
25458,18,0
25459,19,1
25460,20,0
25461,21,0
25462,22,0
25463,23,1
25464,24,0
25465,25,0
25466,26,0
25467,27,0
25468,28,0
25469,29,1
25470,0,0
25471,1,1
25472,2,0
25473,3,0
25474,4,0
25475,5,0
25476,6,0
25477,7,1
25478,8,0
25479,9,0
25480,10,0
25481,11,1
25482,12,0
25483,13,1
25484,14,0
25485,15,0
25486,16,0
25487,17,1
25488,18,0
25489,19,1
25490,20,0
25491,21,0
25492,22,0
25493,23,1
25494,24,0
25495,25,0
25496,26,0
25497,27,0
25498,28,0
25499,29,1
25500,0,0
25501,1,1
25502,2,0
25503,3,0
25504,4,0
25505,5,0
25506,6,0
25507,7,1
25508,8,0
25509,9,0
25510,10,0
25511,11,1
25512,12,0
25513,13,1
25514,14,0
25515,15,0
25516,16,0
25517,17,1
25518,18,0
25519,19,1
25520,20,0
25521,21,0
25522,22,0
25523,23,1
25524,24,0
25525,25,0
25526,26,0
25527,27,0
25528,28,0
25529,29,1
25530,0,0
25531,1,1
25532,2,0
25533,3,0
25534,4,0
25535,5,0
25536,6,0
25537,7,1
25538,8,0
25539,9,0
25540,10,0
25541,11,1
25542,12,0
25543,13,1
25544,14,0
25545,15,0
25546,16,0
25547,17,1
25548,18,0
25549,19,1
25550,20,0
25551,21,0
25552,22,0
25553,23,1
25554,24,0
25555,25,0
25556,26,0
25557,27,0
25558,28,0
25559,29,1
25560,0,0
25561,1,1
25562,2,0
25563,3,0
25564,4,0
25565,5,0
25566,6,0
25567,7,1
25568,8,0
25569,9,0
25570,10,0
25571,11,1
25572,12,0
25573,13,1
25574,14,0
25575,15,0
25576,16,0
25577,17,1
25578,18,0
25579,19,1
25580,20,0
25581,21,0
25582,22,0
25583,23,1
25584,24,0
25585,25,0
25586,26,0
25587,27,0
25588,28,0
25589,29,1
25590,0,0
25591,1,1
25592,2,0
25593,3,0
25594,4,0
25595,5,0
25596,6,0
25597,7,1
25598,8,0
25599,9,0
25600,10,0
25601,11,1
25602,12,0
25603,13,1
25604,14,0
25605,15,0
25606,16,0
25607,17,1
25608,18,0
25609,19,1
25610,20,0
25611,21,0
25612,22,0
25613,23,1
25614,24,0
25615,25,0
25616,26,0
25617,27,0
25618,28,0
25619,29,1
25620,0,0
25621,1,1
25622,2,0
25623,3,0
25624,4,0
25625,5,0
25626,6,0
25627,7,1
25628,8,0
25629,9,0
25630,10,0
25631,11,1
25632,12,0
25633,13,1
25634,14,0
25635,15,0
25636,16,0
25637,17,1
25638,18,0
25639,19,1
25640,20,0
25641,21,0
25642,22,0
25643,23,1
25644,24,0
25645,25,0
25646,26,0
25647,27,0
25648,28,0
25649,29,1
25650,0,0
25651,1,1
25652,2,0
25653,3,0
25654,4,0
25655,5,0
25656,6,0
25657,7,1
25658,8,0
25659,9,0
25660,10,0
25661,11,1
25662,12,0
25663,13,1
25664,14,0
25665,15,0
25666,16,0
25667,17,1
25668,18,0
25669,19,1
25670,20,0
25671,21,0
25672,22,0
25673,23,1
25674,24,0
25675,25,0
25676,26,0
25677,27,0
25678,28,0
25679,29,1
25680,0,0
25681,1,1
25682,2,0
25683,3,0
25684,4,0
25685,5,0
25686,6,0
25687,7,1
25688,8,0
25689,9,0
25690,10,0
25691,11,1
25692,12,0
25693,13,1
25694,14,0
25695,15,0
25696,16,0
25697,17,1
25698,18,0
25699,19,1
25700,20,0
25701,21,0
25702,22,0
25703,23,1
25704,24,0
25705,25,0
25706,26,0
25707,27,0
25708,28,0
25709,29,1
25710,0,0
25711,1,1
25712,2,0
25713,3,0
25714,4,0
25715,5,0
25716,6,0
25717,7,1
25718,8,0
25719,9,0
25720,10,0
25721,11,1
25722,12,0
25723,13,1
25724,14,0
25725,15,0
25726,16,0
25727,17,1
25728,18,0
25729,19,1
25730,20,0
25731,21,0
25732,22,0
25733,23,1
25734,24,0
25735,25,0
25736,26,0
25737,27,0
25738,28,0
25739,29,1
25740,0,0
25741,1,1
25742,2,0
25743,3,0
25744,4,0
25745,5,0
25746,6,0
25747,7,1
25748,8,0
25749,9,0
25750,10,0
25751,11,1
25752,12,0
25753,13,1
25754,14,0
25755,15,0
25756,16,0
25757,17,1
25758,18,0
25759,19,1
25760,20,0
25761,21,0
25762,22,0
25763,23,1
25764,24,0
25765,25,0
25766,26,0
25767,27,0
25768,28,0
25769,29,1
25770,0,0
25771,1,1
25772,2,0
25773,3,0
25774,4,0
25775,5,0
25776,6,0
25777,7,1
25778,8,0
25779,9,0
25780,10,0
25781,11,1
25782,12,0
25783,13,1
25784,14,0
25785,15,0
25786,16,0
25787,17,1
25788,18,0
25789,19,1
25790,20,0
25791,21,0
25792,22,0
25793,23,1
25794,24,0
25795,25,0
25796,26,0
25797,27,0
25798,28,0
25799,29,1
25800,0,0
25801,1,1
25802,2,0
25803,3,0
25804,4,0
25805,5,0
25806,6,0
25807,7,1
25808,8,0
25809,9,0
25810,10,0
25811,11,1
25812,12,0
25813,13,1
25814,14,0
25815,15,0
25816,16,0
25817,17,1
25818,18,0
25819,19,1
25820,20,0
25821,21,0
25822,22,0
25823,23,1
25824,24,0
25825,25,0
25826,26,0
25827,27,0
25828,28,0
25829,29,1
25830,0,0
25831,1,1
25832,2,0
25833,3,0
25834,4,0
25835,5,0
25836,6,0
25837,7,1
25838,8,0
25839,9,0
25840,10,0
25841,11,1
25842,12,0
25843,13,1
25844,14,0
25845,15,0
25846,16,0
25847,17,1
25848,18,0
25849,19,1
25850,20,0
25851,21,0
25852,22,0
25853,23,1
25854,24,0
25855,25,0
25856,26,0
25857,27,0
25858,28,0
25859,29,1
25860,0,0
25861,1,1
25862,2,0
25863,3,0
25864,4,0
25865,5,0
25866,6,0
25867,7,1
25868,8,0
25869,9,0
25870,10,0
25871,11,1
25872,12,0
25873,13,1
25874,14,0
25875,15,0
25876,16,0
25877,17,1
25878,18,0
25879,19,1
25880,20,0
25881,21,0
25882,22,0
25883,23,1
25884,24,0
25885,25,0
25886,26,0
25887,27,0
25888,28,0
25889,29,1
25890,0,0
25891,1,1
25892,2,0
25893,3,0
25894,4,0
25895,5,0
25896,6,0
25897,7,1
25898,8,0
25899,9,0
25900,10,0
25901,11,1
25902,12,0
25903,13,1
25904,14,0
25905,15,0
25906,16,0
25907,17,1
25908,18,0
25909,19,1
25910,20,0
25911,21,0
25912,22,0
25913,23,1
25914,24,0
25915,25,0
25916,26,0
25917,27,0
25918,28,0
25919,29,1
25920,0,0
25921,1,1
25922,2,0
25923,3,0
25924,4,0
25925,5,0
25926,6,0
25927,7,1
25928,8,0
25929,9,0
25930,10,0
25931,11,1
25932,12,0
25933,13,1
25934,14,0
25935,15,0
25936,16,0
25937,17,1
25938,18,0
25939,19,1
25940,20,0
25941,21,0
25942,22,0
25943,23,1
25944,24,0
25945,25,0
25946,26,0
25947,27,0
25948,28,0
25949,29,1
25950,0,0
25951,1,1
25952,2,0
25953,3,0
25954,4,0
25955,5,0
25956,6,0
25957,7,1
25958,8,0
25959,9,0
25960,10,0
25961,11,1
25962,12,0
25963,13,1
25964,14,0
25965,15,0
25966,16,0
25967,17,1
25968,18,0
25969,19,1
25970,20,0
25971,21,0
25972,22,0
25973,23,1
25974,24,0
25975,25,0
25976,26,0
25977,27,0
25978,28,0
25979,29,1
25980,0,0
25981,1,1
25982,2,0
25983,3,0
25984,4,0
25985,5,0
25986,6,0
25987,7,1
25988,8,0
25989,9,0
25990,10,0
25991,11,1
25992,12,0
25993,13,1
25994,14,0
25995,15,0
25996,16,0
25997,17,1
25998,18,0
25999,19,1
26000,20,0
26001,21,0
26002,22,0
26003,23,1
26004,24,0
26005,25,0
26006,26,0
26007,27,0
26008,28,0
26009,29,1
26010,0,0
26011,1,1
26012,2,0
26013,3,0
26014,4,0
26015,5,0
26016,6,0
26017,7,1
26018,8,0
26019,9,0
26020,10,0
26021,11,1
26022,12,0
26023,13,1
26024,14,0
26025,15,0
26026,16,0
26027,17,1
26028,18,0
26029,19,1
26030,20,0
26031,21,0
26032,22,0
26033,23,1
26034,24,0
26035,25,0
26036,26,0
26037,27,0
26038,28,0
26039,29,1
26040,0,0
26041,1,1
26042,2,0
26043,3,0
26044,4,0
26045,5,0
26046,6,0
26047,7,1
26048,8,0
26049,9,0
26050,10,0
26051,11,1
26052,12,0
26053,13,1
26054,14,0
26055,15,0
26056,16,0
26057,17,1
26058,18,0
26059,19,1
26060,20,0
26061,21,0
26062,22,0
26063,23,1
26064,24,0
26065,25,0
26066,26,0
26067,27,0
26068,28,0
26069,29,1
26070,0,0
26071,1,1
26072,2,0
26073,3,0
26074,4,0
26075,5,0
26076,6,0
26077,7,1
26078,8,0
26079,9,0
26080,10,0
26081,11,1
26082,12,0
26083,13,1
26084,14,0
26085,15,0
26086,16,0
26087,17,1
26088,18,0
26089,19,1
26090,20,0
26091,21,0
26092,22,0
26093,23,1
26094,24,0
26095,25,0
26096,26,0
26097,27,0
26098,28,0
26099,29,1
26100,0,0
26101,1,1
26102,2,0
26103,3,0
26104,4,0
26105,5,0
26106,6,0
26107,7,1
26108,8,0
26109,9,0
26110,10,0
26111,11,1
26112,12,0
26113,13,1
26114,14,0
26115,15,0
26116,16,0
26117,17,1
26118,18,0
26119,19,1
26120,20,0
26121,21,0
26122,22,0
26123,23,1
26124,24,0
26125,25,0
26126,26,0
26127,27,0
26128,28,0
26129,29,1
26130,0,0
26131,1,1
26132,2,0
26133,3,0
26134,4,0
26135,5,0
26136,6,0
26137,7,1
26138,8,0
26139,9,0
26140,10,0
26141,11,1
26142,12,0
26143,13,1
26144,14,0
26145,15,0
26146,16,0
26147,17,1
26148,18,0
26149,19,1
26150,20,0
26151,21,0
26152,22,0
26153,23,1
26154,24,0
26155,25,0
26156,26,0
26157,27,0
26158,28,0
26159,29,1
26160,0,0
26161,1,1
26162,2,0
26163,3,0
26164,4,0
26165,5,0
26166,6,0
26167,7,1
26168,8,0
26169,9,0
26170,10,0
26171,11,1
26172,12,0
26173,13,1
26174,14,0
26175,15,0
26176,16,0
26177,17,1
26178,18,0
26179,19,1
26180,20,0
26181,21,0
26182,22,0
26183,23,1
26184,24,0
26185,25,0
26186,26,0
26187,27,0
26188,28,0
26189,29,1
26190,0,0
26191,1,1
26192,2,0
26193,3,0
26194,4,0
26195,5,0
26196,6,0
26197,7,1
26198,8,0
26199,9,0
26200,10,0
26201,11,1
26202,12,0
26203,13,1
26204,14,0
26205,15,0
26206,16,0
26207,17,1
26208,18,0
26209,19,1
26210,20,0
26211,21,0
26212,22,0
26213,23,1
26214,24,0
26215,25,0
26216,26,0
26217,27,0
26218,28,0
26219,29,1
26220,0,0
26221,1,1
26222,2,0
26223,3,0
26224,4,0
26225,5,0
26226,6,0
26227,7,1
26228,8,0
26229,9,0
26230,10,0
26231,11,1
26232,12,0
26233,13,1
26234,14,0
26235,15,0
26236,16,0
26237,17,1
26238,18,0
26239,19,1
26240,20,0
26241,21,0
26242,22,0
26243,23,1
26244,24,0
26245,25,0
26246,26,0
26247,27,0
26248,28,0
26249,29,1
26250,0,0
26251,1,1
26252,2,0
26253,3,0
26254,4,0
26255,5,0
26256,6,0
26257,7,1
26258,8,0
26259,9,0
26260,10,0
26261,11,1
26262,12,0
26263,13,1
26264,14,0
26265,15,0
26266,16,0
26267,17,1
26268,18,0
26269,19,1
26270,20,0
26271,21,0
26272,22,0
26273,23,1
26274,24,0
26275,25,0
26276,26,0
26277,27,0
26278,28,0
26279,29,1
26280,0,0
26281,1,1
26282,2,0
26283,3,0
26284,4,0
26285,5,0
26286,6,0
26287,7,1
26288,8,0
26289,9,0
26290,10,0
26291,11,1
26292,12,0
26293,13,1
26294,14,0
26295,15,0
26296,16,0
26297,17,1
26298,18,0
26299,19,1
26300,20,0
26301,21,0
26302,22,0
26303,23,1
26304,24,0
26305,25,0
26306,26,0
26307,27,0
26308,28,0
26309,29,1
26310,0,0
26311,1,1
26312,2,0
26313,3,0
26314,4,0
26315,5,0
26316,6,0
26317,7,1
26318,8,0
26319,9,0
26320,10,0
26321,11,1
26322,12,0
26323,13,1
26324,14,0
26325,15,0
26326,16,0
26327,17,1
26328,18,0
26329,19,1
26330,20,0
26331,21,0
26332,22,0
26333,23,1
26334,24,0
26335,25,0
26336,26,0
26337,27,0
26338,28,0
26339,29,1
26340,0,0
26341,1,1
26342,2,0
26343,3,0
26344,4,0
26345,5,0
26346,6,0
26347,7,1
26348,8,0
26349,9,0
26350,10,0
26351,11,1
26352,12,0
26353,13,1
26354,14,0
26355,15,0
26356,16,0
26357,17,1
26358,18,0
26359,19,1
26360,20,0
26361,21,0
26362,22,0
26363,23,1
26364,24,0
26365,25,0
26366,26,0
26367,27,0
26368,28,0
26369,29,1
26370,0,0
26371,1,1
26372,2,0
26373,3,0
26374,4,0
26375,5,0
26376,6,0
26377,7,1
26378,8,0
26379,9,0
26380,10,0
26381,11,1
26382,12,0
26383,13,1
26384,14,0
26385,15,0
26386,16,0
26387,17,1
26388,18,0
26389,19,1
26390,20,0
26391,21,0
26392,22,0
26393,23,1
26394,24,0
26395,25,0
26396,26,0
26397,27,0
26398,28,0
26399,29,1
26400,0,0
26401,1,1
26402,2,0
26403,3,0
26404,4,0
26405,5,0
26406,6,0
26407,7,1
26408,8,0
26409,9,0
26410,10,0
26411,11,1
26412,12,0
26413,13,1
26414,14,0
26415,15,0
26416,16,0
26417,17,1
26418,18,0
26419,19,1
26420,20,0
26421,21,0
26422,22,0
26423,23,1
26424,24,0
26425,25,0
26426,26,0
26427,27,0
26428,28,0
26429,29,1
26430,0,0
26431,1,1
26432,2,0
26433,3,0
26434,4,0
26435,5,0
26436,6,0
26437,7,1
26438,8,0
26439,9,0
26440,10,0
26441,11,1
26442,12,0
26443,13,1
26444,14,0
26445,15,0
26446,16,0
26447,17,1
26448,18,0
26449,19,1
26450,20,0
26451,21,0
26452,22,0
26453,23,1
26454,24,0
26455,25,0
26456,26,0
26457,27,0
26458,28,0
26459,29,1
26460,0,0
26461,1,1
26462,2,0
26463,3,0
26464,4,0
26465,5,0
26466,6,0
26467,7,1
26468,8,0
26469,9,0
26470,10,0
26471,11,1
26472,12,0
26473,13,1
26474,14,0
26475,15,0
26476,16,0
26477,17,1
26478,18,0
26479,19,1
26480,20,0
26481,21,0
26482,22,0
26483,23,1
26484,24,0
26485,25,0
26486,26,0
26487,27,0
26488,28,0
26489,29,1
26490,0,0
26491,1,1
26492,2,0
26493,3,0
26494,4,0
26495,5,0
26496,6,0
26497,7,1
26498,8,0
26499,9,0
26500,10,0
26501,11,1
26502,12,0
26503,13,1
26504,14,0
26505,15,0
26506,16,0
26507,17,1
26508,18,0
26509,19,1
26510,20,0
26511,21,0
26512,22,0
26513,23,1
26514,24,0
26515,25,0
26516,26,0
26517,27,0
26518,28,0
26519,29,1
26520,0,0
26521,1,1
26522,2,0
26523,3,0
26524,4,0
26525,5,0
26526,6,0
26527,7,1
26528,8,0
26529,9,0
26530,10,0
26531,11,1
26532,12,0
26533,13,1
26534,14,0
26535,15,0
26536,16,0
26537,17,1
26538,18,0
26539,19,1
26540,20,0
26541,21,0
26542,22,0
26543,23,1
26544,24,0
26545,25,0
26546,26,0
26547,27,0
26548,28,0
26549,29,1
26550,0,0
26551,1,1
26552,2,0
26553,3,0
26554,4,0
26555,5,0
26556,6,0
26557,7,1
26558,8,0
26559,9,0
26560,10,0
26561,11,1
26562,12,0
26563,13,1
26564,14,0
26565,15,0
26566,16,0
26567,17,1
26568,18,0
26569,19,1
26570,20,0
26571,21,0
26572,22,0
26573,23,1
26574,24,0
26575,25,0
26576,26,0
26577,27,0
26578,28,0
26579,29,1
26580,0,0
26581,1,1
26582,2,0
26583,3,0
26584,4,0
26585,5,0
26586,6,0
26587,7,1
26588,8,0
26589,9,0
26590,10,0
26591,11,1
26592,12,0
26593,13,1
26594,14,0
26595,15,0
26596,16,0
26597,17,1
26598,18,0
26599,19,1
26600,20,0
26601,21,0
26602,22,0
26603,23,1
26604,24,0
26605,25,0
26606,26,0
26607,27,0
26608,28,0
26609,29,1
26610,0,0
26611,1,1
26612,2,0
26613,3,0
26614,4,0
26615,5,0
26616,6,0
26617,7,1
26618,8,0
26619,9,0
26620,10,0
26621,11,1
26622,12,0
26623,13,1
26624,14,0
26625,15,0
26626,16,0
26627,17,1
26628,18,0
26629,19,1
26630,20,0
26631,21,0
26632,22,0
26633,23,1
26634,24,0
26635,25,0
26636,26,0
26637,27,0
26638,28,0
26639,29,1
26640,0,0
26641,1,1
26642,2,0
26643,3,0
26644,4,0
26645,5,0
26646,6,0
26647,7,1
26648,8,0
26649,9,0
26650,10,0
26651,11,1
26652,12,0
26653,13,1
26654,14,0
26655,15,0
26656,16,0
26657,17,1
26658,18,0
26659,19,1
26660,20,0
26661,21,0
26662,22,0
26663,23,1
26664,24,0
26665,25,0
26666,26,0
26667,27,0
26668,28,0
26669,29,1
26670,0,0
26671,1,1
26672,2,0
26673,3,0
26674,4,0
26675,5,0
26676,6,0
26677,7,1
26678,8,0
26679,9,0
26680,10,0
26681,11,1
26682,12,0
26683,13,1
26684,14,0
26685,15,0
26686,16,0
26687,17,1
26688,18,0
26689,19,1
26690,20,0
26691,21,0
26692,22,0
26693,23,1
26694,24,0
26695,25,0
26696,26,0
26697,27,0
26698,28,0
26699,29,1
26700,0,0
26701,1,1
26702,2,0
26703,3,0
26704,4,0
26705,5,0
26706,6,0
26707,7,1
26708,8,0
26709,9,0
26710,10,0
26711,11,1
26712,12,0
26713,13,1
26714,14,0
26715,15,0
26716,16,0
26717,17,1
26718,18,0
26719,19,1
26720,20,0
26721,21,0
26722,22,0
26723,23,1
26724,24,0
26725,25,0
26726,26,0
26727,27,0
26728,28,0
26729,29,1
26730,0,0
26731,1,1
26732,2,0
26733,3,0
26734,4,0
26735,5,0
26736,6,0
26737,7,1
26738,8,0
26739,9,0
26740,10,0
26741,11,1
26742,12,0
26743,13,1
26744,14,0
26745,15,0
26746,16,0
26747,17,1
26748,18,0
26749,19,1
26750,20,0
26751,21,0
26752,22,0
26753,23,1
26754,24,0
26755,25,0
26756,26,0
26757,27,0
26758,28,0
26759,29,1
26760,0,0
26761,1,1
26762,2,0
26763,3,0
26764,4,0
26765,5,0
26766,6,0
26767,7,1
26768,8,0
26769,9,0
26770,10,0
26771,11,1
26772,12,0
26773,13,1
26774,14,0
26775,15,0
26776,16,0
26777,17,1
26778,18,0
26779,19,1
26780,20,0
26781,21,0
26782,22,0
26783,23,1
26784,24,0
26785,25,0
26786,26,0
26787,27,0
26788,28,0
26789,29,1
26790,0,0
26791,1,1
26792,2,0
26793,3,0
26794,4,0
26795,5,0
26796,6,0
26797,7,1
26798,8,0
26799,9,0
26800,10,0
26801,11,1
26802,12,0
26803,13,1
26804,14,0
26805,15,0
26806,16,0
26807,17,1
26808,18,0
26809,19,1
26810,20,0
26811,21,0
26812,22,0
26813,23,1
26814,24,0
26815,25,0
26816,26,0
26817,27,0
26818,28,0
26819,29,1
26820,0,0
26821,1,1
26822,2,0
26823,3,0
26824,4,0
26825,5,0
26826,6,0
26827,7,1
26828,8,0
26829,9,0
26830,10,0
26831,11,1
26832,12,0
26833,13,1
26834,14,0
26835,15,0
26836,16,0
26837,17,1
26838,18,0
26839,19,1
26840,20,0
26841,21,0
26842,22,0
26843,23,1
26844,24,0
26845,25,0
26846,26,0
26847,27,0
26848,28,0
26849,29,1
26850,0,0
26851,1,1
26852,2,0
26853,3,0
26854,4,0
26855,5,0
26856,6,0
26857,7,1
26858,8,0
26859,9,0
26860,10,0
26861,11,1
26862,12,0
26863,13,1
26864,14,0
26865,15,0
26866,16,0
26867,17,1
26868,18,0
26869,19,1
26870,20,0
26871,21,0
26872,22,0
26873,23,1
26874,24,0
26875,25,0
26876,26,0
26877,27,0
26878,28,0
26879,29,1
26880,0,0
26881,1,1
26882,2,0
26883,3,0
26884,4,0
26885,5,0
26886,6,0
26887,7,1
26888,8,0
26889,9,0
26890,10,0
26891,11,1
26892,12,0
26893,13,1
26894,14,0
26895,15,0
26896,16,0
26897,17,1
26898,18,0
26899,19,1
26900,20,0
26901,21,0
26902,22,0
26903,23,1
26904,24,0
26905,25,0
26906,26,0
26907,27,0
26908,28,0
26909,29,1
26910,0,0
26911,1,1
26912,2,0
26913,3,0
26914,4,0
26915,5,0
26916,6,0
26917,7,1
26918,8,0
26919,9,0
26920,10,0
26921,11,1
26922,12,0
26923,13,1
26924,14,0
26925,15,0
26926,16,0
26927,17,1
26928,18,0
26929,19,1
26930,20,0
26931,21,0
26932,22,0
26933,23,1
26934,24,0
26935,25,0
26936,26,0
26937,27,0
26938,28,0
26939,29,1
26940,0,0
26941,1,1
26942,2,0
26943,3,0
26944,4,0
26945,5,0
26946,6,0
26947,7,1
26948,8,0
26949,9,0
26950,10,0
26951,11,1
26952,12,0
26953,13,1
26954,14,0
26955,15,0
26956,16,0
26957,17,1
26958,18,0
26959,19,1
26960,20,0
26961,21,0
26962,22,0
26963,23,1
26964,24,0
26965,25,0
26966,26,0
26967,27,0
26968,28,0
26969,29,1
26970,0,0
26971,1,1
26972,2,0
26973,3,0
26974,4,0
26975,5,0
26976,6,0
26977,7,1
26978,8,0
26979,9,0
26980,10,0
26981,11,1
26982,12,0
26983,13,1
26984,14,0
26985,15,0
26986,16,0
26987,17,1
26988,18,0
26989,19,1
26990,20,0
26991,21,0
26992,22,0
26993,23,1
26994,24,0
26995,25,0
26996,26,0
26997,27,0
26998,28,0
26999,29,1
27000,0,0
27001,1,1
27002,2,0
27003,3,0
27004,4,0
27005,5,0
27006,6,0
27007,7,1
27008,8,0
27009,9,0
27010,10,0
27011,11,1
27012,12,0
27013,13,1
27014,14,0
27015,15,0
27016,16,0
27017,17,1
27018,18,0
27019,19,1
27020,20,0
27021,21,0
27022,22,0
27023,23,1
27024,24,0
27025,25,0
27026,26,0
27027,27,0
27028,28,0
27029,29,1
27030,0,0
27031,1,1
27032,2,0
27033,3,0
27034,4,0
27035,5,0
27036,6,0
27037,7,1
27038,8,0
27039,9,0
27040,10,0
27041,11,1
27042,12,0
27043,13,1
27044,14,0
27045,15,0
27046,16,0
27047,17,1
27048,18,0
27049,19,1
27050,20,0
27051,21,0
27052,22,0
27053,23,1
27054,24,0
27055,25,0
27056,26,0
27057,27,0
27058,28,0
27059,29,1
27060,0,0
27061,1,1
27062,2,0
27063,3,0
27064,4,0
27065,5,0
27066,6,0
27067,7,1
27068,8,0
27069,9,0
27070,10,0
27071,11,1
27072,12,0
27073,13,1
27074,14,0
27075,15,0
27076,16,0
27077,17,1
27078,18,0
27079,19,1
27080,20,0
27081,21,0
27082,22,0
27083,23,1
27084,24,0
27085,25,0
27086,26,0
27087,27,0
27088,28,0
27089,29,1
27090,0,0
27091,1,1
27092,2,0
27093,3,0
27094,4,0
27095,5,0
27096,6,0
27097,7,1
27098,8,0
27099,9,0
27100,10,0
27101,11,1
27102,12,0
27103,13,1
27104,14,0
27105,15,0
27106,16,0
27107,17,1
27108,18,0
27109,19,1
27110,20,0
27111,21,0
27112,22,0
27113,23,1
27114,24,0
27115,25,0
27116,26,0
27117,27,0
27118,28,0
27119,29,1
27120,0,0
27121,1,1
27122,2,0
27123,3,0
27124,4,0
27125,5,0
27126,6,0
27127,7,1
27128,8,0
27129,9,0
27130,10,0
27131,11,1
27132,12,0
27133,13,1
27134,14,0
27135,15,0
27136,16,0
27137,17,1
27138,18,0
27139,19,1
27140,20,0
27141,21,0
27142,22,0
27143,23,1
27144,24,0
27145,25,0
27146,26,0
27147,27,0
27148,28,0
27149,29,1
27150,0,0
27151,1,1
27152,2,0
27153,3,0
27154,4,0
27155,5,0
27156,6,0
27157,7,1
27158,8,0
27159,9,0
27160,10,0
27161,11,1
27162,12,0
27163,13,1
27164,14,0
27165,15,0
27166,16,0
27167,17,1
27168,18,0
27169,19,1
27170,20,0
27171,21,0
27172,22,0
27173,23,1
27174,24,0
27175,25,0
27176,26,0
27177,27,0
27178,28,0
27179,29,1
27180,0,0
27181,1,1
27182,2,0
27183,3,0
27184,4,0
27185,5,0
27186,6,0
27187,7,1
27188,8,0
27189,9,0
27190,10,0
27191,11,1
27192,12,0
27193,13,1
27194,14,0
27195,15,0
27196,16,0
27197,17,1
27198,18,0
27199,19,1
27200,20,0
27201,21,0
27202,22,0
27203,23,1
27204,24,0
27205,25,0
27206,26,0
27207,27,0
27208,28,0
27209,29,1
27210,0,0
27211,1,1
27212,2,0
27213,3,0
27214,4,0
27215,5,0
27216,6,0
27217,7,1
27218,8,0
27219,9,0
27220,10,0
27221,11,1
27222,12,0
27223,13,1
27224,14,0
27225,15,0
27226,16,0
27227,17,1
27228,18,0
27229,19,1
27230,20,0
27231,21,0
27232,22,0
27233,23,1
27234,24,0
27235,25,0
27236,26,0
27237,27,0
27238,28,0
27239,29,1
27240,0,0
27241,1,1
27242,2,0
27243,3,0
27244,4,0
27245,5,0
27246,6,0
27247,7,1
27248,8,0
27249,9,0
27250,10,0
27251,11,1
27252,12,0
27253,13,1
27254,14,0
27255,15,0
27256,16,0
27257,17,1
27258,18,0
27259,19,1
27260,20,0
27261,21,0
27262,22,0
27263,23,1
27264,24,0
27265,25,0
27266,26,0
27267,27,0
27268,28,0
27269,29,1
27270,0,0
27271,1,1
27272,2,0
27273,3,0
27274,4,0
27275,5,0
27276,6,0
27277,7,1
27278,8,0
27279,9,0
27280,10,0
27281,11,1
27282,12,0
27283,13,1
27284,14,0
27285,15,0
27286,16,0
27287,17,1
27288,18,0
27289,19,1
27290,20,0
27291,21,0
27292,22,0
27293,23,1
27294,24,0
27295,25,0
27296,26,0
27297,27,0
27298,28,0
27299,29,1
27300,0,0
27301,1,1
27302,2,0
27303,3,0
27304,4,0
27305,5,0
27306,6,0
27307,7,1
27308,8,0
27309,9,0
27310,10,0
27311,11,1
27312,12,0
27313,13,1
27314,14,0
27315,15,0
27316,16,0
27317,17,1
27318,18,0
27319,19,1
27320,20,0
27321,21,0
27322,22,0
27323,23,1
27324,24,0
27325,25,0
27326,26,0
27327,27,0
27328,28,0
27329,29,1
27330,0,0
27331,1,1
27332,2,0
27333,3,0
27334,4,0
27335,5,0
27336,6,0
27337,7,1
27338,8,0
27339,9,0
27340,10,0
27341,11,1
27342,12,0
27343,13,1
27344,14,0
27345,15,0
27346,16,0
27347,17,1
27348,18,0
27349,19,1
27350,20,0
27351,21,0
27352,22,0
27353,23,1
27354,24,0
27355,25,0
27356,26,0
27357,27,0
27358,28,0
27359,29,1
27360,0,0
27361,1,1
27362,2,0
27363,3,0
27364,4,0
27365,5,0
27366,6,0
27367,7,1
27368,8,0
27369,9,0
27370,10,0
27371,11,1
27372,12,0
27373,13,1
27374,14,0
27375,15,0
27376,16,0
27377,17,1
27378,18,0
27379,19,1
27380,20,0
27381,21,0
27382,22,0
27383,23,1
27384,24,0
27385,25,0
27386,26,0
27387,27,0
27388,28,0
27389,29,1
27390,0,0
27391,1,1
27392,2,0
27393,3,0
27394,4,0
27395,5,0
27396,6,0
27397,7,1
27398,8,0
27399,9,0
27400,10,0
27401,11,1
27402,12,0
27403,13,1
27404,14,0
27405,15,0
27406,16,0
27407,17,1
27408,18,0
27409,19,1
27410,20,0
27411,21,0
27412,22,0
27413,23,1
27414,24,0
27415,25,0
27416,26,0
27417,27,0
27418,28,0
27419,29,1
27420,0,0
27421,1,1
27422,2,0
27423,3,0
27424,4,0
27425,5,0
27426,6,0
27427,7,1
27428,8,0
27429,9,0
27430,10,0
27431,11,1
27432,12,0
27433,13,1
27434,14,0
27435,15,0
27436,16,0
27437,17,1
27438,18,0
27439,19,1
27440,20,0
27441,21,0
27442,22,0
27443,23,1
27444,24,0
27445,25,0
27446,26,0
27447,27,0
27448,28,0
27449,29,1
27450,0,0
27451,1,1
27452,2,0
27453,3,0
27454,4,0
27455,5,0
27456,6,0
27457,7,1
27458,8,0
27459,9,0
27460,10,0
27461,11,1
27462,12,0
27463,13,1
27464,14,0
27465,15,0
27466,16,0
27467,17,1
27468,18,0
27469,19,1
27470,20,0
27471,21,0
27472,22,0
27473,23,1
27474,24,0
27475,25,0
27476,26,0
27477,27,0
27478,28,0
27479,29,1
27480,0,0
27481,1,1
27482,2,0
27483,3,0
27484,4,0
27485,5,0
27486,6,0
27487,7,1
27488,8,0
27489,9,0
27490,10,0
27491,11,1
27492,12,0
27493,13,1
27494,14,0
27495,15,0
27496,16,0
27497,17,1
27498,18,0
27499,19,1
27500,20,0
27501,21,0
27502,22,0
27503,23,1
27504,24,0
27505,25,0
27506,26,0
27507,27,0
27508,28,0
27509,29,1
27510,0,0
27511,1,1
27512,2,0
27513,3,0
27514,4,0
27515,5,0
27516,6,0
27517,7,1
27518,8,0
27519,9,0
27520,10,0
27521,11,1
27522,12,0
27523,13,1
27524,14,0
27525,15,0
27526,16,0
27527,17,1
27528,18,0
27529,19,1
27530,20,0
27531,21,0
27532,22,0
27533,23,1
27534,24,0
27535,25,0
27536,26,0
27537,27,0
27538,28,0
27539,29,1
27540,0,0
27541,1,1
27542,2,0
27543,3,0
27544,4,0
27545,5,0
27546,6,0
27547,7,1
27548,8,0
27549,9,0
27550,10,0
27551,11,1
27552,12,0
27553,13,1
27554,14,0
27555,15,0
27556,16,0
27557,17,1
27558,18,0
27559,19,1
27560,20,0
27561,21,0
27562,22,0
27563,23,1
27564,24,0
27565,25,0
27566,26,0
27567,27,0
27568,28,0
27569,29,1
27570,0,0
27571,1,1
27572,2,0
27573,3,0
27574,4,0
27575,5,0
27576,6,0
27577,7,1
27578,8,0
27579,9,0
27580,10,0
27581,11,1
27582,12,0
27583,13,1
27584,14,0
27585,15,0
27586,16,0
27587,17,1
27588,18,0
27589,19,1
27590,20,0
27591,21,0
27592,22,0
27593,23,1
27594,24,0
27595,25,0
27596,26,0
27597,27,0
27598,28,0
27599,29,1
27600,0,0
27601,1,1
27602,2,0
27603,3,0
27604,4,0
27605,5,0
27606,6,0
27607,7,1
27608,8,0
27609,9,0
27610,10,0
27611,11,1
27612,12,0
27613,13,1
27614,14,0
27615,15,0
27616,16,0
27617,17,1
27618,18,0
27619,19,1
27620,20,0
27621,21,0
27622,22,0
27623,23,1
27624,24,0
27625,25,0
27626,26,0
27627,27,0
27628,28,0
27629,29,1
27630,0,0
27631,1,1
27632,2,0
27633,3,0
27634,4,0
27635,5,0
27636,6,0
27637,7,1
27638,8,0
27639,9,0
27640,10,0
27641,11,1
27642,12,0
27643,13,1
27644,14,0
27645,15,0
27646,16,0
27647,17,1
27648,18,0
27649,19,1
27650,20,0
27651,21,0
27652,22,0
27653,23,1
27654,24,0
27655,25,0
27656,26,0
27657,27,0
27658,28,0
27659,29,1
27660,0,0
27661,1,1
27662,2,0
27663,3,0
27664,4,0
27665,5,0
27666,6,0
27667,7,1
27668,8,0
27669,9,0
27670,10,0
27671,11,1
27672,12,0
27673,13,1
27674,14,0
27675,15,0
27676,16,0
27677,17,1
27678,18,0
27679,19,1
27680,20,0
27681,21,0
27682,22,0
27683,23,1
27684,24,0
27685,25,0
27686,26,0
27687,27,0
27688,28,0
27689,29,1
27690,0,0
27691,1,1
27692,2,0
27693,3,0
27694,4,0
27695,5,0
27696,6,0
27697,7,1
27698,8,0
27699,9,0
27700,10,0
27701,11,1
27702,12,0
27703,13,1
27704,14,0
27705,15,0
27706,16,0
27707,17,1
27708,18,0
27709,19,1
27710,20,0
27711,21,0
27712,22,0
27713,23,1
27714,24,0
27715,25,0
27716,26,0
27717,27,0
27718,28,0
27719,29,1
27720,0,0
27721,1,1
27722,2,0
27723,3,0
27724,4,0
27725,5,0
27726,6,0
27727,7,1
27728,8,0
27729,9,0
27730,10,0
27731,11,1
27732,12,0
27733,13,1
27734,14,0
27735,15,0
27736,16,0
27737,17,1
27738,18,0
27739,19,1
27740,20,0
27741,21,0
27742,22,0
27743,23,1
27744,24,0
27745,25,0
27746,26,0
27747,27,0
27748,28,0
27749,29,1
27750,0,0
27751,1,1
27752,2,0
27753,3,0
27754,4,0
27755,5,0
27756,6,0
27757,7,1
27758,8,0
27759,9,0
27760,10,0
27761,11,1
27762,12,0
27763,13,1
27764,14,0
27765,15,0
27766,16,0
27767,17,1
27768,18,0
27769,19,1
27770,20,0
27771,21,0
27772,22,0
27773,23,1
27774,24,0
27775,25,0
27776,26,0
27777,27,0
27778,28,0
27779,29,1
27780,0,0
27781,1,1
27782,2,0
27783,3,0
27784,4,0
27785,5,0
27786,6,0
27787,7,1
27788,8,0
27789,9,0
27790,10,0
27791,11,1
27792,12,0
27793,13,1
27794,14,0
27795,15,0
27796,16,0
27797,17,1
27798,18,0
27799,19,1
27800,20,0
27801,21,0
27802,22,0
27803,23,1
27804,24,0
27805,25,0
27806,26,0
27807,27,0
27808,28,0
27809,29,1
27810,0,0
27811,1,1
27812,2,0
27813,3,0
27814,4,0
27815,5,0
27816,6,0
27817,7,1
27818,8,0
27819,9,0
27820,10,0
27821,11,1
27822,12,0
27823,13,1
27824,14,0
27825,15,0
27826,16,0
27827,17,1
27828,18,0
27829,19,1
27830,20,0
27831,21,0
27832,22,0
27833,23,1
27834,24,0
27835,25,0
27836,26,0
27837,27,0
27838,28,0
27839,29,1
27840,0,0
27841,1,1
27842,2,0
27843,3,0
27844,4,0
27845,5,0
27846,6,0
27847,7,1
27848,8,0
27849,9,0
27850,10,0
27851,11,1
27852,12,0
27853,13,1
27854,14,0
27855,15,0
27856,16,0
27857,17,1
27858,18,0
27859,19,1
27860,20,0
27861,21,0
27862,22,0
27863,23,1
27864,24,0
27865,25,0
27866,26,0
27867,27,0
27868,28,0
27869,29,1
27870,0,0
27871,1,1
27872,2,0
27873,3,0
27874,4,0
27875,5,0
27876,6,0
27877,7,1
27878,8,0
27879,9,0
27880,10,0
27881,11,1
27882,12,0
27883,13,1
27884,14,0
27885,15,0
27886,16,0
27887,17,1
27888,18,0
27889,19,1
27890,20,0
27891,21,0
27892,22,0
27893,23,1
27894,24,0
27895,25,0
27896,26,0
27897,27,0
27898,28,0
27899,29,1
27900,0,0
27901,1,1
27902,2,0
27903,3,0
27904,4,0
27905,5,0
27906,6,0
27907,7,1
27908,8,0
27909,9,0
27910,10,0
27911,11,1
27912,12,0
27913,13,1
27914,14,0
27915,15,0
27916,16,0
27917,17,1
27918,18,0
27919,19,1
27920,20,0
27921,21,0
27922,22,0
27923,23,1
27924,24,0
27925,25,0
27926,26,0
27927,27,0
27928,28,0
27929,29,1
27930,0,0
27931,1,1
27932,2,0
27933,3,0
27934,4,0
27935,5,0
27936,6,0
27937,7,1
27938,8,0
27939,9,0
27940,10,0
27941,11,1
27942,12,0
27943,13,1
27944,14,0
27945,15,0
27946,16,0
27947,17,1
27948,18,0
27949,19,1
27950,20,0
27951,21,0
27952,22,0
27953,23,1
27954,24,0
27955,25,0
27956,26,0
27957,27,0
27958,28,0
27959,29,1
27960,0,0
27961,1,1
27962,2,0
27963,3,0
27964,4,0
27965,5,0
27966,6,0
27967,7,1
27968,8,0
27969,9,0
27970,10,0
27971,11,1
27972,12,0
27973,13,1
27974,14,0
27975,15,0
27976,16,0
27977,17,1
27978,18,0
27979,19,1
27980,20,0
27981,21,0
27982,22,0
27983,23,1
27984,24,0
27985,25,0
27986,26,0
27987,27,0
27988,28,0
27989,29,1
27990,0,0
27991,1,1
27992,2,0
27993,3,0
27994,4,0
27995,5,0
27996,6,0
27997,7,1
27998,8,0
27999,9,0
28000,10,0
28001,11,1
28002,12,0
28003,13,1
28004,14,0
28005,15,0
28006,16,0
28007,17,1
28008,18,0
28009,19,1
28010,20,0
28011,21,0
28012,22,0
28013,23,1
28014,24,0
28015,25,0
28016,26,0
28017,27,0
28018,28,0
28019,29,1
28020,0,0
28021,1,1
28022,2,0
28023,3,0
28024,4,0
28025,5,0
28026,6,0
28027,7,1
28028,8,0
28029,9,0
28030,10,0
28031,11,1
28032,12,0
28033,13,1
28034,14,0
28035,15,0
28036,16,0
28037,17,1
28038,18,0
28039,19,1
28040,20,0
28041,21,0
28042,22,0
28043,23,1
28044,24,0
28045,25,0
28046,26,0
28047,27,0
28048,28,0
28049,29,1
28050,0,0
28051,1,1
28052,2,0
28053,3,0
28054,4,0
28055,5,0
28056,6,0
28057,7,1
28058,8,0
28059,9,0
28060,10,0
28061,11,1
28062,12,0
28063,13,1
28064,14,0
28065,15,0
28066,16,0
28067,17,1
28068,18,0
28069,19,1
28070,20,0
28071,21,0
28072,22,0
28073,23,1
28074,24,0
28075,25,0
28076,26,0
28077,27,0
28078,28,0
28079,29,1
28080,0,0
28081,1,1
28082,2,0
28083,3,0
28084,4,0
28085,5,0
28086,6,0
28087,7,1
28088,8,0
28089,9,0
28090,10,0
28091,11,1
28092,12,0
28093,13,1
28094,14,0
28095,15,0
28096,16,0
28097,17,1
28098,18,0
28099,19,1
28100,20,0
28101,21,0
28102,22,0
28103,23,1
28104,24,0
28105,25,0
28106,26,0
28107,27,0
28108,28,0
28109,29,1
28110,0,0
28111,1,1
28112,2,0
28113,3,0
28114,4,0
28115,5,0
28116,6,0
28117,7,1
28118,8,0
28119,9,0
28120,10,0
28121,11,1
28122,12,0
28123,13,1
28124,14,0
28125,15,0
28126,16,0
28127,17,1
28128,18,0
28129,19,1
28130,20,0
28131,21,0
28132,22,0
28133,23,1
28134,24,0
28135,25,0
28136,26,0
28137,27,0
28138,28,0
28139,29,1
28140,0,0
28141,1,1
28142,2,0
28143,3,0
28144,4,0
28145,5,0
28146,6,0
28147,7,1
28148,8,0
28149,9,0
28150,10,0
28151,11,1
28152,12,0
28153,13,1
28154,14,0
28155,15,0
28156,16,0
28157,17,1
28158,18,0
28159,19,1
28160,20,0
28161,21,0
28162,22,0
28163,23,1
28164,24,0
28165,25,0
28166,26,0
28167,27,0
28168,28,0
28169,29,1
28170,0,0
28171,1,1
28172,2,0
28173,3,0
28174,4,0
28175,5,0
28176,6,0
28177,7,1
28178,8,0
28179,9,0
28180,10,0
28181,11,1
28182,12,0
28183,13,1
28184,14,0
28185,15,0
28186,16,0
28187,17,1
28188,18,0
28189,19,1
28190,20,0
28191,21,0
28192,22,0
28193,23,1
28194,24,0
28195,25,0
28196,26,0
28197,27,0
28198,28,0
28199,29,1
28200,0,0
28201,1,1
28202,2,0
28203,3,0
28204,4,0
28205,5,0
28206,6,0
28207,7,1
28208,8,0
28209,9,0
28210,10,0
28211,11,1
28212,12,0
28213,13,1
28214,14,0
28215,15,0
28216,16,0
28217,17,1
28218,18,0
28219,19,1
28220,20,0
28221,21,0
28222,22,0
28223,23,1
28224,24,0
28225,25,0
28226,26,0
28227,27,0
28228,28,0
28229,29,1
28230,0,0
28231,1,1
28232,2,0
28233,3,0
28234,4,0
28235,5,0
28236,6,0
28237,7,1
28238,8,0
28239,9,0
28240,10,0
28241,11,1
28242,12,0
28243,13,1
28244,14,0
28245,15,0
28246,16,0
28247,17,1
28248,18,0
28249,19,1
28250,20,0
28251,21,0
28252,22,0
28253,23,1
28254,24,0
28255,25,0
28256,26,0
28257,27,0
28258,28,0
28259,29,1
28260,0,0
28261,1,1
28262,2,0
28263,3,0
28264,4,0
28265,5,0
28266,6,0
28267,7,1
28268,8,0
28269,9,0
28270,10,0
28271,11,1
28272,12,0
28273,13,1
28274,14,0
28275,15,0
28276,16,0
28277,17,1
28278,18,0
28279,19,1
28280,20,0
28281,21,0
28282,22,0
28283,23,1
28284,24,0
28285,25,0
28286,26,0
28287,27,0
28288,28,0
28289,29,1
28290,0,0
28291,1,1
28292,2,0
28293,3,0
28294,4,0
28295,5,0
28296,6,0
28297,7,1
28298,8,0
28299,9,0
28300,10,0
28301,11,1
28302,12,0
28303,13,1
28304,14,0
28305,15,0
28306,16,0
28307,17,1
28308,18,0
28309,19,1
28310,20,0
28311,21,0
28312,22,0
28313,23,1
28314,24,0
28315,25,0
28316,26,0
28317,27,0
28318,28,0
28319,29,1
28320,0,0
28321,1,1
28322,2,0
28323,3,0
28324,4,0
28325,5,0
28326,6,0
28327,7,1
28328,8,0
28329,9,0
28330,10,0
28331,11,1
28332,12,0
28333,13,1
28334,14,0
28335,15,0
28336,16,0
28337,17,1
28338,18,0
28339,19,1
28340,20,0
28341,21,0
28342,22,0
28343,23,1
28344,24,0
28345,25,0
28346,26,0
28347,27,0
28348,28,0
28349,29,1
28350,0,0
28351,1,1
28352,2,0
28353,3,0
28354,4,0
28355,5,0
28356,6,0
28357,7,1
28358,8,0
28359,9,0
28360,10,0
28361,11,1
28362,12,0
28363,13,1
28364,14,0
28365,15,0
28366,16,0
28367,17,1
28368,18,0
28369,19,1
28370,20,0
28371,21,0
28372,22,0
28373,23,1
28374,24,0
28375,25,0
28376,26,0
28377,27,0
28378,28,0
28379,29,1
28380,0,0
28381,1,1
28382,2,0
28383,3,0
28384,4,0
28385,5,0
28386,6,0
28387,7,1
28388,8,0
28389,9,0
28390,10,0
28391,11,1
28392,12,0
28393,13,1
28394,14,0
28395,15,0
28396,16,0
28397,17,1
28398,18,0
28399,19,1
28400,20,0
28401,21,0
28402,22,0
28403,23,1
28404,24,0
28405,25,0
28406,26,0
28407,27,0
28408,28,0
28409,29,1
28410,0,0
28411,1,1
28412,2,0
28413,3,0
28414,4,0
28415,5,0
28416,6,0
28417,7,1
28418,8,0
28419,9,0
28420,10,0
28421,11,1
28422,12,0
28423,13,1
28424,14,0
28425,15,0
28426,16,0
28427,17,1
28428,18,0
28429,19,1
28430,20,0
28431,21,0
28432,22,0
28433,23,1
28434,24,0
28435,25,0
28436,26,0
28437,27,0
28438,28,0
28439,29,1
28440,0,0
28441,1,1
28442,2,0
28443,3,0
28444,4,0
28445,5,0
28446,6,0
28447,7,1
28448,8,0
28449,9,0
28450,10,0
28451,11,1
28452,12,0
28453,13,1
28454,14,0
28455,15,0
28456,16,0
28457,17,1
28458,18,0
28459,19,1
28460,20,0
28461,21,0
28462,22,0
28463,23,1
28464,24,0
28465,25,0
28466,26,0
28467,27,0
28468,28,0
28469,29,1
28470,0,0
28471,1,1
28472,2,0
28473,3,0
28474,4,0
28475,5,0
28476,6,0
28477,7,1
28478,8,0
28479,9,0
28480,10,0
28481,11,1
28482,12,0
28483,13,1
28484,14,0
28485,15,0
28486,16,0
28487,17,1
28488,18,0
28489,19,1
28490,20,0
28491,21,0
28492,22,0
28493,23,1
28494,24,0
28495,25,0
28496,26,0
28497,27,0
28498,28,0
28499,29,1
28500,0,0
28501,1,1
28502,2,0
28503,3,0
28504,4,0
28505,5,0
28506,6,0
28507,7,1
28508,8,0
28509,9,0
28510,10,0
28511,11,1
28512,12,0
28513,13,1
28514,14,0
28515,15,0
28516,16,0
28517,17,1
28518,18,0
28519,19,1
28520,20,0
28521,21,0
28522,22,0
28523,23,1
28524,24,0
28525,25,0
28526,26,0
28527,27,0
28528,28,0
28529,29,1
28530,0,0
28531,1,1
28532,2,0
28533,3,0
28534,4,0
28535,5,0
28536,6,0
28537,7,1
28538,8,0
28539,9,0
28540,10,0
28541,11,1
28542,12,0
28543,13,1
28544,14,0
28545,15,0
28546,16,0
28547,17,1
28548,18,0
28549,19,1
28550,20,0
28551,21,0
28552,22,0
28553,23,1
28554,24,0
28555,25,0
28556,26,0
28557,27,0
28558,28,0
28559,29,1
28560,0,0
28561,1,1
28562,2,0
28563,3,0
28564,4,0
28565,5,0
28566,6,0
28567,7,1
28568,8,0
28569,9,0
28570,10,0
28571,11,1
28572,12,0
28573,13,1
28574,14,0
28575,15,0
28576,16,0
28577,17,1
28578,18,0
28579,19,1
28580,20,0
28581,21,0
28582,22,0
28583,23,1
28584,24,0
28585,25,0
28586,26,0
28587,27,0
28588,28,0
28589,29,1
28590,0,0
28591,1,1
28592,2,0
28593,3,0
28594,4,0
28595,5,0
28596,6,0
28597,7,1
28598,8,0
28599,9,0
28600,10,0
28601,11,1
28602,12,0
28603,13,1
28604,14,0
28605,15,0
28606,16,0
28607,17,1
28608,18,0
28609,19,1
28610,20,0
28611,21,0
28612,22,0
28613,23,1
28614,24,0
28615,25,0
28616,26,0
28617,27,0
28618,28,0
28619,29,1
28620,0,0
28621,1,1
28622,2,0
28623,3,0
28624,4,0
28625,5,0
28626,6,0
28627,7,1
28628,8,0
28629,9,0
28630,10,0
28631,11,1
28632,12,0
28633,13,1
28634,14,0
28635,15,0
28636,16,0
28637,17,1
28638,18,0
28639,19,1
28640,20,0
28641,21,0
28642,22,0
28643,23,1
28644,24,0
28645,25,0
28646,26,0
28647,27,0
28648,28,0
28649,29,1
28650,0,0
28651,1,1
28652,2,0
28653,3,0
28654,4,0
28655,5,0
28656,6,0
28657,7,1
28658,8,0
28659,9,0
28660,10,0
28661,11,1
28662,12,0
28663,13,1
28664,14,0
28665,15,0
28666,16,0
28667,17,1
28668,18,0
28669,19,1
28670,20,0
28671,21,0
28672,22,0
28673,23,1
28674,24,0
28675,25,0
28676,26,0
28677,27,0
28678,28,0
28679,29,1
28680,0,0
28681,1,1
28682,2,0
28683,3,0
28684,4,0
28685,5,0
28686,6,0
28687,7,1
28688,8,0
28689,9,0
28690,10,0
28691,11,1
28692,12,0
28693,13,1
28694,14,0
28695,15,0
28696,16,0
28697,17,1
28698,18,0
28699,19,1
28700,20,0
28701,21,0
28702,22,0
28703,23,1
28704,24,0
28705,25,0
28706,26,0
28707,27,0
28708,28,0
28709,29,1
28710,0,0
28711,1,1
28712,2,0
28713,3,0
28714,4,0
28715,5,0
28716,6,0
28717,7,1
28718,8,0
28719,9,0
28720,10,0
28721,11,1
28722,12,0
28723,13,1
28724,14,0
28725,15,0
28726,16,0
28727,17,1
28728,18,0
28729,19,1
28730,20,0
28731,21,0
28732,22,0
28733,23,1
28734,24,0
28735,25,0
28736,26,0
28737,27,0
28738,28,0
28739,29,1
28740,0,0
28741,1,1
28742,2,0
28743,3,0
28744,4,0
28745,5,0
28746,6,0
28747,7,1
28748,8,0
28749,9,0
28750,10,0
28751,11,1
28752,12,0
28753,13,1
28754,14,0
28755,15,0
28756,16,0
28757,17,1
28758,18,0
28759,19,1
28760,20,0
28761,21,0
28762,22,0
28763,23,1
28764,24,0
28765,25,0
28766,26,0
28767,27,0
28768,28,0
28769,29,1
28770,0,0
28771,1,1
28772,2,0
28773,3,0
28774,4,0
28775,5,0
28776,6,0
28777,7,1
28778,8,0
28779,9,0
28780,10,0
28781,11,1
28782,12,0
28783,13,1
28784,14,0
28785,15,0
28786,16,0
28787,17,1
28788,18,0
28789,19,1
28790,20,0
28791,21,0
28792,22,0
28793,23,1
28794,24,0
28795,25,0
28796,26,0
28797,27,0
28798,28,0
28799,29,1
28800,0,0
28801,1,1
28802,2,0
28803,3,0
28804,4,0
28805,5,0
28806,6,0
28807,7,1
28808,8,0
28809,9,0
28810,10,0
28811,11,1
28812,12,0
28813,13,1
28814,14,0
28815,15,0
28816,16,0
28817,17,1
28818,18,0
28819,19,1
28820,20,0
28821,21,0
28822,22,0
28823,23,1
28824,24,0
28825,25,0
28826,26,0
28827,27,0
28828,28,0
28829,29,1
28830,0,0
28831,1,1
28832,2,0
28833,3,0
28834,4,0
28835,5,0
28836,6,0
28837,7,1
28838,8,0
28839,9,0
28840,10,0
28841,11,1
28842,12,0
28843,13,1
28844,14,0
28845,15,0
28846,16,0
28847,17,1
28848,18,0
28849,19,1
28850,20,0
28851,21,0
28852,22,0
28853,23,1
28854,24,0
28855,25,0
28856,26,0
28857,27,0
28858,28,0
28859,29,1
28860,0,0
28861,1,1
28862,2,0
28863,3,0
28864,4,0
28865,5,0
28866,6,0
28867,7,1
28868,8,0
28869,9,0
28870,10,0
28871,11,1
28872,12,0
28873,13,1
28874,14,0
28875,15,0
28876,16,0
28877,17,1
28878,18,0
28879,19,1
28880,20,0
28881,21,0
28882,22,0
28883,23,1
28884,24,0
28885,25,0
28886,26,0
28887,27,0
28888,28,0
28889,29,1
28890,0,0
28891,1,1
28892,2,0
28893,3,0
28894,4,0
28895,5,0
28896,6,0
28897,7,1
28898,8,0
28899,9,0
28900,10,0
28901,11,1
28902,12,0
28903,13,1
28904,14,0
28905,15,0
28906,16,0
28907,17,1
28908,18,0
28909,19,1
28910,20,0
28911,21,0
28912,22,0
28913,23,1
28914,24,0
28915,25,0
28916,26,0
28917,27,0
28918,28,0
28919,29,1
28920,0,0
28921,1,1
28922,2,0
28923,3,0
28924,4,0
28925,5,0
28926,6,0
28927,7,1
28928,8,0
28929,9,0
28930,10,0
28931,11,1
28932,12,0
28933,13,1
28934,14,0
28935,15,0
28936,16,0
28937,17,1
28938,18,0
28939,19,1
28940,20,0
28941,21,0
28942,22,0
28943,23,1
28944,24,0
28945,25,0
28946,26,0
28947,27,0
28948,28,0
28949,29,1
28950,0,0
28951,1,1
28952,2,0
28953,3,0
28954,4,0
28955,5,0
28956,6,0
28957,7,1
28958,8,0
28959,9,0
28960,10,0
28961,11,1
28962,12,0
28963,13,1
28964,14,0
28965,15,0
28966,16,0
28967,17,1
28968,18,0
28969,19,1
28970,20,0
28971,21,0
28972,22,0
28973,23,1
28974,24,0
28975,25,0
28976,26,0
28977,27,0
28978,28,0
28979,29,1
28980,0,0
28981,1,1
28982,2,0
28983,3,0
28984,4,0
28985,5,0
28986,6,0
28987,7,1
28988,8,0
28989,9,0
28990,10,0
28991,11,1
28992,12,0
28993,13,1
28994,14,0
28995,15,0
28996,16,0
28997,17,1
28998,18,0
28999,19,1
29000,20,0
29001,21,0
29002,22,0
29003,23,1
29004,24,0
29005,25,0
29006,26,0
29007,27,0
29008,28,0
29009,29,1
29010,0,0
29011,1,1
29012,2,0
29013,3,0
29014,4,0
29015,5,0
29016,6,0
29017,7,1
29018,8,0
29019,9,0
29020,10,0
29021,11,1
29022,12,0
29023,13,1
29024,14,0
29025,15,0
29026,16,0
29027,17,1
29028,18,0
29029,19,1
29030,20,0
29031,21,0
29032,22,0
29033,23,1
29034,24,0
29035,25,0
29036,26,0
29037,27,0
29038,28,0
29039,29,1
29040,0,0
29041,1,1
29042,2,0
29043,3,0
29044,4,0
29045,5,0
29046,6,0
29047,7,1
29048,8,0
29049,9,0
29050,10,0
29051,11,1
29052,12,0
29053,13,1
29054,14,0
29055,15,0
29056,16,0
29057,17,1
29058,18,0
29059,19,1
29060,20,0
29061,21,0
29062,22,0
29063,23,1
29064,24,0
29065,25,0
29066,26,0
29067,27,0
29068,28,0
29069,29,1
29070,0,0
29071,1,1
29072,2,0
29073,3,0
29074,4,0
29075,5,0
29076,6,0
29077,7,1
29078,8,0
29079,9,0
29080,10,0
29081,11,1
29082,12,0
29083,13,1
29084,14,0
29085,15,0
29086,16,0
29087,17,1
29088,18,0
29089,19,1
29090,20,0
29091,21,0
29092,22,0
29093,23,1
29094,24,0
29095,25,0
29096,26,0
29097,27,0
29098,28,0
29099,29,1
29100,0,0
29101,1,1
29102,2,0
29103,3,0
29104,4,0
29105,5,0
29106,6,0
29107,7,1
29108,8,0
29109,9,0
29110,10,0
29111,11,1
29112,12,0
29113,13,1
29114,14,0
29115,15,0
29116,16,0
29117,17,1
29118,18,0
29119,19,1
29120,20,0
29121,21,0
29122,22,0
29123,23,1
29124,24,0
29125,25,0
29126,26,0
29127,27,0
29128,28,0
29129,29,1
29130,0,0
29131,1,1
29132,2,0
29133,3,0
29134,4,0
29135,5,0
29136,6,0
29137,7,1
29138,8,0
29139,9,0
29140,10,0
29141,11,1
29142,12,0
29143,13,1
29144,14,0
29145,15,0
29146,16,0
29147,17,1
29148,18,0
29149,19,1
29150,20,0
29151,21,0
29152,22,0
29153,23,1
29154,24,0
29155,25,0
29156,26,0
29157,27,0
29158,28,0
29159,29,1
29160,0,0
29161,1,1
29162,2,0
29163,3,0
29164,4,0
29165,5,0
29166,6,0
29167,7,1
29168,8,0
29169,9,0
29170,10,0
29171,11,1
29172,12,0
29173,13,1
29174,14,0
29175,15,0
29176,16,0
29177,17,1
29178,18,0
29179,19,1
29180,20,0
29181,21,0
29182,22,0
29183,23,1
29184,24,0
29185,25,0
29186,26,0
29187,27,0
29188,28,0
29189,29,1
29190,0,0
29191,1,1
29192,2,0
29193,3,0
29194,4,0
29195,5,0
29196,6,0
29197,7,1
29198,8,0
29199,9,0
29200,10,0
29201,11,1
29202,12,0
29203,13,1
29204,14,0
29205,15,0
29206,16,0
29207,17,1
29208,18,0
29209,19,1
29210,20,0
29211,21,0
29212,22,0
29213,23,1
29214,24,0
29215,25,0
29216,26,0
29217,27,0
29218,28,0
29219,29,1
29220,0,0
29221,1,1
29222,2,0
29223,3,0
29224,4,0
29225,5,0
29226,6,0
29227,7,1
29228,8,0
29229,9,0
29230,10,0
29231,11,1
29232,12,0
29233,13,1
29234,14,0
29235,15,0
29236,16,0
29237,17,1
29238,18,0
29239,19,1
29240,20,0
29241,21,0
29242,22,0
29243,23,1
29244,24,0
29245,25,0
29246,26,0
29247,27,0
29248,28,0
29249,29,1
29250,0,0
29251,1,1
29252,2,0
29253,3,0
29254,4,0
29255,5,0
29256,6,0
29257,7,1
29258,8,0
29259,9,0
29260,10,0
29261,11,1
29262,12,0
29263,13,1
29264,14,0
29265,15,0
29266,16,0
29267,17,1
29268,18,0
29269,19,1
29270,20,0
29271,21,0
29272,22,0
29273,23,1
29274,24,0
29275,25,0
29276,26,0
29277,27,0
29278,28,0
29279,29,1
29280,0,0
29281,1,1
29282,2,0
29283,3,0
29284,4,0
29285,5,0
29286,6,0
29287,7,1
29288,8,0
29289,9,0
29290,10,0
29291,11,1
29292,12,0
29293,13,1
29294,14,0
29295,15,0
29296,16,0
29297,17,1
29298,18,0
29299,19,1
29300,20,0
29301,21,0
29302,22,0
29303,23,1
29304,24,0
29305,25,0
29306,26,0
29307,27,0
29308,28,0
29309,29,1
29310,0,0
29311,1,1
29312,2,0
29313,3,0
29314,4,0
29315,5,0
29316,6,0
29317,7,1
29318,8,0
29319,9,0
29320,10,0
29321,11,1
29322,12,0
29323,13,1
29324,14,0
29325,15,0
29326,16,0
29327,17,1
29328,18,0
29329,19,1
29330,20,0
29331,21,0
29332,22,0
29333,23,1
29334,24,0
29335,25,0
29336,26,0
29337,27,0
29338,28,0
29339,29,1
29340,0,0
29341,1,1
29342,2,0
29343,3,0
29344,4,0
29345,5,0
29346,6,0
29347,7,1
29348,8,0
29349,9,0
29350,10,0
29351,11,1
29352,12,0
29353,13,1
29354,14,0
29355,15,0
29356,16,0
29357,17,1
29358,18,0
29359,19,1
29360,20,0
29361,21,0
29362,22,0
29363,23,1
29364,24,0
29365,25,0
29366,26,0
29367,27,0
29368,28,0
29369,29,1
29370,0,0
29371,1,1
29372,2,0
29373,3,0
29374,4,0
29375,5,0
29376,6,0
29377,7,1
29378,8,0
29379,9,0
29380,10,0
29381,11,1
29382,12,0
29383,13,1
29384,14,0
29385,15,0
29386,16,0
29387,17,1
29388,18,0
29389,19,1
29390,20,0
29391,21,0
29392,22,0
29393,23,1
29394,24,0
29395,25,0
29396,26,0
29397,27,0
29398,28,0
29399,29,1
29400,0,0
29401,1,1
29402,2,0
29403,3,0
29404,4,0
29405,5,0
29406,6,0
29407,7,1
29408,8,0
29409,9,0
29410,10,0
29411,11,1
29412,12,0
29413,13,1
29414,14,0
29415,15,0
29416,16,0
29417,17,1
29418,18,0
29419,19,1
29420,20,0
29421,21,0
29422,22,0
29423,23,1
29424,24,0
29425,25,0
29426,26,0
29427,27,0
29428,28,0
29429,29,1
29430,0,0
29431,1,1
29432,2,0
29433,3,0
29434,4,0
29435,5,0
29436,6,0
29437,7,1
29438,8,0
29439,9,0
29440,10,0
29441,11,1
29442,12,0
29443,13,1
29444,14,0
29445,15,0
29446,16,0
29447,17,1
29448,18,0
29449,19,1
29450,20,0
29451,21,0
29452,22,0
29453,23,1
29454,24,0
29455,25,0
29456,26,0
29457,27,0
29458,28,0
29459,29,1
29460,0,0
29461,1,1
29462,2,0
29463,3,0
29464,4,0
29465,5,0
29466,6,0
29467,7,1
29468,8,0
29469,9,0
29470,10,0
29471,11,1
29472,12,0
29473,13,1
29474,14,0
29475,15,0
29476,16,0
29477,17,1
29478,18,0
29479,19,1
29480,20,0
29481,21,0
29482,22,0
29483,23,1
29484,24,0
29485,25,0
29486,26,0
29487,27,0
29488,28,0
29489,29,1
29490,0,0
29491,1,1
29492,2,0
29493,3,0
29494,4,0
29495,5,0
29496,6,0
29497,7,1
29498,8,0
29499,9,0
29500,10,0
29501,11,1
29502,12,0
29503,13,1
29504,14,0
29505,15,0
29506,16,0
29507,17,1
29508,18,0
29509,19,1
29510,20,0
29511,21,0
29512,22,0
29513,23,1
29514,24,0
29515,25,0
29516,26,0
29517,27,0
29518,28,0
29519,29,1
29520,0,0
29521,1,1
29522,2,0
29523,3,0
29524,4,0
29525,5,0
29526,6,0
29527,7,1
29528,8,0
29529,9,0
29530,10,0
29531,11,1
29532,12,0
29533,13,1
29534,14,0
29535,15,0
29536,16,0
29537,17,1
29538,18,0
29539,19,1
29540,20,0
29541,21,0
29542,22,0
29543,23,1
29544,24,0
29545,25,0
29546,26,0
29547,27,0
29548,28,0
29549,29,1
29550,0,0
29551,1,1
29552,2,0
29553,3,0
29554,4,0
29555,5,0
29556,6,0
29557,7,1
29558,8,0
29559,9,0
29560,10,0
29561,11,1
29562,12,0
29563,13,1
29564,14,0
29565,15,0
29566,16,0
29567,17,1
29568,18,0
29569,19,1
29570,20,0
29571,21,0
29572,22,0
29573,23,1
29574,24,0
29575,25,0
29576,26,0
29577,27,0
29578,28,0
29579,29,1
29580,0,0
29581,1,1
29582,2,0
29583,3,0
29584,4,0
29585,5,0
29586,6,0
29587,7,1
29588,8,0
29589,9,0
29590,10,0
29591,11,1
29592,12,0
29593,13,1
29594,14,0
29595,15,0
29596,16,0
29597,17,1
29598,18,0
29599,19,1
29600,20,0
29601,21,0
29602,22,0
29603,23,1
29604,24,0
29605,25,0
29606,26,0
29607,27,0
29608,28,0
29609,29,1
29610,0,0
29611,1,1
29612,2,0
29613,3,0
29614,4,0
29615,5,0
29616,6,0
29617,7,1
29618,8,0
29619,9,0
29620,10,0
29621,11,1
29622,12,0
29623,13,1
29624,14,0
29625,15,0
29626,16,0
29627,17,1
29628,18,0
29629,19,1
29630,20,0
29631,21,0
29632,22,0
29633,23,1
29634,24,0
29635,25,0
29636,26,0
29637,27,0
29638,28,0
29639,29,1
29640,0,0
29641,1,1
29642,2,0
29643,3,0
29644,4,0
29645,5,0
29646,6,0
29647,7,1
29648,8,0
29649,9,0
29650,10,0
29651,11,1
29652,12,0
29653,13,1
29654,14,0
29655,15,0
29656,16,0
29657,17,1
29658,18,0
29659,19,1
29660,20,0
29661,21,0
29662,22,0
29663,23,1
29664,24,0
29665,25,0
29666,26,0
29667,27,0
29668,28,0
29669,29,1
29670,0,0
29671,1,1
29672,2,0
29673,3,0
29674,4,0
29675,5,0
29676,6,0
29677,7,1
29678,8,0
29679,9,0
29680,10,0
29681,11,1
29682,12,0
29683,13,1
29684,14,0
29685,15,0
29686,16,0
29687,17,1
29688,18,0
29689,19,1
29690,20,0
29691,21,0
29692,22,0
29693,23,1
29694,24,0
29695,25,0
29696,26,0
29697,27,0
29698,28,0
29699,29,1
29700,0,0
29701,1,1
29702,2,0
29703,3,0
29704,4,0
29705,5,0
29706,6,0
29707,7,1
29708,8,0
29709,9,0
29710,10,0
29711,11,1
29712,12,0
29713,13,1
29714,14,0
29715,15,0
29716,16,0
29717,17,1
29718,18,0
29719,19,1
29720,20,0
29721,21,0
29722,22,0
29723,23,1
29724,24,0
29725,25,0
29726,26,0
29727,27,0
29728,28,0
29729,29,1
29730,0,0
29731,1,1
29732,2,0
29733,3,0
29734,4,0
29735,5,0
29736,6,0
29737,7,1
29738,8,0
29739,9,0
29740,10,0
29741,11,1
29742,12,0
29743,13,1
29744,14,0
29745,15,0
29746,16,0
29747,17,1
29748,18,0
29749,19,1
29750,20,0
29751,21,0
29752,22,0
29753,23,1
29754,24,0
29755,25,0
29756,26,0
29757,27,0
29758,28,0
29759,29,1
29760,0,0
29761,1,1
29762,2,0
29763,3,0
29764,4,0
29765,5,0
29766,6,0
29767,7,1
29768,8,0
29769,9,0
29770,10,0
29771,11,1
29772,12,0
29773,13,1
29774,14,0
29775,15,0
29776,16,0
29777,17,1
29778,18,0
29779,19,1
29780,20,0
29781,21,0
29782,22,0
29783,23,1
29784,24,0
29785,25,0
29786,26,0
29787,27,0
29788,28,0
29789,29,1
29790,0,0
29791,1,1
29792,2,0
29793,3,0
29794,4,0
29795,5,0
29796,6,0
29797,7,1
29798,8,0
29799,9,0
29800,10,0
29801,11,1
29802,12,0
29803,13,1
29804,14,0
29805,15,0
29806,16,0
29807,17,1
29808,18,0
29809,19,1
29810,20,0
29811,21,0
29812,22,0
29813,23,1
29814,24,0
29815,25,0
29816,26,0
29817,27,0
29818,28,0
29819,29,1
29820,0,0
29821,1,1
29822,2,0
29823,3,0
29824,4,0
29825,5,0
29826,6,0
29827,7,1
29828,8,0
29829,9,0
29830,10,0
29831,11,1
29832,12,0
29833,13,1
29834,14,0
29835,15,0
29836,16,0
29837,17,1
29838,18,0
29839,19,1
29840,20,0
29841,21,0
29842,22,0
29843,23,1
29844,24,0
29845,25,0
29846,26,0
29847,27,0
29848,28,0
29849,29,1
29850,0,0
29851,1,1
29852,2,0
29853,3,0
29854,4,0
29855,5,0
29856,6,0
29857,7,1
29858,8,0
29859,9,0
29860,10,0
29861,11,1
29862,12,0
29863,13,1
29864,14,0
29865,15,0
29866,16,0
29867,17,1
29868,18,0
29869,19,1
29870,20,0
29871,21,0
29872,22,0
29873,23,1
29874,24,0
29875,25,0
29876,26,0
29877,27,0
29878,28,0
29879,29,1
29880,0,0
29881,1,1
29882,2,0
29883,3,0
29884,4,0
29885,5,0
29886,6,0
29887,7,1
29888,8,0
29889,9,0
29890,10,0
29891,11,1
29892,12,0
29893,13,1
29894,14,0
29895,15,0
29896,16,0
29897,17,1
29898,18,0
29899,19,1
29900,20,0
29901,21,0
29902,22,0
29903,23,1
29904,24,0
29905,25,0
29906,26,0
29907,27,0
29908,28,0
29909,29,1
29910,0,0
29911,1,1
29912,2,0
29913,3,0
29914,4,0
29915,5,0
29916,6,0
29917,7,1
29918,8,0
29919,9,0
29920,10,0
29921,11,1
29922,12,0
29923,13,1
29924,14,0
29925,15,0
29926,16,0
29927,17,1
29928,18,0
29929,19,1
29930,20,0
29931,21,0
29932,22,0
29933,23,1
29934,24,0
29935,25,0
29936,26,0
29937,27,0
29938,28,0
29939,29,1
29940,0,0
29941,1,1
29942,2,0
29943,3,0
29944,4,0
29945,5,0
29946,6,0
29947,7,1
29948,8,0
29949,9,0
29950,10,0
29951,11,1
29952,12,0
29953,13,1
29954,14,0
29955,15,0
29956,16,0
29957,17,1
29958,18,0
29959,19,1
29960,20,0
29961,21,0
29962,22,0
29963,23,1
29964,24,0
29965,25,0
29966,26,0
29967,27,0
29968,28,0
29969,29,1
29970,0,0
29971,1,1
29972,2,0
29973,3,0
29974,4,0
29975,5,0
29976,6,0
29977,7,1
29978,8,0
29979,9,0
29980,10,0
29981,11,1
29982,12,0
29983,13,1
29984,14,0
29985,15,0
29986,16,0
29987,17,1
29988,18,0
29989,19,1
29990,20,0
29991,21,0
29992,22,0
29993,23,1
29994,24,0
29995,25,0
29996,26,0
29997,27,0
29998,28,0
29999,29,1
