local_noise,link_noise,p_success,alpha,before_cgcs,before_link_consistency,before_global_stability,after_cgcs,after_link_consistency,after_global_stability,projection_rate,projection_success_rate,effective_cgcs,projection_gain,effective_gain
0.0,0.0,1.0,0.25,1.0,1.0,1.0,1.0,1.0,1.0,0.0,1.0,1.0,0.0,0.0
0.0,0.0,1.0,0.25,1.0,1.0,1.0,1.0,1.0,1.0,0.0,1.0,1.0,0.0,0.0
0.0,0.0,1.0,0.25,1.0,1.0,1.0,1.0,1.0,1.0,0.0,1.0,1.0,0.0,0.0
0.0,0.0,1.0,0.25,1.0,1.0,1.0,1.0,1.0,1.0,0.0,1.0,1.0,0.0,0.0
0.0,0.0,1.0,0.25,1.0,1.0,1.0,1.0,1.0,1.0,0.0,1.0,1.0,0.0,0.0
0.0,0.0,1.0,0.25,1.0,1.0,1.0,1.0,1.0,1.0,0.0,1.0,1.0,0.0,0.0
0.0,0.0,1.0,0.25,1.0,1.0,1.0,1.0,1.0,1.0,0.0,1.0,1.0,0.0,0.0
0.0,0.0,1.0,0.25,1.0,1.0,1.0,1.0,1.0,1.0,0.0,1.0,1.0,0.0,0.0
0.0,0.0,1.0,0.25,1.0,1.0,1.0,1.0,1.0,1.0,0.0,1.0,1.0,0.0,0.0
0.0,0.0,1.0,0.25,1.0,1.0,1.0,1.0,1.0,1.0,0.0,1.0,1.0,0.0,0.0
0.0,0.0,1.0,0.25,1.0,1.0,1.0,1.0,1.0,1.0,0.0,1.0,1.0,0.0,0.0
0.0,0.0,1.0,0.25,1.0,1.0,1.0,1.0,1.0,1.0,0.0,1.0,1.0,0.0,0.0
0.0,0.0,1.0,0.25,1.0,1.0,1.0,1.0,1.0,1.0,0.0,1.0,1.0,0.0,0.0
0.0,0.0,1.0,0.25,1.0,1.0,1.0,1.0,1.0,1.0,0.0,1.0,1.0,0.0,0.0
0.0,0.0,1.0,0.25,1.0,1.0,1.0,1.0,1.0,1.0,0.0,1.0,1.0,0.0,0.0
0.0,0.0,1.0,0.25,1.0,1.0,1.0,1.0,1.0,1.0,0.0,1.0,1.0,0.0,0.0
0.0,0.0,1.0,0.25,1.0,1.0,1.0,1.0,1.0,1.0,0.0,1.0,1.0,0.0,0.0
0.0,0.0,1.0,0.25,1.0,1.0,1.0,1.0,1.0,1.0,0.0,1.0,1.0,0.0,0.0
0.0,0.0,1.0,0.25,1.0,1.0,1.0,1.0,1.0,1.0,0.0,1.0,1.0,0.0,0.0
0.0,0.0,1.0,0.25,1.0,1.0,1.0,1.0,1.0,1.0,0.0,1.0,1.0,0.0,0.0
0.0,0.0,1.0,0.25,1.0,1.0,1.0,1.0,1.0,1.0,0.0,1.0,1.0,0.0,0.0
0.0,0.0,1.0,0.25,1.0,1.0,1.0,1.0,1.0,1.0,0.0,1.0,1.0,0.0,0.0
0.0,0.0,1.0,0.25,1.0,1.0,1.0,1.0,1.0,1.0,0.0,1.0,1.0,0.0,0.0
0.0,0.0,1.0,0.25,1.0,1.0,1.0,1.0,1.0,1.0,0.0,1.0,1.0,0.0,0.0
0.0,0.0,1.0,0.25,1.0,1.0,1.0,1.0,1.0,1.0,0.0,1.0,1.0,0.0,0.0
0.0,0.049999999999999996,1.0,0.25,0.9583333333333334,0.9583333333333334,1.0,1.0,1.0,1.0,0.041666666666666664,1.0,0.9895833333333334,0.04166666666666663,0.03125
0.0,0.049999999999999996,1.0,0.25,1.0,1.0,1.0,1.0,1.0,1.0,0.0,1.0,1.0,0.0,0.0
0.0,0.049999999999999996,1.0,0.25,1.0,1.0,1.0,1.0,1.0,1.0,0.0,1.0,1.0,0.0,0.0
0.0,0.049999999999999996,1.0,0.25,1.0,1.0,1.0,1.0,1.0,1.0,0.0,1.0,1.0,0.0,0.0
0.0,0.049999999999999996,1.0,0.25,0.9583333333333334,0.9583333333333334,1.0,1.0,1.0,1.0,0.041666666666666664,1.0,0.9895833333333334,0.04166666666666663,0.03125
0.0,0.049999999999999996,1.0,0.25,0.875,0.875,1.0,1.0,1.0,1.0,0.125,1.0,0.96875,0.125,0.09375
0.0,0.049999999999999996,1.0,0.25,0.9166666666666666,0.9166666666666666,1.0,1.0,1.0,1.0,0.08333333333333333,1.0,0.9791666666666666,0.08333333333333337,0.0625
0.0,0.049999999999999996,1.0,0.25,1.0,1.0,1.0,1.0,1.0,1.0,0.0,1.0,1.0,0.0,0.0
0.0,0.049999999999999996,1.0,0.25,1.0,1.0,1.0,1.0,1.0,1.0,0.0,1.0,1.0,0.0,0.0
0.0,0.049999999999999996,1.0,0.25,1.0,1.0,1.0,1.0,1.0,1.0,0.0,1.0,1.0,0.0,0.0
0.0,0.049999999999999996,1.0,0.25,1.0,1.0,1.0,1.0,1.0,1.0,0.0,1.0,1.0,0.0,0.0
0.0,0.049999999999999996,1.0,0.25,1.0,1.0,1.0,1.0,1.0,1.0,0.0,1.0,1.0,0.0,0.0
0.0,0.049999999999999996,1.0,0.25,0.9166666666666666,0.9166666666666666,1.0,1.0,1.0,1.0,0.08333333333333333,1.0,0.9791666666666666,0.08333333333333337,0.0625
0.0,0.049999999999999996,1.0,0.25,0.9166666666666666,0.9166666666666666,1.0,1.0,1.0,1.0,0.08333333333333333,1.0,0.9791666666666666,0.08333333333333337,0.0625
0.0,0.049999999999999996,1.0,0.25,1.0,1.0,1.0,1.0,1.0,1.0,0.0,1.0,1.0,0.0,0.0
0.0,0.049999999999999996,1.0,0.25,1.0,1.0,1.0,1.0,1.0,1.0,0.0,1.0,1.0,0.0,0.0
0.0,0.049999999999999996,1.0,0.25,1.0,1.0,1.0,1.0,1.0,1.0,0.0,1.0,1.0,0.0,0.0
0.0,0.049999999999999996,1.0,0.25,1.0,1.0,1.0,1.0,1.0,1.0,0.0,1.0,1.0,0.0,0.0
0.0,0.049999999999999996,1.0,0.25,1.0,1.0,1.0,1.0,1.0,1.0,0.0,1.0,1.0,0.0,0.0
0.0,0.049999999999999996,1.0,0.25,1.0,1.0,1.0,1.0,1.0,1.0,0.0,1.0,1.0,0.0,0.0
0.0,0.049999999999999996,1.0,0.25,1.0,1.0,1.0,1.0,1.0,1.0,0.0,1.0,1.0,0.0,0.0
0.0,0.049999999999999996,1.0,0.25,1.0,1.0,1.0,1.0,1.0,1.0,0.0,1.0,1.0,0.0,0.0
0.0,0.049999999999999996,1.0,0.25,0.9583333333333334,0.9583333333333334,1.0,1.0,1.0,1.0,0.041666666666666664,1.0,0.9895833333333334,0.04166666666666663,0.03125
0.0,0.049999999999999996,1.0,0.25,0.9583333333333334,0.9583333333333334,1.0,1.0,1.0,1.0,0.041666666666666664,1.0,0.9895833333333334,0.04166666666666663,0.03125
0.0,0.049999999999999996,1.0,0.25,1.0,1.0,1.0,1.0,1.0,1.0,0.0,1.0,1.0,0.0,0.0
0.0,0.09999999999999999,1.0,0.25,0.875,0.875,1.0,1.0,1.0,1.0,0.125,1.0,0.96875,0.125,0.09375
0.0,0.09999999999999999,1.0,0.25,0.8333333333333334,0.8333333333333334,1.0,1.0,1.0,1.0,0.16666666666666666,1.0,0.9583333333333334,0.16666666666666663,0.125
0.0,0.09999999999999999,1.0,0.25,0.875,0.875,1.0,1.0,1.0,1.0,0.125,1.0,0.96875,0.125,0.09375
0.0,0.09999999999999999,1.0,0.25,1.0,1.0,1.0,1.0,1.0,1.0,0.0,1.0,1.0,0.0,0.0
0.0,0.09999999999999999,1.0,0.25,0.9166666666666666,0.9166666666666666,1.0,1.0,1.0,1.0,0.08333333333333333,1.0,0.9791666666666666,0.08333333333333337,0.0625
0.0,0.09999999999999999,1.0,0.25,0.8333333333333334,0.8333333333333334,1.0,1.0,1.0,1.0,0.16666666666666666,1.0,0.9583333333333334,0.16666666666666663,0.125
0.0,0.09999999999999999,1.0,0.25,0.9583333333333334,0.9583333333333334,1.0,1.0,1.0,1.0,0.041666666666666664,1.0,0.9895833333333334,0.04166666666666663,0.03125
0.0,0.09999999999999999,1.0,0.25,0.9166666666666666,0.9166666666666666,1.0,1.0,1.0,1.0,0.08333333333333333,1.0,0.9791666666666666,0.08333333333333337,0.0625
0.0,0.09999999999999999,1.0,0.25,0.9166666666666666,0.9166666666666666,1.0,1.0,1.0,1.0,0.08333333333333333,1.0,0.9791666666666666,0.08333333333333337,0.0625
0.0,0.09999999999999999,1.0,0.25,1.0,1.0,1.0,1.0,1.0,1.0,0.0,1.0,1.0,0.0,0.0
0.0,0.09999999999999999,1.0,0.25,0.9166666666666666,0.9166666666666666,1.0,1.0,1.0,1.0,0.08333333333333333,1.0,0.9791666666666666,0.08333333333333337,0.0625
0.0,0.09999999999999999,1.0,0.25,1.0,1.0,1.0,1.0,1.0,1.0,0.0,1.0,1.0,0.0,0.0
0.0,0.09999999999999999,1.0,0.25,0.8333333333333334,0.8333333333333334,1.0,1.0,1.0,1.0,0.16666666666666666,1.0,0.9583333333333334,0.16666666666666663,0.125
0.0,0.09999999999999999,1.0,0.25,1.0,1.0,1.0,1.0,1.0,1.0,0.0,1.0,1.0,0.0,0.0
0.0,0.09999999999999999,1.0,0.25,1.0,1.0,1.0,1.0,1.0,1.0,0.0,1.0,1.0,0.0,0.0
0.0,0.09999999999999999,1.0,0.25,0.875,0.875,1.0,1.0,1.0,1.0,0.125,1.0,0.96875,0.125,0.09375
0.0,0.09999999999999999,1.0,0.25,1.0,1.0,1.0,1.0,1.0,1.0,0.0,1.0,1.0,0.0,0.0
0.0,0.09999999999999999,1.0,0.25,0.9583333333333334,0.9583333333333334,1.0,1.0,1.0,1.0,0.041666666666666664,1.0,0.9895833333333334,0.04166666666666663,0.03125
0.0,0.09999999999999999,1.0,0.25,0.9583333333333334,0.9583333333333334,1.0,1.0,1.0,1.0,0.041666666666666664,1.0,0.9895833333333334,0.04166666666666663,0.03125
0.0,0.09999999999999999,1.0,0.25,1.0,1.0,1.0,1.0,1.0,1.0,0.0,1.0,1.0,0.0,0.0
0.0,0.09999999999999999,1.0,0.25,0.9166666666666666,0.9166666666666666,1.0,1.0,1.0,1.0,0.08333333333333333,1.0,0.9791666666666666,0.08333333333333337,0.0625
0.0,0.09999999999999999,1.0,0.25,1.0,1.0,1.0,1.0,1.0,1.0,0.0,1.0,1.0,0.0,0.0
0.0,0.09999999999999999,1.0,0.25,0.9166666666666666,0.9166666666666666,1.0,1.0,1.0,1.0,0.08333333333333333,1.0,0.9791666666666666,0.08333333333333337,0.0625
0.0,0.09999999999999999,1.0,0.25,0.9583333333333334,0.9583333333333334,1.0,1.0,1.0,1.0,0.041666666666666664,1.0,0.9895833333333334,0.04166666666666663,0.03125
0.0,0.09999999999999999,1.0,0.25,0.875,0.875,1.0,1.0,1.0,1.0,0.125,1.0,0.96875,0.125,0.09375
0.0,0.15,1.0,0.25,0.9583333333333334,0.9583333333333334,1.0,1.0,1.0,1.0,0.041666666666666664,1.0,0.9895833333333334,0.04166666666666663,0.03125
0.0,0.15,1.0,0.25,0.9166666666666666,0.9166666666666666,1.0,1.0,1.0,1.0,0.08333333333333333,1.0,0.9791666666666666,0.08333333333333337,0.0625
0.0,0.15,1.0,0.25,0.8333333333333334,0.8333333333333334,1.0,1.0,1.0,1.0,0.16666666666666666,1.0,0.9583333333333334,0.16666666666666663,0.125
0.0,0.15,1.0,0.25,0.9583333333333334,0.9583333333333334,1.0,1.0,1.0,1.0,0.041666666666666664,1.0,0.9895833333333334,0.04166666666666663,0.03125
0.0,0.15,1.0,0.25,0.9166666666666666,0.9166666666666666,1.0,1.0,1.0,1.0,0.08333333333333333,1.0,0.9791666666666666,0.08333333333333337,0.0625
0.0,0.15,1.0,0.25,0.9166666666666666,0.9166666666666666,1.0,1.0,1.0,1.0,0.08333333333333333,1.0,0.9791666666666666,0.08333333333333337,0.0625
0.0,0.15,1.0,0.25,0.9166666666666666,0.9166666666666666,1.0,1.0,1.0,1.0,0.08333333333333333,1.0,0.9791666666666666,0.08333333333333337,0.0625
0.0,0.15,1.0,0.25,0.9166666666666666,0.9166666666666666,1.0,1.0,1.0,1.0,0.08333333333333333,1.0,0.9791666666666666,0.08333333333333337,0.0625
0.0,0.15,1.0,0.25,0.9166666666666666,0.9166666666666666,1.0,1.0,1.0,1.0,0.08333333333333333,1.0,0.9791666666666666,0.08333333333333337,0.0625
0.0,0.15,1.0,0.25,0.9166666666666666,0.9166666666666666,1.0,1.0,1.0,1.0,0.08333333333333333,1.0,0.9791666666666666,0.08333333333333337,0.0625
0.0,0.15,1.0,0.25,0.875,0.875,1.0,1.0,1.0,1.0,0.125,1.0,0.96875,0.125,0.09375
0.0,0.15,1.0,0.25,0.9166666666666666,0.9166666666666666,1.0,1.0,1.0,1.0,0.08333333333333333,1.0,0.9791666666666666,0.08333333333333337,0.0625
0.0,0.15,1.0,0.25,0.9583333333333334,0.9583333333333334,1.0,1.0,1.0,1.0,0.041666666666666664,1.0,0.9895833333333334,0.04166666666666663,0.03125
0.0,0.15,1.0,0.25,0.875,0.875,1.0,1.0,1.0,1.0,0.125,1.0,0.96875,0.125,0.09375
0.0,0.15,1.0,0.25,0.9583333333333334,0.9583333333333334,1.0,1.0,1.0,1.0,0.041666666666666664,1.0,0.9895833333333334,0.04166666666666663,0.03125
0.0,0.15,1.0,0.25,0.9583333333333334,0.9583333333333334,1.0,1.0,1.0,1.0,0.041666666666666664,1.0,0.9895833333333334,0.04166666666666663,0.03125
0.0,0.15,1.0,0.25,0.9583333333333334,0.9583333333333334,1.0,1.0,1.0,1.0,0.041666666666666664,1.0,0.9895833333333334,0.04166666666666663,0.03125
0.0,0.15,1.0,0.25,0.9583333333333334,0.9583333333333334,1.0,1.0,1.0,1.0,0.041666666666666664,1.0,0.9895833333333334,0.04166666666666663,0.03125
0.0,0.15,1.0,0.25,0.875,0.875,1.0,1.0,1.0,1.0,0.125,1.0,0.96875,0.125,0.09375
0.0,0.15,1.0,0.25,0.8333333333333334,0.8333333333333334,1.0,1.0,1.0,1.0,0.16666666666666666,1.0,0.9583333333333334,0.16666666666666663,0.125
0.0,0.15,1.0,0.25,0.9583333333333334,0.9583333333333334,1.0,1.0,1.0,1.0,0.041666666666666664,1.0,0.9895833333333334,0.04166666666666663,0.03125
0.0,0.15,1.0,0.25,0.875,0.875,1.0,1.0,1.0,1.0,0.125,1.0,0.96875,0.125,0.09375
0.0,0.15,1.0,0.25,0.8333333333333334,0.8333333333333334,1.0,1.0,1.0,1.0,0.16666666666666666,1.0,0.9583333333333334,0.16666666666666663,0.125
0.0,0.15,1.0,0.25,1.0,1.0,1.0,1.0,1.0,1.0,0.0,1.0,1.0,0.0,0.0
0.0,0.15,1.0,0.25,0.875,0.875,1.0,1.0,1.0,1.0,0.125,1.0,0.96875,0.125,0.09375
0.0,0.19999999999999998,1.0,0.25,0.75,0.75,1.0,1.0,1.0,1.0,0.25,1.0,0.9375,0.25,0.1875
0.0,0.19999999999999998,1.0,0.25,0.9166666666666666,0.9166666666666666,1.0,1.0,1.0,1.0,0.08333333333333333,1.0,0.9791666666666666,0.08333333333333337,0.0625
0.0,0.19999999999999998,1.0,0.25,0.875,0.875,1.0,1.0,1.0,1.0,0.125,1.0,0.96875,0.125,0.09375
0.0,0.19999999999999998,1.0,0.25,0.9583333333333334,0.9583333333333334,1.0,1.0,1.0,1.0,0.041666666666666664,1.0,0.9895833333333334,0.04166666666666663,0.03125
0.0,0.19999999999999998,1.0,0.25,0.7916666666666666,0.7916666666666666,1.0,1.0,1.0,1.0,0.20833333333333334,1.0,0.9479166666666666,0.20833333333333337,0.15625
0.0,0.19999999999999998,1.0,0.25,1.0,1.0,1.0,1.0,1.0,1.0,0.0,1.0,1.0,0.0,0.0
0.0,0.19999999999999998,1.0,0.25,0.9166666666666666,0.9166666666666666,1.0,1.0,1.0,1.0,0.08333333333333333,1.0,0.9791666666666666,0.08333333333333337,0.0625
0.0,0.19999999999999998,1.0,0.25,0.9583333333333334,0.9583333333333334,1.0,1.0,1.0,1.0,0.041666666666666664,1.0,0.9895833333333334,0.04166666666666663,0.03125
0.0,0.19999999999999998,1.0,0.25,1.0,1.0,1.0,1.0,1.0,1.0,0.0,1.0,1.0,0.0,0.0
0.0,0.19999999999999998,1.0,0.25,0.8333333333333334,0.8333333333333334,1.0,1.0,1.0,1.0,0.16666666666666666,1.0,0.9583333333333334,0.16666666666666663,0.125
0.0,0.19999999999999998,1.0,0.25,0.7916666666666666,0.7916666666666666,1.0,1.0,1.0,1.0,0.20833333333333334,1.0,0.9479166666666666,0.20833333333333337,0.15625
0.0,0.19999999999999998,1.0,0.25,0.9166666666666666,0.9166666666666666,1.0,1.0,1.0,1.0,0.08333333333333333,1.0,0.9791666666666666,0.08333333333333337,0.0625
0.0,0.19999999999999998,1.0,0.25,0.8333333333333334,0.8333333333333334,1.0,1.0,1.0,1.0,0.16666666666666666,1.0,0.9583333333333334,0.16666666666666663,0.125
0.0,0.19999999999999998,1.0,0.25,0.9166666666666666,0.9166666666666666,1.0,1.0,1.0,1.0,0.08333333333333333,1.0,0.9791666666666666,0.08333333333333337,0.0625
0.0,0.19999999999999998,1.0,0.25,0.875,0.875,1.0,1.0,1.0,1.0,0.125,1.0,0.96875,0.125,0.09375
0.0,0.19999999999999998,1.0,0.25,1.0,1.0,1.0,1.0,1.0,1.0,0.0,1.0,1.0,0.0,0.0
0.0,0.19999999999999998,1.0,0.25,0.875,0.875,1.0,1.0,1.0,1.0,0.125,1.0,0.96875,0.125,0.09375
0.0,0.19999999999999998,1.0,0.25,0.875,0.875,1.0,1.0,1.0,1.0,0.125,1.0,0.96875,0.125,0.09375
0.0,0.19999999999999998,1.0,0.25,0.875,0.875,1.0,1.0,1.0,1.0,0.125,1.0,0.96875,0.125,0.09375
0.0,0.19999999999999998,1.0,0.25,0.9166666666666666,0.9166666666666666,1.0,1.0,1.0,1.0,0.08333333333333333,1.0,0.9791666666666666,0.08333333333333337,0.0625
0.0,0.19999999999999998,1.0,0.25,0.9583333333333334,0.9583333333333334,1.0,1.0,1.0,1.0,0.041666666666666664,1.0,0.9895833333333334,0.04166666666666663,0.03125
0.0,0.19999999999999998,1.0,0.25,0.7916666666666666,0.7916666666666666,1.0,1.0,1.0,1.0,0.20833333333333334,1.0,0.9479166666666666,0.20833333333333337,0.15625
0.0,0.19999999999999998,1.0,0.25,0.9166666666666666,0.9166666666666666,1.0,1.0,1.0,1.0,0.08333333333333333,1.0,0.9791666666666666,0.08333333333333337,0.0625
0.0,0.19999999999999998,1.0,0.25,0.875,0.875,1.0,1.0,1.0,1.0,0.125,1.0,0.96875,0.125,0.09375
0.0,0.19999999999999998,1.0,0.25,0.875,0.875,1.0,1.0,1.0,1.0,0.125,1.0,0.96875,0.125,0.09375
0.0,0.24999999999999997,1.0,0.25,0.875,0.875,1.0,1.0,1.0,1.0,0.125,1.0,0.96875,0.125,0.09375
0.0,0.24999999999999997,1.0,0.25,0.8333333333333334,0.8333333333333334,1.0,1.0,1.0,1.0,0.16666666666666666,1.0,0.9583333333333334,0.16666666666666663,0.125
0.0,0.24999999999999997,1.0,0.25,0.8333333333333334,0.8333333333333334,1.0,1.0,1.0,1.0,0.16666666666666666,1.0,0.9583333333333334,0.16666666666666663,0.125
0.0,0.24999999999999997,1.0,0.25,0.8333333333333334,0.8333333333333334,1.0,1.0,1.0,1.0,0.16666666666666666,1.0,0.9583333333333334,0.16666666666666663,0.125
0.0,0.24999999999999997,1.0,0.25,0.6875,0.75,0.9166666666666666,1.0,1.0,1.0,0.25,1.0,0.9375,0.3125,0.25
0.0,0.24999999999999997,1.0,0.25,0.9166666666666666,0.9166666666666666,1.0,1.0,1.0,1.0,0.08333333333333333,1.0,0.9791666666666666,0.08333333333333337,0.0625
0.0,0.24999999999999997,1.0,0.25,0.9166666666666666,0.9166666666666666,1.0,1.0,1.0,1.0,0.08333333333333333,1.0,0.9791666666666666,0.08333333333333337,0.0625
0.0,0.24999999999999997,1.0,0.25,0.9166666666666666,0.9166666666666666,1.0,1.0,1.0,1.0,0.08333333333333333,1.0,0.9791666666666666,0.08333333333333337,0.0625
0.0,0.24999999999999997,1.0,0.25,0.9166666666666666,0.9166666666666666,1.0,1.0,1.0,1.0,0.08333333333333333,1.0,0.9791666666666666,0.08333333333333337,0.0625
0.0,0.24999999999999997,1.0,0.25,0.9583333333333334,0.9583333333333334,1.0,1.0,1.0,1.0,0.041666666666666664,1.0,0.9895833333333334,0.04166666666666663,0.03125
0.0,0.24999999999999997,1.0,0.25,0.9166666666666666,0.9166666666666666,1.0,1.0,1.0,1.0,0.08333333333333333,1.0,0.9791666666666666,0.08333333333333337,0.0625
0.0,0.24999999999999997,1.0,0.25,0.9583333333333334,0.9583333333333334,1.0,1.0,1.0,1.0,0.041666666666666664,1.0,0.9895833333333334,0.04166666666666663,0.03125
0.0,0.24999999999999997,1.0,0.25,0.8333333333333334,0.8333333333333334,1.0,1.0,1.0,1.0,0.16666666666666666,1.0,0.9583333333333334,0.16666666666666663,0.125
0.0,0.24999999999999997,1.0,0.25,0.9583333333333334,0.9583333333333334,1.0,1.0,1.0,1.0,0.041666666666666664,1.0,0.9895833333333334,0.04166666666666663,0.03125
0.0,0.24999999999999997,1.0,0.25,0.9583333333333334,0.9583333333333334,1.0,1.0,1.0,1.0,0.041666666666666664,1.0,0.9895833333333334,0.04166666666666663,0.03125
0.0,0.24999999999999997,1.0,0.25,0.875,0.875,1.0,1.0,1.0,1.0,0.125,1.0,0.96875,0.125,0.09375
0.0,0.24999999999999997,1.0,0.25,0.875,0.875,1.0,1.0,1.0,1.0,0.125,1.0,0.96875,0.125,0.09375
0.0,0.24999999999999997,1.0,0.25,0.8333333333333334,0.8333333333333334,1.0,1.0,1.0,1.0,0.16666666666666666,1.0,0.9583333333333334,0.16666666666666663,0.125
0.0,0.24999999999999997,1.0,0.25,1.0,1.0,1.0,1.0,1.0,1.0,0.0,1.0,1.0,0.0,0.0
0.0,0.24999999999999997,1.0,0.25,0.9583333333333334,0.9583333333333334,1.0,1.0,1.0,1.0,0.041666666666666664,1.0,0.9895833333333334,0.04166666666666663,0.03125
0.0,0.24999999999999997,1.0,0.25,0.8333333333333334,0.8333333333333334,1.0,1.0,1.0,1.0,0.16666666666666666,1.0,0.9583333333333334,0.16666666666666663,0.125
0.0,0.24999999999999997,1.0,0.25,0.875,0.875,1.0,1.0,1.0,1.0,0.125,1.0,0.96875,0.125,0.09375
0.0,0.24999999999999997,1.0,0.25,0.8333333333333334,0.8333333333333334,1.0,1.0,1.0,1.0,0.16666666666666666,1.0,0.9583333333333334,0.16666666666666663,0.125
0.0,0.24999999999999997,1.0,0.25,0.9166666666666666,0.9166666666666666,1.0,1.0,1.0,1.0,0.08333333333333333,1.0,0.9791666666666666,0.08333333333333337,0.0625
0.0,0.24999999999999997,1.0,0.25,1.0,1.0,1.0,1.0,1.0,1.0,0.0,1.0,1.0,0.0,0.0
0.0,0.3,1.0,0.25,0.8333333333333334,0.8333333333333334,1.0,1.0,1.0,1.0,0.16666666666666666,1.0,0.9583333333333334,0.16666666666666663,0.125
0.0,0.3,1.0,0.25,0.7916666666666666,0.7916666666666666,1.0,1.0,1.0,1.0,0.20833333333333334,1.0,0.9479166666666666,0.20833333333333337,0.15625
0.0,0.3,1.0,0.25,0.9583333333333334,0.9583333333333334,1.0,1.0,1.0,1.0,0.041666666666666664,1.0,0.9895833333333334,0.04166666666666663,0.03125
0.0,0.3,1.0,0.25,0.75,0.75,1.0,1.0,1.0,1.0,0.25,1.0,0.9375,0.25,0.1875
0.0,0.3,1.0,0.25,0.9166666666666666,0.9166666666666666,1.0,1.0,1.0,1.0,0.08333333333333333,1.0,0.9791666666666666,0.08333333333333337,0.0625
0.0,0.3,1.0,0.25,0.8333333333333334,0.8333333333333334,1.0,1.0,1.0,1.0,0.16666666666666666,1.0,0.9583333333333334,0.16666666666666663,0.125
0.0,0.3,1.0,0.25,0.8333333333333334,0.8333333333333334,1.0,1.0,1.0,1.0,0.16666666666666666,1.0,0.9583333333333334,0.16666666666666663,0.125
0.0,0.3,1.0,0.25,0.8333333333333334,0.8333333333333334,1.0,1.0,1.0,1.0,0.16666666666666666,1.0,0.9583333333333334,0.16666666666666663,0.125
0.0,0.3,1.0,0.25,1.0,1.0,1.0,1.0,1.0,1.0,0.0,1.0,1.0,0.0,0.0
0.0,0.3,1.0,0.25,0.875,0.875,1.0,1.0,1.0,1.0,0.125,1.0,0.96875,0.125,0.09375
0.0,0.3,1.0,0.25,0.75,0.75,1.0,1.0,1.0,1.0,0.25,1.0,0.9375,0.25,0.1875
0.0,0.3,1.0,0.25,0.9583333333333334,0.9583333333333334,1.0,1.0,1.0,1.0,0.041666666666666664,1.0,0.9895833333333334,0.04166666666666663,0.03125
0.0,0.3,1.0,0.25,0.6666666666666666,0.6666666666666666,1.0,1.0,1.0,1.0,0.3333333333333333,1.0,0.9166666666666666,0.33333333333333337,0.25
0.0,0.3,1.0,0.25,0.875,0.875,1.0,1.0,1.0,1.0,0.125,1.0,0.96875,0.125,0.09375
0.0,0.3,1.0,0.25,0.9166666666666666,0.9166666666666666,1.0,1.0,1.0,1.0,0.08333333333333333,1.0,0.9791666666666666,0.08333333333333337,0.0625
0.0,0.3,1.0,0.25,0.875,0.875,1.0,1.0,1.0,1.0,0.125,1.0,0.96875,0.125,0.09375
0.0,0.3,1.0,0.25,0.8333333333333334,0.8333333333333334,1.0,1.0,1.0,1.0,0.16666666666666666,1.0,0.9583333333333334,0.16666666666666663,0.125
0.0,0.3,1.0,0.25,0.8333333333333334,0.8333333333333334,1.0,1.0,1.0,1.0,0.16666666666666666,1.0,0.9583333333333334,0.16666666666666663,0.125
0.0,0.3,1.0,0.25,0.9166666666666666,0.9166666666666666,1.0,1.0,1.0,1.0,0.08333333333333333,1.0,0.9791666666666666,0.08333333333333337,0.0625
0.0,0.3,1.0,0.25,0.8333333333333334,0.8333333333333334,1.0,1.0,1.0,1.0,0.16666666666666666,1.0,0.9583333333333334,0.16666666666666663,0.125
0.0,0.3,1.0,0.25,0.8333333333333334,0.8333333333333334,1.0,1.0,1.0,1.0,0.16666666666666666,1.0,0.9583333333333334,0.16666666666666663,0.125
0.0,0.3,1.0,0.25,0.7916666666666666,0.7916666666666666,1.0,1.0,1.0,1.0,0.20833333333333334,1.0,0.9479166666666666,0.20833333333333337,0.15625
0.0,0.3,1.0,0.25,0.9166666666666666,0.9166666666666666,1.0,1.0,1.0,1.0,0.08333333333333333,1.0,0.9791666666666666,0.08333333333333337,0.0625
0.0,0.3,1.0,0.25,0.9166666666666666,0.9166666666666666,1.0,1.0,1.0,1.0,0.08333333333333333,1.0,0.9791666666666666,0.08333333333333337,0.0625
0.0,0.3,1.0,0.25,0.8333333333333334,0.8333333333333334,1.0,1.0,1.0,1.0,0.16666666666666666,1.0,0.9583333333333334,0.16666666666666663,0.125
0.0,0.35,1.0,0.25,0.9166666666666666,0.9166666666666666,1.0,1.0,1.0,1.0,0.08333333333333333,1.0,0.9791666666666666,0.08333333333333337,0.0625
0.0,0.35,1.0,0.25,0.875,0.875,1.0,1.0,1.0,1.0,0.125,1.0,0.96875,0.125,0.09375
0.0,0.35,1.0,0.25,0.9583333333333334,0.9583333333333334,1.0,1.0,1.0,1.0,0.041666666666666664,1.0,0.9895833333333334,0.04166666666666663,0.03125
0.0,0.35,1.0,0.25,0.8333333333333334,0.8333333333333334,1.0,1.0,1.0,1.0,0.16666666666666666,1.0,0.9583333333333334,0.16666666666666663,0.125
0.0,0.35,1.0,0.25,0.8333333333333334,0.8333333333333334,1.0,1.0,1.0,1.0,0.16666666666666666,1.0,0.9583333333333334,0.16666666666666663,0.125
0.0,0.35,1.0,0.25,0.9583333333333334,0.9583333333333334,1.0,1.0,1.0,1.0,0.041666666666666664,1.0,0.9895833333333334,0.04166666666666663,0.03125
0.0,0.35,1.0,0.25,0.8333333333333334,0.8333333333333334,1.0,1.0,1.0,1.0,0.16666666666666666,1.0,0.9583333333333334,0.16666666666666663,0.125
0.0,0.35,1.0,0.25,0.9166666666666666,0.9166666666666666,1.0,1.0,1.0,1.0,0.08333333333333333,1.0,0.9791666666666666,0.08333333333333337,0.0625
0.0,0.35,1.0,0.25,0.8333333333333334,0.8333333333333334,1.0,1.0,1.0,1.0,0.16666666666666666,1.0,0.9583333333333334,0.16666666666666663,0.125
0.0,0.35,1.0,0.25,0.9166666666666666,0.9166666666666666,1.0,1.0,1.0,1.0,0.08333333333333333,1.0,0.9791666666666666,0.08333333333333337,0.0625
0.0,0.35,1.0,0.25,0.9166666666666666,0.9166666666666666,1.0,1.0,1.0,1.0,0.08333333333333333,1.0,0.9791666666666666,0.08333333333333337,0.0625
0.0,0.35,1.0,0.25,0.75,0.75,1.0,1.0,1.0,1.0,0.25,1.0,0.9375,0.25,0.1875
0.0,0.35,1.0,0.25,0.8333333333333334,0.8333333333333334,1.0,1.0,1.0,1.0,0.16666666666666666,1.0,0.9583333333333334,0.16666666666666663,0.125
0.0,0.35,1.0,0.25,0.875,0.875,1.0,1.0,1.0,1.0,0.125,1.0,0.96875,0.125,0.09375
0.0,0.35,1.0,0.25,0.7638888888888888,0.8333333333333334,0.9166666666666666,1.0,1.0,1.0,0.16666666666666666,1.0,0.9583333333333334,0.23611111111111116,0.19444444444444453
0.0,0.35,1.0,0.25,0.8333333333333334,0.8333333333333334,1.0,1.0,1.0,1.0,0.16666666666666666,1.0,0.9583333333333334,0.16666666666666663,0.125
0.0,0.35,1.0,0.25,0.8333333333333334,0.8333333333333334,1.0,1.0,1.0,1.0,0.16666666666666666,1.0,0.9583333333333334,0.16666666666666663,0.125
0.0,0.35,1.0,0.25,0.7916666666666666,0.7916666666666666,1.0,1.0,1.0,1.0,0.20833333333333334,1.0,0.9479166666666666,0.20833333333333337,0.15625
0.0,0.35,1.0,0.25,0.75,0.75,1.0,1.0,1.0,1.0,0.25,1.0,0.9375,0.25,0.1875
0.0,0.35,1.0,0.25,0.8333333333333334,0.8333333333333334,1.0,1.0,1.0,1.0,0.16666666666666666,1.0,0.9583333333333334,0.16666666666666663,0.125
0.0,0.35,1.0,0.25,0.9583333333333334,0.9583333333333334,1.0,1.0,1.0,1.0,0.041666666666666664,1.0,0.9895833333333334,0.04166666666666663,0.03125
0.0,0.35,1.0,0.25,0.7083333333333334,0.7083333333333334,1.0,1.0,1.0,1.0,0.2916666666666667,1.0,0.9270833333333334,0.29166666666666663,0.21875
0.0,0.35,1.0,0.25,0.7916666666666666,0.7916666666666666,1.0,1.0,1.0,1.0,0.20833333333333334,1.0,0.9479166666666666,0.20833333333333337,0.15625
0.0,0.35,1.0,0.25,0.8333333333333334,0.8333333333333334,1.0,1.0,1.0,1.0,0.16666666666666666,1.0,0.9583333333333334,0.16666666666666663,0.125
0.0,0.35,1.0,0.25,0.875,0.875,1.0,1.0,1.0,1.0,0.125,1.0,0.96875,0.125,0.09375
0.0,0.39999999999999997,1.0,0.25,0.7916666666666666,0.7916666666666666,1.0,1.0,1.0,1.0,0.20833333333333334,1.0,0.9479166666666666,0.20833333333333337,0.15625
0.0,0.39999999999999997,1.0,0.25,0.75,0.75,1.0,1.0,1.0,1.0,0.25,1.0,0.9375,0.25,0.1875
0.0,0.39999999999999997,1.0,0.25,0.7916666666666666,0.7916666666666666,1.0,1.0,1.0,1.0,0.20833333333333334,1.0,0.9479166666666666,0.20833333333333337,0.15625
0.0,0.39999999999999997,1.0,0.25,0.6666666666666666,0.6666666666666666,1.0,1.0,1.0,1.0,0.3333333333333333,1.0,0.9166666666666666,0.33333333333333337,0.25
0.0,0.39999999999999997,1.0,0.25,0.7916666666666666,0.7916666666666666,1.0,1.0,1.0,1.0,0.20833333333333334,1.0,0.9479166666666666,0.20833333333333337,0.15625
0.0,0.39999999999999997,1.0,0.25,0.75,0.75,1.0,1.0,1.0,1.0,0.25,1.0,0.9375,0.25,0.1875
0.0,0.39999999999999997,1.0,0.25,0.8333333333333334,0.8333333333333334,1.0,1.0,1.0,1.0,0.16666666666666666,1.0,0.9583333333333334,0.16666666666666663,0.125
0.0,0.39999999999999997,1.0,0.25,0.6666666666666666,0.6666666666666666,1.0,1.0,1.0,1.0,0.3333333333333333,1.0,0.9166666666666666,0.33333333333333337,0.25
0.0,0.39999999999999997,1.0,0.25,0.7916666666666666,0.7916666666666666,1.0,1.0,1.0,1.0,0.20833333333333334,1.0,0.9479166666666666,0.20833333333333337,0.15625
0.0,0.39999999999999997,1.0,0.25,0.7916666666666666,0.7916666666666666,1.0,1.0,1.0,1.0,0.20833333333333334,1.0,0.9479166666666666,0.20833333333333337,0.15625
0.0,0.39999999999999997,1.0,0.25,0.6493055555555556,0.7083333333333334,0.9166666666666666,1.0,1.0,1.0,0.2916666666666667,1.0,0.9270833333333334,0.3506944444444444,0.2777777777777778
0.0,0.39999999999999997,1.0,0.25,0.8333333333333334,0.8333333333333334,1.0,1.0,1.0,1.0,0.16666666666666666,1.0,0.9583333333333334,0.16666666666666663,0.125
0.0,0.39999999999999997,1.0,0.25,0.7083333333333334,0.7083333333333334,1.0,1.0,1.0,1.0,0.2916666666666667,1.0,0.9270833333333334,0.29166666666666663,0.21875
0.0,0.39999999999999997,1.0,0.25,0.8333333333333334,0.8333333333333334,1.0,1.0,1.0,1.0,0.16666666666666666,1.0,0.9583333333333334,0.16666666666666663,0.125
0.0,0.39999999999999997,1.0,0.25,0.9583333333333334,0.9583333333333334,1.0,1.0,1.0,1.0,0.041666666666666664,1.0,0.9895833333333334,0.04166666666666663,0.03125
0.0,0.39999999999999997,1.0,0.25,0.7916666666666666,0.7916666666666666,1.0,1.0,1.0,1.0,0.20833333333333334,1.0,0.9479166666666666,0.20833333333333337,0.15625
0.0,0.39999999999999997,1.0,0.25,0.75,0.75,1.0,1.0,1.0,1.0,0.25,1.0,0.9375,0.25,0.1875
0.0,0.39999999999999997,1.0,0.25,0.9583333333333334,0.9583333333333334,1.0,1.0,1.0,1.0,0.041666666666666664,1.0,0.9895833333333334,0.04166666666666663,0.03125
0.0,0.39999999999999997,1.0,0.25,0.7916666666666666,0.7916666666666666,1.0,1.0,1.0,1.0,0.20833333333333334,1.0,0.9479166666666666,0.20833333333333337,0.15625
0.0,0.39999999999999997,1.0,0.25,0.7083333333333334,0.7083333333333334,1.0,1.0,1.0,1.0,0.2916666666666667,1.0,0.9270833333333334,0.29166666666666663,0.21875
0.0,0.39999999999999997,1.0,0.25,0.7916666666666666,0.7916666666666666,1.0,1.0,1.0,1.0,0.20833333333333334,1.0,0.9479166666666666,0.20833333333333337,0.15625
0.0,0.39999999999999997,1.0,0.25,0.8333333333333334,0.8333333333333334,1.0,1.0,1.0,1.0,0.16666666666666666,1.0,0.9583333333333334,0.16666666666666663,0.125
0.0,0.39999999999999997,1.0,0.25,0.8333333333333334,0.8333333333333334,1.0,1.0,1.0,1.0,0.16666666666666666,1.0,0.9583333333333334,0.16666666666666663,0.125
0.0,0.39999999999999997,1.0,0.25,0.75,0.75,1.0,1.0,1.0,1.0,0.25,1.0,0.9375,0.25,0.1875
0.0,0.39999999999999997,1.0,0.25,0.7916666666666666,0.7916666666666666,1.0,1.0,1.0,1.0,0.20833333333333334,1.0,0.9479166666666666,0.20833333333333337,0.15625
0.0,0.44999999999999996,1.0,0.25,0.6666666666666666,0.6666666666666666,1.0,1.0,1.0,1.0,0.3333333333333333,1.0,0.9166666666666666,0.33333333333333337,0.25
0.0,0.44999999999999996,1.0,0.25,0.6666666666666666,0.6666666666666666,1.0,1.0,1.0,1.0,0.3333333333333333,1.0,0.9166666666666666,0.33333333333333337,0.25
0.0,0.44999999999999996,1.0,0.25,0.9166666666666666,0.9166666666666666,1.0,1.0,1.0,1.0,0.08333333333333333,1.0,0.9791666666666666,0.08333333333333337,0.0625
0.0,0.44999999999999996,1.0,0.25,0.75,0.75,1.0,1.0,1.0,1.0,0.25,1.0,0.9375,0.25,0.1875
0.0,0.44999999999999996,1.0,0.25,0.75,0.75,1.0,1.0,1.0,1.0,0.25,1.0,0.9375,0.25,0.1875
0.0,0.44999999999999996,1.0,0.25,0.7916666666666666,0.7916666666666666,1.0,1.0,1.0,1.0,0.20833333333333334,1.0,0.9479166666666666,0.20833333333333337,0.15625
0.0,0.44999999999999996,1.0,0.25,0.8333333333333334,0.8333333333333334,1.0,1.0,1.0,1.0,0.16666666666666666,1.0,0.9583333333333334,0.16666666666666663,0.125
0.0,0.44999999999999996,1.0,0.25,0.75,0.75,1.0,1.0,1.0,1.0,0.25,1.0,0.9375,0.25,0.1875
0.0,0.44999999999999996,1.0,0.25,0.7916666666666666,0.7916666666666666,1.0,1.0,1.0,1.0,0.20833333333333334,1.0,0.9479166666666666,0.20833333333333337,0.15625
0.0,0.44999999999999996,1.0,0.25,0.75,0.75,1.0,1.0,1.0,1.0,0.25,1.0,0.9375,0.25,0.1875
0.0,0.44999999999999996,1.0,0.25,0.7916666666666666,0.7916666666666666,1.0,1.0,1.0,1.0,0.20833333333333334,1.0,0.9479166666666666,0.20833333333333337,0.15625
0.0,0.44999999999999996,1.0,0.25,0.6666666666666666,0.6666666666666666,1.0,1.0,1.0,1.0,0.3333333333333333,1.0,0.9166666666666666,0.33333333333333337,0.25
0.0,0.44999999999999996,1.0,0.25,0.5208333333333334,0.625,0.8333333333333334,1.0,1.0,1.0,0.375,1.0,0.90625,0.47916666666666663,0.38541666666666663
0.0,0.44999999999999996,1.0,0.25,0.8333333333333334,0.8333333333333334,1.0,1.0,1.0,1.0,0.16666666666666666,1.0,0.9583333333333334,0.16666666666666663,0.125
0.0,0.44999999999999996,1.0,0.25,0.75,0.75,1.0,1.0,1.0,1.0,0.25,1.0,0.9375,0.25,0.1875
0.0,0.44999999999999996,1.0,0.25,0.8333333333333334,0.8333333333333334,1.0,1.0,1.0,1.0,0.16666666666666666,1.0,0.9583333333333334,0.16666666666666663,0.125
0.0,0.44999999999999996,1.0,0.25,0.7083333333333334,0.7083333333333334,1.0,1.0,1.0,1.0,0.2916666666666667,1.0,0.9270833333333334,0.29166666666666663,0.21875
0.0,0.44999999999999996,1.0,0.25,0.7916666666666666,0.7916666666666666,1.0,1.0,1.0,1.0,0.20833333333333334,1.0,0.9479166666666666,0.20833333333333337,0.15625
0.0,0.44999999999999996,1.0,0.25,0.75,0.75,1.0,1.0,1.0,1.0,0.25,1.0,0.9375,0.25,0.1875
0.0,0.44999999999999996,1.0,0.25,0.9166666666666666,0.9166666666666666,1.0,1.0,1.0,1.0,0.08333333333333333,1.0,0.9791666666666666,0.08333333333333337,0.0625
0.0,0.44999999999999996,1.0,0.25,0.7083333333333334,0.7083333333333334,1.0,1.0,1.0,1.0,0.2916666666666667,1.0,0.9270833333333334,0.29166666666666663,0.21875
0.0,0.44999999999999996,1.0,0.25,0.8333333333333334,0.8333333333333334,1.0,1.0,1.0,1.0,0.16666666666666666,1.0,0.9583333333333334,0.16666666666666663,0.125
0.0,0.44999999999999996,1.0,0.25,0.7083333333333334,0.7083333333333334,1.0,1.0,1.0,1.0,0.2916666666666667,1.0,0.9270833333333334,0.29166666666666663,0.21875
0.0,0.44999999999999996,1.0,0.25,0.7083333333333334,0.7083333333333334,1.0,1.0,1.0,1.0,0.2916666666666667,1.0,0.9270833333333334,0.29166666666666663,0.21875
0.0,0.44999999999999996,1.0,0.25,0.9166666666666666,0.9166666666666666,1.0,1.0,1.0,1.0,0.08333333333333333,1.0,0.9791666666666666,0.08333333333333337,0.0625
0.0,0.49999999999999994,1.0,0.25,0.8333333333333334,0.8333333333333334,1.0,1.0,1.0,1.0,0.16666666666666666,1.0,0.9583333333333334,0.16666666666666663,0.125
0.0,0.49999999999999994,1.0,0.25,0.7916666666666666,0.7916666666666666,1.0,1.0,1.0,1.0,0.20833333333333334,1.0,0.9479166666666666,0.20833333333333337,0.15625
0.0,0.49999999999999994,1.0,0.25,0.8333333333333334,0.8333333333333334,1.0,1.0,1.0,1.0,0.16666666666666666,1.0,0.9583333333333334,0.16666666666666663,0.125
0.0,0.49999999999999994,1.0,0.25,0.8333333333333334,0.8333333333333334,1.0,1.0,1.0,1.0,0.16666666666666666,1.0,0.9583333333333334,0.16666666666666663,0.125
0.0,0.49999999999999994,1.0,0.25,0.41666666666666663,0.625,0.6666666666666666,1.0,1.0,1.0,0.375,1.0,0.90625,0.5833333333333334,0.48958333333333337
0.0,0.49999999999999994,1.0,0.25,0.6666666666666666,0.6666666666666666,1.0,1.0,1.0,1.0,0.3333333333333333,1.0,0.9166666666666666,0.33333333333333337,0.25
0.0,0.49999999999999994,1.0,0.25,0.7083333333333334,0.7083333333333334,1.0,1.0,1.0,1.0,0.2916666666666667,1.0,0.9270833333333334,0.29166666666666663,0.21875
0.0,0.49999999999999994,1.0,0.25,0.6666666666666666,0.6666666666666666,1.0,1.0,1.0,1.0,0.3333333333333333,1.0,0.9166666666666666,0.33333333333333337,0.25
0.0,0.49999999999999994,1.0,0.25,0.875,0.875,1.0,1.0,1.0,1.0,0.125,1.0,0.96875,0.125,0.09375
0.0,0.49999999999999994,1.0,0.25,0.75,0.75,1.0,1.0,1.0,1.0,0.25,1.0,0.9375,0.25,0.1875
0.0,0.49999999999999994,1.0,0.25,0.625,0.625,1.0,1.0,1.0,1.0,0.375,1.0,0.90625,0.375,0.28125
0.0,0.49999999999999994,1.0,0.25,0.625,0.625,1.0,1.0,1.0,1.0,0.375,1.0,0.90625,0.375,0.28125
0.0,0.49999999999999994,1.0,0.25,0.6666666666666666,0.6666666666666666,1.0,1.0,1.0,1.0,0.3333333333333333,1.0,0.9166666666666666,0.33333333333333337,0.25
0.0,0.49999999999999994,1.0,0.25,0.7916666666666666,0.7916666666666666,1.0,1.0,1.0,1.0,0.20833333333333334,1.0,0.9479166666666666,0.20833333333333337,0.15625
0.0,0.49999999999999994,1.0,0.25,0.8333333333333334,0.8333333333333334,1.0,1.0,1.0,1.0,0.16666666666666666,1.0,0.9583333333333334,0.16666666666666663,0.125
0.0,0.49999999999999994,1.0,0.25,0.625,0.625,1.0,1.0,1.0,1.0,0.375,1.0,0.90625,0.375,0.28125
0.0,0.49999999999999994,1.0,0.25,0.7916666666666666,0.7916666666666666,1.0,1.0,1.0,1.0,0.20833333333333334,1.0,0.9479166666666666,0.20833333333333337,0.15625
0.0,0.49999999999999994,1.0,0.25,0.75,0.75,1.0,1.0,1.0,1.0,0.25,1.0,0.9375,0.25,0.1875
0.0,0.49999999999999994,1.0,0.25,0.5729166666666666,0.625,0.9166666666666666,1.0,1.0,1.0,0.375,1.0,0.90625,0.42708333333333337,0.33333333333333337
0.0,0.49999999999999994,1.0,0.25,0.9583333333333334,0.9583333333333334,1.0,1.0,1.0,1.0,0.041666666666666664,1.0,0.9895833333333334,0.04166666666666663,0.03125
0.0,0.49999999999999994,1.0,0.25,0.75,0.75,1.0,1.0,1.0,1.0,0.25,1.0,0.9375,0.25,0.1875
0.0,0.49999999999999994,1.0,0.25,0.7916666666666666,0.7916666666666666,1.0,1.0,1.0,1.0,0.20833333333333334,1.0,0.9479166666666666,0.20833333333333337,0.15625
0.0,0.49999999999999994,1.0,0.25,0.8333333333333334,0.8333333333333334,1.0,1.0,1.0,1.0,0.16666666666666666,1.0,0.9583333333333334,0.16666666666666663,0.125
0.0,0.49999999999999994,1.0,0.25,0.7916666666666666,0.7916666666666666,1.0,1.0,1.0,1.0,0.20833333333333334,1.0,0.9479166666666666,0.20833333333333337,0.15625
0.0,0.49999999999999994,1.0,0.25,0.8333333333333334,0.8333333333333334,1.0,1.0,1.0,1.0,0.16666666666666666,1.0,0.9583333333333334,0.16666666666666663,0.125
0.0,0.5499999999999999,1.0,0.25,0.6666666666666666,0.6666666666666666,1.0,1.0,1.0,1.0,0.3333333333333333,1.0,0.9166666666666666,0.33333333333333337,0.25
0.0,0.5499999999999999,1.0,0.25,0.6666666666666666,0.6666666666666666,1.0,1.0,1.0,1.0,0.3333333333333333,1.0,0.9166666666666666,0.33333333333333337,0.25
0.0,0.5499999999999999,1.0,0.25,0.75,0.75,1.0,1.0,1.0,1.0,0.25,1.0,0.9375,0.25,0.1875
0.0,0.5499999999999999,1.0,0.25,0.7083333333333334,0.7083333333333334,1.0,1.0,1.0,1.0,0.2916666666666667,1.0,0.9270833333333334,0.29166666666666663,0.21875
0.0,0.5499999999999999,1.0,0.25,0.7083333333333334,0.7083333333333334,1.0,1.0,1.0,1.0,0.2916666666666667,1.0,0.9270833333333334,0.29166666666666663,0.21875
0.0,0.5499999999999999,1.0,0.25,0.75,0.75,1.0,1.0,1.0,1.0,0.25,1.0,0.9375,0.25,0.1875
0.0,0.5499999999999999,1.0,0.25,0.7083333333333334,0.7083333333333334,1.0,1.0,1.0,1.0,0.2916666666666667,1.0,0.9270833333333334,0.29166666666666663,0.21875
0.0,0.5499999999999999,1.0,0.25,0.36111111111111105,0.5416666666666666,0.6666666666666666,1.0,1.0,1.0,0.4583333333333333,1.0,0.8854166666666666,0.638888888888889,0.5243055555555556
0.0,0.5499999999999999,1.0,0.25,0.75,0.75,1.0,1.0,1.0,1.0,0.25,1.0,0.9375,0.25,0.1875
0.0,0.5499999999999999,1.0,0.25,0.625,0.625,1.0,1.0,1.0,1.0,0.375,1.0,0.90625,0.375,0.28125
0.0,0.5499999999999999,1.0,0.25,0.6666666666666666,0.6666666666666666,1.0,1.0,1.0,1.0,0.3333333333333333,1.0,0.9166666666666666,0.33333333333333337,0.25
0.0,0.5499999999999999,1.0,0.25,0.49652777777777773,0.5416666666666666,0.9166666666666666,1.0,1.0,1.0,0.4583333333333333,1.0,0.8854166666666666,0.5034722222222223,0.3888888888888889
0.0,0.5499999999999999,1.0,0.25,0.36111111111111105,0.5416666666666666,0.6666666666666666,1.0,1.0,1.0,0.4583333333333333,1.0,0.8854166666666666,0.638888888888889,0.5243055555555556
0.0,0.5499999999999999,1.0,0.25,0.5729166666666666,0.625,0.9166666666666666,1.0,1.0,1.0,0.375,1.0,0.90625,0.42708333333333337,0.33333333333333337
0.0,0.5499999999999999,1.0,0.25,0.6666666666666666,0.6666666666666666,1.0,1.0,1.0,1.0,0.3333333333333333,1.0,0.9166666666666666,0.33333333333333337,0.25
0.0,0.5499999999999999,1.0,0.25,0.7916666666666666,0.7916666666666666,1.0,1.0,1.0,1.0,0.20833333333333334,1.0,0.9479166666666666,0.20833333333333337,0.15625
0.0,0.5499999999999999,1.0,0.25,0.7083333333333334,0.7083333333333334,1.0,1.0,1.0,1.0,0.2916666666666667,1.0,0.9270833333333334,0.29166666666666663,0.21875
0.0,0.5499999999999999,1.0,0.25,0.7083333333333334,0.7083333333333334,1.0,1.0,1.0,1.0,0.2916666666666667,1.0,0.9270833333333334,0.29166666666666663,0.21875
0.0,0.5499999999999999,1.0,0.25,0.8333333333333334,0.8333333333333334,1.0,1.0,1.0,1.0,0.16666666666666666,1.0,0.9583333333333334,0.16666666666666663,0.125
0.0,0.5499999999999999,1.0,0.25,0.5416666666666666,0.5416666666666666,1.0,1.0,1.0,1.0,0.4583333333333333,1.0,0.8854166666666666,0.45833333333333337,0.34375
0.0,0.5499999999999999,1.0,0.25,0.8333333333333334,0.8333333333333334,1.0,1.0,1.0,1.0,0.16666666666666666,1.0,0.9583333333333334,0.16666666666666663,0.125
0.0,0.5499999999999999,1.0,0.25,0.6666666666666666,0.6666666666666666,1.0,1.0,1.0,1.0,0.3333333333333333,1.0,0.9166666666666666,0.33333333333333337,0.25
0.0,0.5499999999999999,1.0,0.25,0.75,0.75,1.0,1.0,1.0,1.0,0.25,1.0,0.9375,0.25,0.1875
0.0,0.5499999999999999,1.0,0.25,0.4166666666666667,0.5,0.8333333333333334,1.0,1.0,1.0,0.5,1.0,0.875,0.5833333333333333,0.4583333333333333
0.0,0.5499999999999999,1.0,0.25,0.7083333333333334,0.7083333333333334,1.0,1.0,1.0,1.0,0.2916666666666667,1.0,0.9270833333333334,0.29166666666666663,0.21875
0.0,0.6,1.0,0.25,0.9166666666666666,0.9166666666666666,1.0,1.0,1.0,1.0,0.08333333333333333,1.0,0.9791666666666666,0.08333333333333337,0.0625
0.0,0.6,1.0,0.25,0.625,0.625,1.0,1.0,1.0,1.0,0.375,1.0,0.90625,0.375,0.28125
0.0,0.6,1.0,0.25,0.7916666666666666,0.7916666666666666,1.0,1.0,1.0,1.0,0.20833333333333334,1.0,0.9479166666666666,0.20833333333333337,0.15625
0.0,0.6,1.0,0.25,0.6666666666666666,0.6666666666666666,1.0,1.0,1.0,1.0,0.3333333333333333,1.0,0.9166666666666666,0.33333333333333337,0.25
0.0,0.6,1.0,0.25,0.7916666666666666,0.7916666666666666,1.0,1.0,1.0,1.0,0.20833333333333334,1.0,0.9479166666666666,0.20833333333333337,0.15625
0.0,0.6,1.0,0.25,0.75,0.75,1.0,1.0,1.0,1.0,0.25,1.0,0.9375,0.25,0.1875
0.0,0.6,1.0,0.25,0.75,0.75,1.0,1.0,1.0,1.0,0.25,1.0,0.9375,0.25,0.1875
0.0,0.6,1.0,0.25,0.75,0.75,1.0,1.0,1.0,1.0,0.25,1.0,0.9375,0.25,0.1875
0.0,0.6,1.0,0.25,0.6666666666666666,0.6666666666666666,1.0,1.0,1.0,1.0,0.3333333333333333,1.0,0.9166666666666666,0.33333333333333337,0.25
0.0,0.6,1.0,0.25,0.7083333333333334,0.7083333333333334,1.0,1.0,1.0,1.0,0.2916666666666667,1.0,0.9270833333333334,0.29166666666666663,0.21875
0.0,0.6,1.0,0.25,0.5555555555555556,0.6666666666666666,0.8333333333333334,1.0,1.0,1.0,0.3333333333333333,1.0,0.9166666666666666,0.4444444444444444,0.36111111111111105
0.0,0.6,1.0,0.25,0.625,0.625,1.0,1.0,1.0,1.0,0.375,1.0,0.90625,0.375,0.28125
0.0,0.6,1.0,0.25,0.7083333333333334,0.7083333333333334,1.0,1.0,1.0,1.0,0.2916666666666667,1.0,0.9270833333333334,0.29166666666666663,0.21875
0.0,0.6,1.0,0.25,0.625,0.625,1.0,1.0,1.0,1.0,0.375,1.0,0.90625,0.375,0.28125
0.0,0.6,1.0,0.25,0.7083333333333334,0.7083333333333334,1.0,1.0,1.0,1.0,0.2916666666666667,1.0,0.9270833333333334,0.29166666666666663,0.21875
0.0,0.6,1.0,0.25,0.6666666666666666,0.6666666666666666,1.0,1.0,1.0,1.0,0.3333333333333333,1.0,0.9166666666666666,0.33333333333333337,0.25
0.0,0.6,1.0,0.25,0.7083333333333334,0.7083333333333334,1.0,1.0,1.0,1.0,0.2916666666666667,1.0,0.9270833333333334,0.29166666666666663,0.21875
0.0,0.6,1.0,0.25,0.6666666666666666,0.6666666666666666,1.0,1.0,1.0,1.0,0.3333333333333333,1.0,0.9166666666666666,0.33333333333333337,0.25
0.0,0.6,1.0,0.25,0.8333333333333334,0.8333333333333334,1.0,1.0,1.0,1.0,0.16666666666666666,1.0,0.9583333333333334,0.16666666666666663,0.125
0.0,0.6,1.0,0.25,0.75,0.75,1.0,1.0,1.0,1.0,0.25,1.0,0.9375,0.25,0.1875
0.0,0.6,1.0,0.25,0.75,0.75,1.0,1.0,1.0,1.0,0.25,1.0,0.9375,0.25,0.1875
0.0,0.6,1.0,0.25,0.6666666666666666,0.6666666666666666,1.0,1.0,1.0,1.0,0.3333333333333333,1.0,0.9166666666666666,0.33333333333333337,0.25
0.0,0.6,1.0,0.25,0.9166666666666666,0.9166666666666666,1.0,1.0,1.0,1.0,0.08333333333333333,1.0,0.9791666666666666,0.08333333333333337,0.0625
0.0,0.6,1.0,0.25,0.7083333333333334,0.7083333333333334,1.0,1.0,1.0,1.0,0.2916666666666667,1.0,0.9270833333333334,0.29166666666666663,0.21875
0.0,0.6,1.0,0.25,0.611111111111111,0.6666666666666666,0.9166666666666666,1.0,1.0,1.0,0.3333333333333333,1.0,0.9166666666666666,0.38888888888888895,0.3055555555555556
0.0,0.6499999999999999,1.0,0.25,0.5729166666666666,0.625,0.9166666666666666,1.0,1.0,1.0,0.375,1.0,0.90625,0.42708333333333337,0.33333333333333337
0.0,0.6499999999999999,1.0,0.25,0.2777777777777778,0.4166666666666667,0.6666666666666666,1.0,1.0,1.0,0.5833333333333334,1.0,0.8541666666666666,0.7222222222222222,0.5763888888888888
0.0,0.6499999999999999,1.0,0.25,0.6666666666666666,0.6666666666666666,1.0,1.0,1.0,1.0,0.3333333333333333,1.0,0.9166666666666666,0.33333333333333337,0.25
0.0,0.6499999999999999,1.0,0.25,0.625,0.625,1.0,1.0,1.0,1.0,0.375,1.0,0.90625,0.375,0.28125
0.0,0.6499999999999999,1.0,0.25,0.6666666666666666,0.6666666666666666,1.0,1.0,1.0,1.0,0.3333333333333333,1.0,0.9166666666666666,0.33333333333333337,0.25
0.0,0.6499999999999999,1.0,0.25,0.6666666666666666,0.6666666666666666,1.0,1.0,1.0,1.0,0.3333333333333333,1.0,0.9166666666666666,0.33333333333333337,0.25
0.0,0.6499999999999999,1.0,0.25,0.75,0.75,1.0,1.0,1.0,1.0,0.25,1.0,0.9375,0.25,0.1875
0.0,0.6499999999999999,1.0,0.25,0.75,0.75,1.0,1.0,1.0,1.0,0.25,1.0,0.9375,0.25,0.1875
0.0,0.6499999999999999,1.0,0.25,0.611111111111111,0.6666666666666666,0.9166666666666666,1.0,1.0,1.0,0.3333333333333333,1.0,0.9166666666666666,0.38888888888888895,0.3055555555555556
0.0,0.6499999999999999,1.0,0.25,0.42013888888888884,0.4583333333333333,0.9166666666666666,1.0,1.0,1.0,0.5416666666666666,1.0,0.8645833333333334,0.5798611111111112,0.44444444444444453
0.0,0.6499999999999999,1.0,0.25,0.5,0.5,1.0,1.0,1.0,1.0,0.5,1.0,0.875,0.5,0.375
0.0,0.6499999999999999,1.0,0.25,0.7083333333333334,0.7083333333333334,1.0,1.0,1.0,1.0,0.2916666666666667,1.0,0.9270833333333334,0.29166666666666663,0.21875
0.0,0.6499999999999999,1.0,0.25,0.4513888888888889,0.5416666666666666,0.8333333333333334,1.0,1.0,1.0,0.4583333333333333,1.0,0.8854166666666666,0.5486111111111112,0.43402777777777773
0.0,0.6499999999999999,1.0,0.25,0.6666666666666666,0.6666666666666666,1.0,1.0,1.0,1.0,0.3333333333333333,1.0,0.9166666666666666,0.33333333333333337,0.25
0.0,0.6499999999999999,1.0,0.25,0.6666666666666666,0.6666666666666666,1.0,1.0,1.0,1.0,0.3333333333333333,1.0,0.9166666666666666,0.33333333333333337,0.25
0.0,0.6499999999999999,1.0,0.25,0.75,0.75,1.0,1.0,1.0,1.0,0.25,1.0,0.9375,0.25,0.1875
0.0,0.6499999999999999,1.0,0.25,0.75,0.75,1.0,1.0,1.0,1.0,0.25,1.0,0.9375,0.25,0.1875
0.0,0.6499999999999999,1.0,0.25,0.75,0.75,1.0,1.0,1.0,1.0,0.25,1.0,0.9375,0.25,0.1875
0.0,0.6499999999999999,1.0,0.25,0.8333333333333334,0.8333333333333334,1.0,1.0,1.0,1.0,0.16666666666666666,1.0,0.9583333333333334,0.16666666666666663,0.125
0.0,0.6499999999999999,1.0,0.25,0.7083333333333334,0.7083333333333334,1.0,1.0,1.0,1.0,0.2916666666666667,1.0,0.9270833333333334,0.29166666666666663,0.21875
0.0,0.6499999999999999,1.0,0.25,0.4583333333333333,0.5,0.9166666666666666,1.0,1.0,1.0,0.5,1.0,0.875,0.5416666666666667,0.4166666666666667
0.0,0.6499999999999999,1.0,0.25,0.6666666666666666,0.6666666666666666,1.0,1.0,1.0,1.0,0.3333333333333333,1.0,0.9166666666666666,0.33333333333333337,0.25
0.0,0.6499999999999999,1.0,0.25,0.42013888888888884,0.4583333333333333,0.9166666666666666,1.0,1.0,1.0,0.5416666666666666,1.0,0.8645833333333334,0.5798611111111112,0.44444444444444453
0.0,0.6499999999999999,1.0,0.25,0.75,0.75,1.0,1.0,1.0,1.0,0.25,1.0,0.9375,0.25,0.1875
0.0,0.6499999999999999,1.0,0.25,0.75,0.75,1.0,1.0,1.0,1.0,0.25,1.0,0.9375,0.25,0.1875
0.0,0.7,1.0,0.25,0.75,0.75,1.0,1.0,1.0,1.0,0.25,1.0,0.9375,0.25,0.1875
0.0,0.7,1.0,0.25,0.8333333333333334,0.8333333333333334,1.0,1.0,1.0,1.0,0.16666666666666666,1.0,0.9583333333333334,0.16666666666666663,0.125
0.0,0.7,1.0,0.25,0.625,0.625,1.0,1.0,1.0,1.0,0.375,1.0,0.90625,0.375,0.28125
0.0,0.7,1.0,0.25,0.875,0.875,1.0,1.0,1.0,1.0,0.125,1.0,0.96875,0.125,0.09375
0.0,0.7,1.0,0.25,0.5729166666666666,0.625,0.9166666666666666,1.0,1.0,1.0,0.375,1.0,0.90625,0.42708333333333337,0.33333333333333337
0.0,0.7,1.0,0.25,0.625,0.625,1.0,1.0,1.0,1.0,0.375,1.0,0.90625,0.375,0.28125
0.0,0.7,1.0,0.25,0.625,0.625,1.0,1.0,1.0,1.0,0.375,1.0,0.90625,0.375,0.28125
0.0,0.7,1.0,0.25,0.22916666666666666,0.4583333333333333,0.5,1.0,1.0,1.0,0.5416666666666666,1.0,0.8645833333333334,0.7708333333333334,0.6354166666666667
0.0,0.7,1.0,0.25,0.625,0.625,1.0,1.0,1.0,1.0,0.375,1.0,0.90625,0.375,0.28125
0.0,0.7,1.0,0.25,0.5833333333333334,0.5833333333333334,1.0,1.0,1.0,1.0,0.4166666666666667,1.0,0.8958333333333334,0.41666666666666663,0.3125
0.0,0.7,1.0,0.25,0.75,0.75,1.0,1.0,1.0,1.0,0.25,1.0,0.9375,0.25,0.1875
0.0,0.7,1.0,0.25,0.75,0.75,1.0,1.0,1.0,1.0,0.25,1.0,0.9375,0.25,0.1875
0.0,0.7,1.0,0.25,0.6666666666666666,0.6666666666666666,1.0,1.0,1.0,1.0,0.3333333333333333,1.0,0.9166666666666666,0.33333333333333337,0.25
0.0,0.7,1.0,0.25,0.6666666666666666,0.6666666666666666,1.0,1.0,1.0,1.0,0.3333333333333333,1.0,0.9166666666666666,0.33333333333333337,0.25
0.0,0.7,1.0,0.25,0.75,0.75,1.0,1.0,1.0,1.0,0.25,1.0,0.9375,0.25,0.1875
0.0,0.7,1.0,0.25,0.6666666666666666,0.6666666666666666,1.0,1.0,1.0,1.0,0.3333333333333333,1.0,0.9166666666666666,0.33333333333333337,0.25
0.0,0.7,1.0,0.25,0.7083333333333334,0.7083333333333334,1.0,1.0,1.0,1.0,0.2916666666666667,1.0,0.9270833333333334,0.29166666666666663,0.21875
0.0,0.7,1.0,0.25,0.4166666666666667,0.5,0.8333333333333334,1.0,1.0,1.0,0.5,1.0,0.875,0.5833333333333333,0.4583333333333333
0.0,0.7,1.0,0.25,0.625,0.625,1.0,1.0,1.0,1.0,0.375,1.0,0.90625,0.375,0.28125
0.0,0.7,1.0,0.25,0.75,0.75,1.0,1.0,1.0,1.0,0.25,1.0,0.9375,0.25,0.1875
0.0,0.7,1.0,0.25,0.5416666666666666,0.5416666666666666,1.0,1.0,1.0,1.0,0.4583333333333333,1.0,0.8854166666666666,0.45833333333333337,0.34375
0.0,0.7,1.0,0.25,0.5416666666666666,0.5416666666666666,1.0,1.0,1.0,1.0,0.4583333333333333,1.0,0.8854166666666666,0.45833333333333337,0.34375
0.0,0.7,1.0,0.25,0.8333333333333334,0.8333333333333334,1.0,1.0,1.0,1.0,0.16666666666666666,1.0,0.9583333333333334,0.16666666666666663,0.125
0.0,0.7,1.0,0.25,0.4583333333333333,0.5,0.9166666666666666,1.0,1.0,1.0,0.5,1.0,0.875,0.5416666666666667,0.4166666666666667
0.0,0.7,1.0,0.25,0.5833333333333334,0.5833333333333334,1.0,1.0,1.0,1.0,0.4166666666666667,1.0,0.8958333333333334,0.41666666666666663,0.3125
0.0,0.0,1.0,0.5,1.0,1.0,1.0,1.0,1.0,1.0,0.0,1.0,1.0,0.0,0.0
0.0,0.0,1.0,0.5,1.0,1.0,1.0,1.0,1.0,1.0,0.0,1.0,1.0,0.0,0.0
0.0,0.0,1.0,0.5,1.0,1.0,1.0,1.0,1.0,1.0,0.0,1.0,1.0,0.0,0.0
0.0,0.0,1.0,0.5,1.0,1.0,1.0,1.0,1.0,1.0,0.0,1.0,1.0,0.0,0.0
0.0,0.0,1.0,0.5,1.0,1.0,1.0,1.0,1.0,1.0,0.0,1.0,1.0,0.0,0.0
0.0,0.0,1.0,0.5,1.0,1.0,1.0,1.0,1.0,1.0,0.0,1.0,1.0,0.0,0.0
0.0,0.0,1.0,0.5,1.0,1.0,1.0,1.0,1.0,1.0,0.0,1.0,1.0,0.0,0.0
0.0,0.0,1.0,0.5,1.0,1.0,1.0,1.0,1.0,1.0,0.0,1.0,1.0,0.0,0.0
0.0,0.0,1.0,0.5,1.0,1.0,1.0,1.0,1.0,1.0,0.0,1.0,1.0,0.0,0.0
0.0,0.0,1.0,0.5,1.0,1.0,1.0,1.0,1.0,1.0,0.0,1.0,1.0,0.0,0.0
0.0,0.0,1.0,0.5,1.0,1.0,1.0,1.0,1.0,1.0,0.0,1.0,1.0,0.0,0.0
0.0,0.0,1.0,0.5,1.0,1.0,1.0,1.0,1.0,1.0,0.0,1.0,1.0,0.0,0.0
0.0,0.0,1.0,0.5,1.0,1.0,1.0,1.0,1.0,1.0,0.0,1.0,1.0,0.0,0.0
0.0,0.0,1.0,0.5,1.0,1.0,1.0,1.0,1.0,1.0,0.0,1.0,1.0,0.0,0.0
0.0,0.0,1.0,0.5,1.0,1.0,1.0,1.0,1.0,1.0,0.0,1.0,1.0,0.0,0.0
0.0,0.0,1.0,0.5,1.0,1.0,1.0,1.0,1.0,1.0,0.0,1.0,1.0,0.0,0.0
0.0,0.0,1.0,0.5,1.0,1.0,1.0,1.0,1.0,1.0,0.0,1.0,1.0,0.0,0.0
0.0,0.0,1.0,0.5,1.0,1.0,1.0,1.0,1.0,1.0,0.0,1.0,1.0,0.0,0.0
0.0,0.0,1.0,0.5,1.0,1.0,1.0,1.0,1.0,1.0,0.0,1.0,1.0,0.0,0.0
0.0,0.0,1.0,0.5,1.0,1.0,1.0,1.0,1.0,1.0,0.0,1.0,1.0,0.0,0.0
0.0,0.0,1.0,0.5,1.0,1.0,1.0,1.0,1.0,1.0,0.0,1.0,1.0,0.0,0.0
0.0,0.0,1.0,0.5,1.0,1.0,1.0,1.0,1.0,1.0,0.0,1.0,1.0,0.0,0.0
0.0,0.0,1.0,0.5,1.0,1.0,1.0,1.0,1.0,1.0,0.0,1.0,1.0,0.0,0.0
0.0,0.0,1.0,0.5,1.0,1.0,1.0,1.0,1.0,1.0,0.0,1.0,1.0,0.0,0.0
0.0,0.0,1.0,0.5,1.0,1.0,1.0,1.0,1.0,1.0,0.0,1.0,1.0,0.0,0.0
0.0,0.049999999999999996,1.0,0.5,1.0,1.0,1.0,1.0,1.0,1.0,0.0,1.0,1.0,0.0,0.0
0.0,0.049999999999999996,1.0,0.5,1.0,1.0,1.0,1.0,1.0,1.0,0.0,1.0,1.0,0.0,0.0
0.0,0.049999999999999996,1.0,0.5,0.9583333333333334,0.9583333333333334,1.0,1.0,1.0,1.0,0.041666666666666664,1.0,0.9791666666666666,0.04166666666666663,0.02083333333333326
0.0,0.049999999999999996,1.0,0.5,0.9583333333333334,0.9583333333333334,1.0,1.0,1.0,1.0,0.041666666666666664,1.0,0.9791666666666666,0.04166666666666663,0.02083333333333326
0.0,0.049999999999999996,1.0,0.5,1.0,1.0,1.0,1.0,1.0,1.0,0.0,1.0,1.0,0.0,0.0
0.0,0.049999999999999996,1.0,0.5,0.9583333333333334,0.9583333333333334,1.0,1.0,1.0,1.0,0.041666666666666664,1.0,0.9791666666666666,0.04166666666666663,0.02083333333333326
0.0,0.049999999999999996,1.0,0.5,1.0,1.0,1.0,1.0,1.0,1.0,0.0,1.0,1.0,0.0,0.0
0.0,0.049999999999999996,1.0,0.5,0.9166666666666666,0.9166666666666666,1.0,1.0,1.0,1.0,0.08333333333333333,1.0,0.9583333333333334,0.08333333333333337,0.04166666666666674
0.0,0.049999999999999996,1.0,0.5,1.0,1.0,1.0,1.0,1.0,1.0,0.0,1.0,1.0,0.0,0.0
0.0,0.049999999999999996,1.0,0.5,1.0,1.0,1.0,1.0,1.0,1.0,0.0,1.0,1.0,0.0,0.0
0.0,0.049999999999999996,1.0,0.5,1.0,1.0,1.0,1.0,1.0,1.0,0.0,1.0,1.0,0.0,0.0
0.0,0.049999999999999996,1.0,0.5,1.0,1.0,1.0,1.0,1.0,1.0,0.0,1.0,1.0,0.0,0.0
0.0,0.049999999999999996,1.0,0.5,1.0,1.0,1.0,1.0,1.0,1.0,0.0,1.0,1.0,0.0,0.0
0.0,0.049999999999999996,1.0,0.5,0.9583333333333334,0.9583333333333334,1.0,1.0,1.0,1.0,0.041666666666666664,1.0,0.9791666666666666,0.04166666666666663,0.02083333333333326
0.0,0.049999999999999996,1.0,0.5,0.9583333333333334,0.9583333333333334,1.0,1.0,1.0,1.0,0.041666666666666664,1.0,0.9791666666666666,0.04166666666666663,0.02083333333333326
0.0,0.049999999999999996,1.0,0.5,1.0,1.0,1.0,1.0,1.0,1.0,0.0,1.0,1.0,0.0,0.0
0.0,0.049999999999999996,1.0,0.5,1.0,1.0,1.0,1.0,1.0,1.0,0.0,1.0,1.0,0.0,0.0
0.0,0.049999999999999996,1.0,0.5,0.875,0.875,1.0,1.0,1.0,1.0,0.125,1.0,0.9375,0.125,0.0625
0.0,0.049999999999999996,1.0,0.5,1.0,1.0,1.0,1.0,1.0,1.0,0.0,1.0,1.0,0.0,0.0
0.0,0.049999999999999996,1.0,0.5,1.0,1.0,1.0,1.0,1.0,1.0,0.0,1.0,1.0,0.0,0.0
0.0,0.049999999999999996,1.0,0.5,1.0,1.0,1.0,1.0,1.0,1.0,0.0,1.0,1.0,0.0,0.0
0.0,0.049999999999999996,1.0,0.5,1.0,1.0,1.0,1.0,1.0,1.0,0.0,1.0,1.0,0.0,0.0
0.0,0.049999999999999996,1.0,0.5,0.9583333333333334,0.9583333333333334,1.0,1.0,1.0,1.0,0.041666666666666664,1.0,0.9791666666666666,0.04166666666666663,0.02083333333333326
0.0,0.049999999999999996,1.0,0.5,1.0,1.0,1.0,1.0,1.0,1.0,0.0,1.0,1.0,0.0,0.0
0.0,0.049999999999999996,1.0,0.5,0.9583333333333334,0.9583333333333334,1.0,1.0,1.0,1.0,0.041666666666666664,1.0,0.9791666666666666,0.04166666666666663,0.02083333333333326
0.0,0.09999999999999999,1.0,0.5,0.9583333333333334,0.9583333333333334,1.0,1.0,1.0,1.0,0.041666666666666664,1.0,0.9791666666666666,0.04166666666666663,0.02083333333333326
0.0,0.09999999999999999,1.0,0.5,0.875,0.875,1.0,1.0,1.0,1.0,0.125,1.0,0.9375,0.125,0.0625
0.0,0.09999999999999999,1.0,0.5,1.0,1.0,1.0,1.0,1.0,1.0,0.0,1.0,1.0,0.0,0.0
0.0,0.09999999999999999,1.0,0.5,0.9583333333333334,0.9583333333333334,1.0,1.0,1.0,1.0,0.041666666666666664,1.0,0.9791666666666666,0.04166666666666663,0.02083333333333326
0.0,0.09999999999999999,1.0,0.5,0.9166666666666666,0.9166666666666666,1.0,1.0,1.0,1.0,0.08333333333333333,1.0,0.9583333333333334,0.08333333333333337,0.04166666666666674
0.0,0.09999999999999999,1.0,0.5,0.9166666666666666,0.9166666666666666,1.0,1.0,1.0,1.0,0.08333333333333333,1.0,0.9583333333333334,0.08333333333333337,0.04166666666666674
0.0,0.09999999999999999,1.0,0.5,0.9583333333333334,0.9583333333333334,1.0,1.0,1.0,1.0,0.041666666666666664,1.0,0.9791666666666666,0.04166666666666663,0.02083333333333326
0.0,0.09999999999999999,1.0,0.5,0.9583333333333334,0.9583333333333334,1.0,1.0,1.0,1.0,0.041666666666666664,1.0,0.9791666666666666,0.04166666666666663,0.02083333333333326
0.0,0.09999999999999999,1.0,0.5,0.8333333333333334,0.8333333333333334,1.0,1.0,1.0,1.0,0.16666666666666666,1.0,0.9166666666666666,0.16666666666666663,0.08333333333333326
0.0,0.09999999999999999,1.0,0.5,0.9583333333333334,0.9583333333333334,1.0,1.0,1.0,1.0,0.041666666666666664,1.0,0.9791666666666666,0.04166666666666663,0.02083333333333326
0.0,0.09999999999999999,1.0,0.5,0.9583333333333334,0.9583333333333334,1.0,1.0,1.0,1.0,0.041666666666666664,1.0,0.9791666666666666,0.04166666666666663,0.02083333333333326
0.0,0.09999999999999999,1.0,0.5,1.0,1.0,1.0,1.0,1.0,1.0,0.0,1.0,1.0,0.0,0.0
0.0,0.09999999999999999,1.0,0.5,0.9583333333333334,0.9583333333333334,1.0,1.0,1.0,1.0,0.041666666666666664,1.0,0.9791666666666666,0.04166666666666663,0.02083333333333326
0.0,0.09999999999999999,1.0,0.5,1.0,1.0,1.0,1.0,1.0,1.0,0.0,1.0,1.0,0.0,0.0
0.0,0.09999999999999999,1.0,0.5,0.9166666666666666,0.9166666666666666,1.0,1.0,1.0,1.0,0.08333333333333333,1.0,0.9583333333333334,0.08333333333333337,0.04166666666666674
0.0,0.09999999999999999,1.0,0.5,0.875,0.875,1.0,1.0,1.0,1.0,0.125,1.0,0.9375,0.125,0.0625
0.0,0.09999999999999999,1.0,0.5,0.9166666666666666,0.9166666666666666,1.0,1.0,1.0,1.0,0.08333333333333333,1.0,0.9583333333333334,0.08333333333333337,0.04166666666666674
0.0,0.09999999999999999,1.0,0.5,1.0,1.0,1.0,1.0,1.0,1.0,0.0,1.0,1.0,0.0,0.0
0.0,0.09999999999999999,1.0,0.5,1.0,1.0,1.0,1.0,1.0,1.0,0.0,1.0,1.0,0.0,0.0
0.0,0.09999999999999999,1.0,0.5,0.75,0.75,1.0,1.0,1.0,1.0,0.25,1.0,0.875,0.25,0.125
0.0,0.09999999999999999,1.0,0.5,0.875,0.875,1.0,1.0,1.0,1.0,0.125,1.0,0.9375,0.125,0.0625
0.0,0.09999999999999999,1.0,0.5,0.9583333333333334,0.9583333333333334,1.0,1.0,1.0,1.0,0.041666666666666664,1.0,0.9791666666666666,0.04166666666666663,0.02083333333333326
0.0,0.09999999999999999,1.0,0.5,1.0,1.0,1.0,1.0,1.0,1.0,0.0,1.0,1.0,0.0,0.0
0.0,0.09999999999999999,1.0,0.5,0.9583333333333334,0.9583333333333334,1.0,1.0,1.0,1.0,0.041666666666666664,1.0,0.9791666666666666,0.04166666666666663,0.02083333333333326
0.0,0.09999999999999999,1.0,0.5,0.875,0.875,1.0,1.0,1.0,1.0,0.125,1.0,0.9375,0.125,0.0625
0.0,0.15,1.0,0.5,0.9166666666666666,0.9166666666666666,1.0,1.0,1.0,1.0,0.08333333333333333,1.0,0.9583333333333334,0.08333333333333337,0.04166666666666674
0.0,0.15,1.0,0.5,0.9583333333333334,0.9583333333333334,1.0,1.0,1.0,1.0,0.041666666666666664,1.0,0.9791666666666666,0.04166666666666663,0.02083333333333326
0.0,0.15,1.0,0.5,0.9583333333333334,0.9583333333333334,1.0,1.0,1.0,1.0,0.041666666666666664,1.0,0.9791666666666666,0.04166666666666663,0.02083333333333326
0.0,0.15,1.0,0.5,0.9166666666666666,0.9166666666666666,1.0,1.0,1.0,1.0,0.08333333333333333,1.0,0.9583333333333334,0.08333333333333337,0.04166666666666674
0.0,0.15,1.0,0.5,0.9583333333333334,0.9583333333333334,1.0,1.0,1.0,1.0,0.041666666666666664,1.0,0.9791666666666666,0.04166666666666663,0.02083333333333326
0.0,0.15,1.0,0.5,0.9166666666666666,0.9166666666666666,1.0,1.0,1.0,1.0,0.08333333333333333,1.0,0.9583333333333334,0.08333333333333337,0.04166666666666674
0.0,0.15,1.0,0.5,0.9583333333333334,0.9583333333333334,1.0,1.0,1.0,1.0,0.041666666666666664,1.0,0.9791666666666666,0.04166666666666663,0.02083333333333326
0.0,0.15,1.0,0.5,0.9166666666666666,0.9166666666666666,1.0,1.0,1.0,1.0,0.08333333333333333,1.0,0.9583333333333334,0.08333333333333337,0.04166666666666674
0.0,0.15,1.0,0.5,0.875,0.875,1.0,1.0,1.0,1.0,0.125,1.0,0.9375,0.125,0.0625
0.0,0.15,1.0,0.5,0.9583333333333334,0.9583333333333334,1.0,1.0,1.0,1.0,0.041666666666666664,1.0,0.9791666666666666,0.04166666666666663,0.02083333333333326
0.0,0.15,1.0,0.5,0.9166666666666666,0.9166666666666666,1.0,1.0,1.0,1.0,0.08333333333333333,1.0,0.9583333333333334,0.08333333333333337,0.04166666666666674
0.0,0.15,1.0,0.5,0.9166666666666666,0.9166666666666666,1.0,1.0,1.0,1.0,0.08333333333333333,1.0,0.9583333333333334,0.08333333333333337,0.04166666666666674
0.0,0.15,1.0,0.5,0.8333333333333334,0.8333333333333334,1.0,1.0,1.0,1.0,0.16666666666666666,1.0,0.9166666666666666,0.16666666666666663,0.08333333333333326
0.0,0.15,1.0,0.5,0.9583333333333334,0.9583333333333334,1.0,1.0,1.0,1.0,0.041666666666666664,1.0,0.9791666666666666,0.04166666666666663,0.02083333333333326
0.0,0.15,1.0,0.5,0.9583333333333334,0.9583333333333334,1.0,1.0,1.0,1.0,0.041666666666666664,1.0,0.9791666666666666,0.04166666666666663,0.02083333333333326
0.0,0.15,1.0,0.5,0.9583333333333334,0.9583333333333334,1.0,1.0,1.0,1.0,0.041666666666666664,1.0,0.9791666666666666,0.04166666666666663,0.02083333333333326
0.0,0.15,1.0,0.5,0.9583333333333334,0.9583333333333334,1.0,1.0,1.0,1.0,0.041666666666666664,1.0,0.9791666666666666,0.04166666666666663,0.02083333333333326
0.0,0.15,1.0,0.5,0.9583333333333334,0.9583333333333334,1.0,1.0,1.0,1.0,0.041666666666666664,1.0,0.9791666666666666,0.04166666666666663,0.02083333333333326
0.0,0.15,1.0,0.5,0.9583333333333334,0.9583333333333334,1.0,1.0,1.0,1.0,0.041666666666666664,1.0,0.9791666666666666,0.04166666666666663,0.02083333333333326
0.0,0.15,1.0,0.5,0.9166666666666666,0.9166666666666666,1.0,1.0,1.0,1.0,0.08333333333333333,1.0,0.9583333333333334,0.08333333333333337,0.04166666666666674
0.0,0.15,1.0,0.5,0.875,0.875,1.0,1.0,1.0,1.0,0.125,1.0,0.9375,0.125,0.0625
0.0,0.15,1.0,0.5,0.875,0.875,1.0,1.0,1.0,1.0,0.125,1.0,0.9375,0.125,0.0625
0.0,0.15,1.0,0.5,0.9583333333333334,0.9583333333333334,1.0,1.0,1.0,1.0,0.041666666666666664,1.0,0.9791666666666666,0.04166666666666663,0.02083333333333326
0.0,0.15,1.0,0.5,0.8333333333333334,0.8333333333333334,1.0,1.0,1.0,1.0,0.16666666666666666,1.0,0.9166666666666666,0.16666666666666663,0.08333333333333326
0.0,0.15,1.0,0.5,0.9583333333333334,0.9583333333333334,1.0,1.0,1.0,1.0,0.041666666666666664,1.0,0.9791666666666666,0.04166666666666663,0.02083333333333326
0.0,0.19999999999999998,1.0,0.5,0.7256944444444444,0.7916666666666666,0.9166666666666666,1.0,1.0,1.0,0.20833333333333334,1.0,0.8958333333333334,0.2743055555555556,0.17013888888888895
0.0,0.19999999999999998,1.0,0.5,0.8333333333333334,0.8333333333333334,1.0,1.0,1.0,1.0,0.16666666666666666,1.0,0.9166666666666666,0.16666666666666663,0.08333333333333326
0.0,0.19999999999999998,1.0,0.5,1.0,1.0,1.0,1.0,1.0,1.0,0.0,1.0,1.0,0.0,0.0
0.0,0.19999999999999998,1.0,0.5,0.9166666666666666,0.9166666666666666,1.0,1.0,1.0,1.0,0.08333333333333333,1.0,0.9583333333333334,0.08333333333333337,0.04166666666666674
0.0,0.19999999999999998,1.0,0.5,0.9583333333333334,0.9583333333333334,1.0,1.0,1.0,1.0,0.041666666666666664,1.0,0.9791666666666666,0.04166666666666663,0.02083333333333326
0.0,0.19999999999999998,1.0,0.5,0.8333333333333334,0.8333333333333334,1.0,1.0,1.0,1.0,0.16666666666666666,1.0,0.9166666666666666,0.16666666666666663,0.08333333333333326
0.0,0.19999999999999998,1.0,0.5,0.9583333333333334,0.9583333333333334,1.0,1.0,1.0,1.0,0.041666666666666664,1.0,0.9791666666666666,0.04166666666666663,0.02083333333333326
0.0,0.19999999999999998,1.0,0.5,0.9166666666666666,0.9166666666666666,1.0,1.0,1.0,1.0,0.08333333333333333,1.0,0.9583333333333334,0.08333333333333337,0.04166666666666674
0.0,0.19999999999999998,1.0,0.5,0.9166666666666666,0.9166666666666666,1.0,1.0,1.0,1.0,0.08333333333333333,1.0,0.9583333333333334,0.08333333333333337,0.04166666666666674
0.0,0.19999999999999998,1.0,0.5,0.9166666666666666,0.9166666666666666,1.0,1.0,1.0,1.0,0.08333333333333333,1.0,0.9583333333333334,0.08333333333333337,0.04166666666666674
0.0,0.19999999999999998,1.0,0.5,1.0,1.0,1.0,1.0,1.0,1.0,0.0,1.0,1.0,0.0,0.0
0.0,0.19999999999999998,1.0,0.5,0.875,0.875,1.0,1.0,1.0,1.0,0.125,1.0,0.9375,0.125,0.0625
0.0,0.19999999999999998,1.0,0.5,0.875,0.875,1.0,1.0,1.0,1.0,0.125,1.0,0.9375,0.125,0.0625
0.0,0.19999999999999998,1.0,0.5,0.9583333333333334,0.9583333333333334,1.0,1.0,1.0,1.0,0.041666666666666664,1.0,0.9791666666666666,0.04166666666666663,0.02083333333333326
0.0,0.19999999999999998,1.0,0.5,0.7916666666666666,0.7916666666666666,1.0,1.0,1.0,1.0,0.20833333333333334,1.0,0.8958333333333334,0.20833333333333337,0.10416666666666674
0.0,0.19999999999999998,1.0,0.5,0.8333333333333334,0.8333333333333334,1.0,1.0,1.0,1.0,0.16666666666666666,1.0,0.9166666666666666,0.16666666666666663,0.08333333333333326
0.0,0.19999999999999998,1.0,0.5,0.8333333333333334,0.8333333333333334,1.0,1.0,1.0,1.0,0.16666666666666666,1.0,0.9166666666666666,0.16666666666666663,0.08333333333333326
0.0,0.19999999999999998,1.0,0.5,0.9166666666666666,0.9166666666666666,1.0,1.0,1.0,1.0,0.08333333333333333,1.0,0.9583333333333334,0.08333333333333337,0.04166666666666674
0.0,0.19999999999999998,1.0,0.5,0.7083333333333334,0.7083333333333334,1.0,1.0,1.0,1.0,0.2916666666666667,1.0,0.8541666666666666,0.29166666666666663,0.14583333333333326
0.0,0.19999999999999998,1.0,0.5,0.9583333333333334,0.9583333333333334,1.0,1.0,1.0,1.0,0.041666666666666664,1.0,0.9791666666666666,0.04166666666666663,0.02083333333333326
0.0,0.19999999999999998,1.0,0.5,1.0,1.0,1.0,1.0,1.0,1.0,0.0,1.0,1.0,0.0,0.0
0.0,0.19999999999999998,1.0,0.5,0.9166666666666666,0.9166666666666666,1.0,1.0,1.0,1.0,0.08333333333333333,1.0,0.9583333333333334,0.08333333333333337,0.04166666666666674
0.0,0.19999999999999998,1.0,0.5,0.9583333333333334,0.9583333333333334,1.0,1.0,1.0,1.0,0.041666666666666664,1.0,0.9791666666666666,0.04166666666666663,0.02083333333333326
0.0,0.19999999999999998,1.0,0.5,0.9166666666666666,0.9166666666666666,1.0,1.0,1.0,1.0,0.08333333333333333,1.0,0.9583333333333334,0.08333333333333337,0.04166666666666674
0.0,0.19999999999999998,1.0,0.5,0.9166666666666666,0.9166666666666666,1.0,1.0,1.0,1.0,0.08333333333333333,1.0,0.9583333333333334,0.08333333333333337,0.04166666666666674
0.0,0.24999999999999997,1.0,0.5,0.8333333333333334,0.8333333333333334,1.0,1.0,1.0,1.0,0.16666666666666666,1.0,0.9166666666666666,0.16666666666666663,0.08333333333333326
0.0,0.24999999999999997,1.0,0.5,0.9166666666666666,0.9166666666666666,1.0,1.0,1.0,1.0,0.08333333333333333,1.0,0.9583333333333334,0.08333333333333337,0.04166666666666674
0.0,0.24999999999999997,1.0,0.5,0.8333333333333334,0.8333333333333334,1.0,1.0,1.0,1.0,0.16666666666666666,1.0,0.9166666666666666,0.16666666666666663,0.08333333333333326
0.0,0.24999999999999997,1.0,0.5,0.875,0.875,1.0,1.0,1.0,1.0,0.125,1.0,0.9375,0.125,0.0625
0.0,0.24999999999999997,1.0,0.5,0.875,0.875,1.0,1.0,1.0,1.0,0.125,1.0,0.9375,0.125,0.0625
0.0,0.24999999999999997,1.0,0.5,0.9583333333333334,0.9583333333333334,1.0,1.0,1.0,1.0,0.041666666666666664,1.0,0.9791666666666666,0.04166666666666663,0.02083333333333326
0.0,0.24999999999999997,1.0,0.5,0.75,0.75,1.0,1.0,1.0,1.0,0.25,1.0,0.875,0.25,0.125
0.0,0.24999999999999997,1.0,0.5,0.8333333333333334,0.8333333333333334,1.0,1.0,1.0,1.0,0.16666666666666666,1.0,0.9166666666666666,0.16666666666666663,0.08333333333333326
0.0,0.24999999999999997,1.0,0.5,0.875,0.875,1.0,1.0,1.0,1.0,0.125,1.0,0.9375,0.125,0.0625
0.0,0.24999999999999997,1.0,0.5,0.7916666666666666,0.7916666666666666,1.0,1.0,1.0,1.0,0.20833333333333334,1.0,0.8958333333333334,0.20833333333333337,0.10416666666666674
0.0,0.24999999999999997,1.0,0.5,0.9166666666666666,0.9166666666666666,1.0,1.0,1.0,1.0,0.08333333333333333,1.0,0.9583333333333334,0.08333333333333337,0.04166666666666674
0.0,0.24999999999999997,1.0,0.5,0.9166666666666666,0.9166666666666666,1.0,1.0,1.0,1.0,0.08333333333333333,1.0,0.9583333333333334,0.08333333333333337,0.04166666666666674
0.0,0.24999999999999997,1.0,0.5,0.8333333333333334,0.8333333333333334,1.0,1.0,1.0,1.0,0.16666666666666666,1.0,0.9166666666666666,0.16666666666666663,0.08333333333333326
0.0,0.24999999999999997,1.0,0.5,0.9166666666666666,0.9166666666666666,1.0,1.0,1.0,1.0,0.08333333333333333,1.0,0.9583333333333334,0.08333333333333337,0.04166666666666674
0.0,0.24999999999999997,1.0,0.5,0.9583333333333334,0.9583333333333334,1.0,1.0,1.0,1.0,0.041666666666666664,1.0,0.9791666666666666,0.04166666666666663,0.02083333333333326
0.0,0.24999999999999997,1.0,0.5,0.8333333333333334,0.8333333333333334,1.0,1.0,1.0,1.0,0.16666666666666666,1.0,0.9166666666666666,0.16666666666666663,0.08333333333333326
0.0,0.24999999999999997,1.0,0.5,0.875,0.875,1.0,1.0,1.0,1.0,0.125,1.0,0.9375,0.125,0.0625
0.0,0.24999999999999997,1.0,0.5,0.9583333333333334,0.9583333333333334,1.0,1.0,1.0,1.0,0.041666666666666664,1.0,0.9791666666666666,0.04166666666666663,0.02083333333333326
0.0,0.24999999999999997,1.0,0.5,0.9583333333333334,0.9583333333333334,1.0,1.0,1.0,1.0,0.041666666666666664,1.0,0.9791666666666666,0.04166666666666663,0.02083333333333326
0.0,0.24999999999999997,1.0,0.5,0.9166666666666666,0.9166666666666666,1.0,1.0,1.0,1.0,0.08333333333333333,1.0,0.9583333333333334,0.08333333333333337,0.04166666666666674
0.0,0.24999999999999997,1.0,0.5,0.9166666666666666,0.9166666666666666,1.0,1.0,1.0,1.0,0.08333333333333333,1.0,0.9583333333333334,0.08333333333333337,0.04166666666666674
0.0,0.24999999999999997,1.0,0.5,0.9166666666666666,0.9166666666666666,1.0,1.0,1.0,1.0,0.08333333333333333,1.0,0.9583333333333334,0.08333333333333337,0.04166666666666674
0.0,0.24999999999999997,1.0,0.5,0.7916666666666666,0.7916666666666666,1.0,1.0,1.0,1.0,0.20833333333333334,1.0,0.8958333333333334,0.20833333333333337,0.10416666666666674
0.0,0.24999999999999997,1.0,0.5,0.75,0.75,1.0,1.0,1.0,1.0,0.25,1.0,0.875,0.25,0.125
0.0,0.24999999999999997,1.0,0.5,0.8333333333333334,0.8333333333333334,1.0,1.0,1.0,1.0,0.16666666666666666,1.0,0.9166666666666666,0.16666666666666663,0.08333333333333326
0.0,0.3,1.0,0.5,0.8333333333333334,0.8333333333333334,1.0,1.0,1.0,1.0,0.16666666666666666,1.0,0.9166666666666666,0.16666666666666663,0.08333333333333326
0.0,0.3,1.0,0.5,0.7916666666666666,0.7916666666666666,1.0,1.0,1.0,1.0,0.20833333333333334,1.0,0.8958333333333334,0.20833333333333337,0.10416666666666674
0.0,0.3,1.0,0.5,0.8333333333333334,0.8333333333333334,1.0,1.0,1.0,1.0,0.16666666666666666,1.0,0.9166666666666666,0.16666666666666663,0.08333333333333326
0.0,0.3,1.0,0.5,0.9166666666666666,0.9166666666666666,1.0,1.0,1.0,1.0,0.08333333333333333,1.0,0.9583333333333334,0.08333333333333337,0.04166666666666674
0.0,0.3,1.0,0.5,0.75,0.75,1.0,1.0,1.0,1.0,0.25,1.0,0.875,0.25,0.125
0.0,0.3,1.0,0.5,0.7916666666666666,0.7916666666666666,1.0,1.0,1.0,1.0,0.20833333333333334,1.0,0.8958333333333334,0.20833333333333337,0.10416666666666674
0.0,0.3,1.0,0.5,0.9583333333333334,0.9583333333333334,1.0,1.0,1.0,1.0,0.041666666666666664,1.0,0.9791666666666666,0.04166666666666663,0.02083333333333326
0.0,0.3,1.0,0.5,0.9583333333333334,0.9583333333333334,1.0,1.0,1.0,1.0,0.041666666666666664,1.0,0.9791666666666666,0.04166666666666663,0.02083333333333326
0.0,0.3,1.0,0.5,0.8333333333333334,0.8333333333333334,1.0,1.0,1.0,1.0,0.16666666666666666,1.0,0.9166666666666666,0.16666666666666663,0.08333333333333326
0.0,0.3,1.0,0.5,0.875,0.875,1.0,1.0,1.0,1.0,0.125,1.0,0.9375,0.125,0.0625
0.0,0.3,1.0,0.5,0.8333333333333334,0.8333333333333334,1.0,1.0,1.0,1.0,0.16666666666666666,1.0,0.9166666666666666,0.16666666666666663,0.08333333333333326
0.0,0.3,1.0,0.5,0.9166666666666666,0.9166666666666666,1.0,1.0,1.0,1.0,0.08333333333333333,1.0,0.9583333333333334,0.08333333333333337,0.04166666666666674
0.0,0.3,1.0,0.5,0.9166666666666666,0.9166666666666666,1.0,1.0,1.0,1.0,0.08333333333333333,1.0,0.9583333333333334,0.08333333333333337,0.04166666666666674
0.0,0.3,1.0,0.5,0.875,0.875,1.0,1.0,1.0,1.0,0.125,1.0,0.9375,0.125,0.0625
0.0,0.3,1.0,0.5,0.875,0.875,1.0,1.0,1.0,1.0,0.125,1.0,0.9375,0.125,0.0625
0.0,0.3,1.0,0.5,1.0,1.0,1.0,1.0,1.0,1.0,0.0,1.0,1.0,0.0,0.0
0.0,0.3,1.0,0.5,0.875,0.875,1.0,1.0,1.0,1.0,0.125,1.0,0.9375,0.125,0.0625
0.0,0.3,1.0,0.5,0.7916666666666666,0.7916666666666666,1.0,1.0,1.0,1.0,0.20833333333333334,1.0,0.8958333333333334,0.20833333333333337,0.10416666666666674
0.0,0.3,1.0,0.5,0.75,0.75,1.0,1.0,1.0,1.0,0.25,1.0,0.875,0.25,0.125
0.0,0.3,1.0,0.5,0.75,0.75,1.0,1.0,1.0,1.0,0.25,1.0,0.875,0.25,0.125
0.0,0.3,1.0,0.5,1.0,1.0,1.0,1.0,1.0,1.0,0.0,1.0,1.0,0.0,0.0
0.0,0.3,1.0,0.5,0.8333333333333334,0.8333333333333334,1.0,1.0,1.0,1.0,0.16666666666666666,1.0,0.9166666666666666,0.16666666666666663,0.08333333333333326
0.0,0.3,1.0,0.5,0.875,0.875,1.0,1.0,1.0,1.0,0.125,1.0,0.9375,0.125,0.0625
0.0,0.3,1.0,0.5,0.9583333333333334,0.9583333333333334,1.0,1.0,1.0,1.0,0.041666666666666664,1.0,0.9791666666666666,0.04166666666666663,0.02083333333333326
0.0,0.3,1.0,0.5,0.9166666666666666,0.9166666666666666,1.0,1.0,1.0,1.0,0.08333333333333333,1.0,0.9583333333333334,0.08333333333333337,0.04166666666666674
0.0,0.35,1.0,0.5,0.875,0.875,1.0,1.0,1.0,1.0,0.125,1.0,0.9375,0.125,0.0625
0.0,0.35,1.0,0.5,0.8333333333333334,0.8333333333333334,1.0,1.0,1.0,1.0,0.16666666666666666,1.0,0.9166666666666666,0.16666666666666663,0.08333333333333326
0.0,0.35,1.0,0.5,0.7916666666666666,0.7916666666666666,1.0,1.0,1.0,1.0,0.20833333333333334,1.0,0.8958333333333334,0.20833333333333337,0.10416666666666674
0.0,0.35,1.0,0.5,0.9583333333333334,0.9583333333333334,1.0,1.0,1.0,1.0,0.041666666666666664,1.0,0.9791666666666666,0.04166666666666663,0.02083333333333326
0.0,0.35,1.0,0.5,0.8333333333333334,0.8333333333333334,1.0,1.0,1.0,1.0,0.16666666666666666,1.0,0.9166666666666666,0.16666666666666663,0.08333333333333326
0.0,0.35,1.0,0.5,0.7916666666666666,0.7916666666666666,1.0,1.0,1.0,1.0,0.20833333333333334,1.0,0.8958333333333334,0.20833333333333337,0.10416666666666674
0.0,0.35,1.0,0.5,0.8333333333333334,0.8333333333333334,1.0,1.0,1.0,1.0,0.16666666666666666,1.0,0.9166666666666666,0.16666666666666663,0.08333333333333326
0.0,0.35,1.0,0.5,0.7916666666666666,0.7916666666666666,1.0,1.0,1.0,1.0,0.20833333333333334,1.0,0.8958333333333334,0.20833333333333337,0.10416666666666674
0.0,0.35,1.0,0.5,0.875,0.875,1.0,1.0,1.0,1.0,0.125,1.0,0.9375,0.125,0.0625
0.0,0.35,1.0,0.5,0.8333333333333334,0.8333333333333334,1.0,1.0,1.0,1.0,0.16666666666666666,1.0,0.9166666666666666,0.16666666666666663,0.08333333333333326
0.0,0.35,1.0,0.5,0.75,0.75,1.0,1.0,1.0,1.0,0.25,1.0,0.875,0.25,0.125
0.0,0.35,1.0,0.5,0.875,0.875,1.0,1.0,1.0,1.0,0.125,1.0,0.9375,0.125,0.0625
0.0,0.35,1.0,0.5,0.75,0.75,1.0,1.0,1.0,1.0,0.25,1.0,0.875,0.25,0.125
0.0,0.35,1.0,0.5,0.75,0.75,1.0,1.0,1.0,1.0,0.25,1.0,0.875,0.25,0.125
0.0,0.35,1.0,0.5,0.7916666666666666,0.7916666666666666,1.0,1.0,1.0,1.0,0.20833333333333334,1.0,0.8958333333333334,0.20833333333333337,0.10416666666666674
0.0,0.35,1.0,0.5,0.7916666666666666,0.7916666666666666,1.0,1.0,1.0,1.0,0.20833333333333334,1.0,0.8958333333333334,0.20833333333333337,0.10416666666666674
0.0,0.35,1.0,0.5,0.75,0.75,1.0,1.0,1.0,1.0,0.25,1.0,0.875,0.25,0.125
0.0,0.35,1.0,0.5,0.75,0.75,1.0,1.0,1.0,1.0,0.25,1.0,0.875,0.25,0.125
0.0,0.35,1.0,0.5,0.7916666666666666,0.7916666666666666,1.0,1.0,1.0,1.0,0.20833333333333334,1.0,0.8958333333333334,0.20833333333333337,0.10416666666666674
0.0,0.35,1.0,0.5,0.9583333333333334,0.9583333333333334,1.0,1.0,1.0,1.0,0.041666666666666664,1.0,0.9791666666666666,0.04166666666666663,0.02083333333333326
0.0,0.35,1.0,0.5,0.875,0.875,1.0,1.0,1.0,1.0,0.125,1.0,0.9375,0.125,0.0625
0.0,0.35,1.0,0.5,0.9166666666666666,0.9166666666666666,1.0,1.0,1.0,1.0,0.08333333333333333,1.0,0.9583333333333334,0.08333333333333337,0.04166666666666674
0.0,0.35,1.0,0.5,0.8333333333333334,0.8333333333333334,1.0,1.0,1.0,1.0,0.16666666666666666,1.0,0.9166666666666666,0.16666666666666663,0.08333333333333326
0.0,0.35,1.0,0.5,0.75,0.75,1.0,1.0,1.0,1.0,0.25,1.0,0.875,0.25,0.125
0.0,0.35,1.0,0.5,0.7916666666666666,0.7916666666666666,1.0,1.0,1.0,1.0,0.20833333333333334,1.0,0.8958333333333334,0.20833333333333337,0.10416666666666674
0.0,0.39999999999999997,1.0,0.5,0.7083333333333334,0.7083333333333334,1.0,1.0,1.0,1.0,0.2916666666666667,1.0,0.8541666666666666,0.29166666666666663,0.14583333333333326
0.0,0.39999999999999997,1.0,0.5,0.75,0.75,1.0,1.0,1.0,1.0,0.25,1.0,0.875,0.25,0.125
0.0,0.39999999999999997,1.0,0.5,0.7916666666666666,0.7916666666666666,1.0,1.0,1.0,1.0,0.20833333333333334,1.0,0.8958333333333334,0.20833333333333337,0.10416666666666674
0.0,0.39999999999999997,1.0,0.5,0.8333333333333334,0.8333333333333334,1.0,1.0,1.0,1.0,0.16666666666666666,1.0,0.9166666666666666,0.16666666666666663,0.08333333333333326
0.0,0.39999999999999997,1.0,0.5,0.875,0.875,1.0,1.0,1.0,1.0,0.125,1.0,0.9375,0.125,0.0625
0.0,0.39999999999999997,1.0,0.5,0.8333333333333334,0.8333333333333334,1.0,1.0,1.0,1.0,0.16666666666666666,1.0,0.9166666666666666,0.16666666666666663,0.08333333333333326
0.0,0.39999999999999997,1.0,0.5,0.8333333333333334,0.8333333333333334,1.0,1.0,1.0,1.0,0.16666666666666666,1.0,0.9166666666666666,0.16666666666666663,0.08333333333333326
0.0,0.39999999999999997,1.0,0.5,0.875,0.875,1.0,1.0,1.0,1.0,0.125,1.0,0.9375,0.125,0.0625
0.0,0.39999999999999997,1.0,0.5,0.7916666666666666,0.7916666666666666,1.0,1.0,1.0,1.0,0.20833333333333334,1.0,0.8958333333333334,0.20833333333333337,0.10416666666666674
0.0,0.39999999999999997,1.0,0.5,0.75,0.75,1.0,1.0,1.0,1.0,0.25,1.0,0.875,0.25,0.125
0.0,0.39999999999999997,1.0,0.5,0.9166666666666666,0.9166666666666666,1.0,1.0,1.0,1.0,0.08333333333333333,1.0,0.9583333333333334,0.08333333333333337,0.04166666666666674
0.0,0.39999999999999997,1.0,0.5,0.875,0.875,1.0,1.0,1.0,1.0,0.125,1.0,0.9375,0.125,0.0625
0.0,0.39999999999999997,1.0,0.5,0.9166666666666666,0.9166666666666666,1.0,1.0,1.0,1.0,0.08333333333333333,1.0,0.9583333333333334,0.08333333333333337,0.04166666666666674
0.0,0.39999999999999997,1.0,0.5,0.7083333333333334,0.7083333333333334,1.0,1.0,1.0,1.0,0.2916666666666667,1.0,0.8541666666666666,0.29166666666666663,0.14583333333333326
0.0,0.39999999999999997,1.0,0.5,0.8333333333333334,0.8333333333333334,1.0,1.0,1.0,1.0,0.16666666666666666,1.0,0.9166666666666666,0.16666666666666663,0.08333333333333326
0.0,0.39999999999999997,1.0,0.5,0.8333333333333334,0.8333333333333334,1.0,1.0,1.0,1.0,0.16666666666666666,1.0,0.9166666666666666,0.16666666666666663,0.08333333333333326
0.0,0.39999999999999997,1.0,0.5,0.8333333333333334,0.8333333333333334,1.0,1.0,1.0,1.0,0.16666666666666666,1.0,0.9166666666666666,0.16666666666666663,0.08333333333333326
0.0,0.39999999999999997,1.0,0.5,0.875,0.875,1.0,1.0,1.0,1.0,0.125,1.0,0.9375,0.125,0.0625
0.0,0.39999999999999997,1.0,0.5,0.9166666666666666,0.9166666666666666,1.0,1.0,1.0,1.0,0.08333333333333333,1.0,0.9583333333333334,0.08333333333333337,0.04166666666666674
0.0,0.39999999999999997,1.0,0.5,0.875,0.875,1.0,1.0,1.0,1.0,0.125,1.0,0.9375,0.125,0.0625
0.0,0.39999999999999997,1.0,0.5,0.7083333333333334,0.7083333333333334,1.0,1.0,1.0,1.0,0.2916666666666667,1.0,0.8541666666666666,0.29166666666666663,0.14583333333333326
0.0,0.39999999999999997,1.0,0.5,0.875,0.875,1.0,1.0,1.0,1.0,0.125,1.0,0.9375,0.125,0.0625
0.0,0.39999999999999997,1.0,0.5,0.9583333333333334,0.9583333333333334,1.0,1.0,1.0,1.0,0.041666666666666664,1.0,0.9791666666666666,0.04166666666666663,0.02083333333333326
0.0,0.39999999999999997,1.0,0.5,0.75,0.75,1.0,1.0,1.0,1.0,0.25,1.0,0.875,0.25,0.125
0.0,0.39999999999999997,1.0,0.5,0.8333333333333334,0.8333333333333334,1.0,1.0,1.0,1.0,0.16666666666666666,1.0,0.9166666666666666,0.16666666666666663,0.08333333333333326
0.0,0.44999999999999996,1.0,0.5,0.875,0.875,1.0,1.0,1.0,1.0,0.125,1.0,0.9375,0.125,0.0625
0.0,0.44999999999999996,1.0,0.5,0.7916666666666666,0.7916666666666666,1.0,1.0,1.0,1.0,0.20833333333333334,1.0,0.8958333333333334,0.20833333333333337,0.10416666666666674
0.0,0.44999999999999996,1.0,0.5,0.7916666666666666,0.7916666666666666,1.0,1.0,1.0,1.0,0.20833333333333334,1.0,0.8958333333333334,0.20833333333333337,0.10416666666666674
0.0,0.44999999999999996,1.0,0.5,0.75,0.75,1.0,1.0,1.0,1.0,0.25,1.0,0.875,0.25,0.125
0.0,0.44999999999999996,1.0,0.5,0.75,0.75,1.0,1.0,1.0,1.0,0.25,1.0,0.875,0.25,0.125
0.0,0.44999999999999996,1.0,0.5,0.6666666666666666,0.6666666666666666,1.0,1.0,1.0,1.0,0.3333333333333333,1.0,0.8333333333333334,0.33333333333333337,0.16666666666666674
0.0,0.44999999999999996,1.0,0.5,0.875,0.875,1.0,1.0,1.0,1.0,0.125,1.0,0.9375,0.125,0.0625
0.0,0.44999999999999996,1.0,0.5,0.75,0.75,1.0,1.0,1.0,1.0,0.25,1.0,0.875,0.25,0.125
0.0,0.44999999999999996,1.0,0.5,0.875,0.875,1.0,1.0,1.0,1.0,0.125,1.0,0.9375,0.125,0.0625
0.0,0.44999999999999996,1.0,0.5,0.7083333333333334,0.7083333333333334,1.0,1.0,1.0,1.0,0.2916666666666667,1.0,0.8541666666666666,0.29166666666666663,0.14583333333333326
0.0,0.44999999999999996,1.0,0.5,0.75,0.75,1.0,1.0,1.0,1.0,0.25,1.0,0.875,0.25,0.125
0.0,0.44999999999999996,1.0,0.5,0.75,0.75,1.0,1.0,1.0,1.0,0.25,1.0,0.875,0.25,0.125
0.0,0.44999999999999996,1.0,0.5,0.75,0.75,1.0,1.0,1.0,1.0,0.25,1.0,0.875,0.25,0.125
0.0,0.44999999999999996,1.0,0.5,0.6493055555555556,0.7083333333333334,0.9166666666666666,1.0,1.0,1.0,0.2916666666666667,1.0,0.8541666666666666,0.3506944444444444,0.20486111111111105
0.0,0.44999999999999996,1.0,0.5,0.7083333333333334,0.7083333333333334,1.0,1.0,1.0,1.0,0.2916666666666667,1.0,0.8541666666666666,0.29166666666666663,0.14583333333333326
0.0,0.44999999999999996,1.0,0.5,0.6666666666666666,0.6666666666666666,1.0,1.0,1.0,1.0,0.3333333333333333,1.0,0.8333333333333334,0.33333333333333337,0.16666666666666674
0.0,0.44999999999999996,1.0,0.5,0.75,0.75,1.0,1.0,1.0,1.0,0.25,1.0,0.875,0.25,0.125
0.0,0.44999999999999996,1.0,0.5,0.7916666666666666,0.7916666666666666,1.0,1.0,1.0,1.0,0.20833333333333334,1.0,0.8958333333333334,0.20833333333333337,0.10416666666666674
0.0,0.44999999999999996,1.0,0.5,0.625,0.625,1.0,1.0,1.0,1.0,0.375,1.0,0.8125,0.375,0.1875
0.0,0.44999999999999996,1.0,0.5,0.6666666666666666,0.6666666666666666,1.0,1.0,1.0,1.0,0.3333333333333333,1.0,0.8333333333333334,0.33333333333333337,0.16666666666666674
0.0,0.44999999999999996,1.0,0.5,0.6666666666666666,0.6666666666666666,1.0,1.0,1.0,1.0,0.3333333333333333,1.0,0.8333333333333334,0.33333333333333337,0.16666666666666674
0.0,0.44999999999999996,1.0,0.5,0.6493055555555556,0.7083333333333334,0.9166666666666666,1.0,1.0,1.0,0.2916666666666667,1.0,0.8541666666666666,0.3506944444444444,0.20486111111111105
0.0,0.44999999999999996,1.0,0.5,0.875,0.875,1.0,1.0,1.0,1.0,0.125,1.0,0.9375,0.125,0.0625
0.0,0.44999999999999996,1.0,0.5,0.75,0.75,1.0,1.0,1.0,1.0,0.25,1.0,0.875,0.25,0.125
0.0,0.44999999999999996,1.0,0.5,0.5347222222222222,0.5833333333333334,0.9166666666666666,1.0,1.0,1.0,0.4166666666666667,1.0,0.7916666666666666,0.4652777777777778,0.2569444444444444
0.0,0.49999999999999994,1.0,0.5,0.9166666666666666,0.9166666666666666,1.0,1.0,1.0,1.0,0.08333333333333333,1.0,0.9583333333333334,0.08333333333333337,0.04166666666666674
0.0,0.49999999999999994,1.0,0.5,0.7916666666666666,0.7916666666666666,1.0,1.0,1.0,1.0,0.20833333333333334,1.0,0.8958333333333334,0.20833333333333337,0.10416666666666674
0.0,0.49999999999999994,1.0,0.5,0.7916666666666666,0.7916666666666666,1.0,1.0,1.0,1.0,0.20833333333333334,1.0,0.8958333333333334,0.20833333333333337,0.10416666666666674
0.0,0.49999999999999994,1.0,0.5,0.8333333333333334,0.8333333333333334,1.0,1.0,1.0,1.0,0.16666666666666666,1.0,0.9166666666666666,0.16666666666666663,0.08333333333333326
0.0,0.49999999999999994,1.0,0.5,0.6666666666666666,0.6666666666666666,1.0,1.0,1.0,1.0,0.3333333333333333,1.0,0.8333333333333334,0.33333333333333337,0.16666666666666674
0.0,0.49999999999999994,1.0,0.5,0.75,0.75,1.0,1.0,1.0,1.0,0.25,1.0,0.875,0.25,0.125
0.0,0.49999999999999994,1.0,0.5,0.7916666666666666,0.7916666666666666,1.0,1.0,1.0,1.0,0.20833333333333334,1.0,0.8958333333333334,0.20833333333333337,0.10416666666666674
0.0,0.49999999999999994,1.0,0.5,0.5729166666666666,0.625,0.9166666666666666,1.0,1.0,1.0,0.375,1.0,0.8125,0.42708333333333337,0.23958333333333337
0.0,0.49999999999999994,1.0,0.5,0.8333333333333334,0.8333333333333334,1.0,1.0,1.0,1.0,0.16666666666666666,1.0,0.9166666666666666,0.16666666666666663,0.08333333333333326
0.0,0.49999999999999994,1.0,0.5,0.7916666666666666,0.7916666666666666,1.0,1.0,1.0,1.0,0.20833333333333334,1.0,0.8958333333333334,0.20833333333333337,0.10416666666666674
0.0,0.49999999999999994,1.0,0.5,0.6666666666666666,0.6666666666666666,1.0,1.0,1.0,1.0,0.3333333333333333,1.0,0.8333333333333334,0.33333333333333337,0.16666666666666674
0.0,0.49999999999999994,1.0,0.5,0.75,0.75,1.0,1.0,1.0,1.0,0.25,1.0,0.875,0.25,0.125
0.0,0.49999999999999994,1.0,0.5,0.7083333333333334,0.7083333333333334,1.0,1.0,1.0,1.0,0.2916666666666667,1.0,0.8541666666666666,0.29166666666666663,0.14583333333333326
0.0,0.49999999999999994,1.0,0.5,0.7916666666666666,0.7916666666666666,1.0,1.0,1.0,1.0,0.20833333333333334,1.0,0.8958333333333334,0.20833333333333337,0.10416666666666674
0.0,0.49999999999999994,1.0,0.5,0.6666666666666666,0.6666666666666666,1.0,1.0,1.0,1.0,0.3333333333333333,1.0,0.8333333333333334,0.33333333333333337,0.16666666666666674
0.0,0.49999999999999994,1.0,0.5,0.7083333333333334,0.7083333333333334,1.0,1.0,1.0,1.0,0.2916666666666667,1.0,0.8541666666666666,0.29166666666666663,0.14583333333333326
0.0,0.49999999999999994,1.0,0.5,0.7083333333333334,0.7083333333333334,1.0,1.0,1.0,1.0,0.2916666666666667,1.0,0.8541666666666666,0.29166666666666663,0.14583333333333326
0.0,0.49999999999999994,1.0,0.5,0.875,0.875,1.0,1.0,1.0,1.0,0.125,1.0,0.9375,0.125,0.0625
0.0,0.49999999999999994,1.0,0.5,0.75,0.75,1.0,1.0,1.0,1.0,0.25,1.0,0.875,0.25,0.125
0.0,0.49999999999999994,1.0,0.5,0.625,0.625,1.0,1.0,1.0,1.0,0.375,1.0,0.8125,0.375,0.1875
0.0,0.49999999999999994,1.0,0.5,0.9166666666666666,0.9166666666666666,1.0,1.0,1.0,1.0,0.08333333333333333,1.0,0.9583333333333334,0.08333333333333337,0.04166666666666674
0.0,0.49999999999999994,1.0,0.5,0.8333333333333334,0.8333333333333334,1.0,1.0,1.0,1.0,0.16666666666666666,1.0,0.9166666666666666,0.16666666666666663,0.08333333333333326
0.0,0.49999999999999994,1.0,0.5,0.7083333333333334,0.7083333333333334,1.0,1.0,1.0,1.0,0.2916666666666667,1.0,0.8541666666666666,0.29166666666666663,0.14583333333333326
0.0,0.49999999999999994,1.0,0.5,0.625,0.75,0.8333333333333334,1.0,1.0,1.0,0.25,1.0,0.875,0.375,0.25
0.0,0.49999999999999994,1.0,0.5,0.7916666666666666,0.7916666666666666,1.0,1.0,1.0,1.0,0.20833333333333334,1.0,0.8958333333333334,0.20833333333333337,0.10416666666666674
0.0,0.5499999999999999,1.0,0.5,0.75,0.75,1.0,1.0,1.0,1.0,0.25,1.0,0.875,0.25,0.125
0.0,0.5499999999999999,1.0,0.5,0.6666666666666666,0.6666666666666666,1.0,1.0,1.0,1.0,0.3333333333333333,1.0,0.8333333333333334,0.33333333333333337,0.16666666666666674
0.0,0.5499999999999999,1.0,0.5,0.75,0.75,1.0,1.0,1.0,1.0,0.25,1.0,0.875,0.25,0.125
0.0,0.5499999999999999,1.0,0.5,0.7083333333333334,0.7083333333333334,1.0,1.0,1.0,1.0,0.2916666666666667,1.0,0.8541666666666666,0.29166666666666663,0.14583333333333326
0.0,0.5499999999999999,1.0,0.5,0.75,0.75,1.0,1.0,1.0,1.0,0.25,1.0,0.875,0.25,0.125
0.0,0.5499999999999999,1.0,0.5,0.8333333333333334,0.8333333333333334,1.0,1.0,1.0,1.0,0.16666666666666666,1.0,0.9166666666666666,0.16666666666666663,0.08333333333333326
0.0,0.5499999999999999,1.0,0.5,0.75,0.75,1.0,1.0,1.0,1.0,0.25,1.0,0.875,0.25,0.125
0.0,0.5499999999999999,1.0,0.5,0.6666666666666666,0.6666666666666666,1.0,1.0,1.0,1.0,0.3333333333333333,1.0,0.8333333333333334,0.33333333333333337,0.16666666666666674
0.0,0.5499999999999999,1.0,0.5,0.8333333333333334,0.8333333333333334,1.0,1.0,1.0,1.0,0.16666666666666666,1.0,0.9166666666666666,0.16666666666666663,0.08333333333333326
0.0,0.5499999999999999,1.0,0.5,0.75,0.75,1.0,1.0,1.0,1.0,0.25,1.0,0.875,0.25,0.125
0.0,0.5499999999999999,1.0,0.5,0.48611111111111116,0.5833333333333334,0.8333333333333334,1.0,1.0,1.0,0.4166666666666667,1.0,0.7916666666666666,0.5138888888888888,0.30555555555555547
0.0,0.5499999999999999,1.0,0.5,0.625,0.625,1.0,1.0,1.0,1.0,0.375,1.0,0.8125,0.375,0.1875
0.0,0.5499999999999999,1.0,0.5,0.7916666666666666,0.7916666666666666,1.0,1.0,1.0,1.0,0.20833333333333334,1.0,0.8958333333333334,0.20833333333333337,0.10416666666666674
0.0,0.5499999999999999,1.0,0.5,0.875,0.875,1.0,1.0,1.0,1.0,0.125,1.0,0.9375,0.125,0.0625
0.0,0.5499999999999999,1.0,0.5,0.75,0.75,1.0,1.0,1.0,1.0,0.25,1.0,0.875,0.25,0.125
0.0,0.5499999999999999,1.0,0.5,0.5833333333333334,0.5833333333333334,1.0,1.0,1.0,1.0,0.4166666666666667,1.0,0.7916666666666666,0.41666666666666663,0.20833333333333326
0.0,0.5499999999999999,1.0,0.5,0.7916666666666666,0.7916666666666666,1.0,1.0,1.0,1.0,0.20833333333333334,1.0,0.8958333333333334,0.20833333333333337,0.10416666666666674
0.0,0.5499999999999999,1.0,0.5,0.6493055555555556,0.7083333333333334,0.9166666666666666,1.0,1.0,1.0,0.2916666666666667,1.0,0.8541666666666666,0.3506944444444444,0.20486111111111105
0.0,0.5499999999999999,1.0,0.5,0.7083333333333334,0.7083333333333334,1.0,1.0,1.0,1.0,0.2916666666666667,1.0,0.8541666666666666,0.29166666666666663,0.14583333333333326
0.0,0.5499999999999999,1.0,0.5,0.625,0.625,1.0,1.0,1.0,1.0,0.375,1.0,0.8125,0.375,0.1875
0.0,0.5499999999999999,1.0,0.5,0.8333333333333334,0.8333333333333334,1.0,1.0,1.0,1.0,0.16666666666666666,1.0,0.9166666666666666,0.16666666666666663,0.08333333333333326
0.0,0.5499999999999999,1.0,0.5,0.7083333333333334,0.7083333333333334,1.0,1.0,1.0,1.0,0.2916666666666667,1.0,0.8541666666666666,0.29166666666666663,0.14583333333333326
0.0,0.5499999999999999,1.0,0.5,0.75,0.75,1.0,1.0,1.0,1.0,0.25,1.0,0.875,0.25,0.125
0.0,0.5499999999999999,1.0,0.5,0.75,0.75,1.0,1.0,1.0,1.0,0.25,1.0,0.875,0.25,0.125
0.0,0.5499999999999999,1.0,0.5,0.75,0.75,1.0,1.0,1.0,1.0,0.25,1.0,0.875,0.25,0.125
0.0,0.6,1.0,0.5,0.7083333333333334,0.7083333333333334,1.0,1.0,1.0,1.0,0.2916666666666667,1.0,0.8541666666666666,0.29166666666666663,0.14583333333333326
0.0,0.6,1.0,0.5,0.611111111111111,0.6666666666666666,0.9166666666666666,1.0,1.0,1.0,0.3333333333333333,1.0,0.8333333333333334,0.38888888888888895,0.22222222222222232
0.0,0.6,1.0,0.5,0.7083333333333334,0.7083333333333334,1.0,1.0,1.0,1.0,0.2916666666666667,1.0,0.8541666666666666,0.29166666666666663,0.14583333333333326
0.0,0.6,1.0,0.5,0.611111111111111,0.6666666666666666,0.9166666666666666,1.0,1.0,1.0,0.3333333333333333,1.0,0.8333333333333334,0.38888888888888895,0.22222222222222232
0.0,0.6,1.0,0.5,0.875,0.875,1.0,1.0,1.0,1.0,0.125,1.0,0.9375,0.125,0.0625
0.0,0.6,1.0,0.5,0.75,0.75,1.0,1.0,1.0,1.0,0.25,1.0,0.875,0.25,0.125
0.0,0.6,1.0,0.5,0.625,0.625,1.0,1.0,1.0,1.0,0.375,1.0,0.8125,0.375,0.1875
0.0,0.6,1.0,0.5,0.75,0.75,1.0,1.0,1.0,1.0,0.25,1.0,0.875,0.25,0.125
0.0,0.6,1.0,0.5,0.875,0.875,1.0,1.0,1.0,1.0,0.125,1.0,0.9375,0.125,0.0625
0.0,0.6,1.0,0.5,0.75,0.75,1.0,1.0,1.0,1.0,0.25,1.0,0.875,0.25,0.125
0.0,0.6,1.0,0.5,0.9166666666666666,0.9166666666666666,1.0,1.0,1.0,1.0,0.08333333333333333,1.0,0.9583333333333334,0.08333333333333337,0.04166666666666674
0.0,0.6,1.0,0.5,0.611111111111111,0.6666666666666666,0.9166666666666666,1.0,1.0,1.0,0.3333333333333333,1.0,0.8333333333333334,0.38888888888888895,0.22222222222222232
0.0,0.6,1.0,0.5,0.7916666666666666,0.7916666666666666,1.0,1.0,1.0,1.0,0.20833333333333334,1.0,0.8958333333333334,0.20833333333333337,0.10416666666666674
0.0,0.6,1.0,0.5,0.6666666666666666,0.6666666666666666,1.0,1.0,1.0,1.0,0.3333333333333333,1.0,0.8333333333333334,0.33333333333333337,0.16666666666666674
0.0,0.6,1.0,0.5,0.75,0.75,1.0,1.0,1.0,1.0,0.25,1.0,0.875,0.25,0.125
0.0,0.6,1.0,0.5,0.875,0.875,1.0,1.0,1.0,1.0,0.125,1.0,0.9375,0.125,0.0625
0.0,0.6,1.0,0.5,0.611111111111111,0.6666666666666666,0.9166666666666666,1.0,1.0,1.0,0.3333333333333333,1.0,0.8333333333333334,0.38888888888888895,0.22222222222222232
0.0,0.6,1.0,0.5,0.6666666666666666,0.6666666666666666,1.0,1.0,1.0,1.0,0.3333333333333333,1.0,0.8333333333333334,0.33333333333333337,0.16666666666666674
0.0,0.6,1.0,0.5,0.5729166666666666,0.625,0.9166666666666666,1.0,1.0,1.0,0.375,1.0,0.8125,0.42708333333333337,0.23958333333333337
0.0,0.6,1.0,0.5,0.7916666666666666,0.7916666666666666,1.0,1.0,1.0,1.0,0.20833333333333334,1.0,0.8958333333333334,0.20833333333333337,0.10416666666666674
0.0,0.6,1.0,0.5,0.4583333333333333,0.5,0.9166666666666666,1.0,1.0,1.0,0.5,1.0,0.75,0.5416666666666667,0.2916666666666667
0.0,0.6,1.0,0.5,0.625,0.625,1.0,1.0,1.0,1.0,0.375,1.0,0.8125,0.375,0.1875
0.0,0.6,1.0,0.5,0.625,0.625,1.0,1.0,1.0,1.0,0.375,1.0,0.8125,0.375,0.1875
0.0,0.6,1.0,0.5,0.75,0.75,1.0,1.0,1.0,1.0,0.25,1.0,0.875,0.25,0.125
0.0,0.6,1.0,0.5,0.7083333333333334,0.7083333333333334,1.0,1.0,1.0,1.0,0.2916666666666667,1.0,0.8541666666666666,0.29166666666666663,0.14583333333333326
0.0,0.6499999999999999,1.0,0.5,0.75,0.75,1.0,1.0,1.0,1.0,0.25,1.0,0.875,0.25,0.125
0.0,0.6499999999999999,1.0,0.5,0.7083333333333334,0.7083333333333334,1.0,1.0,1.0,1.0,0.2916666666666667,1.0,0.8541666666666666,0.29166666666666663,0.14583333333333326
0.0,0.6499999999999999,1.0,0.5,0.75,0.75,1.0,1.0,1.0,1.0,0.25,1.0,0.875,0.25,0.125
0.0,0.6499999999999999,1.0,0.5,0.75,0.75,1.0,1.0,1.0,1.0,0.25,1.0,0.875,0.25,0.125
0.0,0.6499999999999999,1.0,0.5,0.7083333333333334,0.7083333333333334,1.0,1.0,1.0,1.0,0.2916666666666667,1.0,0.8541666666666666,0.29166666666666663,0.14583333333333326
0.0,0.6499999999999999,1.0,0.5,0.6666666666666666,0.6666666666666666,1.0,1.0,1.0,1.0,0.3333333333333333,1.0,0.8333333333333334,0.33333333333333337,0.16666666666666674
0.0,0.6499999999999999,1.0,0.5,0.7083333333333334,0.7083333333333334,1.0,1.0,1.0,1.0,0.2916666666666667,1.0,0.8541666666666666,0.29166666666666663,0.14583333333333326
0.0,0.6499999999999999,1.0,0.5,0.7083333333333334,0.7083333333333334,1.0,1.0,1.0,1.0,0.2916666666666667,1.0,0.8541666666666666,0.29166666666666663,0.14583333333333326
0.0,0.6499999999999999,1.0,0.5,0.625,0.625,1.0,1.0,1.0,1.0,0.375,1.0,0.8125,0.375,0.1875
0.0,0.6499999999999999,1.0,0.5,0.7916666666666666,0.7916666666666666,1.0,1.0,1.0,1.0,0.20833333333333334,1.0,0.8958333333333334,0.20833333333333337,0.10416666666666674
0.0,0.6499999999999999,1.0,0.5,0.7916666666666666,0.7916666666666666,1.0,1.0,1.0,1.0,0.20833333333333334,1.0,0.8958333333333334,0.20833333333333337,0.10416666666666674
0.0,0.6499999999999999,1.0,0.5,0.5833333333333334,0.5833333333333334,1.0,1.0,1.0,1.0,0.4166666666666667,1.0,0.7916666666666666,0.41666666666666663,0.20833333333333326
0.0,0.6499999999999999,1.0,0.5,0.7083333333333334,0.7083333333333334,1.0,1.0,1.0,1.0,0.2916666666666667,1.0,0.8541666666666666,0.29166666666666663,0.14583333333333326
0.0,0.6499999999999999,1.0,0.5,0.7916666666666666,0.7916666666666666,1.0,1.0,1.0,1.0,0.20833333333333334,1.0,0.8958333333333334,0.20833333333333337,0.10416666666666674
0.0,0.6499999999999999,1.0,0.5,0.75,0.75,1.0,1.0,1.0,1.0,0.25,1.0,0.875,0.25,0.125
0.0,0.6499999999999999,1.0,0.5,0.625,0.625,1.0,1.0,1.0,1.0,0.375,1.0,0.8125,0.375,0.1875
0.0,0.6499999999999999,1.0,0.5,0.6666666666666666,0.6666666666666666,1.0,1.0,1.0,1.0,0.3333333333333333,1.0,0.8333333333333334,0.33333333333333337,0.16666666666666674
0.0,0.6499999999999999,1.0,0.5,0.625,0.625,1.0,1.0,1.0,1.0,0.375,1.0,0.8125,0.375,0.1875
0.0,0.6499999999999999,1.0,0.5,0.7083333333333334,0.7083333333333334,1.0,1.0,1.0,1.0,0.2916666666666667,1.0,0.8541666666666666,0.29166666666666663,0.14583333333333326
0.0,0.6499999999999999,1.0,0.5,0.875,0.875,1.0,1.0,1.0,1.0,0.125,1.0,0.9375,0.125,0.0625
0.0,0.6499999999999999,1.0,0.5,0.5833333333333334,0.5833333333333334,1.0,1.0,1.0,1.0,0.4166666666666667,1.0,0.7916666666666666,0.41666666666666663,0.20833333333333326
0.0,0.6499999999999999,1.0,0.5,0.5833333333333334,0.5833333333333334,1.0,1.0,1.0,1.0,0.4166666666666667,1.0,0.7916666666666666,0.41666666666666663,0.20833333333333326
0.0,0.6499999999999999,1.0,0.5,0.36111111111111105,0.5416666666666666,0.6666666666666666,1.0,1.0,1.0,0.4583333333333333,1.0,0.7708333333333334,0.638888888888889,0.4097222222222223
0.0,0.6499999999999999,1.0,0.5,0.6666666666666666,0.6666666666666666,1.0,1.0,1.0,1.0,0.3333333333333333,1.0,0.8333333333333334,0.33333333333333337,0.16666666666666674
0.0,0.6499999999999999,1.0,0.5,0.5729166666666666,0.625,0.9166666666666666,1.0,1.0,1.0,0.375,1.0,0.8125,0.42708333333333337,0.23958333333333337
0.0,0.7,1.0,0.5,0.42013888888888884,0.4583333333333333,0.9166666666666666,1.0,1.0,1.0,0.5416666666666666,1.0,0.7291666666666667,0.5798611111111112,0.3090277777777779
0.0,0.7,1.0,0.5,0.75,0.75,1.0,1.0,1.0,1.0,0.25,1.0,0.875,0.25,0.125
0.0,0.7,1.0,0.5,0.4583333333333333,0.4583333333333333,1.0,1.0,1.0,1.0,0.5416666666666666,1.0,0.7291666666666667,0.5416666666666667,0.2708333333333334
0.0,0.7,1.0,0.5,0.5833333333333334,0.5833333333333334,1.0,1.0,1.0,1.0,0.4166666666666667,1.0,0.7916666666666666,0.41666666666666663,0.20833333333333326
0.0,0.7,1.0,0.5,0.75,0.75,1.0,1.0,1.0,1.0,0.25,1.0,0.875,0.25,0.125
0.0,0.7,1.0,0.5,0.7083333333333334,0.7083333333333334,1.0,1.0,1.0,1.0,0.2916666666666667,1.0,0.8541666666666666,0.29166666666666663,0.14583333333333326
0.0,0.7,1.0,0.5,0.6666666666666666,0.6666666666666666,1.0,1.0,1.0,1.0,0.3333333333333333,1.0,0.8333333333333334,0.33333333333333337,0.16666666666666674
0.0,0.7,1.0,0.5,0.625,0.625,1.0,1.0,1.0,1.0,0.375,1.0,0.8125,0.375,0.1875
0.0,0.7,1.0,0.5,0.20833333333333334,0.4166666666666667,0.5,1.0,1.0,1.0,0.5833333333333334,1.0,0.7083333333333333,0.7916666666666666,0.4999999999999999
0.0,0.7,1.0,0.5,0.8333333333333334,0.8333333333333334,1.0,1.0,1.0,1.0,0.16666666666666666,1.0,0.9166666666666666,0.16666666666666663,0.08333333333333326
0.0,0.7,1.0,0.5,0.5833333333333334,0.5833333333333334,1.0,1.0,1.0,1.0,0.4166666666666667,1.0,0.7916666666666666,0.41666666666666663,0.20833333333333326
0.0,0.7,1.0,0.5,0.2916666666666667,0.5,0.5833333333333334,1.0,1.0,1.0,0.5,1.0,0.75,0.7083333333333333,0.4583333333333333
0.0,0.7,1.0,0.5,0.5416666666666666,0.5416666666666666,1.0,1.0,1.0,1.0,0.4583333333333333,1.0,0.7708333333333334,0.45833333333333337,0.22916666666666674
0.0,0.7,1.0,0.5,0.625,0.625,1.0,1.0,1.0,1.0,0.375,1.0,0.8125,0.375,0.1875
0.0,0.7,1.0,0.5,0.7083333333333334,0.7083333333333334,1.0,1.0,1.0,1.0,0.2916666666666667,1.0,0.8541666666666666,0.29166666666666663,0.14583333333333326
0.0,0.7,1.0,0.5,0.7916666666666666,0.7916666666666666,1.0,1.0,1.0,1.0,0.20833333333333334,1.0,0.8958333333333334,0.20833333333333337,0.10416666666666674
0.0,0.7,1.0,0.5,0.7916666666666666,0.7916666666666666,1.0,1.0,1.0,1.0,0.20833333333333334,1.0,0.8958333333333334,0.20833333333333337,0.10416666666666674
0.0,0.7,1.0,0.5,0.3333333333333333,0.5,0.6666666666666666,1.0,1.0,1.0,0.5,1.0,0.75,0.6666666666666667,0.4166666666666667
0.0,0.7,1.0,0.5,0.6666666666666666,0.6666666666666666,1.0,1.0,1.0,1.0,0.3333333333333333,1.0,0.8333333333333334,0.33333333333333337,0.16666666666666674
0.0,0.7,1.0,0.5,0.3333333333333333,0.5,0.6666666666666666,1.0,1.0,1.0,0.5,1.0,0.75,0.6666666666666667,0.4166666666666667
0.0,0.7,1.0,0.5,0.7083333333333334,0.7083333333333334,1.0,1.0,1.0,1.0,0.2916666666666667,1.0,0.8541666666666666,0.29166666666666663,0.14583333333333326
0.0,0.7,1.0,0.5,0.625,0.625,1.0,1.0,1.0,1.0,0.375,1.0,0.8125,0.375,0.1875
0.0,0.7,1.0,0.5,0.34722222222222227,0.4166666666666667,0.8333333333333334,1.0,1.0,1.0,0.5833333333333334,1.0,0.7083333333333333,0.6527777777777777,0.361111111111111
0.0,0.7,1.0,0.5,0.49652777777777773,0.5416666666666666,0.9166666666666666,1.0,1.0,1.0,0.4583333333333333,1.0,0.7708333333333334,0.5034722222222223,0.27430555555555564
0.0,0.7,1.0,0.5,0.7083333333333334,0.7083333333333334,1.0,1.0,1.0,1.0,0.2916666666666667,1.0,0.8541666666666666,0.29166666666666663,0.14583333333333326
0.0,0.0,1.0,0.75,1.0,1.0,1.0,1.0,1.0,1.0,0.0,1.0,1.0,0.0,0.0
0.0,0.0,1.0,0.75,1.0,1.0,1.0,1.0,1.0,1.0,0.0,1.0,1.0,0.0,0.0
0.0,0.0,1.0,0.75,1.0,1.0,1.0,1.0,1.0,1.0,0.0,1.0,1.0,0.0,0.0
0.0,0.0,1.0,0.75,1.0,1.0,1.0,1.0,1.0,1.0,0.0,1.0,1.0,0.0,0.0
0.0,0.0,1.0,0.75,1.0,1.0,1.0,1.0,1.0,1.0,0.0,1.0,1.0,0.0,0.0
0.0,0.0,1.0,0.75,1.0,1.0,1.0,1.0,1.0,1.0,0.0,1.0,1.0,0.0,0.0
0.0,0.0,1.0,0.75,1.0,1.0,1.0,1.0,1.0,1.0,0.0,1.0,1.0,0.0,0.0
0.0,0.0,1.0,0.75,1.0,1.0,1.0,1.0,1.0,1.0,0.0,1.0,1.0,0.0,0.0
0.0,0.0,1.0,0.75,1.0,1.0,1.0,1.0,1.0,1.0,0.0,1.0,1.0,0.0,0.0
0.0,0.0,1.0,0.75,1.0,1.0,1.0,1.0,1.0,1.0,0.0,1.0,1.0,0.0,0.0
0.0,0.0,1.0,0.75,1.0,1.0,1.0,1.0,1.0,1.0,0.0,1.0,1.0,0.0,0.0
0.0,0.0,1.0,0.75,1.0,1.0,1.0,1.0,1.0,1.0,0.0,1.0,1.0,0.0,0.0
0.0,0.0,1.0,0.75,1.0,1.0,1.0,1.0,1.0,1.0,0.0,1.0,1.0,0.0,0.0
0.0,0.0,1.0,0.75,1.0,1.0,1.0,1.0,1.0,1.0,0.0,1.0,1.0,0.0,0.0
0.0,0.0,1.0,0.75,1.0,1.0,1.0,1.0,1.0,1.0,0.0,1.0,1.0,0.0,0.0
0.0,0.0,1.0,0.75,1.0,1.0,1.0,1.0,1.0,1.0,0.0,1.0,1.0,0.0,0.0
0.0,0.0,1.0,0.75,1.0,1.0,1.0,1.0,1.0,1.0,0.0,1.0,1.0,0.0,0.0
0.0,0.0,1.0,0.75,1.0,1.0,1.0,1.0,1.0,1.0,0.0,1.0,1.0,0.0,0.0
0.0,0.0,1.0,0.75,1.0,1.0,1.0,1.0,1.0,1.0,0.0,1.0,1.0,0.0,0.0
0.0,0.0,1.0,0.75,1.0,1.0,1.0,1.0,1.0,1.0,0.0,1.0,1.0,0.0,0.0
0.0,0.0,1.0,0.75,1.0,1.0,1.0,1.0,1.0,1.0,0.0,1.0,1.0,0.0,0.0
0.0,0.0,1.0,0.75,1.0,1.0,1.0,1.0,1.0,1.0,0.0,1.0,1.0,0.0,0.0
0.0,0.0,1.0,0.75,1.0,1.0,1.0,1.0,1.0,1.0,0.0,1.0,1.0,0.0,0.0
0.0,0.0,1.0,0.75,1.0,1.0,1.0,1.0,1.0,1.0,0.0,1.0,1.0,0.0,0.0
0.0,0.0,1.0,0.75,1.0,1.0,1.0,1.0,1.0,1.0,0.0,1.0,1.0,0.0,0.0
0.0,0.049999999999999996,1.0,0.75,0.9583333333333334,0.9583333333333334,1.0,1.0,1.0,1.0,0.041666666666666664,1.0,0.96875,0.04166666666666663,0.01041666666666663
0.0,0.049999999999999996,1.0,0.75,1.0,1.0,1.0,1.0,1.0,1.0,0.0,1.0,1.0,0.0,0.0
0.0,0.049999999999999996,1.0,0.75,0.9583333333333334,0.9583333333333334,1.0,1.0,1.0,1.0,0.041666666666666664,1.0,0.96875,0.04166666666666663,0.01041666666666663
0.0,0.049999999999999996,1.0,0.75,1.0,1.0,1.0,1.0,1.0,1.0,0.0,1.0,1.0,0.0,0.0
0.0,0.049999999999999996,1.0,0.75,0.9166666666666666,0.9166666666666666,1.0,1.0,1.0,1.0,0.08333333333333333,1.0,0.9375,0.08333333333333337,0.02083333333333337
0.0,0.049999999999999996,1.0,0.75,0.9166666666666666,0.9166666666666666,1.0,1.0,1.0,1.0,0.08333333333333333,1.0,0.9375,0.08333333333333337,0.02083333333333337
0.0,0.049999999999999996,1.0,0.75,0.9583333333333334,0.9583333333333334,1.0,1.0,1.0,1.0,0.041666666666666664,1.0,0.96875,0.04166666666666663,0.01041666666666663
0.0,0.049999999999999996,1.0,0.75,1.0,1.0,1.0,1.0,1.0,1.0,0.0,1.0,1.0,0.0,0.0
0.0,0.049999999999999996,1.0,0.75,1.0,1.0,1.0,1.0,1.0,1.0,0.0,1.0,1.0,0.0,0.0
0.0,0.049999999999999996,1.0,0.75,1.0,1.0,1.0,1.0,1.0,1.0,0.0,1.0,1.0,0.0,0.0
0.0,0.049999999999999996,1.0,0.75,0.9583333333333334,0.9583333333333334,1.0,1.0,1.0,1.0,0.041666666666666664,1.0,0.96875,0.04166666666666663,0.01041666666666663
0.0,0.049999999999999996,1.0,0.75,1.0,1.0,1.0,1.0,1.0,1.0,0.0,1.0,1.0,0.0,0.0
0.0,0.049999999999999996,1.0,0.75,0.7916666666666666,0.7916666666666666,1.0,1.0,1.0,1.0,0.20833333333333334,1.0,0.84375,0.20833333333333337,0.05208333333333337
0.0,0.049999999999999996,1.0,0.75,1.0,1.0,1.0,1.0,1.0,1.0,0.0,1.0,1.0,0.0,0.0
0.0,0.049999999999999996,1.0,0.75,1.0,1.0,1.0,1.0,1.0,1.0,0.0,1.0,1.0,0.0,0.0
0.0,0.049999999999999996,1.0,0.75,0.875,0.875,1.0,1.0,1.0,1.0,0.125,1.0,0.90625,0.125,0.03125
0.0,0.049999999999999996,1.0,0.75,1.0,1.0,1.0,1.0,1.0,1.0,0.0,1.0,1.0,0.0,0.0
0.0,0.049999999999999996,1.0,0.75,1.0,1.0,1.0,1.0,1.0,1.0,0.0,1.0,1.0,0.0,0.0
0.0,0.049999999999999996,1.0,0.75,0.9583333333333334,0.9583333333333334,1.0,1.0,1.0,1.0,0.041666666666666664,1.0,0.96875,0.04166666666666663,0.01041666666666663
0.0,0.049999999999999996,1.0,0.75,1.0,1.0,1.0,1.0,1.0,1.0,0.0,1.0,1.0,0.0,0.0
0.0,0.049999999999999996,1.0,0.75,0.9583333333333334,0.9583333333333334,1.0,1.0,1.0,1.0,0.041666666666666664,1.0,0.96875,0.04166666666666663,0.01041666666666663
0.0,0.049999999999999996,1.0,0.75,1.0,1.0,1.0,1.0,1.0,1.0,0.0,1.0,1.0,0.0,0.0
0.0,0.049999999999999996,1.0,0.75,0.9583333333333334,0.9583333333333334,1.0,1.0,1.0,1.0,0.041666666666666664,1.0,0.96875,0.04166666666666663,0.01041666666666663
0.0,0.049999999999999996,1.0,0.75,1.0,1.0,1.0,1.0,1.0,1.0,0.0,1.0,1.0,0.0,0.0
0.0,0.049999999999999996,1.0,0.75,0.9583333333333334,0.9583333333333334,1.0,1.0,1.0,1.0,0.041666666666666664,1.0,0.96875,0.04166666666666663,0.01041666666666663
0.0,0.09999999999999999,1.0,0.75,0.9583333333333334,0.9583333333333334,1.0,1.0,1.0,1.0,0.041666666666666664,1.0,0.96875,0.04166666666666663,0.01041666666666663
0.0,0.09999999999999999,1.0,0.75,0.9583333333333334,0.9583333333333334,1.0,1.0,1.0,1.0,0.041666666666666664,1.0,0.96875,0.04166666666666663,0.01041666666666663
0.0,0.09999999999999999,1.0,0.75,1.0,1.0,1.0,1.0,1.0,1.0,0.0,1.0,1.0,0.0,0.0
0.0,0.09999999999999999,1.0,0.75,1.0,1.0,1.0,1.0,1.0,1.0,0.0,1.0,1.0,0.0,0.0
0.0,0.09999999999999999,1.0,0.75,0.875,0.875,1.0,1.0,1.0,1.0,0.125,1.0,0.90625,0.125,0.03125
0.0,0.09999999999999999,1.0,0.75,0.9583333333333334,0.9583333333333334,1.0,1.0,1.0,1.0,0.041666666666666664,1.0,0.96875,0.04166666666666663,0.01041666666666663
0.0,0.09999999999999999,1.0,0.75,0.9583333333333334,0.9583333333333334,1.0,1.0,1.0,1.0,0.041666666666666664,1.0,0.96875,0.04166666666666663,0.01041666666666663
0.0,0.09999999999999999,1.0,0.75,1.0,1.0,1.0,1.0,1.0,1.0,0.0,1.0,1.0,0.0,0.0
0.0,0.09999999999999999,1.0,0.75,0.9166666666666666,0.9166666666666666,1.0,1.0,1.0,1.0,0.08333333333333333,1.0,0.9375,0.08333333333333337,0.02083333333333337
0.0,0.09999999999999999,1.0,0.75,0.9583333333333334,0.9583333333333334,1.0,1.0,1.0,1.0,0.041666666666666664,1.0,0.96875,0.04166666666666663,0.01041666666666663
0.0,0.09999999999999999,1.0,0.75,0.7638888888888888,0.8333333333333334,0.9166666666666666,1.0,1.0,1.0,0.16666666666666666,1.0,0.875,0.23611111111111116,0.11111111111111116
0.0,0.09999999999999999,1.0,0.75,0.9583333333333334,0.9583333333333334,1.0,1.0,1.0,1.0,0.041666666666666664,1.0,0.96875,0.04166666666666663,0.01041666666666663
0.0,0.09999999999999999,1.0,0.75,0.9166666666666666,0.9166666666666666,1.0,1.0,1.0,1.0,0.08333333333333333,1.0,0.9375,0.08333333333333337,0.02083333333333337
0.0,0.09999999999999999,1.0,0.75,0.9166666666666666,0.9166666666666666,1.0,1.0,1.0,1.0,0.08333333333333333,1.0,0.9375,0.08333333333333337,0.02083333333333337
0.0,0.09999999999999999,1.0,0.75,0.9583333333333334,0.9583333333333334,1.0,1.0,1.0,1.0,0.041666666666666664,1.0,0.96875,0.04166666666666663,0.01041666666666663
0.0,0.09999999999999999,1.0,0.75,0.9583333333333334,0.9583333333333334,1.0,1.0,1.0,1.0,0.041666666666666664,1.0,0.96875,0.04166666666666663,0.01041666666666663
0.0,0.09999999999999999,1.0,0.75,0.9583333333333334,0.9583333333333334,1.0,1.0,1.0,1.0,0.041666666666666664,1.0,0.96875,0.04166666666666663,0.01041666666666663
0.0,0.09999999999999999,1.0,0.75,0.9166666666666666,0.9166666666666666,1.0,1.0,1.0,1.0,0.08333333333333333,1.0,0.9375,0.08333333333333337,0.02083333333333337
0.0,0.09999999999999999,1.0,0.75,1.0,1.0,1.0,1.0,1.0,1.0,0.0,1.0,1.0,0.0,0.0
0.0,0.09999999999999999,1.0,0.75,1.0,1.0,1.0,1.0,1.0,1.0,0.0,1.0,1.0,0.0,0.0
0.0,0.09999999999999999,1.0,0.75,1.0,1.0,1.0,1.0,1.0,1.0,0.0,1.0,1.0,0.0,0.0
0.0,0.09999999999999999,1.0,0.75,0.9583333333333334,0.9583333333333334,1.0,1.0,1.0,1.0,0.041666666666666664,1.0,0.96875,0.04166666666666663,0.01041666666666663
0.0,0.09999999999999999,1.0,0.75,1.0,1.0,1.0,1.0,1.0,1.0,0.0,1.0,1.0,0.0,0.0
0.0,0.09999999999999999,1.0,0.75,0.9583333333333334,0.9583333333333334,1.0,1.0,1.0,1.0,0.041666666666666664,1.0,0.96875,0.04166666666666663,0.01041666666666663
0.0,0.09999999999999999,1.0,0.75,0.9583333333333334,0.9583333333333334,1.0,1.0,1.0,1.0,0.041666666666666664,1.0,0.96875,0.04166666666666663,0.01041666666666663
0.0,0.15,1.0,0.75,0.9583333333333334,0.9583333333333334,1.0,1.0,1.0,1.0,0.041666666666666664,1.0,0.96875,0.04166666666666663,0.01041666666666663
0.0,0.15,1.0,0.75,0.9583333333333334,0.9583333333333334,1.0,1.0,1.0,1.0,0.041666666666666664,1.0,0.96875,0.04166666666666663,0.01041666666666663
0.0,0.15,1.0,0.75,1.0,1.0,1.0,1.0,1.0,1.0,0.0,1.0,1.0,0.0,0.0
0.0,0.15,1.0,0.75,0.9583333333333334,0.9583333333333334,1.0,1.0,1.0,1.0,0.041666666666666664,1.0,0.96875,0.04166666666666663,0.01041666666666663
0.0,0.15,1.0,0.75,0.9166666666666666,0.9166666666666666,1.0,1.0,1.0,1.0,0.08333333333333333,1.0,0.9375,0.08333333333333337,0.02083333333333337
0.0,0.15,1.0,0.75,1.0,1.0,1.0,1.0,1.0,1.0,0.0,1.0,1.0,0.0,0.0
0.0,0.15,1.0,0.75,0.8333333333333334,0.8333333333333334,1.0,1.0,1.0,1.0,0.16666666666666666,1.0,0.875,0.16666666666666663,0.04166666666666663
0.0,0.15,1.0,0.75,0.9166666666666666,0.9166666666666666,1.0,1.0,1.0,1.0,0.08333333333333333,1.0,0.9375,0.08333333333333337,0.02083333333333337
0.0,0.15,1.0,0.75,1.0,1.0,1.0,1.0,1.0,1.0,0.0,1.0,1.0,0.0,0.0
0.0,0.15,1.0,0.75,0.9166666666666666,0.9166666666666666,1.0,1.0,1.0,1.0,0.08333333333333333,1.0,0.9375,0.08333333333333337,0.02083333333333337
0.0,0.15,1.0,0.75,0.9166666666666666,0.9166666666666666,1.0,1.0,1.0,1.0,0.08333333333333333,1.0,0.9375,0.08333333333333337,0.02083333333333337
0.0,0.15,1.0,0.75,1.0,1.0,1.0,1.0,1.0,1.0,0.0,1.0,1.0,0.0,0.0
0.0,0.15,1.0,0.75,0.8333333333333334,0.8333333333333334,1.0,1.0,1.0,1.0,0.16666666666666666,1.0,0.875,0.16666666666666663,0.04166666666666663
0.0,0.15,1.0,0.75,0.875,0.875,1.0,1.0,1.0,1.0,0.125,1.0,0.90625,0.125,0.03125
0.0,0.15,1.0,0.75,0.9583333333333334,0.9583333333333334,1.0,1.0,1.0,1.0,0.041666666666666664,1.0,0.96875,0.04166666666666663,0.01041666666666663
0.0,0.15,1.0,0.75,0.7916666666666666,0.7916666666666666,1.0,1.0,1.0,1.0,0.20833333333333334,1.0,0.84375,0.20833333333333337,0.05208333333333337
0.0,0.15,1.0,0.75,1.0,1.0,1.0,1.0,1.0,1.0,0.0,1.0,1.0,0.0,0.0
0.0,0.15,1.0,0.75,0.875,0.875,1.0,1.0,1.0,1.0,0.125,1.0,0.90625,0.125,0.03125
0.0,0.15,1.0,0.75,1.0,1.0,1.0,1.0,1.0,1.0,0.0,1.0,1.0,0.0,0.0
0.0,0.15,1.0,0.75,0.875,0.875,1.0,1.0,1.0,1.0,0.125,1.0,0.90625,0.125,0.03125
0.0,0.15,1.0,0.75,0.875,0.875,1.0,1.0,1.0,1.0,0.125,1.0,0.90625,0.125,0.03125
0.0,0.15,1.0,0.75,0.9166666666666666,0.9166666666666666,1.0,1.0,1.0,1.0,0.08333333333333333,1.0,0.9375,0.08333333333333337,0.02083333333333337
0.0,0.15,1.0,0.75,0.9166666666666666,0.9166666666666666,1.0,1.0,1.0,1.0,0.08333333333333333,1.0,0.9375,0.08333333333333337,0.02083333333333337
0.0,0.15,1.0,0.75,0.9583333333333334,0.9583333333333334,1.0,1.0,1.0,1.0,0.041666666666666664,1.0,0.96875,0.04166666666666663,0.01041666666666663
0.0,0.15,1.0,0.75,0.9583333333333334,0.9583333333333334,1.0,1.0,1.0,1.0,0.041666666666666664,1.0,0.96875,0.04166666666666663,0.01041666666666663
0.0,0.19999999999999998,1.0,0.75,0.875,0.875,1.0,1.0,1.0,1.0,0.125,1.0,0.90625,0.125,0.03125
0.0,0.19999999999999998,1.0,0.75,0.9166666666666666,0.9166666666666666,1.0,1.0,1.0,1.0,0.08333333333333333,1.0,0.9375,0.08333333333333337,0.02083333333333337
0.0,0.19999999999999998,1.0,0.75,0.9583333333333334,0.9583333333333334,1.0,1.0,1.0,1.0,0.041666666666666664,1.0,0.96875,0.04166666666666663,0.01041666666666663
0.0,0.19999999999999998,1.0,0.75,0.9166666666666666,0.9166666666666666,1.0,1.0,1.0,1.0,0.08333333333333333,1.0,0.9375,0.08333333333333337,0.02083333333333337
0.0,0.19999999999999998,1.0,0.75,0.6875,0.75,0.9166666666666666,1.0,1.0,1.0,0.25,1.0,0.8125,0.3125,0.125
0.0,0.19999999999999998,1.0,0.75,0.9166666666666666,0.9166666666666666,1.0,1.0,1.0,1.0,0.08333333333333333,1.0,0.9375,0.08333333333333337,0.02083333333333337
0.0,0.19999999999999998,1.0,0.75,0.9166666666666666,0.9166666666666666,1.0,1.0,1.0,1.0,0.08333333333333333,1.0,0.9375,0.08333333333333337,0.02083333333333337
0.0,0.19999999999999998,1.0,0.75,0.9166666666666666,0.9166666666666666,1.0,1.0,1.0,1.0,0.08333333333333333,1.0,0.9375,0.08333333333333337,0.02083333333333337
0.0,0.19999999999999998,1.0,0.75,0.9166666666666666,0.9166666666666666,1.0,1.0,1.0,1.0,0.08333333333333333,1.0,0.9375,0.08333333333333337,0.02083333333333337
0.0,0.19999999999999998,1.0,0.75,0.9166666666666666,0.9166666666666666,1.0,1.0,1.0,1.0,0.08333333333333333,1.0,0.9375,0.08333333333333337,0.02083333333333337
0.0,0.19999999999999998,1.0,0.75,0.9166666666666666,0.9166666666666666,1.0,1.0,1.0,1.0,0.08333333333333333,1.0,0.9375,0.08333333333333337,0.02083333333333337
0.0,0.19999999999999998,1.0,0.75,0.9583333333333334,0.9583333333333334,1.0,1.0,1.0,1.0,0.041666666666666664,1.0,0.96875,0.04166666666666663,0.01041666666666663
0.0,0.19999999999999998,1.0,0.75,0.8333333333333334,0.8333333333333334,1.0,1.0,1.0,1.0,0.16666666666666666,1.0,0.875,0.16666666666666663,0.04166666666666663
0.0,0.19999999999999998,1.0,0.75,0.9583333333333334,0.9583333333333334,1.0,1.0,1.0,1.0,0.041666666666666664,1.0,0.96875,0.04166666666666663,0.01041666666666663
0.0,0.19999999999999998,1.0,0.75,0.9583333333333334,0.9583333333333334,1.0,1.0,1.0,1.0,0.041666666666666664,1.0,0.96875,0.04166666666666663,0.01041666666666663
0.0,0.19999999999999998,1.0,0.75,0.9583333333333334,0.9583333333333334,1.0,1.0,1.0,1.0,0.041666666666666664,1.0,0.96875,0.04166666666666663,0.01041666666666663
0.0,0.19999999999999998,1.0,0.75,0.875,0.875,1.0,1.0,1.0,1.0,0.125,1.0,0.90625,0.125,0.03125
0.0,0.19999999999999998,1.0,0.75,0.9583333333333334,0.9583333333333334,1.0,1.0,1.0,1.0,0.041666666666666664,1.0,0.96875,0.04166666666666663,0.01041666666666663
0.0,0.19999999999999998,1.0,0.75,1.0,1.0,1.0,1.0,1.0,1.0,0.0,1.0,1.0,0.0,0.0
0.0,0.19999999999999998,1.0,0.75,0.9583333333333334,0.9583333333333334,1.0,1.0,1.0,1.0,0.041666666666666664,1.0,0.96875,0.04166666666666663,0.01041666666666663
0.0,0.19999999999999998,1.0,0.75,0.8333333333333334,0.8333333333333334,1.0,1.0,1.0,1.0,0.16666666666666666,1.0,0.875,0.16666666666666663,0.04166666666666663
0.0,0.19999999999999998,1.0,0.75,0.9166666666666666,0.9166666666666666,1.0,1.0,1.0,1.0,0.08333333333333333,1.0,0.9375,0.08333333333333337,0.02083333333333337
0.0,0.19999999999999998,1.0,0.75,0.875,0.875,1.0,1.0,1.0,1.0,0.125,1.0,0.90625,0.125,0.03125
0.0,0.19999999999999998,1.0,0.75,0.9166666666666666,0.9166666666666666,1.0,1.0,1.0,1.0,0.08333333333333333,1.0,0.9375,0.08333333333333337,0.02083333333333337
0.0,0.19999999999999998,1.0,0.75,1.0,1.0,1.0,1.0,1.0,1.0,0.0,1.0,1.0,0.0,0.0
0.0,0.24999999999999997,1.0,0.75,0.9166666666666666,0.9166666666666666,1.0,1.0,1.0,1.0,0.08333333333333333,1.0,0.9375,0.08333333333333337,0.02083333333333337
0.0,0.24999999999999997,1.0,0.75,0.875,0.875,1.0,1.0,1.0,1.0,0.125,1.0,0.90625,0.125,0.03125
0.0,0.24999999999999997,1.0,0.75,0.6666666666666666,0.6666666666666666,1.0,1.0,1.0,1.0,0.3333333333333333,1.0,0.75,0.33333333333333337,0.08333333333333337
0.0,0.24999999999999997,1.0,0.75,0.875,0.875,1.0,1.0,1.0,1.0,0.125,1.0,0.90625,0.125,0.03125
0.0,0.24999999999999997,1.0,0.75,0.7916666666666666,0.7916666666666666,1.0,1.0,1.0,1.0,0.20833333333333334,1.0,0.84375,0.20833333333333337,0.05208333333333337
0.0,0.24999999999999997,1.0,0.75,0.875,0.875,1.0,1.0,1.0,1.0,0.125,1.0,0.90625,0.125,0.03125
0.0,0.24999999999999997,1.0,0.75,0.9583333333333334,0.9583333333333334,1.0,1.0,1.0,1.0,0.041666666666666664,1.0,0.96875,0.04166666666666663,0.01041666666666663
0.0,0.24999999999999997,1.0,0.75,0.875,0.875,1.0,1.0,1.0,1.0,0.125,1.0,0.90625,0.125,0.03125
0.0,0.24999999999999997,1.0,0.75,0.7916666666666666,0.7916666666666666,1.0,1.0,1.0,1.0,0.20833333333333334,1.0,0.84375,0.20833333333333337,0.05208333333333337
0.0,0.24999999999999997,1.0,0.75,0.8333333333333334,0.8333333333333334,1.0,1.0,1.0,1.0,0.16666666666666666,1.0,0.875,0.16666666666666663,0.04166666666666663
0.0,0.24999999999999997,1.0,0.75,0.875,0.875,1.0,1.0,1.0,1.0,0.125,1.0,0.90625,0.125,0.03125
0.0,0.24999999999999997,1.0,0.75,0.7916666666666666,0.7916666666666666,1.0,1.0,1.0,1.0,0.20833333333333334,1.0,0.84375,0.20833333333333337,0.05208333333333337
0.0,0.24999999999999997,1.0,0.75,0.8333333333333334,0.8333333333333334,1.0,1.0,1.0,1.0,0.16666666666666666,1.0,0.875,0.16666666666666663,0.04166666666666663
0.0,0.24999999999999997,1.0,0.75,0.8333333333333334,0.8333333333333334,1.0,1.0,1.0,1.0,0.16666666666666666,1.0,0.875,0.16666666666666663,0.04166666666666663
0.0,0.24999999999999997,1.0,0.75,0.7916666666666666,0.7916666666666666,1.0,1.0,1.0,1.0,0.20833333333333334,1.0,0.84375,0.20833333333333337,0.05208333333333337
0.0,0.24999999999999997,1.0,0.75,0.875,0.875,1.0,1.0,1.0,1.0,0.125,1.0,0.90625,0.125,0.03125
0.0,0.24999999999999997,1.0,0.75,0.875,0.875,1.0,1.0,1.0,1.0,0.125,1.0,0.90625,0.125,0.03125
0.0,0.24999999999999997,1.0,0.75,0.875,0.875,1.0,1.0,1.0,1.0,0.125,1.0,0.90625,0.125,0.03125
0.0,0.24999999999999997,1.0,0.75,0.875,0.875,1.0,1.0,1.0,1.0,0.125,1.0,0.90625,0.125,0.03125
0.0,0.24999999999999997,1.0,0.75,0.875,0.875,1.0,1.0,1.0,1.0,0.125,1.0,0.90625,0.125,0.03125
0.0,0.24999999999999997,1.0,0.75,0.875,0.875,1.0,1.0,1.0,1.0,0.125,1.0,0.90625,0.125,0.03125
0.0,0.24999999999999997,1.0,0.75,0.75,0.75,1.0,1.0,1.0,1.0,0.25,1.0,0.8125,0.25,0.0625
0.0,0.24999999999999997,1.0,0.75,0.7916666666666666,0.7916666666666666,1.0,1.0,1.0,1.0,0.20833333333333334,1.0,0.84375,0.20833333333333337,0.05208333333333337
0.0,0.24999999999999997,1.0,0.75,0.9583333333333334,0.9583333333333334,1.0,1.0,1.0,1.0,0.041666666666666664,1.0,0.96875,0.04166666666666663,0.01041666666666663
0.0,0.24999999999999997,1.0,0.75,0.9583333333333334,0.9583333333333334,1.0,1.0,1.0,1.0,0.041666666666666664,1.0,0.96875,0.04166666666666663,0.01041666666666663
0.0,0.3,1.0,0.75,0.9166666666666666,0.9166666666666666,1.0,1.0,1.0,1.0,0.08333333333333333,1.0,0.9375,0.08333333333333337,0.02083333333333337
0.0,0.3,1.0,0.75,0.9166666666666666,0.9166666666666666,1.0,1.0,1.0,1.0,0.08333333333333333,1.0,0.9375,0.08333333333333337,0.02083333333333337
0.0,0.3,1.0,0.75,0.9583333333333334,0.9583333333333334,1.0,1.0,1.0,1.0,0.041666666666666664,1.0,0.96875,0.04166666666666663,0.01041666666666663
0.0,0.3,1.0,0.75,0.8333333333333334,0.8333333333333334,1.0,1.0,1.0,1.0,0.16666666666666666,1.0,0.875,0.16666666666666663,0.04166666666666663
0.0,0.3,1.0,0.75,0.875,0.875,1.0,1.0,1.0,1.0,0.125,1.0,0.90625,0.125,0.03125
0.0,0.3,1.0,0.75,1.0,1.0,1.0,1.0,1.0,1.0,0.0,1.0,1.0,0.0,0.0
0.0,0.3,1.0,0.75,0.875,0.875,1.0,1.0,1.0,1.0,0.125,1.0,0.90625,0.125,0.03125
0.0,0.3,1.0,0.75,0.875,0.875,1.0,1.0,1.0,1.0,0.125,1.0,0.90625,0.125,0.03125
0.0,0.3,1.0,0.75,0.8333333333333334,0.8333333333333334,1.0,1.0,1.0,1.0,0.16666666666666666,1.0,0.875,0.16666666666666663,0.04166666666666663
0.0,0.3,1.0,0.75,0.9166666666666666,0.9166666666666666,1.0,1.0,1.0,1.0,0.08333333333333333,1.0,0.9375,0.08333333333333337,0.02083333333333337
0.0,0.3,1.0,0.75,0.9166666666666666,0.9166666666666666,1.0,1.0,1.0,1.0,0.08333333333333333,1.0,0.9375,0.08333333333333337,0.02083333333333337
0.0,0.3,1.0,0.75,0.75,0.75,1.0,1.0,1.0,1.0,0.25,1.0,0.8125,0.25,0.0625
0.0,0.3,1.0,0.75,0.9166666666666666,0.9166666666666666,1.0,1.0,1.0,1.0,0.08333333333333333,1.0,0.9375,0.08333333333333337,0.02083333333333337
0.0,0.3,1.0,0.75,0.9166666666666666,0.9166666666666666,1.0,1.0,1.0,1.0,0.08333333333333333,1.0,0.9375,0.08333333333333337,0.02083333333333337
0.0,0.3,1.0,0.75,0.7638888888888888,0.8333333333333334,0.9166666666666666,1.0,1.0,1.0,0.16666666666666666,1.0,0.875,0.23611111111111116,0.11111111111111116
0.0,0.3,1.0,0.75,0.9166666666666666,0.9166666666666666,1.0,1.0,1.0,1.0,0.08333333333333333,1.0,0.9375,0.08333333333333337,0.02083333333333337
0.0,0.3,1.0,0.75,0.875,0.875,1.0,1.0,1.0,1.0,0.125,1.0,0.90625,0.125,0.03125
0.0,0.3,1.0,0.75,0.75,0.75,1.0,1.0,1.0,1.0,0.25,1.0,0.8125,0.25,0.0625
0.0,0.3,1.0,0.75,0.7916666666666666,0.7916666666666666,1.0,1.0,1.0,1.0,0.20833333333333334,1.0,0.84375,0.20833333333333337,0.05208333333333337
0.0,0.3,1.0,0.75,0.8333333333333334,0.8333333333333334,1.0,1.0,1.0,1.0,0.16666666666666666,1.0,0.875,0.16666666666666663,0.04166666666666663
0.0,0.3,1.0,0.75,0.9583333333333334,0.9583333333333334,1.0,1.0,1.0,1.0,0.041666666666666664,1.0,0.96875,0.04166666666666663,0.01041666666666663
0.0,0.3,1.0,0.75,0.7083333333333334,0.7083333333333334,1.0,1.0,1.0,1.0,0.2916666666666667,1.0,0.78125,0.29166666666666663,0.07291666666666663
0.0,0.3,1.0,0.75,0.7916666666666666,0.7916666666666666,1.0,1.0,1.0,1.0,0.20833333333333334,1.0,0.84375,0.20833333333333337,0.05208333333333337
0.0,0.3,1.0,0.75,0.8333333333333334,0.8333333333333334,1.0,1.0,1.0,1.0,0.16666666666666666,1.0,0.875,0.16666666666666663,0.04166666666666663
0.0,0.3,1.0,0.75,0.875,0.875,1.0,1.0,1.0,1.0,0.125,1.0,0.90625,0.125,0.03125
0.0,0.35,1.0,0.75,0.875,0.875,1.0,1.0,1.0,1.0,0.125,1.0,0.90625,0.125,0.03125
0.0,0.35,1.0,0.75,0.7916666666666666,0.7916666666666666,1.0,1.0,1.0,1.0,0.20833333333333334,1.0,0.84375,0.20833333333333337,0.05208333333333337
0.0,0.35,1.0,0.75,0.875,0.875,1.0,1.0,1.0,1.0,0.125,1.0,0.90625,0.125,0.03125
0.0,0.35,1.0,0.75,0.875,0.875,1.0,1.0,1.0,1.0,0.125,1.0,0.90625,0.125,0.03125
0.0,0.35,1.0,0.75,0.8333333333333334,0.8333333333333334,1.0,1.0,1.0,1.0,0.16666666666666666,1.0,0.875,0.16666666666666663,0.04166666666666663
0.0,0.35,1.0,0.75,0.8333333333333334,0.8333333333333334,1.0,1.0,1.0,1.0,0.16666666666666666,1.0,0.875,0.16666666666666663,0.04166666666666663
0.0,0.35,1.0,0.75,0.7083333333333334,0.7083333333333334,1.0,1.0,1.0,1.0,0.2916666666666667,1.0,0.78125,0.29166666666666663,0.07291666666666663
0.0,0.35,1.0,0.75,0.7916666666666666,0.7916666666666666,1.0,1.0,1.0,1.0,0.20833333333333334,1.0,0.84375,0.20833333333333337,0.05208333333333337
0.0,0.35,1.0,0.75,0.875,0.875,1.0,1.0,1.0,1.0,0.125,1.0,0.90625,0.125,0.03125
0.0,0.35,1.0,0.75,0.7083333333333334,0.7083333333333334,1.0,1.0,1.0,1.0,0.2916666666666667,1.0,0.78125,0.29166666666666663,0.07291666666666663
0.0,0.35,1.0,0.75,0.875,0.875,1.0,1.0,1.0,1.0,0.125,1.0,0.90625,0.125,0.03125
0.0,0.35,1.0,0.75,0.8333333333333334,0.8333333333333334,1.0,1.0,1.0,1.0,0.16666666666666666,1.0,0.875,0.16666666666666663,0.04166666666666663
0.0,0.35,1.0,0.75,0.75,0.75,1.0,1.0,1.0,1.0,0.25,1.0,0.8125,0.25,0.0625
0.0,0.35,1.0,0.75,0.875,0.875,1.0,1.0,1.0,1.0,0.125,1.0,0.90625,0.125,0.03125
0.0,0.35,1.0,0.75,0.875,0.875,1.0,1.0,1.0,1.0,0.125,1.0,0.90625,0.125,0.03125
0.0,0.35,1.0,0.75,0.8333333333333334,0.8333333333333334,1.0,1.0,1.0,1.0,0.16666666666666666,1.0,0.875,0.16666666666666663,0.04166666666666663
0.0,0.35,1.0,0.75,0.75,0.75,1.0,1.0,1.0,1.0,0.25,1.0,0.8125,0.25,0.0625
0.0,0.35,1.0,0.75,0.7916666666666666,0.7916666666666666,1.0,1.0,1.0,1.0,0.20833333333333334,1.0,0.84375,0.20833333333333337,0.05208333333333337
0.0,0.35,1.0,0.75,0.75,0.75,1.0,1.0,1.0,1.0,0.25,1.0,0.8125,0.25,0.0625
0.0,0.35,1.0,0.75,0.7083333333333334,0.7083333333333334,1.0,1.0,1.0,1.0,0.2916666666666667,1.0,0.78125,0.29166666666666663,0.07291666666666663
0.0,0.35,1.0,0.75,0.625,0.625,1.0,1.0,1.0,1.0,0.375,1.0,0.71875,0.375,0.09375
0.0,0.35,1.0,0.75,0.8333333333333334,0.8333333333333334,1.0,1.0,1.0,1.0,0.16666666666666666,1.0,0.875,0.16666666666666663,0.04166666666666663
0.0,0.35,1.0,0.75,0.75,0.75,1.0,1.0,1.0,1.0,0.25,1.0,0.8125,0.25,0.0625
0.0,0.35,1.0,0.75,0.75,0.75,1.0,1.0,1.0,1.0,0.25,1.0,0.8125,0.25,0.0625
0.0,0.35,1.0,0.75,0.875,0.875,1.0,1.0,1.0,1.0,0.125,1.0,0.90625,0.125,0.03125
0.0,0.39999999999999997,1.0,0.75,0.75,0.75,1.0,1.0,1.0,1.0,0.25,1.0,0.8125,0.25,0.0625
0.0,0.39999999999999997,1.0,0.75,0.6666666666666666,0.6666666666666666,1.0,1.0,1.0,1.0,0.3333333333333333,1.0,0.75,0.33333333333333337,0.08333333333333337
0.0,0.39999999999999997,1.0,0.75,0.9166666666666666,0.9166666666666666,1.0,1.0,1.0,1.0,0.08333333333333333,1.0,0.9375,0.08333333333333337,0.02083333333333337
0.0,0.39999999999999997,1.0,0.75,0.75,0.75,1.0,1.0,1.0,1.0,0.25,1.0,0.8125,0.25,0.0625
0.0,0.39999999999999997,1.0,0.75,0.7916666666666666,0.7916666666666666,1.0,1.0,1.0,1.0,0.20833333333333334,1.0,0.84375,0.20833333333333337,0.05208333333333337
0.0,0.39999999999999997,1.0,0.75,0.8333333333333334,0.8333333333333334,1.0,1.0,1.0,1.0,0.16666666666666666,1.0,0.875,0.16666666666666663,0.04166666666666663
0.0,0.39999999999999997,1.0,0.75,0.8333333333333334,0.8333333333333334,1.0,1.0,1.0,1.0,0.16666666666666666,1.0,0.875,0.16666666666666663,0.04166666666666663
0.0,0.39999999999999997,1.0,0.75,0.8333333333333334,0.8333333333333334,1.0,1.0,1.0,1.0,0.16666666666666666,1.0,0.875,0.16666666666666663,0.04166666666666663
0.0,0.39999999999999997,1.0,0.75,0.8333333333333334,0.8333333333333334,1.0,1.0,1.0,1.0,0.16666666666666666,1.0,0.875,0.16666666666666663,0.04166666666666663
0.0,0.39999999999999997,1.0,0.75,0.75,0.75,1.0,1.0,1.0,1.0,0.25,1.0,0.8125,0.25,0.0625
0.0,0.39999999999999997,1.0,0.75,0.7916666666666666,0.7916666666666666,1.0,1.0,1.0,1.0,0.20833333333333334,1.0,0.84375,0.20833333333333337,0.05208333333333337
0.0,0.39999999999999997,1.0,0.75,0.7916666666666666,0.7916666666666666,1.0,1.0,1.0,1.0,0.20833333333333334,1.0,0.84375,0.20833333333333337,0.05208333333333337
0.0,0.39999999999999997,1.0,0.75,0.75,0.75,1.0,1.0,1.0,1.0,0.25,1.0,0.8125,0.25,0.0625
0.0,0.39999999999999997,1.0,0.75,0.8333333333333334,0.8333333333333334,1.0,1.0,1.0,1.0,0.16666666666666666,1.0,0.875,0.16666666666666663,0.04166666666666663
0.0,0.39999999999999997,1.0,0.75,0.75,0.75,1.0,1.0,1.0,1.0,0.25,1.0,0.8125,0.25,0.0625
0.0,0.39999999999999997,1.0,0.75,0.8333333333333334,0.8333333333333334,1.0,1.0,1.0,1.0,0.16666666666666666,1.0,0.875,0.16666666666666663,0.04166666666666663
0.0,0.39999999999999997,1.0,0.75,0.75,0.75,1.0,1.0,1.0,1.0,0.25,1.0,0.8125,0.25,0.0625
0.0,0.39999999999999997,1.0,0.75,0.7916666666666666,0.7916666666666666,1.0,1.0,1.0,1.0,0.20833333333333334,1.0,0.84375,0.20833333333333337,0.05208333333333337
0.0,0.39999999999999997,1.0,0.75,0.75,0.75,1.0,1.0,1.0,1.0,0.25,1.0,0.8125,0.25,0.0625
0.0,0.39999999999999997,1.0,0.75,0.9166666666666666,0.9166666666666666,1.0,1.0,1.0,1.0,0.08333333333333333,1.0,0.9375,0.08333333333333337,0.02083333333333337
0.0,0.39999999999999997,1.0,0.75,0.7083333333333334,0.7083333333333334,1.0,1.0,1.0,1.0,0.2916666666666667,1.0,0.78125,0.29166666666666663,0.07291666666666663
0.0,0.39999999999999997,1.0,0.75,0.8333333333333334,0.8333333333333334,1.0,1.0,1.0,1.0,0.16666666666666666,1.0,0.875,0.16666666666666663,0.04166666666666663
0.0,0.39999999999999997,1.0,0.75,0.7083333333333334,0.7083333333333334,1.0,1.0,1.0,1.0,0.2916666666666667,1.0,0.78125,0.29166666666666663,0.07291666666666663
0.0,0.39999999999999997,1.0,0.75,0.8333333333333334,0.8333333333333334,1.0,1.0,1.0,1.0,0.16666666666666666,1.0,0.875,0.16666666666666663,0.04166666666666663
0.0,0.39999999999999997,1.0,0.75,0.875,0.875,1.0,1.0,1.0,1.0,0.125,1.0,0.90625,0.125,0.03125
0.0,0.44999999999999996,1.0,0.75,0.8333333333333334,0.8333333333333334,1.0,1.0,1.0,1.0,0.16666666666666666,1.0,0.875,0.16666666666666663,0.04166666666666663
0.0,0.44999999999999996,1.0,0.75,0.8333333333333334,0.8333333333333334,1.0,1.0,1.0,1.0,0.16666666666666666,1.0,0.875,0.16666666666666663,0.04166666666666663
0.0,0.44999999999999996,1.0,0.75,0.8333333333333334,0.8333333333333334,1.0,1.0,1.0,1.0,0.16666666666666666,1.0,0.875,0.16666666666666663,0.04166666666666663
0.0,0.44999999999999996,1.0,0.75,0.7916666666666666,0.7916666666666666,1.0,1.0,1.0,1.0,0.20833333333333334,1.0,0.84375,0.20833333333333337,0.05208333333333337
0.0,0.44999999999999996,1.0,0.75,0.625,0.625,1.0,1.0,1.0,1.0,0.375,1.0,0.71875,0.375,0.09375
0.0,0.44999999999999996,1.0,0.75,0.6666666666666666,0.6666666666666666,1.0,1.0,1.0,1.0,0.3333333333333333,1.0,0.75,0.33333333333333337,0.08333333333333337
0.0,0.44999999999999996,1.0,0.75,0.7916666666666666,0.7916666666666666,1.0,1.0,1.0,1.0,0.20833333333333334,1.0,0.84375,0.20833333333333337,0.05208333333333337
0.0,0.44999999999999996,1.0,0.75,0.75,0.75,1.0,1.0,1.0,1.0,0.25,1.0,0.8125,0.25,0.0625
0.0,0.44999999999999996,1.0,0.75,0.8333333333333334,0.8333333333333334,1.0,1.0,1.0,1.0,0.16666666666666666,1.0,0.875,0.16666666666666663,0.04166666666666663
0.0,0.44999999999999996,1.0,0.75,0.75,0.75,1.0,1.0,1.0,1.0,0.25,1.0,0.8125,0.25,0.0625
0.0,0.44999999999999996,1.0,0.75,0.6666666666666666,0.6666666666666666,1.0,1.0,1.0,1.0,0.3333333333333333,1.0,0.75,0.33333333333333337,0.08333333333333337
0.0,0.44999999999999996,1.0,0.75,0.75,0.75,1.0,1.0,1.0,1.0,0.25,1.0,0.8125,0.25,0.0625
0.0,0.44999999999999996,1.0,0.75,0.6666666666666666,0.6666666666666666,1.0,1.0,1.0,1.0,0.3333333333333333,1.0,0.75,0.33333333333333337,0.08333333333333337
0.0,0.44999999999999996,1.0,0.75,0.8333333333333334,0.8333333333333334,1.0,1.0,1.0,1.0,0.16666666666666666,1.0,0.875,0.16666666666666663,0.04166666666666663
0.0,0.44999999999999996,1.0,0.75,0.8333333333333334,0.8333333333333334,1.0,1.0,1.0,1.0,0.16666666666666666,1.0,0.875,0.16666666666666663,0.04166666666666663
0.0,0.44999999999999996,1.0,0.75,0.7083333333333334,0.7083333333333334,1.0,1.0,1.0,1.0,0.2916666666666667,1.0,0.78125,0.29166666666666663,0.07291666666666663
0.0,0.44999999999999996,1.0,0.75,0.7916666666666666,0.7916666666666666,1.0,1.0,1.0,1.0,0.20833333333333334,1.0,0.84375,0.20833333333333337,0.05208333333333337
0.0,0.44999999999999996,1.0,0.75,0.75,0.75,1.0,1.0,1.0,1.0,0.25,1.0,0.8125,0.25,0.0625
0.0,0.44999999999999996,1.0,0.75,0.625,0.625,1.0,1.0,1.0,1.0,0.375,1.0,0.71875,0.375,0.09375
0.0,0.44999999999999996,1.0,0.75,0.9583333333333334,0.9583333333333334,1.0,1.0,1.0,1.0,0.041666666666666664,1.0,0.96875,0.04166666666666663,0.01041666666666663
0.0,0.44999999999999996,1.0,0.75,0.75,0.75,1.0,1.0,1.0,1.0,0.25,1.0,0.8125,0.25,0.0625
0.0,0.44999999999999996,1.0,0.75,0.7916666666666666,0.7916666666666666,1.0,1.0,1.0,1.0,0.20833333333333334,1.0,0.84375,0.20833333333333337,0.05208333333333337
0.0,0.44999999999999996,1.0,0.75,0.7916666666666666,0.7916666666666666,1.0,1.0,1.0,1.0,0.20833333333333334,1.0,0.84375,0.20833333333333337,0.05208333333333337
0.0,0.44999999999999996,1.0,0.75,0.75,0.75,1.0,1.0,1.0,1.0,0.25,1.0,0.8125,0.25,0.0625
0.0,0.44999999999999996,1.0,0.75,0.8333333333333334,0.8333333333333334,1.0,1.0,1.0,1.0,0.16666666666666666,1.0,0.875,0.16666666666666663,0.04166666666666663
0.0,0.49999999999999994,1.0,0.75,0.6666666666666666,0.6666666666666666,1.0,1.0,1.0,1.0,0.3333333333333333,1.0,0.75,0.33333333333333337,0.08333333333333337
0.0,0.49999999999999994,1.0,0.75,0.6666666666666666,0.6666666666666666,1.0,1.0,1.0,1.0,0.3333333333333333,1.0,0.75,0.33333333333333337,0.08333333333333337
0.0,0.49999999999999994,1.0,0.75,0.7916666666666666,0.7916666666666666,1.0,1.0,1.0,1.0,0.20833333333333334,1.0,0.84375,0.20833333333333337,0.05208333333333337
0.0,0.49999999999999994,1.0,0.75,0.75,0.75,1.0,1.0,1.0,1.0,0.25,1.0,0.8125,0.25,0.0625
0.0,0.49999999999999994,1.0,0.75,0.6666666666666666,0.6666666666666666,1.0,1.0,1.0,1.0,0.3333333333333333,1.0,0.75,0.33333333333333337,0.08333333333333337
0.0,0.49999999999999994,1.0,0.75,0.7083333333333334,0.7083333333333334,1.0,1.0,1.0,1.0,0.2916666666666667,1.0,0.78125,0.29166666666666663,0.07291666666666663
0.0,0.49999999999999994,1.0,0.75,0.7916666666666666,0.7916666666666666,1.0,1.0,1.0,1.0,0.20833333333333334,1.0,0.84375,0.20833333333333337,0.05208333333333337
0.0,0.49999999999999994,1.0,0.75,0.36111111111111105,0.5416666666666666,0.6666666666666666,1.0,1.0,1.0,0.4583333333333333,1.0,0.65625,0.638888888888889,0.29513888888888895
0.0,0.49999999999999994,1.0,0.75,0.7083333333333334,0.7083333333333334,1.0,1.0,1.0,1.0,0.2916666666666667,1.0,0.78125,0.29166666666666663,0.07291666666666663
0.0,0.49999999999999994,1.0,0.75,0.7916666666666666,0.7916666666666666,1.0,1.0,1.0,1.0,0.20833333333333334,1.0,0.84375,0.20833333333333337,0.05208333333333337
0.0,0.49999999999999994,1.0,0.75,0.75,0.75,1.0,1.0,1.0,1.0,0.25,1.0,0.8125,0.25,0.0625
0.0,0.49999999999999994,1.0,0.75,0.75,0.75,1.0,1.0,1.0,1.0,0.25,1.0,0.8125,0.25,0.0625
0.0,0.49999999999999994,1.0,0.75,0.5833333333333334,0.5833333333333334,1.0,1.0,1.0,1.0,0.4166666666666667,1.0,0.6875,0.41666666666666663,0.10416666666666663
0.0,0.49999999999999994,1.0,0.75,0.611111111111111,0.6666666666666666,0.9166666666666666,1.0,1.0,1.0,0.3333333333333333,1.0,0.75,0.38888888888888895,0.13888888888888895
0.0,0.49999999999999994,1.0,0.75,0.75,0.75,1.0,1.0,1.0,1.0,0.25,1.0,0.8125,0.25,0.0625
0.0,0.49999999999999994,1.0,0.75,0.7916666666666666,0.7916666666666666,1.0,1.0,1.0,1.0,0.20833333333333334,1.0,0.84375,0.20833333333333337,0.05208333333333337
0.0,0.49999999999999994,1.0,0.75,0.7916666666666666,0.7916666666666666,1.0,1.0,1.0,1.0,0.20833333333333334,1.0,0.84375,0.20833333333333337,0.05208333333333337
0.0,0.49999999999999994,1.0,0.75,0.6666666666666666,0.6666666666666666,1.0,1.0,1.0,1.0,0.3333333333333333,1.0,0.75,0.33333333333333337,0.08333333333333337
0.0,0.49999999999999994,1.0,0.75,0.7916666666666666,0.7916666666666666,1.0,1.0,1.0,1.0,0.20833333333333334,1.0,0.84375,0.20833333333333337,0.05208333333333337
0.0,0.49999999999999994,1.0,0.75,0.5833333333333334,0.5833333333333334,1.0,1.0,1.0,1.0,0.4166666666666667,1.0,0.6875,0.41666666666666663,0.10416666666666663
0.0,0.49999999999999994,1.0,0.75,0.8333333333333334,0.8333333333333334,1.0,1.0,1.0,1.0,0.16666666666666666,1.0,0.875,0.16666666666666663,0.04166666666666663
0.0,0.49999999999999994,1.0,0.75,0.6666666666666666,0.6666666666666666,1.0,1.0,1.0,1.0,0.3333333333333333,1.0,0.75,0.33333333333333337,0.08333333333333337
0.0,0.49999999999999994,1.0,0.75,0.7916666666666666,0.7916666666666666,1.0,1.0,1.0,1.0,0.20833333333333334,1.0,0.84375,0.20833333333333337,0.05208333333333337
0.0,0.49999999999999994,1.0,0.75,0.625,0.625,1.0,1.0,1.0,1.0,0.375,1.0,0.71875,0.375,0.09375
0.0,0.49999999999999994,1.0,0.75,0.7083333333333334,0.7083333333333334,1.0,1.0,1.0,1.0,0.2916666666666667,1.0,0.78125,0.29166666666666663,0.07291666666666663
0.0,0.5499999999999999,1.0,0.75,0.75,0.75,1.0,1.0,1.0,1.0,0.25,1.0,0.8125,0.25,0.0625
0.0,0.5499999999999999,1.0,0.75,0.6666666666666666,0.6666666666666666,1.0,1.0,1.0,1.0,0.3333333333333333,1.0,0.75,0.33333333333333337,0.08333333333333337
0.0,0.5499999999999999,1.0,0.75,0.8333333333333334,0.8333333333333334,1.0,1.0,1.0,1.0,0.16666666666666666,1.0,0.875,0.16666666666666663,0.04166666666666663
0.0,0.5499999999999999,1.0,0.75,0.7083333333333334,0.7083333333333334,1.0,1.0,1.0,1.0,0.2916666666666667,1.0,0.78125,0.29166666666666663,0.07291666666666663
0.0,0.5499999999999999,1.0,0.75,0.625,0.625,1.0,1.0,1.0,1.0,0.375,1.0,0.71875,0.375,0.09375
0.0,0.5499999999999999,1.0,0.75,0.611111111111111,0.6666666666666666,0.9166666666666666,1.0,1.0,1.0,0.3333333333333333,1.0,0.75,0.38888888888888895,0.13888888888888895
0.0,0.5499999999999999,1.0,0.75,0.875,0.875,1.0,1.0,1.0,1.0,0.125,1.0,0.90625,0.125,0.03125
0.0,0.5499999999999999,1.0,0.75,0.75,0.75,1.0,1.0,1.0,1.0,0.25,1.0,0.8125,0.25,0.0625
0.0,0.5499999999999999,1.0,0.75,0.7083333333333334,0.7083333333333334,1.0,1.0,1.0,1.0,0.2916666666666667,1.0,0.78125,0.29166666666666663,0.07291666666666663
0.0,0.5499999999999999,1.0,0.75,0.6666666666666666,0.6666666666666666,1.0,1.0,1.0,1.0,0.3333333333333333,1.0,0.75,0.33333333333333337,0.08333333333333337
0.0,0.5499999999999999,1.0,0.75,0.7916666666666666,0.7916666666666666,1.0,1.0,1.0,1.0,0.20833333333333334,1.0,0.84375,0.20833333333333337,0.05208333333333337
0.0,0.5499999999999999,1.0,0.75,0.75,0.75,1.0,1.0,1.0,1.0,0.25,1.0,0.8125,0.25,0.0625
0.0,0.5499999999999999,1.0,0.75,0.6666666666666666,0.6666666666666666,1.0,1.0,1.0,1.0,0.3333333333333333,1.0,0.75,0.33333333333333337,0.08333333333333337
0.0,0.5499999999999999,1.0,0.75,0.5833333333333334,0.5833333333333334,1.0,1.0,1.0,1.0,0.4166666666666667,1.0,0.6875,0.41666666666666663,0.10416666666666663
0.0,0.5499999999999999,1.0,0.75,0.625,0.625,1.0,1.0,1.0,1.0,0.375,1.0,0.71875,0.375,0.09375
0.0,0.5499999999999999,1.0,0.75,0.7916666666666666,0.7916666666666666,1.0,1.0,1.0,1.0,0.20833333333333334,1.0,0.84375,0.20833333333333337,0.05208333333333337
0.0,0.5499999999999999,1.0,0.75,0.625,0.625,1.0,1.0,1.0,1.0,0.375,1.0,0.71875,0.375,0.09375
0.0,0.5499999999999999,1.0,0.75,0.7083333333333334,0.7083333333333334,1.0,1.0,1.0,1.0,0.2916666666666667,1.0,0.78125,0.29166666666666663,0.07291666666666663
0.0,0.5499999999999999,1.0,0.75,0.6666666666666666,0.6666666666666666,1.0,1.0,1.0,1.0,0.3333333333333333,1.0,0.75,0.33333333333333337,0.08333333333333337
0.0,0.5499999999999999,1.0,0.75,0.7916666666666666,0.7916666666666666,1.0,1.0,1.0,1.0,0.20833333333333334,1.0,0.84375,0.20833333333333337,0.05208333333333337
0.0,0.5499999999999999,1.0,0.75,0.7083333333333334,0.7083333333333334,1.0,1.0,1.0,1.0,0.2916666666666667,1.0,0.78125,0.29166666666666663,0.07291666666666663
0.0,0.5499999999999999,1.0,0.75,0.8333333333333334,0.8333333333333334,1.0,1.0,1.0,1.0,0.16666666666666666,1.0,0.875,0.16666666666666663,0.04166666666666663
0.0,0.5499999999999999,1.0,0.75,0.7916666666666666,0.7916666666666666,1.0,1.0,1.0,1.0,0.20833333333333334,1.0,0.84375,0.20833333333333337,0.05208333333333337
0.0,0.5499999999999999,1.0,0.75,0.7916666666666666,0.7916666666666666,1.0,1.0,1.0,1.0,0.20833333333333334,1.0,0.84375,0.20833333333333337,0.05208333333333337
0.0,0.5499999999999999,1.0,0.75,0.6666666666666666,0.6666666666666666,1.0,1.0,1.0,1.0,0.3333333333333333,1.0,0.75,0.33333333333333337,0.08333333333333337
0.0,0.6,1.0,0.75,0.625,0.625,1.0,1.0,1.0,1.0,0.375,1.0,0.71875,0.375,0.09375
0.0,0.6,1.0,0.75,0.625,0.625,1.0,1.0,1.0,1.0,0.375,1.0,0.71875,0.375,0.09375
0.0,0.6,1.0,0.75,0.9166666666666666,0.9166666666666666,1.0,1.0,1.0,1.0,0.08333333333333333,1.0,0.9375,0.08333333333333337,0.02083333333333337
0.0,0.6,1.0,0.75,0.8333333333333334,0.8333333333333334,1.0,1.0,1.0,1.0,0.16666666666666666,1.0,0.875,0.16666666666666663,0.04166666666666663
0.0,0.6,1.0,0.75,0.625,0.625,1.0,1.0,1.0,1.0,0.375,1.0,0.71875,0.375,0.09375
0.0,0.6,1.0,0.75,0.7083333333333334,0.7083333333333334,1.0,1.0,1.0,1.0,0.2916666666666667,1.0,0.78125,0.29166666666666663,0.07291666666666663
0.0,0.6,1.0,0.75,0.6666666666666666,0.6666666666666666,1.0,1.0,1.0,1.0,0.3333333333333333,1.0,0.75,0.33333333333333337,0.08333333333333337
0.0,0.6,1.0,0.75,0.7916666666666666,0.7916666666666666,1.0,1.0,1.0,1.0,0.20833333333333334,1.0,0.84375,0.20833333333333337,0.05208333333333337
0.0,0.6,1.0,0.75,0.7083333333333334,0.7083333333333334,1.0,1.0,1.0,1.0,0.2916666666666667,1.0,0.78125,0.29166666666666663,0.07291666666666663
0.0,0.6,1.0,0.75,0.7916666666666666,0.7916666666666666,1.0,1.0,1.0,1.0,0.20833333333333334,1.0,0.84375,0.20833333333333337,0.05208333333333337
0.0,0.6,1.0,0.75,0.6666666666666666,0.6666666666666666,1.0,1.0,1.0,1.0,0.3333333333333333,1.0,0.75,0.33333333333333337,0.08333333333333337
0.0,0.6,1.0,0.75,0.7083333333333334,0.7083333333333334,1.0,1.0,1.0,1.0,0.2916666666666667,1.0,0.78125,0.29166666666666663,0.07291666666666663
0.0,0.6,1.0,0.75,0.75,0.75,1.0,1.0,1.0,1.0,0.25,1.0,0.8125,0.25,0.0625
0.0,0.6,1.0,0.75,0.6666666666666666,0.6666666666666666,1.0,1.0,1.0,1.0,0.3333333333333333,1.0,0.75,0.33333333333333337,0.08333333333333337
0.0,0.6,1.0,0.75,0.7916666666666666,0.7916666666666666,1.0,1.0,1.0,1.0,0.20833333333333334,1.0,0.84375,0.20833333333333337,0.05208333333333337
0.0,0.6,1.0,0.75,0.5729166666666666,0.625,0.9166666666666666,1.0,1.0,1.0,0.375,1.0,0.71875,0.42708333333333337,0.14583333333333337
0.0,0.6,1.0,0.75,0.625,0.625,1.0,1.0,1.0,1.0,0.375,1.0,0.71875,0.375,0.09375
0.0,0.6,1.0,0.75,0.6666666666666666,0.6666666666666666,1.0,1.0,1.0,1.0,0.3333333333333333,1.0,0.75,0.33333333333333337,0.08333333333333337
0.0,0.6,1.0,0.75,0.625,0.625,1.0,1.0,1.0,1.0,0.375,1.0,0.71875,0.375,0.09375
0.0,0.6,1.0,0.75,0.6666666666666666,0.6666666666666666,1.0,1.0,1.0,1.0,0.3333333333333333,1.0,0.75,0.33333333333333337,0.08333333333333337
0.0,0.6,1.0,0.75,0.7083333333333334,0.7083333333333334,1.0,1.0,1.0,1.0,0.2916666666666667,1.0,0.78125,0.29166666666666663,0.07291666666666663
0.0,0.6,1.0,0.75,0.75,0.75,1.0,1.0,1.0,1.0,0.25,1.0,0.8125,0.25,0.0625
0.0,0.6,1.0,0.75,0.625,0.625,1.0,1.0,1.0,1.0,0.375,1.0,0.71875,0.375,0.09375
0.0,0.6,1.0,0.75,0.625,0.625,1.0,1.0,1.0,1.0,0.375,1.0,0.71875,0.375,0.09375
0.0,0.6,1.0,0.75,0.6666666666666666,0.6666666666666666,1.0,1.0,1.0,1.0,0.3333333333333333,1.0,0.75,0.33333333333333337,0.08333333333333337
0.0,0.6499999999999999,1.0,0.75,0.5833333333333334,0.5833333333333334,1.0,1.0,1.0,1.0,0.4166666666666667,1.0,0.6875,0.41666666666666663,0.10416666666666663
0.0,0.6499999999999999,1.0,0.75,0.75,0.75,1.0,1.0,1.0,1.0,0.25,1.0,0.8125,0.25,0.0625
0.0,0.6499999999999999,1.0,0.75,0.75,0.75,1.0,1.0,1.0,1.0,0.25,1.0,0.8125,0.25,0.0625
0.0,0.6499999999999999,1.0,0.75,0.6666666666666666,0.6666666666666666,1.0,1.0,1.0,1.0,0.3333333333333333,1.0,0.75,0.33333333333333337,0.08333333333333337
0.0,0.6499999999999999,1.0,0.75,0.75,0.75,1.0,1.0,1.0,1.0,0.25,1.0,0.8125,0.25,0.0625
0.0,0.6499999999999999,1.0,0.75,0.625,0.625,1.0,1.0,1.0,1.0,0.375,1.0,0.71875,0.375,0.09375
0.0,0.6499999999999999,1.0,0.75,0.7916666666666666,0.7916666666666666,1.0,1.0,1.0,1.0,0.20833333333333334,1.0,0.84375,0.20833333333333337,0.05208333333333337
0.0,0.6499999999999999,1.0,0.75,0.7916666666666666,0.7916666666666666,1.0,1.0,1.0,1.0,0.20833333333333334,1.0,0.84375,0.20833333333333337,0.05208333333333337
0.0,0.6499999999999999,1.0,0.75,0.7083333333333334,0.7083333333333334,1.0,1.0,1.0,1.0,0.2916666666666667,1.0,0.78125,0.29166666666666663,0.07291666666666663
0.0,0.6499999999999999,1.0,0.75,0.48611111111111116,0.5833333333333334,0.8333333333333334,1.0,1.0,1.0,0.4166666666666667,1.0,0.6875,0.5138888888888888,0.20138888888888884
0.0,0.6499999999999999,1.0,0.75,0.75,0.75,1.0,1.0,1.0,1.0,0.25,1.0,0.8125,0.25,0.0625
0.0,0.6499999999999999,1.0,0.75,0.7916666666666666,0.7916666666666666,1.0,1.0,1.0,1.0,0.20833333333333334,1.0,0.84375,0.20833333333333337,0.05208333333333337
0.0,0.6499999999999999,1.0,0.75,0.7916666666666666,0.7916666666666666,1.0,1.0,1.0,1.0,0.20833333333333334,1.0,0.84375,0.20833333333333337,0.05208333333333337
0.0,0.6499999999999999,1.0,0.75,0.625,0.625,1.0,1.0,1.0,1.0,0.375,1.0,0.71875,0.375,0.09375
0.0,0.6499999999999999,1.0,0.75,0.6666666666666666,0.6666666666666666,1.0,1.0,1.0,1.0,0.3333333333333333,1.0,0.75,0.33333333333333337,0.08333333333333337
0.0,0.6499999999999999,1.0,0.75,0.5416666666666666,0.5416666666666666,1.0,1.0,1.0,1.0,0.4583333333333333,1.0,0.65625,0.45833333333333337,0.11458333333333337
0.0,0.6499999999999999,1.0,0.75,0.75,0.75,1.0,1.0,1.0,1.0,0.25,1.0,0.8125,0.25,0.0625
0.0,0.6499999999999999,1.0,0.75,0.7256944444444444,0.7916666666666666,0.9166666666666666,1.0,1.0,1.0,0.20833333333333334,1.0,0.84375,0.2743055555555556,0.11805555555555558
0.0,0.6499999999999999,1.0,0.75,0.6666666666666666,0.6666666666666666,1.0,1.0,1.0,1.0,0.3333333333333333,1.0,0.75,0.33333333333333337,0.08333333333333337
0.0,0.6499999999999999,1.0,0.75,0.7083333333333334,0.7083333333333334,1.0,1.0,1.0,1.0,0.2916666666666667,1.0,0.78125,0.29166666666666663,0.07291666666666663
0.0,0.6499999999999999,1.0,0.75,0.5833333333333334,0.5833333333333334,1.0,1.0,1.0,1.0,0.4166666666666667,1.0,0.6875,0.41666666666666663,0.10416666666666663
0.0,0.6499999999999999,1.0,0.75,0.625,0.625,1.0,1.0,1.0,1.0,0.375,1.0,0.71875,0.375,0.09375
0.0,0.6499999999999999,1.0,0.75,0.5833333333333334,0.5833333333333334,1.0,1.0,1.0,1.0,0.4166666666666667,1.0,0.6875,0.41666666666666663,0.10416666666666663
0.0,0.6499999999999999,1.0,0.75,0.7916666666666666,0.7916666666666666,1.0,1.0,1.0,1.0,0.20833333333333334,1.0,0.84375,0.20833333333333337,0.05208333333333337
0.0,0.6499999999999999,1.0,0.75,0.5833333333333334,0.5833333333333334,1.0,1.0,1.0,1.0,0.4166666666666667,1.0,0.6875,0.41666666666666663,0.10416666666666663
0.0,0.7,1.0,0.75,0.375,0.5,0.75,1.0,1.0,1.0,0.5,1.0,0.625,0.625,0.25
0.0,0.7,1.0,0.75,0.5729166666666666,0.625,0.9166666666666666,1.0,1.0,1.0,0.375,1.0,0.71875,0.42708333333333337,0.14583333333333337
0.0,0.7,1.0,0.75,0.5833333333333334,0.5833333333333334,1.0,1.0,1.0,1.0,0.4166666666666667,1.0,0.6875,0.41666666666666663,0.10416666666666663
0.0,0.7,1.0,0.75,0.5347222222222222,0.5833333333333334,0.9166666666666666,1.0,1.0,1.0,0.4166666666666667,1.0,0.6875,0.4652777777777778,0.1527777777777778
0.0,0.7,1.0,0.75,0.611111111111111,0.6666666666666666,0.9166666666666666,1.0,1.0,1.0,0.3333333333333333,1.0,0.75,0.38888888888888895,0.13888888888888895
0.0,0.7,1.0,0.75,0.7083333333333334,0.7083333333333334,1.0,1.0,1.0,1.0,0.2916666666666667,1.0,0.78125,0.29166666666666663,0.07291666666666663
0.0,0.7,1.0,0.75,0.75,0.75,1.0,1.0,1.0,1.0,0.25,1.0,0.8125,0.25,0.0625
0.0,0.7,1.0,0.75,0.5729166666666666,0.625,0.9166666666666666,1.0,1.0,1.0,0.375,1.0,0.71875,0.42708333333333337,0.14583333333333337
0.0,0.7,1.0,0.75,0.75,0.75,1.0,1.0,1.0,1.0,0.25,1.0,0.8125,0.25,0.0625
0.0,0.7,1.0,0.75,0.625,0.625,1.0,1.0,1.0,1.0,0.375,1.0,0.71875,0.375,0.09375
0.0,0.7,1.0,0.75,0.625,0.625,1.0,1.0,1.0,1.0,0.375,1.0,0.71875,0.375,0.09375
0.0,0.7,1.0,0.75,0.49652777777777773,0.5416666666666666,0.9166666666666666,1.0,1.0,1.0,0.4583333333333333,1.0,0.65625,0.5034722222222223,0.15972222222222227
0.0,0.7,1.0,0.75,0.4166666666666667,0.5,0.8333333333333334,1.0,1.0,1.0,0.5,1.0,0.625,0.5833333333333333,0.20833333333333331
0.0,0.7,1.0,0.75,0.7083333333333334,0.7083333333333334,1.0,1.0,1.0,1.0,0.2916666666666667,1.0,0.78125,0.29166666666666663,0.07291666666666663
0.0,0.7,1.0,0.75,0.5416666666666666,0.5416666666666666,1.0,1.0,1.0,1.0,0.4583333333333333,1.0,0.65625,0.45833333333333337,0.11458333333333337
0.0,0.7,1.0,0.75,0.7083333333333334,0.7083333333333334,1.0,1.0,1.0,1.0,0.2916666666666667,1.0,0.78125,0.29166666666666663,0.07291666666666663
0.0,0.7,1.0,0.75,0.5833333333333334,0.5833333333333334,1.0,1.0,1.0,1.0,0.4166666666666667,1.0,0.6875,0.41666666666666663,0.10416666666666663
0.0,0.7,1.0,0.75,0.611111111111111,0.6666666666666666,0.9166666666666666,1.0,1.0,1.0,0.3333333333333333,1.0,0.75,0.38888888888888895,0.13888888888888895
0.0,0.7,1.0,0.75,0.4166666666666667,0.5,0.8333333333333334,1.0,1.0,1.0,0.5,1.0,0.625,0.5833333333333333,0.20833333333333331
0.0,0.7,1.0,0.75,0.8333333333333334,0.8333333333333334,1.0,1.0,1.0,1.0,0.16666666666666666,1.0,0.875,0.16666666666666663,0.04166666666666663
0.0,0.7,1.0,0.75,0.7916666666666666,0.7916666666666666,1.0,1.0,1.0,1.0,0.20833333333333334,1.0,0.84375,0.20833333333333337,0.05208333333333337
0.0,0.7,1.0,0.75,0.611111111111111,0.6666666666666666,0.9166666666666666,1.0,1.0,1.0,0.3333333333333333,1.0,0.75,0.38888888888888895,0.13888888888888895
0.0,0.7,1.0,0.75,0.5729166666666666,0.625,0.9166666666666666,1.0,1.0,1.0,0.375,1.0,0.71875,0.42708333333333337,0.14583333333333337
0.0,0.7,1.0,0.75,0.7916666666666666,0.7916666666666666,1.0,1.0,1.0,1.0,0.20833333333333334,1.0,0.84375,0.20833333333333337,0.05208333333333337
0.0,0.7,1.0,0.75,0.5833333333333334,0.5833333333333334,1.0,1.0,1.0,1.0,0.4166666666666667,1.0,0.6875,0.41666666666666663,0.10416666666666663
0.0,0.0,0.95,0.25,1.0,1.0,1.0,1.0,1.0,1.0,0.0,1.0,1.0,0.0,0.0
0.0,0.0,0.95,0.25,1.0,1.0,1.0,1.0,1.0,1.0,0.0,1.0,1.0,0.0,0.0
0.0,0.0,0.95,0.25,1.0,1.0,1.0,1.0,1.0,1.0,0.0,1.0,1.0,0.0,0.0
0.0,0.0,0.95,0.25,1.0,1.0,1.0,1.0,1.0,1.0,0.0,1.0,1.0,0.0,0.0
0.0,0.0,0.95,0.25,1.0,1.0,1.0,1.0,1.0,1.0,0.0,1.0,1.0,0.0,0.0
0.0,0.0,0.95,0.25,1.0,1.0,1.0,1.0,1.0,1.0,0.0,1.0,1.0,0.0,0.0
0.0,0.0,0.95,0.25,1.0,1.0,1.0,1.0,1.0,1.0,0.0,1.0,1.0,0.0,0.0
0.0,0.0,0.95,0.25,1.0,1.0,1.0,1.0,1.0,1.0,0.0,1.0,1.0,0.0,0.0
0.0,0.0,0.95,0.25,1.0,1.0,1.0,1.0,1.0,1.0,0.0,1.0,1.0,0.0,0.0
0.0,0.0,0.95,0.25,1.0,1.0,1.0,1.0,1.0,1.0,0.0,1.0,1.0,0.0,0.0
0.0,0.0,0.95,0.25,1.0,1.0,1.0,1.0,1.0,1.0,0.0,1.0,1.0,0.0,0.0
0.0,0.0,0.95,0.25,1.0,1.0,1.0,1.0,1.0,1.0,0.0,1.0,1.0,0.0,0.0
0.0,0.0,0.95,0.25,1.0,1.0,1.0,1.0,1.0,1.0,0.0,1.0,1.0,0.0,0.0
0.0,0.0,0.95,0.25,1.0,1.0,1.0,1.0,1.0,1.0,0.0,1.0,1.0,0.0,0.0
0.0,0.0,0.95,0.25,1.0,1.0,1.0,1.0,1.0,1.0,0.0,1.0,1.0,0.0,0.0
0.0,0.0,0.95,0.25,1.0,1.0,1.0,1.0,1.0,1.0,0.0,1.0,1.0,0.0,0.0
0.0,0.0,0.95,0.25,1.0,1.0,1.0,1.0,1.0,1.0,0.0,1.0,1.0,0.0,0.0
0.0,0.0,0.95,0.25,1.0,1.0,1.0,1.0,1.0,1.0,0.0,1.0,1.0,0.0,0.0
0.0,0.0,0.95,0.25,1.0,1.0,1.0,1.0,1.0,1.0,0.0,1.0,1.0,0.0,0.0
0.0,0.0,0.95,0.25,1.0,1.0,1.0,1.0,1.0,1.0,0.0,1.0,1.0,0.0,0.0
0.0,0.0,0.95,0.25,1.0,1.0,1.0,1.0,1.0,1.0,0.0,1.0,1.0,0.0,0.0
0.0,0.0,0.95,0.25,1.0,1.0,1.0,1.0,1.0,1.0,0.0,1.0,1.0,0.0,0.0
0.0,0.0,0.95,0.25,1.0,1.0,1.0,1.0,1.0,1.0,0.0,1.0,1.0,0.0,0.0
0.0,0.0,0.95,0.25,1.0,1.0,1.0,1.0,1.0,1.0,0.0,1.0,1.0,0.0,0.0
0.0,0.0,0.95,0.25,1.0,1.0,1.0,1.0,1.0,1.0,0.0,1.0,1.0,0.0,0.0
0.0,0.049999999999999996,0.95,0.25,1.0,1.0,1.0,1.0,1.0,1.0,0.0,1.0,1.0,0.0,0.0
0.0,0.049999999999999996,0.95,0.25,1.0,1.0,1.0,1.0,1.0,1.0,0.0,1.0,1.0,0.0,0.0
0.0,0.049999999999999996,0.95,0.25,0.9166666666666666,0.9166666666666666,1.0,1.0,1.0,1.0,0.08333333333333333,1.0,0.9791666666666666,0.08333333333333337,0.0625
0.0,0.049999999999999996,0.95,0.25,0.9583333333333334,0.9583333333333334,1.0,1.0,1.0,1.0,0.041666666666666664,1.0,0.9895833333333334,0.04166666666666663,0.03125
0.0,0.049999999999999996,0.95,0.25,0.9583333333333334,0.9583333333333334,1.0,1.0,1.0,1.0,0.041666666666666664,1.0,0.9895833333333334,0.04166666666666663,0.03125
0.0,0.049999999999999996,0.95,0.25,0.9583333333333334,0.9583333333333334,1.0,1.0,1.0,1.0,0.041666666666666664,1.0,0.9895833333333334,0.04166666666666663,0.03125
0.0,0.049999999999999996,0.95,0.25,1.0,1.0,1.0,1.0,1.0,1.0,0.0,1.0,1.0,0.0,0.0
0.0,0.049999999999999996,0.95,0.25,1.0,1.0,1.0,1.0,1.0,1.0,0.0,1.0,1.0,0.0,0.0
0.0,0.049999999999999996,0.95,0.25,1.0,1.0,1.0,1.0,1.0,1.0,0.0,1.0,1.0,0.0,0.0
0.0,0.049999999999999996,0.95,0.25,0.9583333333333334,0.9583333333333334,1.0,1.0,1.0,1.0,0.041666666666666664,1.0,0.9895833333333334,0.04166666666666663,0.03125
0.0,0.049999999999999996,0.95,0.25,0.9166666666666666,0.9166666666666666,1.0,1.0,1.0,1.0,0.08333333333333333,1.0,0.9791666666666666,0.08333333333333337,0.0625
0.0,0.049999999999999996,0.95,0.25,1.0,1.0,1.0,1.0,1.0,1.0,0.0,1.0,1.0,0.0,0.0
0.0,0.049999999999999996,0.95,0.25,0.9583333333333334,0.9583333333333334,1.0,1.0,1.0,1.0,0.041666666666666664,1.0,0.9895833333333334,0.04166666666666663,0.03125
0.0,0.049999999999999996,0.95,0.25,0.9166666666666666,0.9166666666666666,1.0,1.0,1.0,1.0,0.08333333333333333,1.0,0.9791666666666666,0.08333333333333337,0.0625
0.0,0.049999999999999996,0.95,0.25,1.0,1.0,1.0,1.0,1.0,1.0,0.0,1.0,1.0,0.0,0.0
0.0,0.049999999999999996,0.95,0.25,0.9583333333333334,0.9583333333333334,1.0,1.0,1.0,1.0,0.041666666666666664,1.0,0.9895833333333334,0.04166666666666663,0.03125
0.0,0.049999999999999996,0.95,0.25,1.0,1.0,1.0,1.0,1.0,1.0,0.0,1.0,1.0,0.0,0.0
0.0,0.049999999999999996,0.95,0.25,1.0,1.0,1.0,1.0,1.0,1.0,0.0,1.0,1.0,0.0,0.0
0.0,0.049999999999999996,0.95,0.25,1.0,1.0,1.0,1.0,1.0,1.0,0.0,1.0,1.0,0.0,0.0
0.0,0.049999999999999996,0.95,0.25,1.0,1.0,1.0,1.0,1.0,1.0,0.0,1.0,1.0,0.0,0.0
0.0,0.049999999999999996,0.95,0.25,0.9583333333333334,0.9583333333333334,1.0,1.0,1.0,1.0,0.041666666666666664,1.0,0.9895833333333334,0.04166666666666663,0.03125
0.0,0.049999999999999996,0.95,0.25,0.9583333333333334,0.9583333333333334,1.0,1.0,1.0,1.0,0.041666666666666664,1.0,0.9895833333333334,0.04166666666666663,0.03125
0.0,0.049999999999999996,0.95,0.25,0.9583333333333334,0.9583333333333334,1.0,1.0,1.0,1.0,0.041666666666666664,1.0,0.9895833333333334,0.04166666666666663,0.03125
0.0,0.049999999999999996,0.95,0.25,0.9583333333333334,0.9583333333333334,1.0,1.0,1.0,1.0,0.041666666666666664,1.0,0.9895833333333334,0.04166666666666663,0.03125
0.0,0.049999999999999996,0.95,0.25,0.9583333333333334,0.9583333333333334,1.0,1.0,1.0,1.0,0.041666666666666664,1.0,0.9895833333333334,0.04166666666666663,0.03125
0.0,0.09999999999999999,0.95,0.25,0.9583333333333334,0.9583333333333334,1.0,1.0,1.0,1.0,0.041666666666666664,1.0,0.9895833333333334,0.04166666666666663,0.03125
0.0,0.09999999999999999,0.95,0.25,0.9583333333333334,0.9583333333333334,1.0,1.0,1.0,1.0,0.041666666666666664,1.0,0.9895833333333334,0.04166666666666663,0.03125
0.0,0.09999999999999999,0.95,0.25,1.0,1.0,1.0,1.0,1.0,1.0,0.0,1.0,1.0,0.0,0.0
0.0,0.09999999999999999,0.95,0.25,0.9583333333333334,0.9583333333333334,1.0,1.0,1.0,1.0,0.041666666666666664,1.0,0.9895833333333334,0.04166666666666663,0.03125
0.0,0.09999999999999999,0.95,0.25,0.9166666666666666,0.9166666666666666,1.0,1.0,1.0,1.0,0.08333333333333333,1.0,0.9791666666666666,0.08333333333333337,0.0625
0.0,0.09999999999999999,0.95,0.25,0.9583333333333334,0.9583333333333334,1.0,1.0,1.0,1.0,0.041666666666666664,1.0,0.9895833333333334,0.04166666666666663,0.03125
0.0,0.09999999999999999,0.95,0.25,0.9583333333333334,0.9583333333333334,1.0,1.0,1.0,1.0,0.041666666666666664,1.0,0.9895833333333334,0.04166666666666663,0.03125
0.0,0.09999999999999999,0.95,0.25,0.9166666666666666,0.9166666666666666,1.0,1.0,1.0,1.0,0.08333333333333333,1.0,0.9791666666666666,0.08333333333333337,0.0625
0.0,0.09999999999999999,0.95,0.25,0.7256944444444444,0.7916666666666666,0.9166666666666666,1.0,1.0,1.0,0.20833333333333334,1.0,0.9479166666666666,0.2743055555555556,0.2222222222222222
0.0,0.09999999999999999,0.95,0.25,0.875,0.875,1.0,1.0,1.0,1.0,0.125,1.0,0.96875,0.125,0.09375
0.0,0.09999999999999999,0.95,0.25,0.9166666666666666,0.9166666666666666,1.0,1.0,1.0,1.0,0.08333333333333333,1.0,0.9791666666666666,0.08333333333333337,0.0625
0.0,0.09999999999999999,0.95,0.25,0.875,0.875,1.0,1.0,1.0,1.0,0.125,1.0,0.96875,0.125,0.09375
0.0,0.09999999999999999,0.95,0.25,1.0,1.0,1.0,1.0,1.0,1.0,0.0,1.0,1.0,0.0,0.0
0.0,0.09999999999999999,0.95,0.25,0.9166666666666666,0.9166666666666666,1.0,1.0,1.0,1.0,0.08333333333333333,1.0,0.9791666666666666,0.08333333333333337,0.0625
0.0,0.09999999999999999,0.95,0.25,0.9166666666666666,0.9166666666666666,1.0,0.9583333333333334,0.9583333333333334,1.0,0.08333333333333333,0.5,0.9383680555555556,0.04166666666666674,0.02170138888888895
0.0,0.09999999999999999,0.95,0.25,1.0,1.0,1.0,1.0,1.0,1.0,0.0,1.0,1.0,0.0,0.0
0.0,0.09999999999999999,0.95,0.25,0.875,0.875,1.0,0.9583333333333334,0.9583333333333334,1.0,0.125,0.6666666666666666,0.9283854166666667,0.08333333333333337,0.05338541666666674
0.0,0.09999999999999999,0.95,0.25,0.9583333333333334,0.9583333333333334,1.0,1.0,1.0,1.0,0.041666666666666664,1.0,0.9895833333333334,0.04166666666666663,0.03125
0.0,0.09999999999999999,0.95,0.25,0.9166666666666666,0.9166666666666666,1.0,1.0,1.0,1.0,0.08333333333333333,1.0,0.9791666666666666,0.08333333333333337,0.0625
0.0,0.09999999999999999,0.95,0.25,0.9583333333333334,0.9583333333333334,1.0,1.0,1.0,1.0,0.041666666666666664,1.0,0.9895833333333334,0.04166666666666663,0.03125
0.0,0.09999999999999999,0.95,0.25,0.875,0.875,1.0,1.0,1.0,1.0,0.125,1.0,0.96875,0.125,0.09375
0.0,0.09999999999999999,0.95,0.25,0.9583333333333334,0.9583333333333334,1.0,1.0,1.0,1.0,0.041666666666666664,1.0,0.9895833333333334,0.04166666666666663,0.03125
0.0,0.09999999999999999,0.95,0.25,0.9166666666666666,0.9166666666666666,1.0,1.0,1.0,1.0,0.08333333333333333,1.0,0.9791666666666666,0.08333333333333337,0.0625
0.0,0.09999999999999999,0.95,0.25,0.9166666666666666,0.9166666666666666,1.0,1.0,1.0,1.0,0.08333333333333333,1.0,0.9791666666666666,0.08333333333333337,0.0625
0.0,0.09999999999999999,0.95,0.25,0.9583333333333334,0.9583333333333334,1.0,1.0,1.0,1.0,0.041666666666666664,1.0,0.9895833333333334,0.04166666666666663,0.03125
0.0,0.15,0.95,0.25,0.9583333333333334,0.9583333333333334,1.0,1.0,1.0,1.0,0.041666666666666664,1.0,0.9895833333333334,0.04166666666666663,0.03125
0.0,0.15,0.95,0.25,0.9583333333333334,0.9583333333333334,1.0,1.0,1.0,1.0,0.041666666666666664,1.0,0.9895833333333334,0.04166666666666663,0.03125
0.0,0.15,0.95,0.25,0.9583333333333334,0.9583333333333334,1.0,1.0,1.0,1.0,0.041666666666666664,1.0,0.9895833333333334,0.04166666666666663,0.03125
0.0,0.15,0.95,0.25,0.9583333333333334,0.9583333333333334,1.0,0.9583333333333334,0.9583333333333334,1.0,0.041666666666666664,0.0,0.9483506944444445,0.0,-0.00998263888888884
0.0,0.15,0.95,0.25,0.9166666666666666,0.9166666666666666,1.0,1.0,1.0,1.0,0.08333333333333333,1.0,0.9791666666666666,0.08333333333333337,0.0625
0.0,0.15,0.95,0.25,1.0,1.0,1.0,1.0,1.0,1.0,0.0,1.0,1.0,0.0,0.0
0.0,0.15,0.95,0.25,1.0,1.0,1.0,1.0,1.0,1.0,0.0,1.0,1.0,0.0,0.0
0.0,0.15,0.95,0.25,0.8333333333333334,0.8333333333333334,1.0,1.0,1.0,1.0,0.16666666666666666,1.0,0.9583333333333334,0.16666666666666663,0.125
0.0,0.15,0.95,0.25,0.9583333333333334,0.9583333333333334,1.0,1.0,1.0,1.0,0.041666666666666664,1.0,0.9895833333333334,0.04166666666666663,0.03125
0.0,0.15,0.95,0.25,0.9583333333333334,0.9583333333333334,1.0,1.0,1.0,1.0,0.041666666666666664,1.0,0.9895833333333334,0.04166666666666663,0.03125
0.0,0.15,0.95,0.25,0.9166666666666666,0.9166666666666666,1.0,1.0,1.0,1.0,0.08333333333333333,1.0,0.9791666666666666,0.08333333333333337,0.0625
0.0,0.15,0.95,0.25,0.9583333333333334,0.9583333333333334,1.0,1.0,1.0,1.0,0.041666666666666664,1.0,0.9895833333333334,0.04166666666666663,0.03125
0.0,0.15,0.95,0.25,1.0,1.0,1.0,1.0,1.0,1.0,0.0,1.0,1.0,0.0,0.0
0.0,0.15,0.95,0.25,0.8333333333333334,0.8333333333333334,1.0,0.9583333333333334,0.9583333333333334,1.0,0.16666666666666666,0.75,0.9184027777777779,0.125,0.08506944444444453
0.0,0.15,0.95,0.25,0.9583333333333334,0.9583333333333334,1.0,1.0,1.0,1.0,0.041666666666666664,1.0,0.9895833333333334,0.04166666666666663,0.03125
0.0,0.15,0.95,0.25,0.9583333333333334,0.9583333333333334,1.0,1.0,1.0,1.0,0.041666666666666664,1.0,0.9895833333333334,0.04166666666666663,0.03125
0.0,0.15,0.95,0.25,0.875,0.875,1.0,1.0,1.0,1.0,0.125,1.0,0.96875,0.125,0.09375
0.0,0.15,0.95,0.25,0.875,0.875,1.0,1.0,1.0,1.0,0.125,1.0,0.96875,0.125,0.09375
0.0,0.15,0.95,0.25,1.0,1.0,1.0,1.0,1.0,1.0,0.0,1.0,1.0,0.0,0.0
0.0,0.15,0.95,0.25,0.9166666666666666,0.9166666666666666,1.0,0.9583333333333334,0.9583333333333334,1.0,0.08333333333333333,0.5,0.9383680555555556,0.04166666666666674,0.02170138888888895
0.0,0.15,0.95,0.25,0.875,0.875,1.0,1.0,1.0,1.0,0.125,1.0,0.96875,0.125,0.09375
0.0,0.15,0.95,0.25,0.875,0.875,1.0,1.0,1.0,1.0,0.125,1.0,0.96875,0.125,0.09375
0.0,0.15,0.95,0.25,0.9583333333333334,0.9583333333333334,1.0,1.0,1.0,1.0,0.041666666666666664,1.0,0.9895833333333334,0.04166666666666663,0.03125
0.0,0.15,0.95,0.25,0.9166666666666666,0.9166666666666666,1.0,1.0,1.0,1.0,0.08333333333333333,1.0,0.9791666666666666,0.08333333333333337,0.0625
0.0,0.15,0.95,0.25,0.875,0.875,1.0,1.0,1.0,1.0,0.125,1.0,0.96875,0.125,0.09375
0.0,0.19999999999999998,0.95,0.25,0.9166666666666666,0.9166666666666666,1.0,1.0,1.0,1.0,0.08333333333333333,1.0,0.9791666666666666,0.08333333333333337,0.0625
0.0,0.19999999999999998,0.95,0.25,0.875,0.875,1.0,1.0,1.0,1.0,0.125,1.0,0.96875,0.125,0.09375
0.0,0.19999999999999998,0.95,0.25,0.9166666666666666,0.9166666666666666,1.0,0.9583333333333334,0.9583333333333334,1.0,0.08333333333333333,0.5,0.9383680555555556,0.04166666666666674,0.02170138888888895
0.0,0.19999999999999998,0.95,0.25,0.875,0.875,1.0,0.9583333333333334,0.9583333333333334,1.0,0.125,0.6666666666666666,0.9283854166666667,0.08333333333333337,0.05338541666666674
0.0,0.19999999999999998,0.95,0.25,0.8333333333333334,0.8333333333333334,1.0,1.0,1.0,1.0,0.16666666666666666,1.0,0.9583333333333334,0.16666666666666663,0.125
0.0,0.19999999999999998,0.95,0.25,0.9583333333333334,0.9583333333333334,1.0,1.0,1.0,1.0,0.041666666666666664,1.0,0.9895833333333334,0.04166666666666663,0.03125
0.0,0.19999999999999998,0.95,0.25,1.0,1.0,1.0,1.0,1.0,1.0,0.0,1.0,1.0,0.0,0.0
0.0,0.19999999999999998,0.95,0.25,0.9583333333333334,0.9583333333333334,1.0,1.0,1.0,1.0,0.041666666666666664,1.0,0.9895833333333334,0.04166666666666663,0.03125
0.0,0.19999999999999998,0.95,0.25,0.9166666666666666,0.9166666666666666,1.0,1.0,1.0,1.0,0.08333333333333333,1.0,0.9791666666666666,0.08333333333333337,0.0625
0.0,0.19999999999999998,0.95,0.25,0.9166666666666666,0.9166666666666666,1.0,1.0,1.0,1.0,0.08333333333333333,1.0,0.9791666666666666,0.08333333333333337,0.0625
0.0,0.19999999999999998,0.95,0.25,0.9166666666666666,0.9166666666666666,1.0,1.0,1.0,1.0,0.08333333333333333,1.0,0.9791666666666666,0.08333333333333337,0.0625
0.0,0.19999999999999998,0.95,0.25,0.875,0.875,1.0,1.0,1.0,1.0,0.125,1.0,0.96875,0.125,0.09375
0.0,0.19999999999999998,0.95,0.25,0.8333333333333334,0.8333333333333334,1.0,1.0,1.0,1.0,0.16666666666666666,1.0,0.9583333333333334,0.16666666666666663,0.125
0.0,0.19999999999999998,0.95,0.25,0.9583333333333334,0.9583333333333334,1.0,1.0,1.0,1.0,0.041666666666666664,1.0,0.9895833333333334,0.04166666666666663,0.03125
0.0,0.19999999999999998,0.95,0.25,0.9166666666666666,0.9166666666666666,1.0,1.0,1.0,1.0,0.08333333333333333,1.0,0.9791666666666666,0.08333333333333337,0.0625
0.0,0.19999999999999998,0.95,0.25,0.9166666666666666,0.9166666666666666,1.0,1.0,1.0,1.0,0.08333333333333333,1.0,0.9791666666666666,0.08333333333333337,0.0625
0.0,0.19999999999999998,0.95,0.25,0.7916666666666666,0.7916666666666666,1.0,1.0,1.0,1.0,0.20833333333333334,1.0,0.9479166666666666,0.20833333333333337,0.15625
0.0,0.19999999999999998,0.95,0.25,0.8333333333333334,0.8333333333333334,1.0,1.0,1.0,1.0,0.16666666666666666,1.0,0.9583333333333334,0.16666666666666663,0.125
0.0,0.19999999999999998,0.95,0.25,0.8333333333333334,0.8333333333333334,1.0,1.0,1.0,1.0,0.16666666666666666,1.0,0.9583333333333334,0.16666666666666663,0.125
0.0,0.19999999999999998,0.95,0.25,1.0,1.0,1.0,1.0,1.0,1.0,0.0,1.0,1.0,0.0,0.0
0.0,0.19999999999999998,0.95,0.25,1.0,1.0,1.0,1.0,1.0,1.0,0.0,1.0,1.0,0.0,0.0
0.0,0.19999999999999998,0.95,0.25,0.9583333333333334,0.9583333333333334,1.0,1.0,1.0,1.0,0.041666666666666664,1.0,0.9895833333333334,0.04166666666666663,0.03125
0.0,0.19999999999999998,0.95,0.25,0.875,0.875,1.0,1.0,1.0,1.0,0.125,1.0,0.96875,0.125,0.09375
0.0,0.19999999999999998,0.95,0.25,0.8333333333333334,0.8333333333333334,1.0,0.9583333333333334,0.9583333333333334,1.0,0.16666666666666666,0.75,0.9184027777777779,0.125,0.08506944444444453
0.0,0.19999999999999998,0.95,0.25,0.9583333333333334,0.9583333333333334,1.0,1.0,1.0,1.0,0.041666666666666664,1.0,0.9895833333333334,0.04166666666666663,0.03125
0.0,0.24999999999999997,0.95,0.25,0.875,0.875,1.0,1.0,1.0,1.0,0.125,1.0,0.96875,0.125,0.09375
0.0,0.24999999999999997,0.95,0.25,0.8333333333333334,0.8333333333333334,1.0,0.9583333333333334,0.9583333333333334,1.0,0.16666666666666666,0.75,0.9184027777777779,0.125,0.08506944444444453
0.0,0.24999999999999997,0.95,0.25,0.9583333333333334,0.9583333333333334,1.0,1.0,1.0,1.0,0.041666666666666664,1.0,0.9895833333333334,0.04166666666666663,0.03125
0.0,0.24999999999999997,0.95,0.25,0.875,0.875,1.0,1.0,1.0,1.0,0.125,1.0,0.96875,0.125,0.09375
0.0,0.24999999999999997,0.95,0.25,0.8333333333333334,0.8333333333333334,1.0,0.9583333333333334,0.9583333333333334,1.0,0.16666666666666666,0.75,0.9184027777777779,0.125,0.08506944444444453
0.0,0.24999999999999997,0.95,0.25,0.8333333333333334,0.8333333333333334,1.0,1.0,1.0,1.0,0.16666666666666666,1.0,0.9583333333333334,0.16666666666666663,0.125
0.0,0.24999999999999997,0.95,0.25,0.7916666666666666,0.7916666666666666,1.0,0.9166666666666666,0.9166666666666666,1.0,0.20833333333333334,0.6,0.868923611111111,0.125,0.07725694444444442
0.0,0.24999999999999997,0.95,0.25,0.9166666666666666,0.9166666666666666,1.0,1.0,1.0,1.0,0.08333333333333333,1.0,0.9791666666666666,0.08333333333333337,0.0625
0.0,0.24999999999999997,0.95,0.25,0.7916666666666666,0.7916666666666666,1.0,1.0,1.0,1.0,0.20833333333333334,1.0,0.9479166666666666,0.20833333333333337,0.15625
0.0,0.24999999999999997,0.95,0.25,0.9583333333333334,0.9583333333333334,1.0,1.0,1.0,1.0,0.041666666666666664,1.0,0.9895833333333334,0.04166666666666663,0.03125
0.0,0.24999999999999997,0.95,0.25,0.875,0.875,1.0,1.0,1.0,1.0,0.125,1.0,0.96875,0.125,0.09375
0.0,0.24999999999999997,0.95,0.25,0.7916666666666666,0.7916666666666666,1.0,1.0,1.0,1.0,0.20833333333333334,1.0,0.9479166666666666,0.20833333333333337,0.15625
0.0,0.24999999999999997,0.95,0.25,0.8333333333333334,0.8333333333333334,1.0,0.9583333333333334,0.9583333333333334,1.0,0.16666666666666666,0.75,0.9184027777777779,0.125,0.08506944444444453
0.0,0.24999999999999997,0.95,0.25,0.875,0.875,1.0,1.0,1.0,1.0,0.125,1.0,0.96875,0.125,0.09375
0.0,0.24999999999999997,0.95,0.25,0.9583333333333334,0.9583333333333334,1.0,0.9583333333333334,0.9583333333333334,1.0,0.041666666666666664,0.0,0.9483506944444445,0.0,-0.00998263888888884
0.0,0.24999999999999997,0.95,0.25,1.0,1.0,1.0,1.0,1.0,1.0,0.0,1.0,1.0,0.0,0.0
0.0,0.24999999999999997,0.95,0.25,0.9166666666666666,0.9166666666666666,1.0,1.0,1.0,1.0,0.08333333333333333,1.0,0.9791666666666666,0.08333333333333337,0.0625
0.0,0.24999999999999997,0.95,0.25,0.9583333333333334,0.9583333333333334,1.0,1.0,1.0,1.0,0.041666666666666664,1.0,0.9895833333333334,0.04166666666666663,0.03125
0.0,0.24999999999999997,0.95,0.25,0.8333333333333334,0.8333333333333334,1.0,1.0,1.0,1.0,0.16666666666666666,1.0,0.9583333333333334,0.16666666666666663,0.125
0.0,0.24999999999999997,0.95,0.25,0.8333333333333334,0.8333333333333334,1.0,0.9583333333333334,0.9583333333333334,1.0,0.16666666666666666,0.75,0.9184027777777779,0.125,0.08506944444444453
0.0,0.24999999999999997,0.95,0.25,0.9166666666666666,0.9166666666666666,1.0,1.0,1.0,1.0,0.08333333333333333,1.0,0.9791666666666666,0.08333333333333337,0.0625
0.0,0.24999999999999997,0.95,0.25,0.8333333333333334,0.8333333333333334,1.0,0.9583333333333334,0.9583333333333334,1.0,0.16666666666666666,0.75,0.9184027777777779,0.125,0.08506944444444453
0.0,0.24999999999999997,0.95,0.25,0.7083333333333334,0.7083333333333334,1.0,1.0,1.0,1.0,0.2916666666666667,1.0,0.9270833333333334,0.29166666666666663,0.21875
0.0,0.24999999999999997,0.95,0.25,0.9583333333333334,0.9583333333333334,1.0,1.0,1.0,1.0,0.041666666666666664,1.0,0.9895833333333334,0.04166666666666663,0.03125
0.0,0.24999999999999997,0.95,0.25,0.8333333333333334,0.8333333333333334,1.0,1.0,1.0,1.0,0.16666666666666666,1.0,0.9583333333333334,0.16666666666666663,0.125
0.0,0.3,0.95,0.25,0.875,0.875,1.0,1.0,1.0,1.0,0.125,1.0,0.96875,0.125,0.09375
0.0,0.3,0.95,0.25,0.7916666666666666,0.7916666666666666,1.0,1.0,1.0,1.0,0.20833333333333334,1.0,0.9479166666666666,0.20833333333333337,0.15625
0.0,0.3,0.95,0.25,0.8333333333333334,0.8333333333333334,1.0,0.9583333333333334,0.9583333333333334,1.0,0.16666666666666666,0.75,0.9184027777777779,0.125,0.08506944444444453
0.0,0.3,0.95,0.25,0.9583333333333334,0.9583333333333334,1.0,1.0,1.0,1.0,0.041666666666666664,1.0,0.9895833333333334,0.04166666666666663,0.03125
0.0,0.3,0.95,0.25,0.875,0.875,1.0,1.0,1.0,1.0,0.125,1.0,0.96875,0.125,0.09375
0.0,0.3,0.95,0.25,0.7083333333333334,0.7083333333333334,1.0,0.9583333333333334,0.9583333333333334,1.0,0.2916666666666667,0.8571428571428571,0.8884548611111112,0.25,0.1801215277777778
0.0,0.3,0.95,0.25,0.8333333333333334,0.8333333333333334,1.0,1.0,1.0,1.0,0.16666666666666666,1.0,0.9583333333333334,0.16666666666666663,0.125
0.0,0.3,0.95,0.25,0.8333333333333334,0.8333333333333334,1.0,1.0,1.0,1.0,0.16666666666666666,1.0,0.9583333333333334,0.16666666666666663,0.125
0.0,0.3,0.95,0.25,0.875,0.875,1.0,1.0,1.0,1.0,0.125,1.0,0.96875,0.125,0.09375
0.0,0.3,0.95,0.25,0.9166666666666666,0.9166666666666666,1.0,0.9583333333333334,0.9583333333333334,1.0,0.08333333333333333,0.5,0.9383680555555556,0.04166666666666674,0.02170138888888895
0.0,0.3,0.95,0.25,0.8333333333333334,0.8333333333333334,1.0,1.0,1.0,1.0,0.16666666666666666,1.0,0.9583333333333334,0.16666666666666663,0.125
0.0,0.3,0.95,0.25,0.9166666666666666,0.9166666666666666,1.0,1.0,1.0,1.0,0.08333333333333333,1.0,0.9791666666666666,0.08333333333333337,0.0625
0.0,0.3,0.95,0.25,0.7916666666666666,0.7916666666666666,1.0,0.9583333333333334,0.9583333333333334,1.0,0.20833333333333334,0.8,0.9084201388888888,0.16666666666666674,0.11675347222222221
0.0,0.3,0.95,0.25,0.9583333333333334,0.9583333333333334,1.0,0.9583333333333334,0.9583333333333334,1.0,0.041666666666666664,0.0,0.9483506944444445,0.0,-0.00998263888888884
0.0,0.3,0.95,0.25,0.875,0.875,1.0,0.9583333333333334,0.9583333333333334,1.0,0.125,0.6666666666666666,0.9283854166666667,0.08333333333333337,0.05338541666666674
0.0,0.3,0.95,0.25,0.8333333333333334,0.8333333333333334,1.0,1.0,1.0,1.0,0.16666666666666666,1.0,0.9583333333333334,0.16666666666666663,0.125
0.0,0.3,0.95,0.25,0.7256944444444444,0.7916666666666666,0.9166666666666666,1.0,1.0,1.0,0.20833333333333334,1.0,0.9479166666666666,0.2743055555555556,0.2222222222222222
0.0,0.3,0.95,0.25,1.0,1.0,1.0,1.0,1.0,1.0,0.0,1.0,1.0,0.0,0.0
0.0,0.3,0.95,0.25,0.8333333333333334,0.8333333333333334,1.0,0.9583333333333334,0.9583333333333334,1.0,0.16666666666666666,0.75,0.9184027777777779,0.125,0.08506944444444453
0.0,0.3,0.95,0.25,0.7916666666666666,0.7916666666666666,1.0,1.0,1.0,1.0,0.20833333333333334,1.0,0.9479166666666666,0.20833333333333337,0.15625
0.0,0.3,0.95,0.25,0.875,0.875,1.0,1.0,1.0,1.0,0.125,1.0,0.96875,0.125,0.09375
0.0,0.3,0.95,0.25,0.75,0.75,1.0,1.0,1.0,1.0,0.25,1.0,0.9375,0.25,0.1875
0.0,0.3,0.95,0.25,0.8333333333333334,0.8333333333333334,1.0,1.0,1.0,1.0,0.16666666666666666,1.0,0.9583333333333334,0.16666666666666663,0.125
0.0,0.3,0.95,0.25,0.9166666666666666,0.9166666666666666,1.0,1.0,1.0,1.0,0.08333333333333333,1.0,0.9791666666666666,0.08333333333333337,0.0625
0.0,0.3,0.95,0.25,0.7916666666666666,0.7916666666666666,1.0,1.0,1.0,1.0,0.20833333333333334,1.0,0.9479166666666666,0.20833333333333337,0.15625
0.0,0.35,0.95,0.25,0.875,0.875,1.0,1.0,1.0,1.0,0.125,1.0,0.96875,0.125,0.09375
0.0,0.35,0.95,0.25,0.9583333333333334,0.9583333333333334,1.0,1.0,1.0,1.0,0.041666666666666664,1.0,0.9895833333333334,0.04166666666666663,0.03125
0.0,0.35,0.95,0.25,0.6875,0.75,0.9166666666666666,1.0,1.0,1.0,0.25,1.0,0.9375,0.3125,0.25
0.0,0.35,0.95,0.25,0.9166666666666666,0.9166666666666666,1.0,1.0,1.0,1.0,0.08333333333333333,1.0,0.9791666666666666,0.08333333333333337,0.0625
0.0,0.35,0.95,0.25,0.7916666666666666,0.7916666666666666,1.0,1.0,1.0,1.0,0.20833333333333334,1.0,0.9479166666666666,0.20833333333333337,0.15625
0.0,0.35,0.95,0.25,0.875,0.875,1.0,0.9166666666666666,0.9166666666666666,1.0,0.125,0.3333333333333333,0.8880208333333333,0.04166666666666663,0.01302083333333326
0.0,0.35,0.95,0.25,0.8333333333333334,0.8333333333333334,1.0,1.0,1.0,1.0,0.16666666666666666,1.0,0.9583333333333334,0.16666666666666663,0.125
0.0,0.35,0.95,0.25,0.9583333333333334,0.9583333333333334,1.0,1.0,1.0,1.0,0.041666666666666664,1.0,0.9895833333333334,0.04166666666666663,0.03125
0.0,0.35,0.95,0.25,0.7916666666666666,0.7916666666666666,1.0,1.0,1.0,1.0,0.20833333333333334,1.0,0.9479166666666666,0.20833333333333337,0.15625
0.0,0.35,0.95,0.25,0.7916666666666666,0.7916666666666666,1.0,1.0,1.0,1.0,0.20833333333333334,1.0,0.9479166666666666,0.20833333333333337,0.15625
0.0,0.35,0.95,0.25,0.8333333333333334,0.8333333333333334,1.0,0.9583333333333334,0.9583333333333334,1.0,0.16666666666666666,0.75,0.9184027777777779,0.125,0.08506944444444453
0.0,0.35,0.95,0.25,0.875,0.875,1.0,1.0,1.0,1.0,0.125,1.0,0.96875,0.125,0.09375
0.0,0.35,0.95,0.25,0.8333333333333334,0.8333333333333334,1.0,1.0,1.0,1.0,0.16666666666666666,1.0,0.9583333333333334,0.16666666666666663,0.125
0.0,0.35,0.95,0.25,0.7916666666666666,0.7916666666666666,1.0,0.9583333333333334,0.9583333333333334,1.0,0.20833333333333334,0.8,0.9084201388888888,0.16666666666666674,0.11675347222222221
0.0,0.35,0.95,0.25,0.7916666666666666,0.7916666666666666,1.0,1.0,1.0,1.0,0.20833333333333334,1.0,0.9479166666666666,0.20833333333333337,0.15625
0.0,0.35,0.95,0.25,0.875,0.875,1.0,1.0,1.0,1.0,0.125,1.0,0.96875,0.125,0.09375
0.0,0.35,0.95,0.25,0.8333333333333334,0.8333333333333334,1.0,1.0,1.0,1.0,0.16666666666666666,1.0,0.9583333333333334,0.16666666666666663,0.125
0.0,0.35,0.95,0.25,0.75,0.75,1.0,1.0,1.0,1.0,0.25,1.0,0.9375,0.25,0.1875
0.0,0.35,0.95,0.25,0.75,0.75,1.0,1.0,1.0,1.0,0.25,1.0,0.9375,0.25,0.1875
0.0,0.35,0.95,0.25,0.875,0.875,1.0,1.0,1.0,1.0,0.125,1.0,0.96875,0.125,0.09375
0.0,0.35,0.95,0.25,0.8333333333333334,0.8333333333333334,1.0,1.0,1.0,1.0,0.16666666666666666,1.0,0.9583333333333334,0.16666666666666663,0.125
0.0,0.35,0.95,0.25,0.875,0.875,1.0,1.0,1.0,1.0,0.125,1.0,0.96875,0.125,0.09375
0.0,0.35,0.95,0.25,0.7916666666666666,0.7916666666666666,1.0,0.9583333333333334,0.9583333333333334,1.0,0.20833333333333334,0.8,0.9084201388888888,0.16666666666666674,0.11675347222222221
0.0,0.35,0.95,0.25,0.9166666666666666,0.9166666666666666,1.0,1.0,1.0,1.0,0.08333333333333333,1.0,0.9791666666666666,0.08333333333333337,0.0625
0.0,0.35,0.95,0.25,0.8333333333333334,0.8333333333333334,1.0,1.0,1.0,1.0,0.16666666666666666,1.0,0.9583333333333334,0.16666666666666663,0.125
0.0,0.39999999999999997,0.95,0.25,0.6666666666666666,0.6666666666666666,1.0,0.9583333333333334,0.9583333333333334,1.0,0.3333333333333333,0.875,0.8784722222222222,0.29166666666666674,0.21180555555555558
0.0,0.39999999999999997,0.95,0.25,0.625,0.625,1.0,0.9583333333333334,0.9583333333333334,1.0,0.375,0.8888888888888888,0.8684895833333334,0.33333333333333337,0.24348958333333337
0.0,0.39999999999999997,0.95,0.25,0.8333333333333334,0.8333333333333334,1.0,1.0,1.0,1.0,0.16666666666666666,1.0,0.9583333333333334,0.16666666666666663,0.125
0.0,0.39999999999999997,0.95,0.25,0.6875,0.75,0.9166666666666666,1.0,1.0,1.0,0.25,1.0,0.9375,0.3125,0.25
0.0,0.39999999999999997,0.95,0.25,0.6875,0.75,0.9166666666666666,1.0,1.0,1.0,0.25,1.0,0.9375,0.3125,0.25
0.0,0.39999999999999997,0.95,0.25,0.7916666666666666,0.7916666666666666,1.0,0.9583333333333334,0.9583333333333334,1.0,0.20833333333333334,0.8,0.9084201388888888,0.16666666666666674,0.11675347222222221
0.0,0.39999999999999997,0.95,0.25,0.9166666666666666,0.9166666666666666,1.0,1.0,1.0,1.0,0.08333333333333333,1.0,0.9791666666666666,0.08333333333333337,0.0625
0.0,0.39999999999999997,0.95,0.25,0.625,0.625,1.0,1.0,1.0,1.0,0.375,1.0,0.90625,0.375,0.28125
0.0,0.39999999999999997,0.95,0.25,0.7916666666666666,0.7916666666666666,1.0,0.9583333333333334,0.9583333333333334,1.0,0.20833333333333334,0.8,0.9084201388888888,0.16666666666666674,0.11675347222222221
0.0,0.39999999999999997,0.95,0.25,0.8333333333333334,0.8333333333333334,1.0,1.0,1.0,1.0,0.16666666666666666,1.0,0.9583333333333334,0.16666666666666663,0.125
0.0,0.39999999999999997,0.95,0.25,0.8333333333333334,0.8333333333333334,1.0,1.0,1.0,1.0,0.16666666666666666,1.0,0.9583333333333334,0.16666666666666663,0.125
0.0,0.39999999999999997,0.95,0.25,0.7083333333333334,0.7083333333333334,1.0,1.0,1.0,1.0,0.2916666666666667,1.0,0.9270833333333334,0.29166666666666663,0.21875
0.0,0.39999999999999997,0.95,0.25,0.9166666666666666,0.9166666666666666,1.0,1.0,1.0,1.0,0.08333333333333333,1.0,0.9791666666666666,0.08333333333333337,0.0625
0.0,0.39999999999999997,0.95,0.25,0.2916666666666667,0.5,0.5833333333333334,0.9583333333333334,0.9583333333333334,1.0,0.5,0.9166666666666666,0.8385416666666667,0.6666666666666667,0.546875
0.0,0.39999999999999997,0.95,0.25,0.8333333333333334,0.8333333333333334,1.0,1.0,1.0,1.0,0.16666666666666666,1.0,0.9583333333333334,0.16666666666666663,0.125
0.0,0.39999999999999997,0.95,0.25,0.7916666666666666,0.7916666666666666,1.0,1.0,1.0,1.0,0.20833333333333334,1.0,0.9479166666666666,0.20833333333333337,0.15625
0.0,0.39999999999999997,0.95,0.25,0.875,0.875,1.0,1.0,1.0,1.0,0.125,1.0,0.96875,0.125,0.09375
0.0,0.39999999999999997,0.95,0.25,0.7083333333333334,0.7083333333333334,1.0,0.9583333333333334,0.9583333333333334,1.0,0.2916666666666667,0.8571428571428571,0.8884548611111112,0.25,0.1801215277777778
0.0,0.39999999999999997,0.95,0.25,0.8333333333333334,0.8333333333333334,1.0,1.0,1.0,1.0,0.16666666666666666,1.0,0.9583333333333334,0.16666666666666663,0.125
0.0,0.39999999999999997,0.95,0.25,0.75,0.75,1.0,1.0,1.0,1.0,0.25,1.0,0.9375,0.25,0.1875
0.0,0.39999999999999997,0.95,0.25,0.6875,0.75,0.9166666666666666,1.0,1.0,1.0,0.25,1.0,0.9375,0.3125,0.25
0.0,0.39999999999999997,0.95,0.25,0.8333333333333334,0.8333333333333334,1.0,1.0,1.0,1.0,0.16666666666666666,1.0,0.9583333333333334,0.16666666666666663,0.125
0.0,0.39999999999999997,0.95,0.25,0.875,0.875,1.0,1.0,1.0,1.0,0.125,1.0,0.96875,0.125,0.09375
0.0,0.39999999999999997,0.95,0.25,0.75,0.75,1.0,0.9583333333333334,0.9583333333333334,1.0,0.25,0.8333333333333334,0.8984375,0.20833333333333337,0.1484375
0.0,0.39999999999999997,0.95,0.25,0.8333333333333334,0.8333333333333334,1.0,1.0,1.0,1.0,0.16666666666666666,1.0,0.9583333333333334,0.16666666666666663,0.125
0.0,0.44999999999999996,0.95,0.25,0.8333333333333334,0.8333333333333334,1.0,0.9583333333333334,0.9583333333333334,1.0,0.16666666666666666,0.75,0.9184027777777779,0.125,0.08506944444444453
0.0,0.44999999999999996,0.95,0.25,0.6493055555555556,0.7083333333333334,0.9166666666666666,0.9166666666666666,0.9166666666666666,1.0,0.2916666666666667,0.7142857142857143,0.8498263888888888,0.26736111111111105,0.20052083333333326
0.0,0.44999999999999996,0.95,0.25,0.8333333333333334,0.8333333333333334,1.0,1.0,1.0,1.0,0.16666666666666666,1.0,0.9583333333333334,0.16666666666666663,0.125
0.0,0.44999999999999996,0.95,0.25,0.5833333333333334,0.5833333333333334,1.0,1.0,1.0,1.0,0.4166666666666667,1.0,0.8958333333333334,0.41666666666666663,0.3125
0.0,0.44999999999999996,0.95,0.25,0.7083333333333334,0.7083333333333334,1.0,1.0,1.0,1.0,0.2916666666666667,1.0,0.9270833333333334,0.29166666666666663,0.21875
0.0,0.44999999999999996,0.95,0.25,0.875,0.875,1.0,1.0,1.0,1.0,0.125,1.0,0.96875,0.125,0.09375
0.0,0.44999999999999996,0.95,0.25,0.6493055555555556,0.7083333333333334,0.9166666666666666,1.0,1.0,1.0,0.2916666666666667,1.0,0.9270833333333334,0.3506944444444444,0.2777777777777778
0.0,0.44999999999999996,0.95,0.25,0.7083333333333334,0.7083333333333334,1.0,1.0,1.0,1.0,0.2916666666666667,1.0,0.9270833333333334,0.29166666666666663,0.21875
0.0,0.44999999999999996,0.95,0.25,0.7916666666666666,0.7916666666666666,1.0,0.9583333333333334,0.9583333333333334,1.0,0.20833333333333334,0.8,0.9084201388888888,0.16666666666666674,0.11675347222222221
0.0,0.44999999999999996,0.95,0.25,0.5729166666666666,0.625,0.9166666666666666,1.0,1.0,1.0,0.375,1.0,0.90625,0.42708333333333337,0.33333333333333337
0.0,0.44999999999999996,0.95,0.25,0.6666666666666666,0.6666666666666666,1.0,1.0,1.0,1.0,0.3333333333333333,1.0,0.9166666666666666,0.33333333333333337,0.25
0.0,0.44999999999999996,0.95,0.25,0.7083333333333334,0.7083333333333334,1.0,1.0,1.0,1.0,0.2916666666666667,1.0,0.9270833333333334,0.29166666666666663,0.21875
0.0,0.44999999999999996,0.95,0.25,0.8333333333333334,0.8333333333333334,1.0,1.0,1.0,1.0,0.16666666666666666,1.0,0.9583333333333334,0.16666666666666663,0.125
0.0,0.44999999999999996,0.95,0.25,0.7638888888888888,0.8333333333333334,0.9166666666666666,1.0,1.0,1.0,0.16666666666666666,1.0,0.9583333333333334,0.23611111111111116,0.19444444444444453
0.0,0.44999999999999996,0.95,0.25,0.7083333333333334,0.7083333333333334,1.0,1.0,1.0,1.0,0.2916666666666667,1.0,0.9270833333333334,0.29166666666666663,0.21875
0.0,0.44999999999999996,0.95,0.25,0.7083333333333334,0.7083333333333334,1.0,1.0,1.0,1.0,0.2916666666666667,1.0,0.9270833333333334,0.29166666666666663,0.21875
0.0,0.44999999999999996,0.95,0.25,0.875,0.875,1.0,1.0,1.0,1.0,0.125,1.0,0.96875,0.125,0.09375
0.0,0.44999999999999996,0.95,0.25,0.875,0.875,1.0,1.0,1.0,1.0,0.125,1.0,0.96875,0.125,0.09375
0.0,0.44999999999999996,0.95,0.25,0.3125,0.625,0.5,1.0,1.0,1.0,0.375,1.0,0.90625,0.6875,0.59375
0.0,0.44999999999999996,0.95,0.25,0.8333333333333334,0.8333333333333334,1.0,1.0,1.0,1.0,0.16666666666666666,1.0,0.9583333333333334,0.16666666666666663,0.125
0.0,0.44999999999999996,0.95,0.25,0.875,0.875,1.0,1.0,1.0,1.0,0.125,1.0,0.96875,0.125,0.09375
0.0,0.44999999999999996,0.95,0.25,0.875,0.875,1.0,1.0,1.0,1.0,0.125,1.0,0.96875,0.125,0.09375
0.0,0.44999999999999996,0.95,0.25,0.7916666666666666,0.7916666666666666,1.0,1.0,1.0,1.0,0.20833333333333334,1.0,0.9479166666666666,0.20833333333333337,0.15625
0.0,0.44999999999999996,0.95,0.25,0.8333333333333334,0.8333333333333334,1.0,1.0,1.0,1.0,0.16666666666666666,1.0,0.9583333333333334,0.16666666666666663,0.125
0.0,0.44999999999999996,0.95,0.25,0.8333333333333334,0.8333333333333334,1.0,0.9583333333333334,0.9583333333333334,1.0,0.16666666666666666,0.75,0.9184027777777779,0.125,0.08506944444444453
0.0,0.49999999999999994,0.95,0.25,0.7916666666666666,0.7916666666666666,1.0,1.0,1.0,1.0,0.20833333333333334,1.0,0.9479166666666666,0.20833333333333337,0.15625
0.0,0.49999999999999994,0.95,0.25,0.6875,0.75,0.9166666666666666,0.9583333333333334,0.9583333333333334,1.0,0.25,0.8333333333333334,0.8984375,0.27083333333333337,0.2109375
0.0,0.49999999999999994,0.95,0.25,0.75,0.75,1.0,1.0,1.0,1.0,0.25,1.0,0.9375,0.25,0.1875
0.0,0.49999999999999994,0.95,0.25,0.75,0.75,1.0,1.0,1.0,1.0,0.25,1.0,0.9375,0.25,0.1875
0.0,0.49999999999999994,0.95,0.25,0.611111111111111,0.6666666666666666,0.9166666666666666,0.9583333333333334,0.9583333333333334,1.0,0.3333333333333333,0.875,0.8784722222222222,0.3472222222222223,0.26736111111111116
0.0,0.49999999999999994,0.95,0.25,0.16666666666666666,0.5,0.3333333333333333,0.9583333333333334,0.9583333333333334,1.0,0.5,0.9166666666666666,0.8385416666666667,0.7916666666666667,0.6718750000000001
0.0,0.49999999999999994,0.95,0.25,0.625,0.625,1.0,1.0,1.0,1.0,0.375,1.0,0.90625,0.375,0.28125
0.0,0.49999999999999994,0.95,0.25,0.6875,0.75,0.9166666666666666,1.0,1.0,1.0,0.25,1.0,0.9375,0.3125,0.25
0.0,0.49999999999999994,0.95,0.25,0.8333333333333334,0.8333333333333334,1.0,0.9583333333333334,0.9583333333333334,1.0,0.16666666666666666,0.75,0.9184027777777779,0.125,0.08506944444444453
0.0,0.49999999999999994,0.95,0.25,0.75,0.75,1.0,1.0,1.0,1.0,0.25,1.0,0.9375,0.25,0.1875
0.0,0.49999999999999994,0.95,0.25,0.875,0.875,1.0,1.0,1.0,1.0,0.125,1.0,0.96875,0.125,0.09375
0.0,0.49999999999999994,0.95,0.25,0.7916666666666666,0.7916666666666666,1.0,1.0,1.0,1.0,0.20833333333333334,1.0,0.9479166666666666,0.20833333333333337,0.15625
0.0,0.49999999999999994,0.95,0.25,0.8333333333333334,0.8333333333333334,1.0,1.0,1.0,1.0,0.16666666666666666,1.0,0.9583333333333334,0.16666666666666663,0.125
0.0,0.49999999999999994,0.95,0.25,0.75,0.75,1.0,1.0,1.0,1.0,0.25,1.0,0.9375,0.25,0.1875
0.0,0.49999999999999994,0.95,0.25,0.7916666666666666,0.7916666666666666,1.0,1.0,1.0,1.0,0.20833333333333334,1.0,0.9479166666666666,0.20833333333333337,0.15625
0.0,0.49999999999999994,0.95,0.25,0.75,0.75,1.0,1.0,1.0,1.0,0.25,1.0,0.9375,0.25,0.1875
0.0,0.49999999999999994,0.95,0.25,0.5729166666666666,0.625,0.9166666666666666,1.0,1.0,1.0,0.375,1.0,0.90625,0.42708333333333337,0.33333333333333337
0.0,0.49999999999999994,0.95,0.25,0.8333333333333334,0.8333333333333334,1.0,1.0,1.0,1.0,0.16666666666666666,1.0,0.9583333333333334,0.16666666666666663,0.125
0.0,0.49999999999999994,0.95,0.25,0.7083333333333334,0.7083333333333334,1.0,1.0,1.0,1.0,0.2916666666666667,1.0,0.9270833333333334,0.29166666666666663,0.21875
0.0,0.49999999999999994,0.95,0.25,0.625,0.625,1.0,0.9583333333333334,0.9583333333333334,1.0,0.375,0.8888888888888888,0.8684895833333334,0.33333333333333337,0.24348958333333337
0.0,0.49999999999999994,0.95,0.25,0.875,0.875,1.0,1.0,1.0,1.0,0.125,1.0,0.96875,0.125,0.09375
0.0,0.49999999999999994,0.95,0.25,0.75,0.75,1.0,1.0,1.0,1.0,0.25,1.0,0.9375,0.25,0.1875
0.0,0.49999999999999994,0.95,0.25,0.7083333333333334,0.7083333333333334,1.0,0.9166666666666666,0.9166666666666666,1.0,0.2916666666666667,0.7142857142857143,0.8498263888888888,0.20833333333333326,0.14149305555555547
0.0,0.49999999999999994,0.95,0.25,0.7916666666666666,0.7916666666666666,1.0,1.0,1.0,1.0,0.20833333333333334,1.0,0.9479166666666666,0.20833333333333337,0.15625
0.0,0.49999999999999994,0.95,0.25,0.6666666666666666,0.6666666666666666,1.0,1.0,1.0,1.0,0.3333333333333333,1.0,0.9166666666666666,0.33333333333333337,0.25
0.0,0.5499999999999999,0.95,0.25,0.75,0.75,1.0,1.0,1.0,1.0,0.25,1.0,0.9375,0.25,0.1875
0.0,0.5499999999999999,0.95,0.25,0.7916666666666666,0.7916666666666666,1.0,0.9583333333333334,0.9583333333333334,1.0,0.20833333333333334,0.8,0.9084201388888888,0.16666666666666674,0.11675347222222221
0.0,0.5499999999999999,0.95,0.25,0.8333333333333334,0.8333333333333334,1.0,1.0,1.0,1.0,0.16666666666666666,1.0,0.9583333333333334,0.16666666666666663,0.125
0.0,0.5499999999999999,0.95,0.25,0.75,0.75,1.0,1.0,1.0,1.0,0.25,1.0,0.9375,0.25,0.1875
0.0,0.5499999999999999,0.95,0.25,0.7916666666666666,0.7916666666666666,1.0,0.9583333333333334,0.9583333333333334,1.0,0.20833333333333334,0.8,0.9084201388888888,0.16666666666666674,0.11675347222222221
0.0,0.5499999999999999,0.95,0.25,0.9166666666666666,0.9166666666666666,1.0,1.0,1.0,1.0,0.08333333333333333,1.0,0.9791666666666666,0.08333333333333337,0.0625
0.0,0.5499999999999999,0.95,0.25,0.7083333333333334,0.7083333333333334,1.0,0.9583333333333334,0.9583333333333334,1.0,0.2916666666666667,0.8571428571428571,0.8884548611111112,0.25,0.1801215277777778
0.0,0.5499999999999999,0.95,0.25,0.8333333333333334,0.8333333333333334,1.0,1.0,1.0,1.0,0.16666666666666666,1.0,0.9583333333333334,0.16666666666666663,0.125
0.0,0.5499999999999999,0.95,0.25,0.3125,0.625,0.5,1.0,1.0,1.0,0.375,1.0,0.90625,0.6875,0.59375
0.0,0.5499999999999999,0.95,0.25,0.7916666666666666,0.7916666666666666,1.0,1.0,1.0,1.0,0.20833333333333334,1.0,0.9479166666666666,0.20833333333333337,0.15625
0.0,0.5499999999999999,0.95,0.25,0.6666666666666666,0.6666666666666666,1.0,0.9583333333333334,0.9583333333333334,1.0,0.3333333333333333,0.875,0.8784722222222222,0.29166666666666674,0.21180555555555558
0.0,0.5499999999999999,0.95,0.25,0.7083333333333334,0.7083333333333334,1.0,0.9583333333333334,0.9583333333333334,1.0,0.2916666666666667,0.8571428571428571,0.8884548611111112,0.25,0.1801215277777778
0.0,0.5499999999999999,0.95,0.25,0.75,0.75,1.0,1.0,1.0,1.0,0.25,1.0,0.9375,0.25,0.1875
0.0,0.5499999999999999,0.95,0.25,0.5729166666666666,0.625,0.9166666666666666,1.0,1.0,1.0,0.375,1.0,0.90625,0.42708333333333337,0.33333333333333337
0.0,0.5499999999999999,0.95,0.25,0.6666666666666666,0.6666666666666666,1.0,0.9583333333333334,0.9583333333333334,1.0,0.3333333333333333,0.875,0.8784722222222222,0.29166666666666674,0.21180555555555558
0.0,0.5499999999999999,0.95,0.25,0.8333333333333334,0.8333333333333334,1.0,1.0,1.0,1.0,0.16666666666666666,1.0,0.9583333333333334,0.16666666666666663,0.125
0.0,0.5499999999999999,0.95,0.25,0.875,0.875,1.0,1.0,1.0,1.0,0.125,1.0,0.96875,0.125,0.09375
0.0,0.5499999999999999,0.95,0.25,0.625,0.625,1.0,0.9583333333333334,0.9583333333333334,1.0,0.375,0.8888888888888888,0.8684895833333334,0.33333333333333337,0.24348958333333337
0.0,0.5499999999999999,0.95,0.25,0.7083333333333334,0.7083333333333334,1.0,0.9583333333333334,0.9583333333333334,1.0,0.2916666666666667,0.8571428571428571,0.8884548611111112,0.25,0.1801215277777778
0.0,0.5499999999999999,0.95,0.25,0.75,0.75,1.0,0.9583333333333334,0.9583333333333334,1.0,0.25,0.8333333333333334,0.8984375,0.20833333333333337,0.1484375
0.0,0.5499999999999999,0.95,0.25,0.4166666666666667,0.5,0.8333333333333334,0.9583333333333334,0.9583333333333334,1.0,0.5,0.9166666666666666,0.8385416666666667,0.5416666666666667,0.42187500000000006
0.0,0.5499999999999999,0.95,0.25,0.7916666666666666,0.7916666666666666,1.0,1.0,1.0,1.0,0.20833333333333334,1.0,0.9479166666666666,0.20833333333333337,0.15625
0.0,0.5499999999999999,0.95,0.25,0.5,0.5,1.0,1.0,1.0,1.0,0.5,1.0,0.875,0.5,0.375
0.0,0.5499999999999999,0.95,0.25,0.875,0.875,1.0,1.0,1.0,1.0,0.125,1.0,0.96875,0.125,0.09375
0.0,0.5499999999999999,0.95,0.25,0.7916666666666666,0.7916666666666666,1.0,0.9583333333333334,0.9583333333333334,1.0,0.20833333333333334,0.8,0.9084201388888888,0.16666666666666674,0.11675347222222221
0.0,0.6,0.95,0.25,0.5729166666666666,0.625,0.9166666666666666,0.9583333333333334,0.9583333333333334,1.0,0.375,0.8888888888888888,0.8684895833333334,0.38541666666666674,0.29557291666666674
0.0,0.6,0.95,0.25,0.875,0.875,1.0,1.0,1.0,1.0,0.125,1.0,0.96875,0.125,0.09375
0.0,0.6,0.95,0.25,0.5347222222222222,0.5833333333333334,0.9166666666666666,0.9583333333333334,0.9583333333333334,1.0,0.4166666666666667,0.9,0.8585069444444445,0.42361111111111116,0.3237847222222223
0.0,0.6,0.95,0.25,0.9166666666666666,0.9166666666666666,1.0,0.9583333333333334,0.9583333333333334,1.0,0.08333333333333333,0.5,0.9383680555555556,0.04166666666666674,0.02170138888888895
0.0,0.6,0.95,0.25,0.7083333333333334,0.7083333333333334,1.0,0.9583333333333334,0.9583333333333334,1.0,0.2916666666666667,0.8571428571428571,0.8884548611111112,0.25,0.1801215277777778
0.0,0.6,0.95,0.25,0.875,0.875,1.0,1.0,1.0,1.0,0.125,1.0,0.96875,0.125,0.09375
0.0,0.6,0.95,0.25,0.49652777777777773,0.5416666666666666,0.9166666666666666,1.0,1.0,1.0,0.4583333333333333,1.0,0.8854166666666666,0.5034722222222223,0.3888888888888889
0.0,0.6,0.95,0.25,0.5,0.5,1.0,0.9166666666666666,0.9166666666666666,1.0,0.5,0.8333333333333334,0.8020833333333333,0.41666666666666663,0.30208333333333326
0.0,0.6,0.95,0.25,0.6666666666666666,0.6666666666666666,1.0,0.9583333333333334,0.9583333333333334,1.0,0.3333333333333333,0.875,0.8784722222222222,0.29166666666666674,0.21180555555555558
0.0,0.6,0.95,0.25,0.36111111111111105,0.5416666666666666,0.6666666666666666,0.9166666666666666,0.9166666666666666,1.0,0.4583333333333333,0.8181818181818182,0.8116319444444444,0.5555555555555556,0.45052083333333337
0.0,0.6,0.95,0.25,0.7916666666666666,0.7916666666666666,1.0,1.0,1.0,1.0,0.20833333333333334,1.0,0.9479166666666666,0.20833333333333337,0.15625
0.0,0.6,0.95,0.25,0.5833333333333334,0.5833333333333334,1.0,0.9583333333333334,0.9583333333333334,1.0,0.4166666666666667,0.9,0.8585069444444445,0.375,0.27517361111111116
0.0,0.6,0.95,0.25,0.625,0.625,1.0,1.0,1.0,1.0,0.375,1.0,0.90625,0.375,0.28125
0.0,0.6,0.95,0.25,0.7916666666666666,0.7916666666666666,1.0,1.0,1.0,1.0,0.20833333333333334,1.0,0.9479166666666666,0.20833333333333337,0.15625
0.0,0.6,0.95,0.25,0.75,0.75,1.0,1.0,1.0,1.0,0.25,1.0,0.9375,0.25,0.1875
0.0,0.6,0.95,0.25,0.5347222222222222,0.5833333333333334,0.9166666666666666,1.0,1.0,1.0,0.4166666666666667,1.0,0.8958333333333334,0.4652777777777778,0.36111111111111116
0.0,0.6,0.95,0.25,0.625,0.625,1.0,0.9583333333333334,0.9583333333333334,1.0,0.375,0.8888888888888888,0.8684895833333334,0.33333333333333337,0.24348958333333337
0.0,0.6,0.95,0.25,0.75,0.75,1.0,1.0,1.0,1.0,0.25,1.0,0.9375,0.25,0.1875
0.0,0.6,0.95,0.25,0.7083333333333334,0.7083333333333334,1.0,1.0,1.0,1.0,0.2916666666666667,1.0,0.9270833333333334,0.29166666666666663,0.21875
0.0,0.6,0.95,0.25,0.7083333333333334,0.7083333333333334,1.0,1.0,1.0,1.0,0.2916666666666667,1.0,0.9270833333333334,0.29166666666666663,0.21875
0.0,0.6,0.95,0.25,0.6493055555555556,0.7083333333333334,0.9166666666666666,1.0,1.0,1.0,0.2916666666666667,1.0,0.9270833333333334,0.3506944444444444,0.2777777777777778
0.0,0.6,0.95,0.25,0.625,0.625,1.0,1.0,1.0,1.0,0.375,1.0,0.90625,0.375,0.28125
0.0,0.6,0.95,0.25,0.3333333333333333,0.5,0.6666666666666666,0.9583333333333334,0.9583333333333334,1.0,0.5,0.9166666666666666,0.8385416666666667,0.625,0.5052083333333335
0.0,0.6,0.95,0.25,0.6666666666666666,0.6666666666666666,1.0,0.9166666666666666,0.9166666666666666,1.0,0.3333333333333333,0.75,0.8402777777777777,0.25,0.17361111111111105
0.0,0.6,0.95,0.25,0.8333333333333334,0.8333333333333334,1.0,1.0,1.0,1.0,0.16666666666666666,1.0,0.9583333333333334,0.16666666666666663,0.125
0.0,0.6499999999999999,0.95,0.25,0.7083333333333334,0.7083333333333334,1.0,1.0,1.0,1.0,0.2916666666666667,1.0,0.9270833333333334,0.29166666666666663,0.21875
0.0,0.6499999999999999,0.95,0.25,0.6666666666666666,0.6666666666666666,1.0,0.9583333333333334,0.9583333333333334,1.0,0.3333333333333333,0.875,0.8784722222222222,0.29166666666666674,0.21180555555555558
0.0,0.6499999999999999,0.95,0.25,0.75,0.75,1.0,0.9583333333333334,0.9583333333333334,1.0,0.25,0.8333333333333334,0.8984375,0.20833333333333337,0.1484375
0.0,0.6499999999999999,0.95,0.25,0.5416666666666666,0.5416666666666666,1.0,0.9583333333333334,0.9583333333333334,1.0,0.4583333333333333,0.9090909090909091,0.8485243055555556,0.41666666666666674,0.30685763888888895
0.0,0.6499999999999999,0.95,0.25,0.5729166666666666,0.625,0.9166666666666666,1.0,1.0,1.0,0.375,1.0,0.90625,0.42708333333333337,0.33333333333333337
0.0,0.6499999999999999,0.95,0.25,0.6666666666666666,0.6666666666666666,1.0,0.9583333333333334,0.9583333333333334,1.0,0.3333333333333333,0.875,0.8784722222222222,0.29166666666666674,0.21180555555555558
0.0,0.6499999999999999,0.95,0.25,0.75,0.75,1.0,1.0,1.0,1.0,0.25,1.0,0.9375,0.25,0.1875
0.0,0.6499999999999999,0.95,0.25,0.875,0.875,1.0,1.0,1.0,1.0,0.125,1.0,0.96875,0.125,0.09375
0.0,0.6499999999999999,0.95,0.25,0.4513888888888889,0.5416666666666666,0.8333333333333334,1.0,1.0,1.0,0.4583333333333333,1.0,0.8854166666666666,0.5486111111111112,0.43402777777777773
0.0,0.6499999999999999,0.95,0.25,0.7083333333333334,0.7083333333333334,1.0,0.9583333333333334,0.9583333333333334,1.0,0.2916666666666667,0.8571428571428571,0.8884548611111112,0.25,0.1801215277777778
0.0,0.6499999999999999,0.95,0.25,0.75,0.75,1.0,1.0,1.0,1.0,0.25,1.0,0.9375,0.25,0.1875
0.0,0.6499999999999999,0.95,0.25,0.5347222222222222,0.5833333333333334,0.9166666666666666,1.0,1.0,1.0,0.4166666666666667,1.0,0.8958333333333334,0.4652777777777778,0.36111111111111116
0.0,0.6499999999999999,0.95,0.25,0.7916666666666666,0.7916666666666666,1.0,1.0,1.0,1.0,0.20833333333333334,1.0,0.9479166666666666,0.20833333333333337,0.15625
0.0,0.6499999999999999,0.95,0.25,0.4583333333333333,0.5,0.9166666666666666,1.0,1.0,1.0,0.5,1.0,0.875,0.5416666666666667,0.4166666666666667
0.0,0.6499999999999999,0.95,0.25,0.5,0.5,1.0,0.9583333333333334,0.9583333333333334,1.0,0.5,0.9166666666666666,0.8385416666666667,0.45833333333333337,0.33854166666666674
0.0,0.6499999999999999,0.95,0.25,0.75,0.75,1.0,1.0,1.0,1.0,0.25,1.0,0.9375,0.25,0.1875
0.0,0.6499999999999999,0.95,0.25,0.75,0.75,1.0,1.0,1.0,1.0,0.25,1.0,0.9375,0.25,0.1875
0.0,0.6499999999999999,0.95,0.25,0.7916666666666666,0.7916666666666666,1.0,1.0,1.0,1.0,0.20833333333333334,1.0,0.9479166666666666,0.20833333333333337,0.15625
0.0,0.6499999999999999,0.95,0.25,0.5729166666666666,0.625,0.9166666666666666,1.0,1.0,1.0,0.375,1.0,0.90625,0.42708333333333337,0.33333333333333337
0.0,0.6499999999999999,0.95,0.25,0.625,0.625,1.0,1.0,1.0,1.0,0.375,1.0,0.90625,0.375,0.28125
0.0,0.6499999999999999,0.95,0.25,0.7083333333333334,0.7083333333333334,1.0,1.0,1.0,1.0,0.2916666666666667,1.0,0.9270833333333334,0.29166666666666663,0.21875
0.0,0.6499999999999999,0.95,0.25,0.7083333333333334,0.7083333333333334,1.0,1.0,1.0,1.0,0.2916666666666667,1.0,0.9270833333333334,0.29166666666666663,0.21875
0.0,0.6499999999999999,0.95,0.25,0.48611111111111116,0.5833333333333334,0.8333333333333334,1.0,1.0,1.0,0.4166666666666667,1.0,0.8958333333333334,0.5138888888888888,0.4097222222222222
0.0,0.6499999999999999,0.95,0.25,0.611111111111111,0.6666666666666666,0.9166666666666666,1.0,1.0,1.0,0.3333333333333333,1.0,0.9166666666666666,0.38888888888888895,0.3055555555555556
0.0,0.6499999999999999,0.95,0.25,0.6666666666666666,0.6666666666666666,1.0,1.0,1.0,1.0,0.3333333333333333,1.0,0.9166666666666666,0.33333333333333337,0.25
0.0,0.7,0.95,0.25,0.625,0.625,1.0,1.0,1.0,1.0,0.375,1.0,0.90625,0.375,0.28125
0.0,0.7,0.95,0.25,0.7083333333333334,0.7083333333333334,1.0,1.0,1.0,1.0,0.2916666666666667,1.0,0.9270833333333334,0.29166666666666663,0.21875
0.0,0.7,0.95,0.25,0.611111111111111,0.6666666666666666,0.9166666666666666,1.0,1.0,1.0,0.3333333333333333,1.0,0.9166666666666666,0.38888888888888895,0.3055555555555556
0.0,0.7,0.95,0.25,0.75,0.75,1.0,1.0,1.0,1.0,0.25,1.0,0.9375,0.25,0.1875
0.0,0.7,0.95,0.25,0.6666666666666666,0.6666666666666666,1.0,0.9166666666666666,0.9166666666666666,1.0,0.3333333333333333,0.75,0.8402777777777777,0.25,0.17361111111111105
0.0,0.7,0.95,0.25,0.6666666666666666,0.6666666666666666,1.0,1.0,1.0,1.0,0.3333333333333333,1.0,0.9166666666666666,0.33333333333333337,0.25
0.0,0.7,0.95,0.25,0.5416666666666666,0.5416666666666666,1.0,1.0,1.0,1.0,0.4583333333333333,1.0,0.8854166666666666,0.45833333333333337,0.34375
0.0,0.7,0.95,0.25,0.5208333333333334,0.625,0.8333333333333334,0.875,0.875,1.0,0.375,0.6666666666666666,0.79296875,0.35416666666666663,0.27213541666666663
0.0,0.7,0.95,0.25,0.5833333333333334,0.5833333333333334,1.0,0.9583333333333334,0.9583333333333334,1.0,0.4166666666666667,0.9,0.8585069444444445,0.375,0.27517361111111116
0.0,0.7,0.95,0.25,0.7083333333333334,0.7083333333333334,1.0,0.9583333333333334,0.9583333333333334,1.0,0.2916666666666667,0.8571428571428571,0.8884548611111112,0.25,0.1801215277777778
0.0,0.7,0.95,0.25,0.5347222222222222,0.5833333333333334,0.9166666666666666,1.0,1.0,1.0,0.4166666666666667,1.0,0.8958333333333334,0.4652777777777778,0.36111111111111116
0.0,0.7,0.95,0.25,0.5,0.5,1.0,1.0,1.0,1.0,0.5,1.0,0.875,0.5,0.375
0.0,0.7,0.95,0.25,0.75,0.75,1.0,1.0,1.0,1.0,0.25,1.0,0.9375,0.25,0.1875
0.0,0.7,0.95,0.25,0.75,0.75,1.0,1.0,1.0,1.0,0.25,1.0,0.9375,0.25,0.1875
0.0,0.7,0.95,0.25,0.7083333333333334,0.7083333333333334,1.0,1.0,1.0,1.0,0.2916666666666667,1.0,0.9270833333333334,0.29166666666666663,0.21875
0.0,0.7,0.95,0.25,0.5416666666666666,0.5416666666666666,1.0,1.0,1.0,1.0,0.4583333333333333,1.0,0.8854166666666666,0.45833333333333337,0.34375
0.0,0.7,0.95,0.25,0.7083333333333334,0.7083333333333334,1.0,1.0,1.0,1.0,0.2916666666666667,1.0,0.9270833333333334,0.29166666666666663,0.21875
0.0,0.7,0.95,0.25,0.5833333333333334,0.5833333333333334,1.0,1.0,1.0,1.0,0.4166666666666667,1.0,0.8958333333333334,0.41666666666666663,0.3125
0.0,0.7,0.95,0.25,0.75,0.75,1.0,0.9583333333333334,0.9583333333333334,1.0,0.25,0.8333333333333334,0.8984375,0.20833333333333337,0.1484375
0.0,0.7,0.95,0.25,0.5347222222222222,0.5833333333333334,0.9166666666666666,1.0,1.0,1.0,0.4166666666666667,1.0,0.8958333333333334,0.4652777777777778,0.36111111111111116
0.0,0.7,0.95,0.25,0.875,0.875,1.0,1.0,1.0,1.0,0.125,1.0,0.96875,0.125,0.09375
0.0,0.7,0.95,0.25,0.625,0.625,1.0,1.0,1.0,1.0,0.375,1.0,0.90625,0.375,0.28125
0.0,0.7,0.95,0.25,0.75,0.75,1.0,0.9583333333333334,0.9583333333333334,1.0,0.25,0.8333333333333334,0.8984375,0.20833333333333337,0.1484375
0.0,0.7,0.95,0.25,0.5833333333333334,0.5833333333333334,1.0,1.0,1.0,1.0,0.4166666666666667,1.0,0.8958333333333334,0.41666666666666663,0.3125
0.0,0.7,0.95,0.25,0.4583333333333333,0.5,0.9166666666666666,0.9583333333333334,0.9583333333333334,1.0,0.5,0.9166666666666666,0.8385416666666667,0.5,0.3802083333333334
0.0,0.0,0.95,0.5,1.0,1.0,1.0,1.0,1.0,1.0,0.0,1.0,1.0,0.0,0.0
0.0,0.0,0.95,0.5,1.0,1.0,1.0,1.0,1.0,1.0,0.0,1.0,1.0,0.0,0.0
0.0,0.0,0.95,0.5,1.0,1.0,1.0,1.0,1.0,1.0,0.0,1.0,1.0,0.0,0.0
0.0,0.0,0.95,0.5,1.0,1.0,1.0,1.0,1.0,1.0,0.0,1.0,1.0,0.0,0.0
0.0,0.0,0.95,0.5,1.0,1.0,1.0,1.0,1.0,1.0,0.0,1.0,1.0,0.0,0.0
0.0,0.0,0.95,0.5,1.0,1.0,1.0,1.0,1.0,1.0,0.0,1.0,1.0,0.0,0.0
0.0,0.0,0.95,0.5,1.0,1.0,1.0,1.0,1.0,1.0,0.0,1.0,1.0,0.0,0.0
0.0,0.0,0.95,0.5,1.0,1.0,1.0,1.0,1.0,1.0,0.0,1.0,1.0,0.0,0.0
0.0,0.0,0.95,0.5,1.0,1.0,1.0,1.0,1.0,1.0,0.0,1.0,1.0,0.0,0.0
0.0,0.0,0.95,0.5,1.0,1.0,1.0,1.0,1.0,1.0,0.0,1.0,1.0,0.0,0.0
0.0,0.0,0.95,0.5,1.0,1.0,1.0,1.0,1.0,1.0,0.0,1.0,1.0,0.0,0.0
0.0,0.0,0.95,0.5,1.0,1.0,1.0,1.0,1.0,1.0,0.0,1.0,1.0,0.0,0.0
0.0,0.0,0.95,0.5,1.0,1.0,1.0,1.0,1.0,1.0,0.0,1.0,1.0,0.0,0.0
0.0,0.0,0.95,0.5,1.0,1.0,1.0,1.0,1.0,1.0,0.0,1.0,1.0,0.0,0.0
0.0,0.0,0.95,0.5,1.0,1.0,1.0,1.0,1.0,1.0,0.0,1.0,1.0,0.0,0.0
0.0,0.0,0.95,0.5,1.0,1.0,1.0,1.0,1.0,1.0,0.0,1.0,1.0,0.0,0.0
0.0,0.0,0.95,0.5,1.0,1.0,1.0,1.0,1.0,1.0,0.0,1.0,1.0,0.0,0.0
0.0,0.0,0.95,0.5,1.0,1.0,1.0,1.0,1.0,1.0,0.0,1.0,1.0,0.0,0.0
0.0,0.0,0.95,0.5,1.0,1.0,1.0,1.0,1.0,1.0,0.0,1.0,1.0,0.0,0.0
0.0,0.0,0.95,0.5,1.0,1.0,1.0,1.0,1.0,1.0,0.0,1.0,1.0,0.0,0.0
0.0,0.0,0.95,0.5,1.0,1.0,1.0,1.0,1.0,1.0,0.0,1.0,1.0,0.0,0.0
0.0,0.0,0.95,0.5,1.0,1.0,1.0,1.0,1.0,1.0,0.0,1.0,1.0,0.0,0.0
0.0,0.0,0.95,0.5,1.0,1.0,1.0,1.0,1.0,1.0,0.0,1.0,1.0,0.0,0.0
0.0,0.0,0.95,0.5,1.0,1.0,1.0,1.0,1.0,1.0,0.0,1.0,1.0,0.0,0.0
0.0,0.0,0.95,0.5,1.0,1.0,1.0,1.0,1.0,1.0,0.0,1.0,1.0,0.0,0.0
0.0,0.049999999999999996,0.95,0.5,1.0,1.0,1.0,1.0,1.0,1.0,0.0,1.0,1.0,0.0,0.0
0.0,0.049999999999999996,0.95,0.5,0.9583333333333334,0.9583333333333334,1.0,1.0,1.0,1.0,0.041666666666666664,1.0,0.9791666666666666,0.04166666666666663,0.02083333333333326
0.0,0.049999999999999996,0.95,0.5,0.9583333333333334,0.9583333333333334,1.0,1.0,1.0,1.0,0.041666666666666664,1.0,0.9791666666666666,0.04166666666666663,0.02083333333333326
0.0,0.049999999999999996,0.95,0.5,0.9583333333333334,0.9583333333333334,1.0,1.0,1.0,1.0,0.041666666666666664,1.0,0.9791666666666666,0.04166666666666663,0.02083333333333326
0.0,0.049999999999999996,0.95,0.5,0.9583333333333334,0.9583333333333334,1.0,1.0,1.0,1.0,0.041666666666666664,1.0,0.9791666666666666,0.04166666666666663,0.02083333333333326
0.0,0.049999999999999996,0.95,0.5,0.9583333333333334,0.9583333333333334,1.0,1.0,1.0,1.0,0.041666666666666664,1.0,0.9791666666666666,0.04166666666666663,0.02083333333333326
0.0,0.049999999999999996,0.95,0.5,0.9583333333333334,0.9583333333333334,1.0,1.0,1.0,1.0,0.041666666666666664,1.0,0.9791666666666666,0.04166666666666663,0.02083333333333326
0.0,0.049999999999999996,0.95,0.5,0.9166666666666666,0.9166666666666666,1.0,1.0,1.0,1.0,0.08333333333333333,1.0,0.9583333333333334,0.08333333333333337,0.04166666666666674
0.0,0.049999999999999996,0.95,0.5,0.9583333333333334,0.9583333333333334,1.0,1.0,1.0,1.0,0.041666666666666664,1.0,0.9791666666666666,0.04166666666666663,0.02083333333333326
0.0,0.049999999999999996,0.95,0.5,0.9166666666666666,0.9166666666666666,1.0,1.0,1.0,1.0,0.08333333333333333,1.0,0.9583333333333334,0.08333333333333337,0.04166666666666674
0.0,0.049999999999999996,0.95,0.5,0.9583333333333334,0.9583333333333334,1.0,1.0,1.0,1.0,0.041666666666666664,1.0,0.9791666666666666,0.04166666666666663,0.02083333333333326
0.0,0.049999999999999996,0.95,0.5,1.0,1.0,1.0,1.0,1.0,1.0,0.0,1.0,1.0,0.0,0.0
0.0,0.049999999999999996,0.95,0.5,1.0,1.0,1.0,1.0,1.0,1.0,0.0,1.0,1.0,0.0,0.0
0.0,0.049999999999999996,0.95,0.5,0.9166666666666666,0.9166666666666666,1.0,0.9583333333333334,0.9583333333333334,1.0,0.08333333333333333,0.5,0.9184027777777779,0.04166666666666674,0.0017361111111112715
0.0,0.049999999999999996,0.95,0.5,0.9583333333333334,0.9583333333333334,1.0,1.0,1.0,1.0,0.041666666666666664,1.0,0.9791666666666666,0.04166666666666663,0.02083333333333326
0.0,0.049999999999999996,0.95,0.5,1.0,1.0,1.0,1.0,1.0,1.0,0.0,1.0,1.0,0.0,0.0
0.0,0.049999999999999996,0.95,0.5,0.9583333333333334,0.9583333333333334,1.0,1.0,1.0,1.0,0.041666666666666664,1.0,0.9791666666666666,0.04166666666666663,0.02083333333333326
0.0,0.049999999999999996,0.95,0.5,1.0,1.0,1.0,1.0,1.0,1.0,0.0,1.0,1.0,0.0,0.0
0.0,0.049999999999999996,0.95,0.5,0.9166666666666666,0.9166666666666666,1.0,1.0,1.0,1.0,0.08333333333333333,1.0,0.9583333333333334,0.08333333333333337,0.04166666666666674
0.0,0.049999999999999996,0.95,0.5,0.9583333333333334,0.9583333333333334,1.0,1.0,1.0,1.0,0.041666666666666664,1.0,0.9791666666666666,0.04166666666666663,0.02083333333333326
0.0,0.049999999999999996,0.95,0.5,1.0,1.0,1.0,1.0,1.0,1.0,0.0,1.0,1.0,0.0,0.0
0.0,0.049999999999999996,0.95,0.5,1.0,1.0,1.0,1.0,1.0,1.0,0.0,1.0,1.0,0.0,0.0
0.0,0.049999999999999996,0.95,0.5,0.9583333333333334,0.9583333333333334,1.0,1.0,1.0,1.0,0.041666666666666664,1.0,0.9791666666666666,0.04166666666666663,0.02083333333333326
0.0,0.049999999999999996,0.95,0.5,1.0,1.0,1.0,1.0,1.0,1.0,0.0,1.0,1.0,0.0,0.0
0.0,0.049999999999999996,0.95,0.5,1.0,1.0,1.0,1.0,1.0,1.0,0.0,1.0,1.0,0.0,0.0
0.0,0.09999999999999999,0.95,0.5,1.0,1.0,1.0,1.0,1.0,1.0,0.0,1.0,1.0,0.0,0.0
0.0,0.09999999999999999,0.95,0.5,1.0,1.0,1.0,1.0,1.0,1.0,0.0,1.0,1.0,0.0,0.0
0.0,0.09999999999999999,0.95,0.5,0.9583333333333334,0.9583333333333334,1.0,1.0,1.0,1.0,0.041666666666666664,1.0,0.9791666666666666,0.04166666666666663,0.02083333333333326
0.0,0.09999999999999999,0.95,0.5,0.9583333333333334,0.9583333333333334,1.0,1.0,1.0,1.0,0.041666666666666664,1.0,0.9791666666666666,0.04166666666666663,0.02083333333333326
0.0,0.09999999999999999,0.95,0.5,0.9166666666666666,0.9166666666666666,1.0,1.0,1.0,1.0,0.08333333333333333,1.0,0.9583333333333334,0.08333333333333337,0.04166666666666674
0.0,0.09999999999999999,0.95,0.5,0.9583333333333334,0.9583333333333334,1.0,1.0,1.0,1.0,0.041666666666666664,1.0,0.9791666666666666,0.04166666666666663,0.02083333333333326
0.0,0.09999999999999999,0.95,0.5,1.0,1.0,1.0,1.0,1.0,1.0,0.0,1.0,1.0,0.0,0.0
0.0,0.09999999999999999,0.95,0.5,0.8333333333333334,0.8333333333333334,1.0,1.0,1.0,1.0,0.16666666666666666,1.0,0.9166666666666666,0.16666666666666663,0.08333333333333326
0.0,0.09999999999999999,0.95,0.5,1.0,1.0,1.0,1.0,1.0,1.0,0.0,1.0,1.0,0.0,0.0
0.0,0.09999999999999999,0.95,0.5,0.9166666666666666,0.9166666666666666,1.0,1.0,1.0,1.0,0.08333333333333333,1.0,0.9583333333333334,0.08333333333333337,0.04166666666666674
0.0,0.09999999999999999,0.95,0.5,0.9166666666666666,0.9166666666666666,1.0,1.0,1.0,1.0,0.08333333333333333,1.0,0.9583333333333334,0.08333333333333337,0.04166666666666674
0.0,0.09999999999999999,0.95,0.5,0.875,0.875,1.0,1.0,1.0,1.0,0.125,1.0,0.9375,0.125,0.0625
0.0,0.09999999999999999,0.95,0.5,0.9166666666666666,0.9166666666666666,1.0,1.0,1.0,1.0,0.08333333333333333,1.0,0.9583333333333334,0.08333333333333337,0.04166666666666674
0.0,0.09999999999999999,0.95,0.5,0.9583333333333334,0.9583333333333334,1.0,1.0,1.0,1.0,0.041666666666666664,1.0,0.9791666666666666,0.04166666666666663,0.02083333333333326
0.0,0.09999999999999999,0.95,0.5,0.9583333333333334,0.9583333333333334,1.0,1.0,1.0,1.0,0.041666666666666664,1.0,0.9791666666666666,0.04166666666666663,0.02083333333333326
0.0,0.09999999999999999,0.95,0.5,1.0,1.0,1.0,1.0,1.0,1.0,0.0,1.0,1.0,0.0,0.0
0.0,0.09999999999999999,0.95,0.5,0.7916666666666666,0.7916666666666666,1.0,1.0,1.0,1.0,0.20833333333333334,1.0,0.8958333333333334,0.20833333333333337,0.10416666666666674
0.0,0.09999999999999999,0.95,0.5,0.9166666666666666,0.9166666666666666,1.0,1.0,1.0,1.0,0.08333333333333333,1.0,0.9583333333333334,0.08333333333333337,0.04166666666666674
0.0,0.09999999999999999,0.95,0.5,1.0,1.0,1.0,1.0,1.0,1.0,0.0,1.0,1.0,0.0,0.0
0.0,0.09999999999999999,0.95,0.5,1.0,1.0,1.0,1.0,1.0,1.0,0.0,1.0,1.0,0.0,0.0
0.0,0.09999999999999999,0.95,0.5,0.9166666666666666,0.9166666666666666,1.0,1.0,1.0,1.0,0.08333333333333333,1.0,0.9583333333333334,0.08333333333333337,0.04166666666666674
0.0,0.09999999999999999,0.95,0.5,1.0,1.0,1.0,1.0,1.0,1.0,0.0,1.0,1.0,0.0,0.0
0.0,0.09999999999999999,0.95,0.5,1.0,1.0,1.0,1.0,1.0,1.0,0.0,1.0,1.0,0.0,0.0
0.0,0.09999999999999999,0.95,0.5,0.8333333333333334,0.8333333333333334,1.0,1.0,1.0,1.0,0.16666666666666666,1.0,0.9166666666666666,0.16666666666666663,0.08333333333333326
0.0,0.09999999999999999,0.95,0.5,0.875,0.875,1.0,1.0,1.0,1.0,0.125,1.0,0.9375,0.125,0.0625
0.0,0.15,0.95,0.5,0.75,0.75,1.0,1.0,1.0,1.0,0.25,1.0,0.875,0.25,0.125
0.0,0.15,0.95,0.5,0.9166666666666666,0.9166666666666666,1.0,1.0,1.0,1.0,0.08333333333333333,1.0,0.9583333333333334,0.08333333333333337,0.04166666666666674
0.0,0.15,0.95,0.5,0.9166666666666666,0.9166666666666666,1.0,0.9583333333333334,0.9583333333333334,1.0,0.08333333333333333,0.5,0.9184027777777779,0.04166666666666674,0.0017361111111112715
0.0,0.15,0.95,0.5,0.7916666666666666,0.7916666666666666,1.0,0.9583333333333334,0.9583333333333334,1.0,0.20833333333333334,0.8,0.8585069444444445,0.16666666666666674,0.0668402777777779
0.0,0.15,0.95,0.5,0.9166666666666666,0.9166666666666666,1.0,1.0,1.0,1.0,0.08333333333333333,1.0,0.9583333333333334,0.08333333333333337,0.04166666666666674
0.0,0.15,0.95,0.5,0.875,0.875,1.0,1.0,1.0,1.0,0.125,1.0,0.9375,0.125,0.0625
0.0,0.15,0.95,0.5,0.875,0.875,1.0,1.0,1.0,1.0,0.125,1.0,0.9375,0.125,0.0625
0.0,0.15,0.95,0.5,0.9166666666666666,0.9166666666666666,1.0,1.0,1.0,1.0,0.08333333333333333,1.0,0.9583333333333334,0.08333333333333337,0.04166666666666674
0.0,0.15,0.95,0.5,0.875,0.875,1.0,1.0,1.0,1.0,0.125,1.0,0.9375,0.125,0.0625
0.0,0.15,0.95,0.5,0.9583333333333334,0.9583333333333334,1.0,1.0,1.0,1.0,0.041666666666666664,1.0,0.9791666666666666,0.04166666666666663,0.02083333333333326
0.0,0.15,0.95,0.5,0.9583333333333334,0.9583333333333334,1.0,1.0,1.0,1.0,0.041666666666666664,1.0,0.9791666666666666,0.04166666666666663,0.02083333333333326
0.0,0.15,0.95,0.5,0.9583333333333334,0.9583333333333334,1.0,1.0,1.0,1.0,0.041666666666666664,1.0,0.9791666666666666,0.04166666666666663,0.02083333333333326
0.0,0.15,0.95,0.5,0.875,0.875,1.0,1.0,1.0,1.0,0.125,1.0,0.9375,0.125,0.0625
0.0,0.15,0.95,0.5,1.0,1.0,1.0,1.0,1.0,1.0,0.0,1.0,1.0,0.0,0.0
0.0,0.15,0.95,0.5,0.875,0.875,1.0,1.0,1.0,1.0,0.125,1.0,0.9375,0.125,0.0625
0.0,0.15,0.95,0.5,0.9166666666666666,0.9166666666666666,1.0,1.0,1.0,1.0,0.08333333333333333,1.0,0.9583333333333334,0.08333333333333337,0.04166666666666674
0.0,0.15,0.95,0.5,0.875,0.875,1.0,1.0,1.0,1.0,0.125,1.0,0.9375,0.125,0.0625
0.0,0.15,0.95,0.5,0.9166666666666666,0.9166666666666666,1.0,1.0,1.0,1.0,0.08333333333333333,1.0,0.9583333333333334,0.08333333333333337,0.04166666666666674
0.0,0.15,0.95,0.5,0.875,0.875,1.0,1.0,1.0,1.0,0.125,1.0,0.9375,0.125,0.0625
0.0,0.15,0.95,0.5,0.9583333333333334,0.9583333333333334,1.0,1.0,1.0,1.0,0.041666666666666664,1.0,0.9791666666666666,0.04166666666666663,0.02083333333333326
0.0,0.15,0.95,0.5,1.0,1.0,1.0,1.0,1.0,1.0,0.0,1.0,1.0,0.0,0.0
0.0,0.15,0.95,0.5,1.0,1.0,1.0,1.0,1.0,1.0,0.0,1.0,1.0,0.0,0.0
0.0,0.15,0.95,0.5,0.9166666666666666,0.9166666666666666,1.0,1.0,1.0,1.0,0.08333333333333333,1.0,0.9583333333333334,0.08333333333333337,0.04166666666666674
0.0,0.15,0.95,0.5,0.9166666666666666,0.9166666666666666,1.0,1.0,1.0,1.0,0.08333333333333333,1.0,0.9583333333333334,0.08333333333333337,0.04166666666666674
0.0,0.15,0.95,0.5,0.9583333333333334,0.9583333333333334,1.0,1.0,1.0,1.0,0.041666666666666664,1.0,0.9791666666666666,0.04166666666666663,0.02083333333333326
0.0,0.19999999999999998,0.95,0.5,0.875,0.875,1.0,0.9583333333333334,0.9583333333333334,1.0,0.125,0.6666666666666666,0.8984375,0.08333333333333337,0.0234375
0.0,0.19999999999999998,0.95,0.5,0.875,0.875,1.0,1.0,1.0,1.0,0.125,1.0,0.9375,0.125,0.0625
0.0,0.19999999999999998,0.95,0.5,0.7083333333333334,0.7083333333333334,1.0,1.0,1.0,1.0,0.2916666666666667,1.0,0.8541666666666666,0.29166666666666663,0.14583333333333326
0.0,0.19999999999999998,0.95,0.5,0.9166666666666666,0.9166666666666666,1.0,1.0,1.0,1.0,0.08333333333333333,1.0,0.9583333333333334,0.08333333333333337,0.04166666666666674
0.0,0.19999999999999998,0.95,0.5,0.7638888888888888,0.8333333333333334,0.9166666666666666,0.9583333333333334,0.9583333333333334,1.0,0.16666666666666666,0.75,0.8784722222222222,0.19444444444444453,0.11458333333333337
0.0,0.19999999999999998,0.95,0.5,0.9583333333333334,0.9583333333333334,1.0,1.0,1.0,1.0,0.041666666666666664,1.0,0.9791666666666666,0.04166666666666663,0.02083333333333326
0.0,0.19999999999999998,0.95,0.5,0.7916666666666666,0.7916666666666666,1.0,1.0,1.0,1.0,0.20833333333333334,1.0,0.8958333333333334,0.20833333333333337,0.10416666666666674
0.0,0.19999999999999998,0.95,0.5,0.8333333333333334,0.8333333333333334,1.0,1.0,1.0,1.0,0.16666666666666666,1.0,0.9166666666666666,0.16666666666666663,0.08333333333333326
0.0,0.19999999999999998,0.95,0.5,0.9166666666666666,0.9166666666666666,1.0,1.0,1.0,1.0,0.08333333333333333,1.0,0.9583333333333334,0.08333333333333337,0.04166666666666674
0.0,0.19999999999999998,0.95,0.5,0.9166666666666666,0.9166666666666666,1.0,1.0,1.0,1.0,0.08333333333333333,1.0,0.9583333333333334,0.08333333333333337,0.04166666666666674
0.0,0.19999999999999998,0.95,0.5,0.9583333333333334,0.9583333333333334,1.0,1.0,1.0,1.0,0.041666666666666664,1.0,0.9791666666666666,0.04166666666666663,0.02083333333333326
0.0,0.19999999999999998,0.95,0.5,1.0,1.0,1.0,1.0,1.0,1.0,0.0,1.0,1.0,0.0,0.0
0.0,0.19999999999999998,0.95,0.5,0.8333333333333334,0.8333333333333334,1.0,1.0,1.0,1.0,0.16666666666666666,1.0,0.9166666666666666,0.16666666666666663,0.08333333333333326
0.0,0.19999999999999998,0.95,0.5,0.9166666666666666,0.9166666666666666,1.0,1.0,1.0,1.0,0.08333333333333333,1.0,0.9583333333333334,0.08333333333333337,0.04166666666666674
0.0,0.19999999999999998,0.95,0.5,0.9583333333333334,0.9583333333333334,1.0,0.9583333333333334,0.9583333333333334,1.0,0.041666666666666664,0.0,0.9383680555555556,0.0,-0.01996527777777779
0.0,0.19999999999999998,0.95,0.5,0.9583333333333334,0.9583333333333334,1.0,1.0,1.0,1.0,0.041666666666666664,1.0,0.9791666666666666,0.04166666666666663,0.02083333333333326
0.0,0.19999999999999998,0.95,0.5,0.9166666666666666,0.9166666666666666,1.0,1.0,1.0,1.0,0.08333333333333333,1.0,0.9583333333333334,0.08333333333333337,0.04166666666666674
0.0,0.19999999999999998,0.95,0.5,0.9166666666666666,0.9166666666666666,1.0,1.0,1.0,1.0,0.08333333333333333,1.0,0.9583333333333334,0.08333333333333337,0.04166666666666674
0.0,0.19999999999999998,0.95,0.5,0.9583333333333334,0.9583333333333334,1.0,1.0,1.0,1.0,0.041666666666666664,1.0,0.9791666666666666,0.04166666666666663,0.02083333333333326
0.0,0.19999999999999998,0.95,0.5,0.9166666666666666,0.9166666666666666,1.0,1.0,1.0,1.0,0.08333333333333333,1.0,0.9583333333333334,0.08333333333333337,0.04166666666666674
0.0,0.19999999999999998,0.95,0.5,0.9583333333333334,0.9583333333333334,1.0,1.0,1.0,1.0,0.041666666666666664,1.0,0.9791666666666666,0.04166666666666663,0.02083333333333326
0.0,0.19999999999999998,0.95,0.5,0.9166666666666666,0.9166666666666666,1.0,1.0,1.0,1.0,0.08333333333333333,1.0,0.9583333333333334,0.08333333333333337,0.04166666666666674
0.0,0.19999999999999998,0.95,0.5,0.9583333333333334,0.9583333333333334,1.0,1.0,1.0,1.0,0.041666666666666664,1.0,0.9791666666666666,0.04166666666666663,0.02083333333333326
0.0,0.19999999999999998,0.95,0.5,0.9166666666666666,0.9166666666666666,1.0,1.0,1.0,1.0,0.08333333333333333,1.0,0.9583333333333334,0.08333333333333337,0.04166666666666674
0.0,0.19999999999999998,0.95,0.5,0.8333333333333334,0.8333333333333334,1.0,0.9583333333333334,0.9583333333333334,1.0,0.16666666666666666,0.75,0.8784722222222222,0.125,0.04513888888888884
0.0,0.24999999999999997,0.95,0.5,0.7916666666666666,0.7916666666666666,1.0,1.0,1.0,1.0,0.20833333333333334,1.0,0.8958333333333334,0.20833333333333337,0.10416666666666674
0.0,0.24999999999999997,0.95,0.5,0.8333333333333334,0.8333333333333334,1.0,1.0,1.0,1.0,0.16666666666666666,1.0,0.9166666666666666,0.16666666666666663,0.08333333333333326
0.0,0.24999999999999997,0.95,0.5,0.8333333333333334,0.8333333333333334,1.0,1.0,1.0,1.0,0.16666666666666666,1.0,0.9166666666666666,0.16666666666666663,0.08333333333333326
0.0,0.24999999999999997,0.95,0.5,0.9583333333333334,0.9583333333333334,1.0,1.0,1.0,1.0,0.041666666666666664,1.0,0.9791666666666666,0.04166666666666663,0.02083333333333326
0.0,0.24999999999999997,0.95,0.5,0.9166666666666666,0.9166666666666666,1.0,0.9583333333333334,0.9583333333333334,1.0,0.08333333333333333,0.5,0.9184027777777779,0.04166666666666674,0.0017361111111112715
0.0,0.24999999999999997,0.95,0.5,0.8333333333333334,0.8333333333333334,1.0,0.9583333333333334,0.9583333333333334,1.0,0.16666666666666666,0.75,0.8784722222222222,0.125,0.04513888888888884
0.0,0.24999999999999997,0.95,0.5,0.875,0.875,1.0,1.0,1.0,1.0,0.125,1.0,0.9375,0.125,0.0625
0.0,0.24999999999999997,0.95,0.5,0.9583333333333334,0.9583333333333334,1.0,1.0,1.0,1.0,0.041666666666666664,1.0,0.9791666666666666,0.04166666666666663,0.02083333333333326
0.0,0.24999999999999997,0.95,0.5,0.8333333333333334,0.8333333333333334,1.0,1.0,1.0,1.0,0.16666666666666666,1.0,0.9166666666666666,0.16666666666666663,0.08333333333333326
0.0,0.24999999999999997,0.95,0.5,0.9166666666666666,0.9166666666666666,1.0,1.0,1.0,1.0,0.08333333333333333,1.0,0.9583333333333334,0.08333333333333337,0.04166666666666674
0.0,0.24999999999999997,0.95,0.5,0.9583333333333334,0.9583333333333334,1.0,1.0,1.0,1.0,0.041666666666666664,1.0,0.9791666666666666,0.04166666666666663,0.02083333333333326
0.0,0.24999999999999997,0.95,0.5,0.875,0.875,1.0,0.9583333333333334,0.9583333333333334,1.0,0.125,0.6666666666666666,0.8984375,0.08333333333333337,0.0234375
0.0,0.24999999999999997,0.95,0.5,0.7083333333333334,0.7083333333333334,1.0,1.0,1.0,1.0,0.2916666666666667,1.0,0.8541666666666666,0.29166666666666663,0.14583333333333326
0.0,0.24999999999999997,0.95,0.5,0.875,0.875,1.0,1.0,1.0,1.0,0.125,1.0,0.9375,0.125,0.0625
0.0,0.24999999999999997,0.95,0.5,0.9166666666666666,0.9166666666666666,1.0,1.0,1.0,1.0,0.08333333333333333,1.0,0.9583333333333334,0.08333333333333337,0.04166666666666674
0.0,0.24999999999999997,0.95,0.5,0.9583333333333334,0.9583333333333334,1.0,1.0,1.0,1.0,0.041666666666666664,1.0,0.9791666666666666,0.04166666666666663,0.02083333333333326
0.0,0.24999999999999997,0.95,0.5,0.875,0.875,1.0,1.0,1.0,1.0,0.125,1.0,0.9375,0.125,0.0625
0.0,0.24999999999999997,0.95,0.5,0.7916666666666666,0.7916666666666666,1.0,0.9583333333333334,0.9583333333333334,1.0,0.20833333333333334,0.8,0.8585069444444445,0.16666666666666674,0.0668402777777779
0.0,0.24999999999999997,0.95,0.5,0.9166666666666666,0.9166666666666666,1.0,1.0,1.0,1.0,0.08333333333333333,1.0,0.9583333333333334,0.08333333333333337,0.04166666666666674
0.0,0.24999999999999997,0.95,0.5,0.8333333333333334,0.8333333333333334,1.0,1.0,1.0,1.0,0.16666666666666666,1.0,0.9166666666666666,0.16666666666666663,0.08333333333333326
0.0,0.24999999999999997,0.95,0.5,0.9583333333333334,0.9583333333333334,1.0,1.0,1.0,1.0,0.041666666666666664,1.0,0.9791666666666666,0.04166666666666663,0.02083333333333326
0.0,0.24999999999999997,0.95,0.5,0.9166666666666666,0.9166666666666666,1.0,1.0,1.0,1.0,0.08333333333333333,1.0,0.9583333333333334,0.08333333333333337,0.04166666666666674
0.0,0.24999999999999997,0.95,0.5,0.9583333333333334,0.9583333333333334,1.0,1.0,1.0,1.0,0.041666666666666664,1.0,0.9791666666666666,0.04166666666666663,0.02083333333333326
0.0,0.24999999999999997,0.95,0.5,0.7916666666666666,0.7916666666666666,1.0,1.0,1.0,1.0,0.20833333333333334,1.0,0.8958333333333334,0.20833333333333337,0.10416666666666674
0.0,0.24999999999999997,0.95,0.5,0.9583333333333334,0.9583333333333334,1.0,1.0,1.0,1.0,0.041666666666666664,1.0,0.9791666666666666,0.04166666666666663,0.02083333333333326
0.0,0.3,0.95,0.5,0.875,0.875,1.0,1.0,1.0,1.0,0.125,1.0,0.9375,0.125,0.0625
0.0,0.3,0.95,0.5,0.9166666666666666,0.9166666666666666,1.0,1.0,1.0,1.0,0.08333333333333333,1.0,0.9583333333333334,0.08333333333333337,0.04166666666666674
0.0,0.3,0.95,0.5,0.9583333333333334,0.9583333333333334,1.0,1.0,1.0,1.0,0.041666666666666664,1.0,0.9791666666666666,0.04166666666666663,0.02083333333333326
0.0,0.3,0.95,0.5,0.75,0.75,1.0,1.0,1.0,1.0,0.25,1.0,0.875,0.25,0.125
0.0,0.3,0.95,0.5,0.9583333333333334,0.9583333333333334,1.0,1.0,1.0,1.0,0.041666666666666664,1.0,0.9791666666666666,0.04166666666666663,0.02083333333333326
0.0,0.3,0.95,0.5,0.9166666666666666,0.9166666666666666,1.0,1.0,1.0,1.0,0.08333333333333333,1.0,0.9583333333333334,0.08333333333333337,0.04166666666666674
0.0,0.3,0.95,0.5,0.75,0.75,1.0,1.0,1.0,1.0,0.25,1.0,0.875,0.25,0.125
0.0,0.3,0.95,0.5,0.6493055555555556,0.7083333333333334,0.9166666666666666,0.9583333333333334,0.9583333333333334,1.0,0.2916666666666667,0.8571428571428571,0.8185763888888888,0.3090277777777778,0.16927083333333326
0.0,0.3,0.95,0.5,0.9583333333333334,0.9583333333333334,1.0,0.9583333333333334,0.9583333333333334,1.0,0.041666666666666664,0.0,0.9383680555555556,0.0,-0.01996527777777779
0.0,0.3,0.95,0.5,0.9166666666666666,0.9166666666666666,1.0,1.0,1.0,1.0,0.08333333333333333,1.0,0.9583333333333334,0.08333333333333337,0.04166666666666674
0.0,0.3,0.95,0.5,0.75,0.75,1.0,1.0,1.0,1.0,0.25,1.0,0.875,0.25,0.125
0.0,0.3,0.95,0.5,0.7083333333333334,0.7083333333333334,1.0,0.9583333333333334,0.9583333333333334,1.0,0.2916666666666667,0.8571428571428571,0.8185763888888888,0.25,0.11024305555555547
0.0,0.3,0.95,0.5,0.8333333333333334,0.8333333333333334,1.0,0.9583333333333334,0.9583333333333334,1.0,0.16666666666666666,0.75,0.8784722222222222,0.125,0.04513888888888884
0.0,0.3,0.95,0.5,0.9583333333333334,0.9583333333333334,1.0,1.0,1.0,1.0,0.041666666666666664,1.0,0.9791666666666666,0.04166666666666663,0.02083333333333326
0.0,0.3,0.95,0.5,1.0,1.0,1.0,1.0,1.0,1.0,0.0,1.0,1.0,0.0,0.0
0.0,0.3,0.95,0.5,0.9583333333333334,0.9583333333333334,1.0,1.0,1.0,1.0,0.041666666666666664,1.0,0.9791666666666666,0.04166666666666663,0.02083333333333326
0.0,0.3,0.95,0.5,0.7916666666666666,0.7916666666666666,1.0,1.0,1.0,1.0,0.20833333333333334,1.0,0.8958333333333334,0.20833333333333337,0.10416666666666674
0.0,0.3,0.95,0.5,0.9166666666666666,0.9166666666666666,1.0,1.0,1.0,1.0,0.08333333333333333,1.0,0.9583333333333334,0.08333333333333337,0.04166666666666674
0.0,0.3,0.95,0.5,0.75,0.75,1.0,1.0,1.0,1.0,0.25,1.0,0.875,0.25,0.125
0.0,0.3,0.95,0.5,0.9166666666666666,0.9166666666666666,1.0,1.0,1.0,1.0,0.08333333333333333,1.0,0.9583333333333334,0.08333333333333337,0.04166666666666674
0.0,0.3,0.95,0.5,0.9166666666666666,0.9166666666666666,1.0,1.0,1.0,1.0,0.08333333333333333,1.0,0.9583333333333334,0.08333333333333337,0.04166666666666674
0.0,0.3,0.95,0.5,0.8333333333333334,0.8333333333333334,1.0,0.9583333333333334,0.9583333333333334,1.0,0.16666666666666666,0.75,0.8784722222222222,0.125,0.04513888888888884
0.0,0.3,0.95,0.5,0.875,0.875,1.0,1.0,1.0,1.0,0.125,1.0,0.9375,0.125,0.0625
0.0,0.3,0.95,0.5,0.8333333333333334,0.8333333333333334,1.0,0.9583333333333334,0.9583333333333334,1.0,0.16666666666666666,0.75,0.8784722222222222,0.125,0.04513888888888884
0.0,0.3,0.95,0.5,0.8333333333333334,0.8333333333333334,1.0,0.9583333333333334,0.9583333333333334,1.0,0.16666666666666666,0.75,0.8784722222222222,0.125,0.04513888888888884
0.0,0.35,0.95,0.5,0.8333333333333334,0.8333333333333334,1.0,1.0,1.0,1.0,0.16666666666666666,1.0,0.9166666666666666,0.16666666666666663,0.08333333333333326
0.0,0.35,0.95,0.5,0.6666666666666666,0.6666666666666666,1.0,0.9166666666666666,0.9166666666666666,1.0,0.3333333333333333,0.75,0.7638888888888888,0.25,0.09722222222222221
0.0,0.35,0.95,0.5,0.6666666666666666,0.6666666666666666,1.0,1.0,1.0,1.0,0.3333333333333333,1.0,0.8333333333333334,0.33333333333333337,0.16666666666666674
0.0,0.35,0.95,0.5,0.6666666666666666,0.6666666666666666,1.0,1.0,1.0,1.0,0.3333333333333333,1.0,0.8333333333333334,0.33333333333333337,0.16666666666666674
0.0,0.35,0.95,0.5,0.7916666666666666,0.7916666666666666,1.0,1.0,1.0,1.0,0.20833333333333334,1.0,0.8958333333333334,0.20833333333333337,0.10416666666666674
0.0,0.35,0.95,0.5,0.8333333333333334,0.8333333333333334,1.0,1.0,1.0,1.0,0.16666666666666666,1.0,0.9166666666666666,0.16666666666666663,0.08333333333333326
0.0,0.35,0.95,0.5,0.7083333333333334,0.7083333333333334,1.0,1.0,1.0,1.0,0.2916666666666667,1.0,0.8541666666666666,0.29166666666666663,0.14583333333333326
0.0,0.35,0.95,0.5,0.875,0.875,1.0,1.0,1.0,1.0,0.125,1.0,0.9375,0.125,0.0625
0.0,0.35,0.95,0.5,0.8333333333333334,0.8333333333333334,1.0,1.0,1.0,1.0,0.16666666666666666,1.0,0.9166666666666666,0.16666666666666663,0.08333333333333326
0.0,0.35,0.95,0.5,0.9166666666666666,0.9166666666666666,1.0,0.9583333333333334,0.9583333333333334,1.0,0.08333333333333333,0.5,0.9184027777777779,0.04166666666666674,0.0017361111111112715
0.0,0.35,0.95,0.5,0.7916666666666666,0.7916666666666666,1.0,1.0,1.0,1.0,0.20833333333333334,1.0,0.8958333333333334,0.20833333333333337,0.10416666666666674
0.0,0.35,0.95,0.5,0.9166666666666666,0.9166666666666666,1.0,1.0,1.0,1.0,0.08333333333333333,1.0,0.9583333333333334,0.08333333333333337,0.04166666666666674
0.0,0.35,0.95,0.5,0.7083333333333334,0.7083333333333334,1.0,1.0,1.0,1.0,0.2916666666666667,1.0,0.8541666666666666,0.29166666666666663,0.14583333333333326
0.0,0.35,0.95,0.5,0.75,0.75,1.0,1.0,1.0,1.0,0.25,1.0,0.875,0.25,0.125
0.0,0.35,0.95,0.5,0.75,0.75,1.0,1.0,1.0,1.0,0.25,1.0,0.875,0.25,0.125
0.0,0.35,0.95,0.5,0.8333333333333334,0.8333333333333334,1.0,1.0,1.0,1.0,0.16666666666666666,1.0,0.9166666666666666,0.16666666666666663,0.08333333333333326
0.0,0.35,0.95,0.5,0.9166666666666666,0.9166666666666666,1.0,1.0,1.0,1.0,0.08333333333333333,1.0,0.9583333333333334,0.08333333333333337,0.04166666666666674
0.0,0.35,0.95,0.5,0.8333333333333334,0.8333333333333334,1.0,1.0,1.0,1.0,0.16666666666666666,1.0,0.9166666666666666,0.16666666666666663,0.08333333333333326
0.0,0.35,0.95,0.5,0.9166666666666666,0.9166666666666666,1.0,0.9583333333333334,0.9583333333333334,1.0,0.08333333333333333,0.5,0.9184027777777779,0.04166666666666674,0.0017361111111112715
0.0,0.35,0.95,0.5,0.875,0.875,1.0,1.0,1.0,1.0,0.125,1.0,0.9375,0.125,0.0625
0.0,0.35,0.95,0.5,0.9166666666666666,0.9166666666666666,1.0,1.0,1.0,1.0,0.08333333333333333,1.0,0.9583333333333334,0.08333333333333337,0.04166666666666674
0.0,0.35,0.95,0.5,0.875,0.875,1.0,1.0,1.0,1.0,0.125,1.0,0.9375,0.125,0.0625
0.0,0.35,0.95,0.5,0.9166666666666666,0.9166666666666666,1.0,1.0,1.0,1.0,0.08333333333333333,1.0,0.9583333333333334,0.08333333333333337,0.04166666666666674
0.0,0.35,0.95,0.5,0.7638888888888888,0.8333333333333334,0.9166666666666666,1.0,1.0,1.0,0.16666666666666666,1.0,0.9166666666666666,0.23611111111111116,0.1527777777777778
0.0,0.35,0.95,0.5,0.75,0.75,1.0,1.0,1.0,1.0,0.25,1.0,0.875,0.25,0.125
0.0,0.39999999999999997,0.95,0.5,0.8333333333333334,0.8333333333333334,1.0,0.9583333333333334,0.9583333333333334,1.0,0.16666666666666666,0.75,0.8784722222222222,0.125,0.04513888888888884
0.0,0.39999999999999997,0.95,0.5,0.7916666666666666,0.7916666666666666,1.0,1.0,1.0,1.0,0.20833333333333334,1.0,0.8958333333333334,0.20833333333333337,0.10416666666666674
0.0,0.39999999999999997,0.95,0.5,0.875,0.875,1.0,1.0,1.0,1.0,0.125,1.0,0.9375,0.125,0.0625
0.0,0.39999999999999997,0.95,0.5,0.8333333333333334,0.8333333333333334,1.0,1.0,1.0,1.0,0.16666666666666666,1.0,0.9166666666666666,0.16666666666666663,0.08333333333333326
0.0,0.39999999999999997,0.95,0.5,0.875,0.875,1.0,1.0,1.0,1.0,0.125,1.0,0.9375,0.125,0.0625
0.0,0.39999999999999997,0.95,0.5,0.875,0.875,1.0,1.0,1.0,1.0,0.125,1.0,0.9375,0.125,0.0625
0.0,0.39999999999999997,0.95,0.5,0.7083333333333334,0.7083333333333334,1.0,1.0,1.0,1.0,0.2916666666666667,1.0,0.8541666666666666,0.29166666666666663,0.14583333333333326
0.0,0.39999999999999997,0.95,0.5,0.7083333333333334,0.7083333333333334,1.0,1.0,1.0,1.0,0.2916666666666667,1.0,0.8541666666666666,0.29166666666666663,0.14583333333333326
0.0,0.39999999999999997,0.95,0.5,0.7916666666666666,0.7916666666666666,1.0,1.0,1.0,1.0,0.20833333333333334,1.0,0.8958333333333334,0.20833333333333337,0.10416666666666674
0.0,0.39999999999999997,0.95,0.5,0.7083333333333334,0.7083333333333334,1.0,1.0,1.0,1.0,0.2916666666666667,1.0,0.8541666666666666,0.29166666666666663,0.14583333333333326
0.0,0.39999999999999997,0.95,0.5,0.7083333333333334,0.7083333333333334,1.0,1.0,1.0,1.0,0.2916666666666667,1.0,0.8541666666666666,0.29166666666666663,0.14583333333333326
0.0,0.39999999999999997,0.95,0.5,0.8333333333333334,0.8333333333333334,1.0,1.0,1.0,1.0,0.16666666666666666,1.0,0.9166666666666666,0.16666666666666663,0.08333333333333326
0.0,0.39999999999999997,0.95,0.5,0.7916666666666666,0.7916666666666666,1.0,1.0,1.0,1.0,0.20833333333333334,1.0,0.8958333333333334,0.20833333333333337,0.10416666666666674
0.0,0.39999999999999997,0.95,0.5,0.875,0.875,1.0,1.0,1.0,1.0,0.125,1.0,0.9375,0.125,0.0625
0.0,0.39999999999999997,0.95,0.5,0.8333333333333334,0.8333333333333334,1.0,1.0,1.0,1.0,0.16666666666666666,1.0,0.9166666666666666,0.16666666666666663,0.08333333333333326
0.0,0.39999999999999997,0.95,0.5,0.7916666666666666,0.7916666666666666,1.0,0.9166666666666666,0.9166666666666666,1.0,0.20833333333333334,0.6,0.8211805555555556,0.125,0.02951388888888895
0.0,0.39999999999999997,0.95,0.5,0.8333333333333334,0.8333333333333334,1.0,1.0,1.0,1.0,0.16666666666666666,1.0,0.9166666666666666,0.16666666666666663,0.08333333333333326
0.0,0.39999999999999997,0.95,0.5,0.75,0.75,1.0,0.9583333333333334,0.9583333333333334,1.0,0.25,0.8333333333333334,0.8385416666666667,0.20833333333333337,0.08854166666666674
0.0,0.39999999999999997,0.95,0.5,0.7083333333333334,0.7083333333333334,1.0,1.0,1.0,1.0,0.2916666666666667,1.0,0.8541666666666666,0.29166666666666663,0.14583333333333326
0.0,0.39999999999999997,0.95,0.5,0.6666666666666666,0.6666666666666666,1.0,0.9583333333333334,0.9583333333333334,1.0,0.3333333333333333,0.875,0.7986111111111112,0.29166666666666674,0.13194444444444453
0.0,0.39999999999999997,0.95,0.5,0.75,0.75,1.0,1.0,1.0,1.0,0.25,1.0,0.875,0.25,0.125
0.0,0.39999999999999997,0.95,0.5,0.8333333333333334,0.8333333333333334,1.0,1.0,1.0,1.0,0.16666666666666666,1.0,0.9166666666666666,0.16666666666666663,0.08333333333333326
0.0,0.39999999999999997,0.95,0.5,0.8333333333333334,0.8333333333333334,1.0,1.0,1.0,1.0,0.16666666666666666,1.0,0.9166666666666666,0.16666666666666663,0.08333333333333326
0.0,0.39999999999999997,0.95,0.5,0.7916666666666666,0.7916666666666666,1.0,1.0,1.0,1.0,0.20833333333333334,1.0,0.8958333333333334,0.20833333333333337,0.10416666666666674
0.0,0.39999999999999997,0.95,0.5,0.875,0.875,1.0,1.0,1.0,1.0,0.125,1.0,0.9375,0.125,0.0625
0.0,0.44999999999999996,0.95,0.5,0.8333333333333334,0.8333333333333334,1.0,0.9583333333333334,0.9583333333333334,1.0,0.16666666666666666,0.75,0.8784722222222222,0.125,0.04513888888888884
0.0,0.44999999999999996,0.95,0.5,0.7916666666666666,0.7916666666666666,1.0,1.0,1.0,1.0,0.20833333333333334,1.0,0.8958333333333334,0.20833333333333337,0.10416666666666674
0.0,0.44999999999999996,0.95,0.5,0.7083333333333334,0.7083333333333334,1.0,1.0,1.0,1.0,0.2916666666666667,1.0,0.8541666666666666,0.29166666666666663,0.14583333333333326
0.0,0.44999999999999996,0.95,0.5,0.7916666666666666,0.7916666666666666,1.0,1.0,1.0,1.0,0.20833333333333334,1.0,0.8958333333333334,0.20833333333333337,0.10416666666666674
0.0,0.44999999999999996,0.95,0.5,0.75,0.75,1.0,0.9583333333333334,0.9583333333333334,1.0,0.25,0.8333333333333334,0.8385416666666667,0.20833333333333337,0.08854166666666674
0.0,0.44999999999999996,0.95,0.5,0.875,0.875,1.0,0.9583333333333334,0.9583333333333334,1.0,0.125,0.6666666666666666,0.8984375,0.08333333333333337,0.0234375
0.0,0.44999999999999996,0.95,0.5,0.7083333333333334,0.7083333333333334,1.0,1.0,1.0,1.0,0.2916666666666667,1.0,0.8541666666666666,0.29166666666666663,0.14583333333333326
0.0,0.44999999999999996,0.95,0.5,0.9166666666666666,0.9166666666666666,1.0,1.0,1.0,1.0,0.08333333333333333,1.0,0.9583333333333334,0.08333333333333337,0.04166666666666674
0.0,0.44999999999999996,0.95,0.5,0.7916666666666666,0.7916666666666666,1.0,1.0,1.0,1.0,0.20833333333333334,1.0,0.8958333333333334,0.20833333333333337,0.10416666666666674
0.0,0.44999999999999996,0.95,0.5,0.7916666666666666,0.7916666666666666,1.0,0.9166666666666666,0.9166666666666666,1.0,0.20833333333333334,0.6,0.8211805555555556,0.125,0.02951388888888895
0.0,0.44999999999999996,0.95,0.5,0.875,0.875,1.0,0.9583333333333334,0.9583333333333334,1.0,0.125,0.6666666666666666,0.8984375,0.08333333333333337,0.0234375
0.0,0.44999999999999996,0.95,0.5,0.7083333333333334,0.7083333333333334,1.0,1.0,1.0,1.0,0.2916666666666667,1.0,0.8541666666666666,0.29166666666666663,0.14583333333333326
0.0,0.44999999999999996,0.95,0.5,0.7083333333333334,0.7083333333333334,1.0,1.0,1.0,1.0,0.2916666666666667,1.0,0.8541666666666666,0.29166666666666663,0.14583333333333326
0.0,0.44999999999999996,0.95,0.5,0.6666666666666666,0.6666666666666666,1.0,0.9583333333333334,0.9583333333333334,1.0,0.3333333333333333,0.875,0.7986111111111112,0.29166666666666674,0.13194444444444453
0.0,0.44999999999999996,0.95,0.5,0.75,0.75,1.0,1.0,1.0,1.0,0.25,1.0,0.875,0.25,0.125
0.0,0.44999999999999996,0.95,0.5,0.7916666666666666,0.7916666666666666,1.0,1.0,1.0,1.0,0.20833333333333334,1.0,0.8958333333333334,0.20833333333333337,0.10416666666666674
0.0,0.44999999999999996,0.95,0.5,0.75,0.75,1.0,0.9583333333333334,0.9583333333333334,1.0,0.25,0.8333333333333334,0.8385416666666667,0.20833333333333337,0.08854166666666674
0.0,0.44999999999999996,0.95,0.5,0.7083333333333334,0.7083333333333334,1.0,1.0,1.0,1.0,0.2916666666666667,1.0,0.8541666666666666,0.29166666666666663,0.14583333333333326
0.0,0.44999999999999996,0.95,0.5,0.7916666666666666,0.7916666666666666,1.0,1.0,1.0,1.0,0.20833333333333334,1.0,0.8958333333333334,0.20833333333333337,0.10416666666666674
0.0,0.44999999999999996,0.95,0.5,0.7916666666666666,0.7916666666666666,1.0,1.0,1.0,1.0,0.20833333333333334,1.0,0.8958333333333334,0.20833333333333337,0.10416666666666674
0.0,0.44999999999999996,0.95,0.5,0.6493055555555556,0.7083333333333334,0.9166666666666666,1.0,1.0,1.0,0.2916666666666667,1.0,0.8541666666666666,0.3506944444444444,0.20486111111111105
0.0,0.44999999999999996,0.95,0.5,0.7916666666666666,0.7916666666666666,1.0,0.9583333333333334,0.9583333333333334,1.0,0.20833333333333334,0.8,0.8585069444444445,0.16666666666666674,0.0668402777777779
0.0,0.44999999999999996,0.95,0.5,0.625,0.625,1.0,0.9583333333333334,0.9583333333333334,1.0,0.375,0.8888888888888888,0.7786458333333334,0.33333333333333337,0.15364583333333337
0.0,0.44999999999999996,0.95,0.5,0.9583333333333334,0.9583333333333334,1.0,1.0,1.0,1.0,0.041666666666666664,1.0,0.9791666666666666,0.04166666666666663,0.02083333333333326
0.0,0.44999999999999996,0.95,0.5,0.8333333333333334,0.8333333333333334,1.0,1.0,1.0,1.0,0.16666666666666666,1.0,0.9166666666666666,0.16666666666666663,0.08333333333333326
0.0,0.49999999999999994,0.95,0.5,0.7916666666666666,0.7916666666666666,1.0,0.9583333333333334,0.9583333333333334,1.0,0.20833333333333334,0.8,0.8585069444444445,0.16666666666666674,0.0668402777777779
0.0,0.49999999999999994,0.95,0.5,0.8333333333333334,0.8333333333333334,1.0,1.0,1.0,1.0,0.16666666666666666,1.0,0.9166666666666666,0.16666666666666663,0.08333333333333326
0.0,0.49999999999999994,0.95,0.5,0.75,0.75,1.0,1.0,1.0,1.0,0.25,1.0,0.875,0.25,0.125
0.0,0.49999999999999994,0.95,0.5,0.7083333333333334,0.7083333333333334,1.0,0.9583333333333334,0.9583333333333334,1.0,0.2916666666666667,0.8571428571428571,0.8185763888888888,0.25,0.11024305555555547
0.0,0.49999999999999994,0.95,0.5,0.6666666666666666,0.6666666666666666,1.0,1.0,1.0,1.0,0.3333333333333333,1.0,0.8333333333333334,0.33333333333333337,0.16666666666666674
0.0,0.49999999999999994,0.95,0.5,0.7916666666666666,0.7916666666666666,1.0,1.0,1.0,1.0,0.20833333333333334,1.0,0.8958333333333334,0.20833333333333337,0.10416666666666674
0.0,0.49999999999999994,0.95,0.5,0.625,0.625,1.0,0.9583333333333334,0.9583333333333334,1.0,0.375,0.8888888888888888,0.7786458333333334,0.33333333333333337,0.15364583333333337
0.0,0.49999999999999994,0.95,0.5,0.7083333333333334,0.7083333333333334,1.0,1.0,1.0,1.0,0.2916666666666667,1.0,0.8541666666666666,0.29166666666666663,0.14583333333333326
0.0,0.49999999999999994,0.95,0.5,0.7083333333333334,0.7083333333333334,1.0,1.0,1.0,1.0,0.2916666666666667,1.0,0.8541666666666666,0.29166666666666663,0.14583333333333326
0.0,0.49999999999999994,0.95,0.5,0.75,0.75,1.0,0.9583333333333334,0.9583333333333334,1.0,0.25,0.8333333333333334,0.8385416666666667,0.20833333333333337,0.08854166666666674
0.0,0.49999999999999994,0.95,0.5,0.7083333333333334,0.7083333333333334,1.0,0.9166666666666666,0.9166666666666666,1.0,0.2916666666666667,0.7142857142857143,0.782986111111111,0.20833333333333326,0.07465277777777768
0.0,0.49999999999999994,0.95,0.5,0.5347222222222222,0.5833333333333334,0.9166666666666666,1.0,1.0,1.0,0.4166666666666667,1.0,0.7916666666666666,0.4652777777777778,0.2569444444444444
0.0,0.49999999999999994,0.95,0.5,0.7083333333333334,0.7083333333333334,1.0,1.0,1.0,1.0,0.2916666666666667,1.0,0.8541666666666666,0.29166666666666663,0.14583333333333326
0.0,0.49999999999999994,0.95,0.5,0.7916666666666666,0.7916666666666666,1.0,0.9583333333333334,0.9583333333333334,1.0,0.20833333333333334,0.8,0.8585069444444445,0.16666666666666674,0.0668402777777779
0.0,0.49999999999999994,0.95,0.5,0.75,0.75,1.0,1.0,1.0,1.0,0.25,1.0,0.875,0.25,0.125
0.0,0.49999999999999994,0.95,0.5,0.8333333333333334,0.8333333333333334,1.0,0.9583333333333334,0.9583333333333334,1.0,0.16666666666666666,0.75,0.8784722222222222,0.125,0.04513888888888884
0.0,0.49999999999999994,0.95,0.5,0.875,0.875,1.0,1.0,1.0,1.0,0.125,1.0,0.9375,0.125,0.0625
0.0,0.49999999999999994,0.95,0.5,0.875,0.875,1.0,0.9583333333333334,0.9583333333333334,1.0,0.125,0.6666666666666666,0.8984375,0.08333333333333337,0.0234375
0.0,0.49999999999999994,0.95,0.5,0.75,0.75,1.0,1.0,1.0,1.0,0.25,1.0,0.875,0.25,0.125
0.0,0.49999999999999994,0.95,0.5,0.875,0.875,1.0,1.0,1.0,1.0,0.125,1.0,0.9375,0.125,0.0625
0.0,0.49999999999999994,0.95,0.5,0.7916666666666666,0.7916666666666666,1.0,1.0,1.0,1.0,0.20833333333333334,1.0,0.8958333333333334,0.20833333333333337,0.10416666666666674
0.0,0.49999999999999994,0.95,0.5,0.7916666666666666,0.7916666666666666,1.0,0.9583333333333334,0.9583333333333334,1.0,0.20833333333333334,0.8,0.8585069444444445,0.16666666666666674,0.0668402777777779
0.0,0.49999999999999994,0.95,0.5,0.8333333333333334,0.8333333333333334,1.0,1.0,1.0,1.0,0.16666666666666666,1.0,0.9166666666666666,0.16666666666666663,0.08333333333333326
0.0,0.49999999999999994,0.95,0.5,0.75,0.75,1.0,1.0,1.0,1.0,0.25,1.0,0.875,0.25,0.125
0.0,0.49999999999999994,0.95,0.5,0.7083333333333334,0.7083333333333334,1.0,0.9583333333333334,0.9583333333333334,1.0,0.2916666666666667,0.8571428571428571,0.8185763888888888,0.25,0.11024305555555547
0.0,0.5499999999999999,0.95,0.5,0.7083333333333334,0.7083333333333334,1.0,0.9583333333333334,0.9583333333333334,1.0,0.2916666666666667,0.8571428571428571,0.8185763888888888,0.25,0.11024305555555547
0.0,0.5499999999999999,0.95,0.5,0.625,0.625,1.0,1.0,1.0,1.0,0.375,1.0,0.8125,0.375,0.1875
0.0,0.5499999999999999,0.95,0.5,0.7916666666666666,0.7916666666666666,1.0,1.0,1.0,1.0,0.20833333333333334,1.0,0.8958333333333334,0.20833333333333337,0.10416666666666674
0.0,0.5499999999999999,0.95,0.5,0.7083333333333334,0.7083333333333334,1.0,1.0,1.0,1.0,0.2916666666666667,1.0,0.8541666666666666,0.29166666666666663,0.14583333333333326
0.0,0.5499999999999999,0.95,0.5,0.625,0.625,1.0,1.0,1.0,1.0,0.375,1.0,0.8125,0.375,0.1875
0.0,0.5499999999999999,0.95,0.5,0.8333333333333334,0.8333333333333334,1.0,1.0,1.0,1.0,0.16666666666666666,1.0,0.9166666666666666,0.16666666666666663,0.08333333333333326
0.0,0.5499999999999999,0.95,0.5,0.6666666666666666,0.6666666666666666,1.0,0.9583333333333334,0.9583333333333334,1.0,0.3333333333333333,0.875,0.7986111111111112,0.29166666666666674,0.13194444444444453
0.0,0.5499999999999999,0.95,0.5,0.5833333333333334,0.5833333333333334,1.0,0.9583333333333334,0.9583333333333334,1.0,0.4166666666666667,0.9,0.7586805555555556,0.375,0.1753472222222222
0.0,0.5499999999999999,0.95,0.5,0.7083333333333334,0.7083333333333334,1.0,1.0,1.0,1.0,0.2916666666666667,1.0,0.8541666666666666,0.29166666666666663,0.14583333333333326
0.0,0.5499999999999999,0.95,0.5,0.7083333333333334,0.7083333333333334,1.0,1.0,1.0,1.0,0.2916666666666667,1.0,0.8541666666666666,0.29166666666666663,0.14583333333333326
0.0,0.5499999999999999,0.95,0.5,0.75,0.75,1.0,1.0,1.0,1.0,0.25,1.0,0.875,0.25,0.125
0.0,0.5499999999999999,0.95,0.5,0.7083333333333334,0.7083333333333334,1.0,0.9583333333333334,0.9583333333333334,1.0,0.2916666666666667,0.8571428571428571,0.8185763888888888,0.25,0.11024305555555547
0.0,0.5499999999999999,0.95,0.5,0.7083333333333334,0.7083333333333334,1.0,1.0,1.0,1.0,0.2916666666666667,1.0,0.8541666666666666,0.29166666666666663,0.14583333333333326
0.0,0.5499999999999999,0.95,0.5,0.5729166666666666,0.625,0.9166666666666666,0.9583333333333334,0.9583333333333334,1.0,0.375,0.8888888888888888,0.7786458333333334,0.38541666666666674,0.20572916666666674
0.0,0.5499999999999999,0.95,0.5,0.7916666666666666,0.7916666666666666,1.0,0.9583333333333334,0.9583333333333334,1.0,0.20833333333333334,0.8,0.8585069444444445,0.16666666666666674,0.0668402777777779
0.0,0.5499999999999999,0.95,0.5,0.625,0.625,1.0,1.0,1.0,1.0,0.375,1.0,0.8125,0.375,0.1875
0.0,0.5499999999999999,0.95,0.5,0.7083333333333334,0.7083333333333334,1.0,0.9166666666666666,0.9166666666666666,1.0,0.2916666666666667,0.7142857142857143,0.782986111111111,0.20833333333333326,0.07465277777777768
0.0,0.5499999999999999,0.95,0.5,0.875,0.875,1.0,0.9583333333333334,0.9583333333333334,1.0,0.125,0.6666666666666666,0.8984375,0.08333333333333337,0.0234375
0.0,0.5499999999999999,0.95,0.5,0.75,0.75,1.0,1.0,1.0,1.0,0.25,1.0,0.875,0.25,0.125
0.0,0.5499999999999999,0.95,0.5,0.6875,0.75,0.9166666666666666,1.0,1.0,1.0,0.25,1.0,0.875,0.3125,0.1875
0.0,0.5499999999999999,0.95,0.5,0.875,0.875,1.0,1.0,1.0,1.0,0.125,1.0,0.9375,0.125,0.0625
0.0,0.5499999999999999,0.95,0.5,0.7916666666666666,0.7916666666666666,1.0,1.0,1.0,1.0,0.20833333333333334,1.0,0.8958333333333334,0.20833333333333337,0.10416666666666674
0.0,0.5499999999999999,0.95,0.5,0.5729166666666666,0.625,0.9166666666666666,0.9583333333333334,0.9583333333333334,1.0,0.375,0.8888888888888888,0.7786458333333334,0.38541666666666674,0.20572916666666674
0.0,0.5499999999999999,0.95,0.5,0.6666666666666666,0.6666666666666666,1.0,1.0,1.0,1.0,0.3333333333333333,1.0,0.8333333333333334,0.33333333333333337,0.16666666666666674
0.0,0.5499999999999999,0.95,0.5,0.75,0.75,1.0,1.0,1.0,1.0,0.25,1.0,0.875,0.25,0.125
0.0,0.6,0.95,0.5,0.5729166666666666,0.625,0.9166666666666666,1.0,1.0,1.0,0.375,1.0,0.8125,0.42708333333333337,0.23958333333333337
0.0,0.6,0.95,0.5,0.7083333333333334,0.7083333333333334,1.0,1.0,1.0,1.0,0.2916666666666667,1.0,0.8541666666666666,0.29166666666666663,0.14583333333333326
0.0,0.6,0.95,0.5,0.8333333333333334,0.8333333333333334,1.0,1.0,1.0,1.0,0.16666666666666666,1.0,0.9166666666666666,0.16666666666666663,0.08333333333333326
0.0,0.6,0.95,0.5,0.4583333333333333,0.5,0.9166666666666666,0.9583333333333334,0.9583333333333334,1.0,0.5,0.9166666666666666,0.71875,0.5,0.2604166666666667
0.0,0.6,0.95,0.5,0.6666666666666666,0.6666666666666666,1.0,1.0,1.0,1.0,0.3333333333333333,1.0,0.8333333333333334,0.33333333333333337,0.16666666666666674
0.0,0.6,0.95,0.5,0.6666666666666666,0.6666666666666666,1.0,0.9583333333333334,0.9583333333333334,1.0,0.3333333333333333,0.875,0.7986111111111112,0.29166666666666674,0.13194444444444453
0.0,0.6,0.95,0.5,0.6666666666666666,0.6666666666666666,1.0,0.875,0.875,1.0,0.3333333333333333,0.625,0.7291666666666667,0.20833333333333337,0.06250000000000011
0.0,0.6,0.95,0.5,0.875,0.875,1.0,1.0,1.0,1.0,0.125,1.0,0.9375,0.125,0.0625
0.0,0.6,0.95,0.5,0.42013888888888884,0.4583333333333333,0.9166666666666666,0.9583333333333334,0.9583333333333334,1.0,0.5416666666666666,0.9230769230769231,0.6987847222222223,0.5381944444444445,0.2786458333333335
0.0,0.6,0.95,0.5,0.7083333333333334,0.7083333333333334,1.0,1.0,1.0,1.0,0.2916666666666667,1.0,0.8541666666666666,0.29166666666666663,0.14583333333333326
0.0,0.6,0.95,0.5,0.7083333333333334,0.7083333333333334,1.0,1.0,1.0,1.0,0.2916666666666667,1.0,0.8541666666666666,0.29166666666666663,0.14583333333333326
0.0,0.6,0.95,0.5,0.7083333333333334,0.7083333333333334,1.0,1.0,1.0,1.0,0.2916666666666667,1.0,0.8541666666666666,0.29166666666666663,0.14583333333333326
0.0,0.6,0.95,0.5,0.5729166666666666,0.625,0.9166666666666666,0.9583333333333334,0.9583333333333334,1.0,0.375,0.8888888888888888,0.7786458333333334,0.38541666666666674,0.20572916666666674
0.0,0.6,0.95,0.5,0.75,0.75,1.0,1.0,1.0,1.0,0.25,1.0,0.875,0.25,0.125
0.0,0.6,0.95,0.5,0.7083333333333334,0.7083333333333334,1.0,0.9583333333333334,0.9583333333333334,1.0,0.2916666666666667,0.8571428571428571,0.8185763888888888,0.25,0.11024305555555547
0.0,0.6,0.95,0.5,0.5347222222222222,0.5833333333333334,0.9166666666666666,1.0,1.0,1.0,0.4166666666666667,1.0,0.7916666666666666,0.4652777777777778,0.2569444444444444
0.0,0.6,0.95,0.5,0.7083333333333334,0.7083333333333334,1.0,1.0,1.0,1.0,0.2916666666666667,1.0,0.8541666666666666,0.29166666666666663,0.14583333333333326
0.0,0.6,0.95,0.5,0.7083333333333334,0.7083333333333334,1.0,1.0,1.0,1.0,0.2916666666666667,1.0,0.8541666666666666,0.29166666666666663,0.14583333333333326
0.0,0.6,0.95,0.5,0.6666666666666666,0.6666666666666666,1.0,1.0,1.0,1.0,0.3333333333333333,1.0,0.8333333333333334,0.33333333333333337,0.16666666666666674
0.0,0.6,0.95,0.5,0.7083333333333334,0.7083333333333334,1.0,1.0,1.0,1.0,0.2916666666666667,1.0,0.8541666666666666,0.29166666666666663,0.14583333333333326
0.0,0.6,0.95,0.5,0.5729166666666666,0.625,0.9166666666666666,1.0,1.0,1.0,0.375,1.0,0.8125,0.42708333333333337,0.23958333333333337
0.0,0.6,0.95,0.5,0.7916666666666666,0.7916666666666666,1.0,1.0,1.0,1.0,0.20833333333333334,1.0,0.8958333333333334,0.20833333333333337,0.10416666666666674
0.0,0.6,0.95,0.5,0.75,0.75,1.0,1.0,1.0,1.0,0.25,1.0,0.875,0.25,0.125
0.0,0.6,0.95,0.5,0.7083333333333334,0.7083333333333334,1.0,1.0,1.0,1.0,0.2916666666666667,1.0,0.8541666666666666,0.29166666666666663,0.14583333333333326
0.0,0.6,0.95,0.5,0.8333333333333334,0.8333333333333334,1.0,1.0,1.0,1.0,0.16666666666666666,1.0,0.9166666666666666,0.16666666666666663,0.08333333333333326
0.0,0.6499999999999999,0.95,0.5,0.7083333333333334,0.7083333333333334,1.0,0.9583333333333334,0.9583333333333334,1.0,0.2916666666666667,0.8571428571428571,0.8185763888888888,0.25,0.11024305555555547
0.0,0.6499999999999999,0.95,0.5,0.7083333333333334,0.7083333333333334,1.0,1.0,1.0,1.0,0.2916666666666667,1.0,0.8541666666666666,0.29166666666666663,0.14583333333333326
0.0,0.6499999999999999,0.95,0.5,0.75,0.75,1.0,1.0,1.0,1.0,0.25,1.0,0.875,0.25,0.125
0.0,0.6499999999999999,0.95,0.5,0.75,0.75,1.0,1.0,1.0,1.0,0.25,1.0,0.875,0.25,0.125
0.0,0.6499999999999999,0.95,0.5,0.611111111111111,0.6666666666666666,0.9166666666666666,1.0,1.0,1.0,0.3333333333333333,1.0,0.8333333333333334,0.38888888888888895,0.22222222222222232
0.0,0.6499999999999999,0.95,0.5,0.7083333333333334,0.7083333333333334,1.0,1.0,1.0,1.0,0.2916666666666667,1.0,0.8541666666666666,0.29166666666666663,0.14583333333333326
0.0,0.6499999999999999,0.95,0.5,0.6666666666666666,0.6666666666666666,1.0,1.0,1.0,1.0,0.3333333333333333,1.0,0.8333333333333334,0.33333333333333337,0.16666666666666674
0.0,0.6499999999999999,0.95,0.5,0.8333333333333334,0.8333333333333334,1.0,1.0,1.0,1.0,0.16666666666666666,1.0,0.9166666666666666,0.16666666666666663,0.08333333333333326
0.0,0.6499999999999999,0.95,0.5,0.6666666666666666,0.6666666666666666,1.0,1.0,1.0,1.0,0.3333333333333333,1.0,0.8333333333333334,0.33333333333333337,0.16666666666666674
0.0,0.6499999999999999,0.95,0.5,0.75,0.75,1.0,1.0,1.0,1.0,0.25,1.0,0.875,0.25,0.125
0.0,0.6499999999999999,0.95,0.5,0.875,0.875,1.0,1.0,1.0,1.0,0.125,1.0,0.9375,0.125,0.0625
0.0,0.6499999999999999,0.95,0.5,0.7083333333333334,0.7083333333333334,1.0,0.9166666666666666,0.9166666666666666,1.0,0.2916666666666667,0.7142857142857143,0.782986111111111,0.20833333333333326,0.07465277777777768
0.0,0.6499999999999999,0.95,0.5,0.7083333333333334,0.7083333333333334,1.0,1.0,1.0,1.0,0.2916666666666667,1.0,0.8541666666666666,0.29166666666666663,0.14583333333333326
0.0,0.6499999999999999,0.95,0.5,0.75,0.75,1.0,1.0,1.0,1.0,0.25,1.0,0.875,0.25,0.125
0.0,0.6499999999999999,0.95,0.5,0.5347222222222222,0.5833333333333334,0.9166666666666666,0.9583333333333334,0.9583333333333334,1.0,0.4166666666666667,0.9,0.7586805555555556,0.42361111111111116,0.22395833333333337
0.0,0.6499999999999999,0.95,0.5,0.625,0.625,1.0,0.9583333333333334,0.9583333333333334,1.0,0.375,0.8888888888888888,0.7786458333333334,0.33333333333333337,0.15364583333333337
0.0,0.6499999999999999,0.95,0.5,0.611111111111111,0.6666666666666666,0.9166666666666666,1.0,1.0,1.0,0.3333333333333333,1.0,0.8333333333333334,0.38888888888888895,0.22222222222222232
0.0,0.6499999999999999,0.95,0.5,0.5347222222222222,0.5833333333333334,0.9166666666666666,0.9166666666666666,0.9166666666666666,1.0,0.4166666666666667,0.8,0.7256944444444444,0.3819444444444444,0.1909722222222222
0.0,0.6499999999999999,0.95,0.5,0.625,0.625,1.0,1.0,1.0,1.0,0.375,1.0,0.8125,0.375,0.1875
0.0,0.6499999999999999,0.95,0.5,0.6666666666666666,0.6666666666666666,1.0,1.0,1.0,1.0,0.3333333333333333,1.0,0.8333333333333334,0.33333333333333337,0.16666666666666674
0.0,0.6499999999999999,0.95,0.5,0.625,0.625,1.0,0.875,0.875,1.0,0.375,0.6666666666666666,0.7109375,0.25,0.0859375
0.0,0.6499999999999999,0.95,0.5,0.6666666666666666,0.6666666666666666,1.0,1.0,1.0,1.0,0.3333333333333333,1.0,0.8333333333333334,0.33333333333333337,0.16666666666666674
0.0,0.6499999999999999,0.95,0.5,0.8333333333333334,0.8333333333333334,1.0,1.0,1.0,1.0,0.16666666666666666,1.0,0.9166666666666666,0.16666666666666663,0.08333333333333326
0.0,0.6499999999999999,0.95,0.5,0.6666666666666666,0.6666666666666666,1.0,1.0,1.0,1.0,0.3333333333333333,1.0,0.8333333333333334,0.33333333333333337,0.16666666666666674
0.0,0.6499999999999999,0.95,0.5,0.6666666666666666,0.6666666666666666,1.0,0.9583333333333334,0.9583333333333334,1.0,0.3333333333333333,0.875,0.7986111111111112,0.29166666666666674,0.13194444444444453
0.0,0.7,0.95,0.5,0.75,0.75,1.0,1.0,1.0,1.0,0.25,1.0,0.875,0.25,0.125
0.0,0.7,0.95,0.5,0.75,0.75,1.0,1.0,1.0,1.0,0.25,1.0,0.875,0.25,0.125
0.0,0.7,0.95,0.5,0.5729166666666666,0.625,0.9166666666666666,1.0,1.0,1.0,0.375,1.0,0.8125,0.42708333333333337,0.23958333333333337
0.0,0.7,0.95,0.5,0.5416666666666666,0.5416666666666666,1.0,1.0,1.0,1.0,0.4583333333333333,1.0,0.7708333333333334,0.45833333333333337,0.22916666666666674
0.0,0.7,0.95,0.5,0.375,0.5,0.75,0.9166666666666666,0.9166666666666666,1.0,0.5,0.8333333333333334,0.6875,0.5416666666666666,0.3125
0.0,0.7,0.95,0.5,0.6493055555555556,0.7083333333333334,0.9166666666666666,0.9583333333333334,0.9583333333333334,1.0,0.2916666666666667,0.8571428571428571,0.8185763888888888,0.3090277777777778,0.16927083333333326
0.0,0.7,0.95,0.5,0.625,0.625,1.0,1.0,1.0,1.0,0.375,1.0,0.8125,0.375,0.1875
0.0,0.7,0.95,0.5,0.6666666666666666,0.6666666666666666,1.0,0.9583333333333334,0.9583333333333334,1.0,0.3333333333333333,0.875,0.7986111111111112,0.29166666666666674,0.13194444444444453
0.0,0.7,0.95,0.5,0.6666666666666666,0.6666666666666666,1.0,1.0,1.0,1.0,0.3333333333333333,1.0,0.8333333333333334,0.33333333333333337,0.16666666666666674
0.0,0.7,0.95,0.5,0.46875,0.625,0.75,1.0,1.0,1.0,0.375,1.0,0.8125,0.53125,0.34375
0.0,0.7,0.95,0.5,0.75,0.75,1.0,1.0,1.0,1.0,0.25,1.0,0.875,0.25,0.125
0.0,0.7,0.95,0.5,0.75,0.75,1.0,1.0,1.0,1.0,0.25,1.0,0.875,0.25,0.125
0.0,0.7,0.95,0.5,0.5833333333333334,0.5833333333333334,1.0,1.0,1.0,1.0,0.4166666666666667,1.0,0.7916666666666666,0.41666666666666663,0.20833333333333326
0.0,0.7,0.95,0.5,0.5833333333333334,0.5833333333333334,1.0,0.9583333333333334,0.9583333333333334,1.0,0.4166666666666667,0.9,0.7586805555555556,0.375,0.1753472222222222
0.0,0.7,0.95,0.5,0.5833333333333334,0.5833333333333334,1.0,1.0,1.0,1.0,0.4166666666666667,1.0,0.7916666666666666,0.41666666666666663,0.20833333333333326
0.0,0.7,0.95,0.5,0.5833333333333334,0.5833333333333334,1.0,1.0,1.0,1.0,0.4166666666666667,1.0,0.7916666666666666,0.41666666666666663,0.20833333333333326
0.0,0.7,0.95,0.5,0.5833333333333334,0.5833333333333334,1.0,1.0,1.0,1.0,0.4166666666666667,1.0,0.7916666666666666,0.41666666666666663,0.20833333333333326
0.0,0.7,0.95,0.5,0.5729166666666666,0.625,0.9166666666666666,1.0,1.0,1.0,0.375,1.0,0.8125,0.42708333333333337,0.23958333333333337
0.0,0.7,0.95,0.5,0.6666666666666666,0.6666666666666666,1.0,1.0,1.0,1.0,0.3333333333333333,1.0,0.8333333333333334,0.33333333333333337,0.16666666666666674
0.0,0.7,0.95,0.5,0.34027777777777785,0.5833333333333334,0.5833333333333334,1.0,1.0,1.0,0.4166666666666667,1.0,0.7916666666666666,0.6597222222222221,0.4513888888888888
0.0,0.7,0.95,0.5,0.5833333333333334,0.5833333333333334,1.0,1.0,1.0,1.0,0.4166666666666667,1.0,0.7916666666666666,0.41666666666666663,0.20833333333333326
0.0,0.7,0.95,0.5,0.7083333333333334,0.7083333333333334,1.0,1.0,1.0,1.0,0.2916666666666667,1.0,0.8541666666666666,0.29166666666666663,0.14583333333333326
0.0,0.7,0.95,0.5,0.8333333333333334,0.8333333333333334,1.0,1.0,1.0,1.0,0.16666666666666666,1.0,0.9166666666666666,0.16666666666666663,0.08333333333333326
0.0,0.7,0.95,0.5,0.7083333333333334,0.7083333333333334,1.0,0.9583333333333334,0.9583333333333334,1.0,0.2916666666666667,0.8571428571428571,0.8185763888888888,0.25,0.11024305555555547
0.0,0.7,0.95,0.5,0.4375,0.5833333333333334,0.75,1.0,1.0,1.0,0.4166666666666667,1.0,0.7916666666666666,0.5625,0.35416666666666663
0.0,0.0,0.95,0.75,1.0,1.0,1.0,1.0,1.0,1.0,0.0,1.0,1.0,0.0,0.0
0.0,0.0,0.95,0.75,1.0,1.0,1.0,1.0,1.0,1.0,0.0,1.0,1.0,0.0,0.0
0.0,0.0,0.95,0.75,1.0,1.0,1.0,1.0,1.0,1.0,0.0,1.0,1.0,0.0,0.0
0.0,0.0,0.95,0.75,1.0,1.0,1.0,1.0,1.0,1.0,0.0,1.0,1.0,0.0,0.0
0.0,0.0,0.95,0.75,1.0,1.0,1.0,1.0,1.0,1.0,0.0,1.0,1.0,0.0,0.0
0.0,0.0,0.95,0.75,1.0,1.0,1.0,1.0,1.0,1.0,0.0,1.0,1.0,0.0,0.0
0.0,0.0,0.95,0.75,1.0,1.0,1.0,1.0,1.0,1.0,0.0,1.0,1.0,0.0,0.0
0.0,0.0,0.95,0.75,1.0,1.0,1.0,1.0,1.0,1.0,0.0,1.0,1.0,0.0,0.0
0.0,0.0,0.95,0.75,1.0,1.0,1.0,1.0,1.0,1.0,0.0,1.0,1.0,0.0,0.0
0.0,0.0,0.95,0.75,1.0,1.0,1.0,1.0,1.0,1.0,0.0,1.0,1.0,0.0,0.0
0.0,0.0,0.95,0.75,1.0,1.0,1.0,1.0,1.0,1.0,0.0,1.0,1.0,0.0,0.0
0.0,0.0,0.95,0.75,1.0,1.0,1.0,1.0,1.0,1.0,0.0,1.0,1.0,0.0,0.0
0.0,0.0,0.95,0.75,1.0,1.0,1.0,1.0,1.0,1.0,0.0,1.0,1.0,0.0,0.0
0.0,0.0,0.95,0.75,1.0,1.0,1.0,1.0,1.0,1.0,0.0,1.0,1.0,0.0,0.0
0.0,0.0,0.95,0.75,1.0,1.0,1.0,1.0,1.0,1.0,0.0,1.0,1.0,0.0,0.0
0.0,0.0,0.95,0.75,1.0,1.0,1.0,1.0,1.0,1.0,0.0,1.0,1.0,0.0,0.0
0.0,0.0,0.95,0.75,1.0,1.0,1.0,1.0,1.0,1.0,0.0,1.0,1.0,0.0,0.0
0.0,0.0,0.95,0.75,1.0,1.0,1.0,1.0,1.0,1.0,0.0,1.0,1.0,0.0,0.0
0.0,0.0,0.95,0.75,1.0,1.0,1.0,1.0,1.0,1.0,0.0,1.0,1.0,0.0,0.0
0.0,0.0,0.95,0.75,1.0,1.0,1.0,1.0,1.0,1.0,0.0,1.0,1.0,0.0,0.0
0.0,0.0,0.95,0.75,1.0,1.0,1.0,1.0,1.0,1.0,0.0,1.0,1.0,0.0,0.0
0.0,0.0,0.95,0.75,1.0,1.0,1.0,1.0,1.0,1.0,0.0,1.0,1.0,0.0,0.0
0.0,0.0,0.95,0.75,1.0,1.0,1.0,1.0,1.0,1.0,0.0,1.0,1.0,0.0,0.0
0.0,0.0,0.95,0.75,1.0,1.0,1.0,1.0,1.0,1.0,0.0,1.0,1.0,0.0,0.0
0.0,0.0,0.95,0.75,1.0,1.0,1.0,1.0,1.0,1.0,0.0,1.0,1.0,0.0,0.0
0.0,0.049999999999999996,0.95,0.75,1.0,1.0,1.0,1.0,1.0,1.0,0.0,1.0,1.0,0.0,0.0
0.0,0.049999999999999996,0.95,0.75,1.0,1.0,1.0,1.0,1.0,1.0,0.0,1.0,1.0,0.0,0.0
0.0,0.049999999999999996,0.95,0.75,0.9583333333333334,0.9583333333333334,1.0,1.0,1.0,1.0,0.041666666666666664,1.0,0.96875,0.04166666666666663,0.01041666666666663
0.0,0.049999999999999996,0.95,0.75,0.9583333333333334,0.9583333333333334,1.0,1.0,1.0,1.0,0.041666666666666664,1.0,0.96875,0.04166666666666663,0.01041666666666663
0.0,0.049999999999999996,0.95,0.75,1.0,1.0,1.0,1.0,1.0,1.0,0.0,1.0,1.0,0.0,0.0
0.0,0.049999999999999996,0.95,0.75,0.9583333333333334,0.9583333333333334,1.0,1.0,1.0,1.0,0.041666666666666664,1.0,0.96875,0.04166666666666663,0.01041666666666663
0.0,0.049999999999999996,0.95,0.75,1.0,1.0,1.0,1.0,1.0,1.0,0.0,1.0,1.0,0.0,0.0
0.0,0.049999999999999996,0.95,0.75,1.0,1.0,1.0,1.0,1.0,1.0,0.0,1.0,1.0,0.0,0.0
0.0,0.049999999999999996,0.95,0.75,0.9583333333333334,0.9583333333333334,1.0,1.0,1.0,1.0,0.041666666666666664,1.0,0.96875,0.04166666666666663,0.01041666666666663
0.0,0.049999999999999996,0.95,0.75,0.9583333333333334,0.9583333333333334,1.0,1.0,1.0,1.0,0.041666666666666664,1.0,0.96875,0.04166666666666663,0.01041666666666663
0.0,0.049999999999999996,0.95,0.75,1.0,1.0,1.0,1.0,1.0,1.0,0.0,1.0,1.0,0.0,0.0
0.0,0.049999999999999996,0.95,0.75,0.9166666666666666,0.9166666666666666,1.0,1.0,1.0,1.0,0.08333333333333333,1.0,0.9375,0.08333333333333337,0.02083333333333337
0.0,0.049999999999999996,0.95,0.75,1.0,1.0,1.0,1.0,1.0,1.0,0.0,1.0,1.0,0.0,0.0
0.0,0.049999999999999996,0.95,0.75,0.9166666666666666,0.9166666666666666,1.0,1.0,1.0,1.0,0.08333333333333333,1.0,0.9375,0.08333333333333337,0.02083333333333337
0.0,0.049999999999999996,0.95,0.75,0.9166666666666666,0.9166666666666666,1.0,0.9583333333333334,0.9583333333333334,1.0,0.08333333333333333,0.5,0.8984375,0.04166666666666674,-0.01822916666666663
0.0,0.049999999999999996,0.95,0.75,1.0,1.0,1.0,1.0,1.0,1.0,0.0,1.0,1.0,0.0,0.0
0.0,0.049999999999999996,0.95,0.75,0.9583333333333334,0.9583333333333334,1.0,0.9583333333333334,0.9583333333333334,1.0,0.041666666666666664,0.0,0.9283854166666667,0.0,-0.02994791666666663
0.0,0.049999999999999996,0.95,0.75,1.0,1.0,1.0,1.0,1.0,1.0,0.0,1.0,1.0,0.0,0.0
0.0,0.049999999999999996,0.95,0.75,0.9583333333333334,0.9583333333333334,1.0,1.0,1.0,1.0,0.041666666666666664,1.0,0.96875,0.04166666666666663,0.01041666666666663
0.0,0.049999999999999996,0.95,0.75,0.9583333333333334,0.9583333333333334,1.0,1.0,1.0,1.0,0.041666666666666664,1.0,0.96875,0.04166666666666663,0.01041666666666663
0.0,0.049999999999999996,0.95,0.75,0.9166666666666666,0.9166666666666666,1.0,1.0,1.0,1.0,0.08333333333333333,1.0,0.9375,0.08333333333333337,0.02083333333333337
0.0,0.049999999999999996,0.95,0.75,1.0,1.0,1.0,1.0,1.0,1.0,0.0,1.0,1.0,0.0,0.0
0.0,0.049999999999999996,0.95,0.75,0.9166666666666666,0.9166666666666666,1.0,1.0,1.0,1.0,0.08333333333333333,1.0,0.9375,0.08333333333333337,0.02083333333333337
0.0,0.049999999999999996,0.95,0.75,1.0,1.0,1.0,1.0,1.0,1.0,0.0,1.0,1.0,0.0,0.0
0.0,0.049999999999999996,0.95,0.75,1.0,1.0,1.0,1.0,1.0,1.0,0.0,1.0,1.0,0.0,0.0
0.0,0.09999999999999999,0.95,0.75,0.875,0.875,1.0,1.0,1.0,1.0,0.125,1.0,0.90625,0.125,0.03125
0.0,0.09999999999999999,0.95,0.75,1.0,1.0,1.0,1.0,1.0,1.0,0.0,1.0,1.0,0.0,0.0
0.0,0.09999999999999999,0.95,0.75,0.875,0.875,1.0,1.0,1.0,1.0,0.125,1.0,0.90625,0.125,0.03125
0.0,0.09999999999999999,0.95,0.75,0.9583333333333334,0.9583333333333334,1.0,1.0,1.0,1.0,0.041666666666666664,1.0,0.96875,0.04166666666666663,0.01041666666666663
0.0,0.09999999999999999,0.95,0.75,0.9583333333333334,0.9583333333333334,1.0,1.0,1.0,1.0,0.041666666666666664,1.0,0.96875,0.04166666666666663,0.01041666666666663
0.0,0.09999999999999999,0.95,0.75,1.0,1.0,1.0,1.0,1.0,1.0,0.0,1.0,1.0,0.0,0.0
0.0,0.09999999999999999,0.95,0.75,0.9166666666666666,0.9166666666666666,1.0,1.0,1.0,1.0,0.08333333333333333,1.0,0.9375,0.08333333333333337,0.02083333333333337
0.0,0.09999999999999999,0.95,0.75,1.0,1.0,1.0,1.0,1.0,1.0,0.0,1.0,1.0,0.0,0.0
0.0,0.09999999999999999,0.95,0.75,0.9583333333333334,0.9583333333333334,1.0,1.0,1.0,1.0,0.041666666666666664,1.0,0.96875,0.04166666666666663,0.01041666666666663
0.0,0.09999999999999999,0.95,0.75,0.9583333333333334,0.9583333333333334,1.0,1.0,1.0,1.0,0.041666666666666664,1.0,0.96875,0.04166666666666663,0.01041666666666663
0.0,0.09999999999999999,0.95,0.75,0.8333333333333334,0.8333333333333334,1.0,1.0,1.0,1.0,0.16666666666666666,1.0,0.875,0.16666666666666663,0.04166666666666663
0.0,0.09999999999999999,0.95,0.75,1.0,1.0,1.0,1.0,1.0,1.0,0.0,1.0,1.0,0.0,0.0
0.0,0.09999999999999999,0.95,0.75,0.875,0.875,1.0,1.0,1.0,1.0,0.125,1.0,0.90625,0.125,0.03125
0.0,0.09999999999999999,0.95,0.75,1.0,1.0,1.0,1.0,1.0,1.0,0.0,1.0,1.0,0.0,0.0
0.0,0.09999999999999999,0.95,0.75,0.9166666666666666,0.9166666666666666,1.0,1.0,1.0,1.0,0.08333333333333333,1.0,0.9375,0.08333333333333337,0.02083333333333337
0.0,0.09999999999999999,0.95,0.75,0.9166666666666666,0.9166666666666666,1.0,1.0,1.0,1.0,0.08333333333333333,1.0,0.9375,0.08333333333333337,0.02083333333333337
0.0,0.09999999999999999,0.95,0.75,1.0,1.0,1.0,1.0,1.0,1.0,0.0,1.0,1.0,0.0,0.0
0.0,0.09999999999999999,0.95,0.75,1.0,1.0,1.0,1.0,1.0,1.0,0.0,1.0,1.0,0.0,0.0
0.0,0.09999999999999999,0.95,0.75,1.0,1.0,1.0,1.0,1.0,1.0,0.0,1.0,1.0,0.0,0.0
0.0,0.09999999999999999,0.95,0.75,0.9166666666666666,0.9166666666666666,1.0,1.0,1.0,1.0,0.08333333333333333,1.0,0.9375,0.08333333333333337,0.02083333333333337
0.0,0.09999999999999999,0.95,0.75,1.0,1.0,1.0,1.0,1.0,1.0,0.0,1.0,1.0,0.0,0.0
0.0,0.09999999999999999,0.95,0.75,0.9583333333333334,0.9583333333333334,1.0,1.0,1.0,1.0,0.041666666666666664,1.0,0.96875,0.04166666666666663,0.01041666666666663
0.0,0.09999999999999999,0.95,0.75,0.9583333333333334,0.9583333333333334,1.0,1.0,1.0,1.0,0.041666666666666664,1.0,0.96875,0.04166666666666663,0.01041666666666663
0.0,0.09999999999999999,0.95,0.75,1.0,1.0,1.0,1.0,1.0,1.0,0.0,1.0,1.0,0.0,0.0
0.0,0.09999999999999999,0.95,0.75,0.9166666666666666,0.9166666666666666,1.0,1.0,1.0,1.0,0.08333333333333333,1.0,0.9375,0.08333333333333337,0.02083333333333337
0.0,0.15,0.95,0.75,0.9583333333333334,0.9583333333333334,1.0,1.0,1.0,1.0,0.041666666666666664,1.0,0.96875,0.04166666666666663,0.01041666666666663
0.0,0.15,0.95,0.75,0.9583333333333334,0.9583333333333334,1.0,1.0,1.0,1.0,0.041666666666666664,1.0,0.96875,0.04166666666666663,0.01041666666666663
0.0,0.15,0.95,0.75,0.9583333333333334,0.9583333333333334,1.0,1.0,1.0,1.0,0.041666666666666664,1.0,0.96875,0.04166666666666663,0.01041666666666663
0.0,0.15,0.95,0.75,0.9583333333333334,0.9583333333333334,1.0,1.0,1.0,1.0,0.041666666666666664,1.0,0.96875,0.04166666666666663,0.01041666666666663
0.0,0.15,0.95,0.75,1.0,1.0,1.0,1.0,1.0,1.0,0.0,1.0,1.0,0.0,0.0
0.0,0.15,0.95,0.75,0.9583333333333334,0.9583333333333334,1.0,1.0,1.0,1.0,0.041666666666666664,1.0,0.96875,0.04166666666666663,0.01041666666666663
0.0,0.15,0.95,0.75,0.875,0.875,1.0,1.0,1.0,1.0,0.125,1.0,0.90625,0.125,0.03125
0.0,0.15,0.95,0.75,0.9583333333333334,0.9583333333333334,1.0,1.0,1.0,1.0,0.041666666666666664,1.0,0.96875,0.04166666666666663,0.01041666666666663
0.0,0.15,0.95,0.75,0.9166666666666666,0.9166666666666666,1.0,1.0,1.0,1.0,0.08333333333333333,1.0,0.9375,0.08333333333333337,0.02083333333333337
0.0,0.15,0.95,0.75,0.9583333333333334,0.9583333333333334,1.0,1.0,1.0,1.0,0.041666666666666664,1.0,0.96875,0.04166666666666663,0.01041666666666663
0.0,0.15,0.95,0.75,0.9166666666666666,0.9166666666666666,1.0,1.0,1.0,1.0,0.08333333333333333,1.0,0.9375,0.08333333333333337,0.02083333333333337
0.0,0.15,0.95,0.75,0.875,0.875,1.0,1.0,1.0,1.0,0.125,1.0,0.90625,0.125,0.03125
0.0,0.15,0.95,0.75,0.8333333333333334,0.8333333333333334,1.0,1.0,1.0,1.0,0.16666666666666666,1.0,0.875,0.16666666666666663,0.04166666666666663
0.0,0.15,0.95,0.75,0.9166666666666666,0.9166666666666666,1.0,1.0,1.0,1.0,0.08333333333333333,1.0,0.9375,0.08333333333333337,0.02083333333333337
0.0,0.15,0.95,0.75,0.8020833333333333,0.875,0.9166666666666666,1.0,1.0,1.0,0.125,1.0,0.90625,0.19791666666666674,0.10416666666666674
0.0,0.15,0.95,0.75,0.9166666666666666,0.9166666666666666,1.0,1.0,1.0,1.0,0.08333333333333333,1.0,0.9375,0.08333333333333337,0.02083333333333337
0.0,0.15,0.95,0.75,0.9166666666666666,0.9166666666666666,1.0,1.0,1.0,1.0,0.08333333333333333,1.0,0.9375,0.08333333333333337,0.02083333333333337
0.0,0.15,0.95,0.75,0.9583333333333334,0.9583333333333334,1.0,1.0,1.0,1.0,0.041666666666666664,1.0,0.96875,0.04166666666666663,0.01041666666666663
0.0,0.15,0.95,0.75,0.9583333333333334,0.9583333333333334,1.0,1.0,1.0,1.0,0.041666666666666664,1.0,0.96875,0.04166666666666663,0.01041666666666663
0.0,0.15,0.95,0.75,0.9166666666666666,0.9166666666666666,1.0,1.0,1.0,1.0,0.08333333333333333,1.0,0.9375,0.08333333333333337,0.02083333333333337
0.0,0.15,0.95,0.75,1.0,1.0,1.0,1.0,1.0,1.0,0.0,1.0,1.0,0.0,0.0
0.0,0.15,0.95,0.75,0.9583333333333334,0.9583333333333334,1.0,1.0,1.0,1.0,0.041666666666666664,1.0,0.96875,0.04166666666666663,0.01041666666666663
0.0,0.15,0.95,0.75,0.9583333333333334,0.9583333333333334,1.0,1.0,1.0,1.0,0.041666666666666664,1.0,0.96875,0.04166666666666663,0.01041666666666663
0.0,0.15,0.95,0.75,0.9583333333333334,0.9583333333333334,1.0,1.0,1.0,1.0,0.041666666666666664,1.0,0.96875,0.04166666666666663,0.01041666666666663
0.0,0.15,0.95,0.75,0.9583333333333334,0.9583333333333334,1.0,1.0,1.0,1.0,0.041666666666666664,1.0,0.96875,0.04166666666666663,0.01041666666666663
0.0,0.19999999999999998,0.95,0.75,0.9583333333333334,0.9583333333333334,1.0,1.0,1.0,1.0,0.041666666666666664,1.0,0.96875,0.04166666666666663,0.01041666666666663
0.0,0.19999999999999998,0.95,0.75,0.8333333333333334,0.8333333333333334,1.0,0.9583333333333334,0.9583333333333334,1.0,0.16666666666666666,0.75,0.8385416666666667,0.125,0.00520833333333337
0.0,0.19999999999999998,0.95,0.75,0.9583333333333334,0.9583333333333334,1.0,1.0,1.0,1.0,0.041666666666666664,1.0,0.96875,0.04166666666666663,0.01041666666666663
0.0,0.19999999999999998,0.95,0.75,0.9166666666666666,0.9166666666666666,1.0,1.0,1.0,1.0,0.08333333333333333,1.0,0.9375,0.08333333333333337,0.02083333333333337
0.0,0.19999999999999998,0.95,0.75,0.9166666666666666,0.9166666666666666,1.0,1.0,1.0,1.0,0.08333333333333333,1.0,0.9375,0.08333333333333337,0.02083333333333337
0.0,0.19999999999999998,0.95,0.75,0.8333333333333334,0.8333333333333334,1.0,1.0,1.0,1.0,0.16666666666666666,1.0,0.875,0.16666666666666663,0.04166666666666663
0.0,0.19999999999999998,0.95,0.75,0.875,0.875,1.0,0.9583333333333334,0.9583333333333334,1.0,0.125,0.6666666666666666,0.8684895833333334,0.08333333333333337,-0.00651041666666663
0.0,0.19999999999999998,0.95,0.75,1.0,1.0,1.0,1.0,1.0,1.0,0.0,1.0,1.0,0.0,0.0
0.0,0.19999999999999998,0.95,0.75,0.9166666666666666,0.9166666666666666,1.0,1.0,1.0,1.0,0.08333333333333333,1.0,0.9375,0.08333333333333337,0.02083333333333337
0.0,0.19999999999999998,0.95,0.75,1.0,1.0,1.0,1.0,1.0,1.0,0.0,1.0,1.0,0.0,0.0
0.0,0.19999999999999998,0.95,0.75,0.875,0.875,1.0,1.0,1.0,1.0,0.125,1.0,0.90625,0.125,0.03125
0.0,0.19999999999999998,0.95,0.75,0.9583333333333334,0.9583333333333334,1.0,1.0,1.0,1.0,0.041666666666666664,1.0,0.96875,0.04166666666666663,0.01041666666666663
0.0,0.19999999999999998,0.95,0.75,0.875,0.875,1.0,0.9583333333333334,0.9583333333333334,1.0,0.125,0.6666666666666666,0.8684895833333334,0.08333333333333337,-0.00651041666666663
0.0,0.19999999999999998,0.95,0.75,0.8333333333333334,0.8333333333333334,1.0,1.0,1.0,1.0,0.16666666666666666,1.0,0.875,0.16666666666666663,0.04166666666666663
0.0,0.19999999999999998,0.95,0.75,1.0,1.0,1.0,1.0,1.0,1.0,0.0,1.0,1.0,0.0,0.0
0.0,0.19999999999999998,0.95,0.75,1.0,1.0,1.0,1.0,1.0,1.0,0.0,1.0,1.0,0.0,0.0
0.0,0.19999999999999998,0.95,0.75,0.9166666666666666,0.9166666666666666,1.0,1.0,1.0,1.0,0.08333333333333333,1.0,0.9375,0.08333333333333337,0.02083333333333337
0.0,0.19999999999999998,0.95,0.75,1.0,1.0,1.0,1.0,1.0,1.0,0.0,1.0,1.0,0.0,0.0
0.0,0.19999999999999998,0.95,0.75,0.8020833333333333,0.875,0.9166666666666666,1.0,1.0,1.0,0.125,1.0,0.90625,0.19791666666666674,0.10416666666666674
0.0,0.19999999999999998,0.95,0.75,0.8333333333333334,0.8333333333333334,1.0,0.9583333333333334,0.9583333333333334,1.0,0.16666666666666666,0.75,0.8385416666666667,0.125,0.00520833333333337
0.0,0.19999999999999998,0.95,0.75,0.9583333333333334,0.9583333333333334,1.0,1.0,1.0,1.0,0.041666666666666664,1.0,0.96875,0.04166666666666663,0.01041666666666663
0.0,0.19999999999999998,0.95,0.75,0.8333333333333334,0.8333333333333334,1.0,0.9583333333333334,0.9583333333333334,1.0,0.16666666666666666,0.75,0.8385416666666667,0.125,0.00520833333333337
0.0,0.19999999999999998,0.95,0.75,0.7083333333333334,0.7083333333333334,1.0,1.0,1.0,1.0,0.2916666666666667,1.0,0.78125,0.29166666666666663,0.07291666666666663
0.0,0.19999999999999998,0.95,0.75,0.9166666666666666,0.9166666666666666,1.0,1.0,1.0,1.0,0.08333333333333333,1.0,0.9375,0.08333333333333337,0.02083333333333337
0.0,0.19999999999999998,0.95,0.75,0.875,0.875,1.0,1.0,1.0,1.0,0.125,1.0,0.90625,0.125,0.03125
0.0,0.24999999999999997,0.95,0.75,0.875,0.875,1.0,1.0,1.0,1.0,0.125,1.0,0.90625,0.125,0.03125
0.0,0.24999999999999997,0.95,0.75,0.9166666666666666,0.9166666666666666,1.0,1.0,1.0,1.0,0.08333333333333333,1.0,0.9375,0.08333333333333337,0.02083333333333337
0.0,0.24999999999999997,0.95,0.75,1.0,1.0,1.0,1.0,1.0,1.0,0.0,1.0,1.0,0.0,0.0
0.0,0.24999999999999997,0.95,0.75,0.8333333333333334,0.8333333333333334,1.0,1.0,1.0,1.0,0.16666666666666666,1.0,0.875,0.16666666666666663,0.04166666666666663
0.0,0.24999999999999997,0.95,0.75,0.9166666666666666,0.9166666666666666,1.0,1.0,1.0,1.0,0.08333333333333333,1.0,0.9375,0.08333333333333337,0.02083333333333337
0.0,0.24999999999999997,0.95,0.75,0.9166666666666666,0.9166666666666666,1.0,1.0,1.0,1.0,0.08333333333333333,1.0,0.9375,0.08333333333333337,0.02083333333333337
0.0,0.24999999999999997,0.95,0.75,0.875,0.875,1.0,1.0,1.0,1.0,0.125,1.0,0.90625,0.125,0.03125
0.0,0.24999999999999997,0.95,0.75,0.9166666666666666,0.9166666666666666,1.0,1.0,1.0,1.0,0.08333333333333333,1.0,0.9375,0.08333333333333337,0.02083333333333337
0.0,0.24999999999999997,0.95,0.75,0.875,0.875,1.0,1.0,1.0,1.0,0.125,1.0,0.90625,0.125,0.03125
0.0,0.24999999999999997,0.95,0.75,0.875,0.875,1.0,1.0,1.0,1.0,0.125,1.0,0.90625,0.125,0.03125
0.0,0.24999999999999997,0.95,0.75,0.7083333333333334,0.7083333333333334,1.0,1.0,1.0,1.0,0.2916666666666667,1.0,0.78125,0.29166666666666663,0.07291666666666663
0.0,0.24999999999999997,0.95,0.75,0.8333333333333334,0.8333333333333334,1.0,1.0,1.0,1.0,0.16666666666666666,1.0,0.875,0.16666666666666663,0.04166666666666663
0.0,0.24999999999999997,0.95,0.75,0.875,0.875,1.0,1.0,1.0,1.0,0.125,1.0,0.90625,0.125,0.03125
0.0,0.24999999999999997,0.95,0.75,0.9166666666666666,0.9166666666666666,1.0,1.0,1.0,1.0,0.08333333333333333,1.0,0.9375,0.08333333333333337,0.02083333333333337
0.0,0.24999999999999997,0.95,0.75,0.9166666666666666,0.9166666666666666,1.0,1.0,1.0,1.0,0.08333333333333333,1.0,0.9375,0.08333333333333337,0.02083333333333337
0.0,0.24999999999999997,0.95,0.75,0.8333333333333334,0.8333333333333334,1.0,1.0,1.0,1.0,0.16666666666666666,1.0,0.875,0.16666666666666663,0.04166666666666663
0.0,0.24999999999999997,0.95,0.75,0.75,0.75,1.0,1.0,1.0,1.0,0.25,1.0,0.8125,0.25,0.0625
0.0,0.24999999999999997,0.95,0.75,0.9166666666666666,0.9166666666666666,1.0,1.0,1.0,1.0,0.08333333333333333,1.0,0.9375,0.08333333333333337,0.02083333333333337
0.0,0.24999999999999997,0.95,0.75,0.875,0.875,1.0,1.0,1.0,1.0,0.125,1.0,0.90625,0.125,0.03125
0.0,0.24999999999999997,0.95,0.75,0.875,0.875,1.0,1.0,1.0,1.0,0.125,1.0,0.90625,0.125,0.03125
0.0,0.24999999999999997,0.95,0.75,0.875,0.875,1.0,1.0,1.0,1.0,0.125,1.0,0.90625,0.125,0.03125
0.0,0.24999999999999997,0.95,0.75,0.875,0.875,1.0,1.0,1.0,1.0,0.125,1.0,0.90625,0.125,0.03125
0.0,0.24999999999999997,0.95,0.75,0.875,0.875,1.0,1.0,1.0,1.0,0.125,1.0,0.90625,0.125,0.03125
0.0,0.24999999999999997,0.95,0.75,0.75,0.75,1.0,1.0,1.0,1.0,0.25,1.0,0.8125,0.25,0.0625
0.0,0.24999999999999997,0.95,0.75,0.875,0.875,1.0,0.9583333333333334,0.9583333333333334,1.0,0.125,0.6666666666666666,0.8684895833333334,0.08333333333333337,-0.00651041666666663
0.0,0.3,0.95,0.75,0.9166666666666666,0.9166666666666666,1.0,1.0,1.0,1.0,0.08333333333333333,1.0,0.9375,0.08333333333333337,0.02083333333333337
0.0,0.3,0.95,0.75,0.9583333333333334,0.9583333333333334,1.0,1.0,1.0,1.0,0.041666666666666664,1.0,0.96875,0.04166666666666663,0.01041666666666663
0.0,0.3,0.95,0.75,0.6875,0.75,0.9166666666666666,1.0,1.0,1.0,0.25,1.0,0.8125,0.3125,0.125
0.0,0.3,0.95,0.75,0.9166666666666666,0.9166666666666666,1.0,1.0,1.0,1.0,0.08333333333333333,1.0,0.9375,0.08333333333333337,0.02083333333333337
0.0,0.3,0.95,0.75,0.7916666666666666,0.7916666666666666,1.0,1.0,1.0,1.0,0.20833333333333334,1.0,0.84375,0.20833333333333337,0.05208333333333337
0.0,0.3,0.95,0.75,0.875,0.875,1.0,0.9166666666666666,0.9166666666666666,1.0,0.125,0.3333333333333333,0.8307291666666666,0.04166666666666663,-0.04427083333333337
0.0,0.3,0.95,0.75,0.8333333333333334,0.8333333333333334,1.0,1.0,1.0,1.0,0.16666666666666666,1.0,0.875,0.16666666666666663,0.04166666666666663
0.0,0.3,0.95,0.75,0.9583333333333334,0.9583333333333334,1.0,1.0,1.0,1.0,0.041666666666666664,1.0,0.96875,0.04166666666666663,0.01041666666666663
0.0,0.3,0.95,0.75,0.8333333333333334,0.8333333333333334,1.0,1.0,1.0,1.0,0.16666666666666666,1.0,0.875,0.16666666666666663,0.04166666666666663
0.0,0.3,0.95,0.75,0.7916666666666666,0.7916666666666666,1.0,1.0,1.0,1.0,0.20833333333333334,1.0,0.84375,0.20833333333333337,0.05208333333333337
0.0,0.3,0.95,0.75,0.8333333333333334,0.8333333333333334,1.0,0.9583333333333334,0.9583333333333334,1.0,0.16666666666666666,0.75,0.8385416666666667,0.125,0.00520833333333337
0.0,0.3,0.95,0.75,0.9166666666666666,0.9166666666666666,1.0,1.0,1.0,1.0,0.08333333333333333,1.0,0.9375,0.08333333333333337,0.02083333333333337
0.0,0.3,0.95,0.75,0.875,0.875,1.0,1.0,1.0,1.0,0.125,1.0,0.90625,0.125,0.03125
0.0,0.3,0.95,0.75,0.7916666666666666,0.7916666666666666,1.0,0.9583333333333334,0.9583333333333334,1.0,0.20833333333333334,0.8,0.80859375,0.16666666666666674,0.01692708333333337
0.0,0.3,0.95,0.75,0.8333333333333334,0.8333333333333334,1.0,1.0,1.0,1.0,0.16666666666666666,1.0,0.875,0.16666666666666663,0.04166666666666663
0.0,0.3,0.95,0.75,0.875,0.875,1.0,1.0,1.0,1.0,0.125,1.0,0.90625,0.125,0.03125
0.0,0.3,0.95,0.75,0.8333333333333334,0.8333333333333334,1.0,1.0,1.0,1.0,0.16666666666666666,1.0,0.875,0.16666666666666663,0.04166666666666663
0.0,0.3,0.95,0.75,0.75,0.75,1.0,1.0,1.0,1.0,0.25,1.0,0.8125,0.25,0.0625
0.0,0.3,0.95,0.75,0.7916666666666666,0.7916666666666666,1.0,1.0,1.0,1.0,0.20833333333333334,1.0,0.84375,0.20833333333333337,0.05208333333333337
0.0,0.3,0.95,0.75,0.875,0.875,1.0,1.0,1.0,1.0,0.125,1.0,0.90625,0.125,0.03125
0.0,0.3,0.95,0.75,0.875,0.875,1.0,1.0,1.0,1.0,0.125,1.0,0.90625,0.125,0.03125
0.0,0.3,0.95,0.75,0.9583333333333334,0.9583333333333334,1.0,1.0,1.0,1.0,0.041666666666666664,1.0,0.96875,0.04166666666666663,0.01041666666666663
0.0,0.3,0.95,0.75,0.875,0.875,1.0,1.0,1.0,1.0,0.125,1.0,0.90625,0.125,0.03125
0.0,0.3,0.95,0.75,0.9166666666666666,0.9166666666666666,1.0,1.0,1.0,1.0,0.08333333333333333,1.0,0.9375,0.08333333333333337,0.02083333333333337
0.0,0.3,0.95,0.75,0.875,0.875,1.0,1.0,1.0,1.0,0.125,1.0,0.90625,0.125,0.03125
0.0,0.35,0.95,0.75,0.7916666666666666,0.7916666666666666,1.0,0.9583333333333334,0.9583333333333334,1.0,0.20833333333333334,0.8,0.80859375,0.16666666666666674,0.01692708333333337
0.0,0.35,0.95,0.75,0.8333333333333334,0.8333333333333334,1.0,1.0,1.0,1.0,0.16666666666666666,1.0,0.875,0.16666666666666663,0.04166666666666663
0.0,0.35,0.95,0.75,0.7916666666666666,0.7916666666666666,1.0,1.0,1.0,1.0,0.20833333333333334,1.0,0.84375,0.20833333333333337,0.05208333333333337
0.0,0.35,0.95,0.75,0.7916666666666666,0.7916666666666666,1.0,1.0,1.0,1.0,0.20833333333333334,1.0,0.84375,0.20833333333333337,0.05208333333333337
0.0,0.35,0.95,0.75,0.5833333333333334,0.5833333333333334,1.0,0.9583333333333334,0.9583333333333334,1.0,0.4166666666666667,0.9,0.6588541666666667,0.375,0.07552083333333337
0.0,0.35,0.95,0.75,0.8333333333333334,0.8333333333333334,1.0,1.0,1.0,1.0,0.16666666666666666,1.0,0.875,0.16666666666666663,0.04166666666666663
0.0,0.35,0.95,0.75,0.8333333333333334,0.8333333333333334,1.0,1.0,1.0,1.0,0.16666666666666666,1.0,0.875,0.16666666666666663,0.04166666666666663
0.0,0.35,0.95,0.75,0.9583333333333334,0.9583333333333334,1.0,1.0,1.0,1.0,0.041666666666666664,1.0,0.96875,0.04166666666666663,0.01041666666666663
0.0,0.35,0.95,0.75,0.8333333333333334,0.8333333333333334,1.0,1.0,1.0,1.0,0.16666666666666666,1.0,0.875,0.16666666666666663,0.04166666666666663
0.0,0.35,0.95,0.75,0.7916666666666666,0.7916666666666666,1.0,1.0,1.0,1.0,0.20833333333333334,1.0,0.84375,0.20833333333333337,0.05208333333333337
0.0,0.35,0.95,0.75,0.75,0.75,1.0,1.0,1.0,1.0,0.25,1.0,0.8125,0.25,0.0625
0.0,0.35,0.95,0.75,0.875,0.875,1.0,1.0,1.0,1.0,0.125,1.0,0.90625,0.125,0.03125
0.0,0.35,0.95,0.75,0.875,0.875,1.0,1.0,1.0,1.0,0.125,1.0,0.90625,0.125,0.03125
0.0,0.35,0.95,0.75,0.7916666666666666,0.7916666666666666,1.0,1.0,1.0,1.0,0.20833333333333334,1.0,0.84375,0.20833333333333337,0.05208333333333337
0.0,0.35,0.95,0.75,0.9166666666666666,0.9166666666666666,1.0,1.0,1.0,1.0,0.08333333333333333,1.0,0.9375,0.08333333333333337,0.02083333333333337
0.0,0.35,0.95,0.75,0.8333333333333334,0.8333333333333334,1.0,0.9583333333333334,0.9583333333333334,1.0,0.16666666666666666,0.75,0.8385416666666667,0.125,0.00520833333333337
0.0,0.35,0.95,0.75,0.7916666666666666,0.7916666666666666,1.0,1.0,1.0,1.0,0.20833333333333334,1.0,0.84375,0.20833333333333337,0.05208333333333337
0.0,0.35,0.95,0.75,0.8333333333333334,0.8333333333333334,1.0,0.9583333333333334,0.9583333333333334,1.0,0.16666666666666666,0.75,0.8385416666666667,0.125,0.00520833333333337
0.0,0.35,0.95,0.75,0.8333333333333334,0.8333333333333334,1.0,1.0,1.0,1.0,0.16666666666666666,1.0,0.875,0.16666666666666663,0.04166666666666663
0.0,0.35,0.95,0.75,0.7083333333333334,0.7083333333333334,1.0,1.0,1.0,1.0,0.2916666666666667,1.0,0.78125,0.29166666666666663,0.07291666666666663
0.0,0.35,0.95,0.75,0.7916666666666666,0.7916666666666666,1.0,1.0,1.0,1.0,0.20833333333333334,1.0,0.84375,0.20833333333333337,0.05208333333333337
0.0,0.35,0.95,0.75,0.8333333333333334,0.8333333333333334,1.0,1.0,1.0,1.0,0.16666666666666666,1.0,0.875,0.16666666666666663,0.04166666666666663
0.0,0.35,0.95,0.75,0.75,0.75,1.0,1.0,1.0,1.0,0.25,1.0,0.8125,0.25,0.0625
0.0,0.35,0.95,0.75,0.8333333333333334,0.8333333333333334,1.0,1.0,1.0,1.0,0.16666666666666666,1.0,0.875,0.16666666666666663,0.04166666666666663
0.0,0.35,0.95,0.75,0.9166666666666666,0.9166666666666666,1.0,1.0,1.0,1.0,0.08333333333333333,1.0,0.9375,0.08333333333333337,0.02083333333333337
0.0,0.39999999999999997,0.95,0.75,0.8333333333333334,0.8333333333333334,1.0,0.9583333333333334,0.9583333333333334,1.0,0.16666666666666666,0.75,0.8385416666666667,0.125,0.00520833333333337
0.0,0.39999999999999997,0.95,0.75,0.875,0.875,1.0,0.9583333333333334,0.9583333333333334,1.0,0.125,0.6666666666666666,0.8684895833333334,0.08333333333333337,-0.00651041666666663
0.0,0.39999999999999997,0.95,0.75,0.7916666666666666,0.7916666666666666,1.0,1.0,1.0,1.0,0.20833333333333334,1.0,0.84375,0.20833333333333337,0.05208333333333337
0.0,0.39999999999999997,0.95,0.75,0.5833333333333334,0.5833333333333334,1.0,1.0,1.0,1.0,0.4166666666666667,1.0,0.6875,0.41666666666666663,0.10416666666666663
0.0,0.39999999999999997,0.95,0.75,0.875,0.875,1.0,1.0,1.0,1.0,0.125,1.0,0.90625,0.125,0.03125
0.0,0.39999999999999997,0.95,0.75,0.8333333333333334,0.8333333333333334,1.0,1.0,1.0,1.0,0.16666666666666666,1.0,0.875,0.16666666666666663,0.04166666666666663
0.0,0.39999999999999997,0.95,0.75,0.7083333333333334,0.7083333333333334,1.0,1.0,1.0,1.0,0.2916666666666667,1.0,0.78125,0.29166666666666663,0.07291666666666663
0.0,0.39999999999999997,0.95,0.75,0.7916666666666666,0.7916666666666666,1.0,1.0,1.0,1.0,0.20833333333333334,1.0,0.84375,0.20833333333333337,0.05208333333333337
0.0,0.39999999999999997,0.95,0.75,0.7916666666666666,0.7916666666666666,1.0,0.9583333333333334,0.9583333333333334,1.0,0.20833333333333334,0.8,0.80859375,0.16666666666666674,0.01692708333333337
0.0,0.39999999999999997,0.95,0.75,0.7083333333333334,0.7083333333333334,1.0,1.0,1.0,1.0,0.2916666666666667,1.0,0.78125,0.29166666666666663,0.07291666666666663
0.0,0.39999999999999997,0.95,0.75,0.7083333333333334,0.7083333333333334,1.0,1.0,1.0,1.0,0.2916666666666667,1.0,0.78125,0.29166666666666663,0.07291666666666663
0.0,0.39999999999999997,0.95,0.75,0.75,0.75,1.0,1.0,1.0,1.0,0.25,1.0,0.8125,0.25,0.0625
0.0,0.39999999999999997,0.95,0.75,0.8333333333333334,0.8333333333333334,1.0,1.0,1.0,1.0,0.16666666666666666,1.0,0.875,0.16666666666666663,0.04166666666666663
0.0,0.39999999999999997,0.95,0.75,0.7256944444444444,0.7916666666666666,0.9166666666666666,1.0,1.0,1.0,0.20833333333333334,1.0,0.84375,0.2743055555555556,0.11805555555555558
0.0,0.39999999999999997,0.95,0.75,0.7083333333333334,0.7083333333333334,1.0,1.0,1.0,1.0,0.2916666666666667,1.0,0.78125,0.29166666666666663,0.07291666666666663
0.0,0.39999999999999997,0.95,0.75,0.75,0.75,1.0,1.0,1.0,1.0,0.25,1.0,0.8125,0.25,0.0625
0.0,0.39999999999999997,0.95,0.75,0.875,0.875,1.0,1.0,1.0,1.0,0.125,1.0,0.90625,0.125,0.03125
0.0,0.39999999999999997,0.95,0.75,0.875,0.875,1.0,1.0,1.0,1.0,0.125,1.0,0.90625,0.125,0.03125
0.0,0.39999999999999997,0.95,0.75,0.625,0.625,1.0,1.0,1.0,1.0,0.375,1.0,0.71875,0.375,0.09375
0.0,0.39999999999999997,0.95,0.75,0.8333333333333334,0.8333333333333334,1.0,1.0,1.0,1.0,0.16666666666666666,1.0,0.875,0.16666666666666663,0.04166666666666663
0.0,0.39999999999999997,0.95,0.75,0.875,0.875,1.0,1.0,1.0,1.0,0.125,1.0,0.90625,0.125,0.03125
0.0,0.39999999999999997,0.95,0.75,0.9166666666666666,0.9166666666666666,1.0,1.0,1.0,1.0,0.08333333333333333,1.0,0.9375,0.08333333333333337,0.02083333333333337
0.0,0.39999999999999997,0.95,0.75,0.875,0.875,1.0,1.0,1.0,1.0,0.125,1.0,0.90625,0.125,0.03125
0.0,0.39999999999999997,0.95,0.75,0.875,0.875,1.0,1.0,1.0,1.0,0.125,1.0,0.90625,0.125,0.03125
0.0,0.39999999999999997,0.95,0.75,0.8333333333333334,0.8333333333333334,1.0,0.9583333333333334,0.9583333333333334,1.0,0.16666666666666666,0.75,0.8385416666666667,0.125,0.00520833333333337
0.0,0.44999999999999996,0.95,0.75,0.7916666666666666,0.7916666666666666,1.0,1.0,1.0,1.0,0.20833333333333334,1.0,0.84375,0.20833333333333337,0.05208333333333337
0.0,0.44999999999999996,0.95,0.75,0.7916666666666666,0.7916666666666666,1.0,0.9583333333333334,0.9583333333333334,1.0,0.20833333333333334,0.8,0.80859375,0.16666666666666674,0.01692708333333337
0.0,0.44999999999999996,0.95,0.75,0.75,0.75,1.0,1.0,1.0,1.0,0.25,1.0,0.8125,0.25,0.0625
0.0,0.44999999999999996,0.95,0.75,0.75,0.75,1.0,1.0,1.0,1.0,0.25,1.0,0.8125,0.25,0.0625
0.0,0.44999999999999996,0.95,0.75,0.611111111111111,0.6666666666666666,0.9166666666666666,0.9583333333333334,0.9583333333333334,1.0,0.3333333333333333,0.875,0.71875,0.3472222222222223,0.10763888888888895
0.0,0.44999999999999996,0.95,0.75,0.18055555555555552,0.5416666666666666,0.3333333333333333,0.9583333333333334,0.9583333333333334,1.0,0.4583333333333333,0.9090909090909091,0.62890625,0.7777777777777779,0.4483506944444445
0.0,0.44999999999999996,0.95,0.75,0.6666666666666666,0.6666666666666666,1.0,1.0,1.0,1.0,0.3333333333333333,1.0,0.75,0.33333333333333337,0.08333333333333337
0.0,0.44999999999999996,0.95,0.75,0.7916666666666666,0.7916666666666666,1.0,1.0,1.0,1.0,0.20833333333333334,1.0,0.84375,0.20833333333333337,0.05208333333333337
0.0,0.44999999999999996,0.95,0.75,0.8333333333333334,0.8333333333333334,1.0,0.9583333333333334,0.9583333333333334,1.0,0.16666666666666666,0.75,0.8385416666666667,0.125,0.00520833333333337
0.0,0.44999999999999996,0.95,0.75,0.7638888888888888,0.8333333333333334,0.9166666666666666,1.0,1.0,1.0,0.16666666666666666,1.0,0.875,0.23611111111111116,0.11111111111111116
0.0,0.44999999999999996,0.95,0.75,0.9583333333333334,0.9583333333333334,1.0,1.0,1.0,1.0,0.041666666666666664,1.0,0.96875,0.04166666666666663,0.01041666666666663
0.0,0.44999999999999996,0.95,0.75,0.6875,0.75,0.9166666666666666,0.9583333333333334,0.9583333333333334,1.0,0.25,0.8333333333333334,0.7786458333333334,0.27083333333333337,0.09114583333333337
0.0,0.44999999999999996,0.95,0.75,0.75,0.75,1.0,1.0,1.0,1.0,0.25,1.0,0.8125,0.25,0.0625
0.0,0.44999999999999996,0.95,0.75,0.8333333333333334,0.8333333333333334,1.0,1.0,1.0,1.0,0.16666666666666666,1.0,0.875,0.16666666666666663,0.04166666666666663
0.0,0.44999999999999996,0.95,0.75,0.7916666666666666,0.7916666666666666,1.0,1.0,1.0,1.0,0.20833333333333334,1.0,0.84375,0.20833333333333337,0.05208333333333337
0.0,0.44999999999999996,0.95,0.75,0.7083333333333334,0.7083333333333334,1.0,1.0,1.0,1.0,0.2916666666666667,1.0,0.78125,0.29166666666666663,0.07291666666666663
0.0,0.44999999999999996,0.95,0.75,0.7083333333333334,0.7083333333333334,1.0,1.0,1.0,1.0,0.2916666666666667,1.0,0.78125,0.29166666666666663,0.07291666666666663
0.0,0.44999999999999996,0.95,0.75,0.8333333333333334,0.8333333333333334,1.0,1.0,1.0,1.0,0.16666666666666666,1.0,0.875,0.16666666666666663,0.04166666666666663
0.0,0.44999999999999996,0.95,0.75,0.75,0.75,1.0,1.0,1.0,1.0,0.25,1.0,0.8125,0.25,0.0625
0.0,0.44999999999999996,0.95,0.75,0.7916666666666666,0.7916666666666666,1.0,0.9583333333333334,0.9583333333333334,1.0,0.20833333333333334,0.8,0.80859375,0.16666666666666674,0.01692708333333337
0.0,0.44999999999999996,0.95,0.75,0.9166666666666666,0.9166666666666666,1.0,1.0,1.0,1.0,0.08333333333333333,1.0,0.9375,0.08333333333333337,0.02083333333333337
0.0,0.44999999999999996,0.95,0.75,0.75,0.75,1.0,1.0,1.0,1.0,0.25,1.0,0.8125,0.25,0.0625
0.0,0.44999999999999996,0.95,0.75,0.75,0.75,1.0,0.9166666666666666,0.9166666666666666,1.0,0.25,0.6666666666666666,0.7447916666666666,0.16666666666666663,-0.00520833333333337
0.0,0.44999999999999996,0.95,0.75,0.7916666666666666,0.7916666666666666,1.0,1.0,1.0,1.0,0.20833333333333334,1.0,0.84375,0.20833333333333337,0.05208333333333337
0.0,0.44999999999999996,0.95,0.75,0.6666666666666666,0.6666666666666666,1.0,1.0,1.0,1.0,0.3333333333333333,1.0,0.75,0.33333333333333337,0.08333333333333337
0.0,0.49999999999999994,0.95,0.75,0.8333333333333334,0.8333333333333334,1.0,1.0,1.0,1.0,0.16666666666666666,1.0,0.875,0.16666666666666663,0.04166666666666663
0.0,0.49999999999999994,0.95,0.75,0.75,0.75,1.0,0.9583333333333334,0.9583333333333334,1.0,0.25,0.8333333333333334,0.7786458333333334,0.20833333333333337,0.02864583333333337
0.0,0.49999999999999994,0.95,0.75,0.8333333333333334,0.8333333333333334,1.0,1.0,1.0,1.0,0.16666666666666666,1.0,0.875,0.16666666666666663,0.04166666666666663
0.0,0.49999999999999994,0.95,0.75,0.75,0.75,1.0,1.0,1.0,1.0,0.25,1.0,0.8125,0.25,0.0625
0.0,0.49999999999999994,0.95,0.75,0.7916666666666666,0.7916666666666666,1.0,0.9583333333333334,0.9583333333333334,1.0,0.20833333333333334,0.8,0.80859375,0.16666666666666674,0.01692708333333337
0.0,0.49999999999999994,0.95,0.75,0.9166666666666666,0.9166666666666666,1.0,1.0,1.0,1.0,0.08333333333333333,1.0,0.9375,0.08333333333333337,0.02083333333333337
0.0,0.49999999999999994,0.95,0.75,0.6666666666666666,0.6666666666666666,1.0,0.9583333333333334,0.9583333333333334,1.0,0.3333333333333333,0.875,0.71875,0.29166666666666674,0.05208333333333337
0.0,0.49999999999999994,0.95,0.75,0.8333333333333334,0.8333333333333334,1.0,1.0,1.0,1.0,0.16666666666666666,1.0,0.875,0.16666666666666663,0.04166666666666663
0.0,0.49999999999999994,0.95,0.75,0.3541666666666667,0.7083333333333334,0.5,1.0,1.0,1.0,0.2916666666666667,1.0,0.78125,0.6458333333333333,0.4270833333333333
0.0,0.49999999999999994,0.95,0.75,0.75,0.75,1.0,1.0,1.0,1.0,0.25,1.0,0.8125,0.25,0.0625
0.0,0.49999999999999994,0.95,0.75,0.7083333333333334,0.7083333333333334,1.0,0.9583333333333334,0.9583333333333334,1.0,0.2916666666666667,0.8571428571428571,0.7486979166666667,0.25,0.04036458333333337
0.0,0.49999999999999994,0.95,0.75,0.75,0.75,1.0,0.9583333333333334,0.9583333333333334,1.0,0.25,0.8333333333333334,0.7786458333333334,0.20833333333333337,0.02864583333333337
0.0,0.49999999999999994,0.95,0.75,0.75,0.75,1.0,1.0,1.0,1.0,0.25,1.0,0.8125,0.25,0.0625
0.0,0.49999999999999994,0.95,0.75,0.7916666666666666,0.7916666666666666,1.0,1.0,1.0,1.0,0.20833333333333334,1.0,0.84375,0.20833333333333337,0.05208333333333337
0.0,0.49999999999999994,0.95,0.75,0.75,0.75,1.0,0.9583333333333334,0.9583333333333334,1.0,0.25,0.8333333333333334,0.7786458333333334,0.20833333333333337,0.02864583333333337
0.0,0.49999999999999994,0.95,0.75,0.7916666666666666,0.7916666666666666,1.0,1.0,1.0,1.0,0.20833333333333334,1.0,0.84375,0.20833333333333337,0.05208333333333337
0.0,0.49999999999999994,0.95,0.75,0.875,0.875,1.0,1.0,1.0,1.0,0.125,1.0,0.90625,0.125,0.03125
0.0,0.49999999999999994,0.95,0.75,0.625,0.625,1.0,0.9583333333333334,0.9583333333333334,1.0,0.375,0.8888888888888888,0.6888020833333334,0.33333333333333337,0.06380208333333337
0.0,0.49999999999999994,0.95,0.75,0.7083333333333334,0.7083333333333334,1.0,0.9583333333333334,0.9583333333333334,1.0,0.2916666666666667,0.8571428571428571,0.7486979166666667,0.25,0.04036458333333337
0.0,0.49999999999999994,0.95,0.75,0.75,0.75,1.0,0.9583333333333334,0.9583333333333334,1.0,0.25,0.8333333333333334,0.7786458333333334,0.20833333333333337,0.02864583333333337
0.0,0.49999999999999994,0.95,0.75,0.7083333333333334,0.7083333333333334,1.0,1.0,1.0,1.0,0.2916666666666667,1.0,0.78125,0.29166666666666663,0.07291666666666663
0.0,0.49999999999999994,0.95,0.75,0.7916666666666666,0.7916666666666666,1.0,1.0,1.0,1.0,0.20833333333333334,1.0,0.84375,0.20833333333333337,0.05208333333333337
0.0,0.49999999999999994,0.95,0.75,0.5,0.5,1.0,1.0,1.0,1.0,0.5,1.0,0.625,0.5,0.125
0.0,0.49999999999999994,0.95,0.75,0.875,0.875,1.0,1.0,1.0,1.0,0.125,1.0,0.90625,0.125,0.03125
0.0,0.49999999999999994,0.95,0.75,0.75,0.75,1.0,0.9583333333333334,0.9583333333333334,1.0,0.25,0.8333333333333334,0.7786458333333334,0.20833333333333337,0.02864583333333337
0.0,0.5499999999999999,0.95,0.75,0.7916666666666666,0.7916666666666666,1.0,1.0,1.0,1.0,0.20833333333333334,1.0,0.84375,0.20833333333333337,0.05208333333333337
0.0,0.5499999999999999,0.95,0.75,0.8333333333333334,0.8333333333333334,1.0,1.0,1.0,1.0,0.16666666666666666,1.0,0.875,0.16666666666666663,0.04166666666666663
0.0,0.5499999999999999,0.95,0.75,0.6875,0.75,0.9166666666666666,1.0,1.0,1.0,0.25,1.0,0.8125,0.3125,0.125
0.0,0.5499999999999999,0.95,0.75,0.6666666666666666,0.6666666666666666,1.0,0.9583333333333334,0.9583333333333334,1.0,0.3333333333333333,0.875,0.71875,0.29166666666666674,0.05208333333333337
0.0,0.5499999999999999,0.95,0.75,0.75,0.75,1.0,1.0,1.0,1.0,0.25,1.0,0.8125,0.25,0.0625
0.0,0.5499999999999999,0.95,0.75,0.625,0.625,1.0,1.0,1.0,1.0,0.375,1.0,0.71875,0.375,0.09375
0.0,0.5499999999999999,0.95,0.75,0.8333333333333334,0.8333333333333334,1.0,1.0,1.0,1.0,0.16666666666666666,1.0,0.875,0.16666666666666663,0.04166666666666663
0.0,0.5499999999999999,0.95,0.75,0.8333333333333334,0.8333333333333334,1.0,1.0,1.0,1.0,0.16666666666666666,1.0,0.875,0.16666666666666663,0.04166666666666663
0.0,0.5499999999999999,0.95,0.75,0.7083333333333334,0.7083333333333334,1.0,0.9583333333333334,0.9583333333333334,1.0,0.2916666666666667,0.8571428571428571,0.7486979166666667,0.25,0.04036458333333337
0.0,0.5499999999999999,0.95,0.75,0.875,0.875,1.0,1.0,1.0,1.0,0.125,1.0,0.90625,0.125,0.03125
0.0,0.5499999999999999,0.95,0.75,0.75,0.75,1.0,1.0,1.0,1.0,0.25,1.0,0.8125,0.25,0.0625
0.0,0.5499999999999999,0.95,0.75,0.6666666666666666,0.6666666666666666,1.0,0.9583333333333334,0.9583333333333334,1.0,0.3333333333333333,0.875,0.71875,0.29166666666666674,0.05208333333333337
0.0,0.5499999999999999,0.95,0.75,0.7083333333333334,0.7083333333333334,1.0,1.0,1.0,1.0,0.2916666666666667,1.0,0.78125,0.29166666666666663,0.07291666666666663
0.0,0.5499999999999999,0.95,0.75,0.6666666666666666,0.6666666666666666,1.0,0.9583333333333334,0.9583333333333334,1.0,0.3333333333333333,0.875,0.71875,0.29166666666666674,0.05208333333333337
0.0,0.5499999999999999,0.95,0.75,0.8333333333333334,0.8333333333333334,1.0,1.0,1.0,1.0,0.16666666666666666,1.0,0.875,0.16666666666666663,0.04166666666666663
0.0,0.5499999999999999,0.95,0.75,0.7916666666666666,0.7916666666666666,1.0,1.0,1.0,1.0,0.20833333333333334,1.0,0.84375,0.20833333333333337,0.05208333333333337
0.0,0.5499999999999999,0.95,0.75,0.625,0.625,1.0,1.0,1.0,1.0,0.375,1.0,0.71875,0.375,0.09375
0.0,0.5499999999999999,0.95,0.75,0.875,0.875,1.0,1.0,1.0,1.0,0.125,1.0,0.90625,0.125,0.03125
0.0,0.5499999999999999,0.95,0.75,0.8333333333333334,0.8333333333333334,1.0,1.0,1.0,1.0,0.16666666666666666,1.0,0.875,0.16666666666666663,0.04166666666666663
0.0,0.5499999999999999,0.95,0.75,0.75,0.75,1.0,0.9166666666666666,0.9166666666666666,1.0,0.25,0.6666666666666666,0.7447916666666666,0.16666666666666663,-0.00520833333333337
0.0,0.5499999999999999,0.95,0.75,0.6875,0.75,0.9166666666666666,1.0,1.0,1.0,0.25,1.0,0.8125,0.3125,0.125
0.0,0.5499999999999999,0.95,0.75,0.6666666666666666,0.6666666666666666,1.0,0.9583333333333334,0.9583333333333334,1.0,0.3333333333333333,0.875,0.71875,0.29166666666666674,0.05208333333333337
0.0,0.5499999999999999,0.95,0.75,0.5729166666666666,0.625,0.9166666666666666,0.9583333333333334,0.9583333333333334,1.0,0.375,0.8888888888888888,0.6888020833333334,0.38541666666666674,0.11588541666666674
0.0,0.5499999999999999,0.95,0.75,0.9166666666666666,0.9166666666666666,1.0,1.0,1.0,1.0,0.08333333333333333,1.0,0.9375,0.08333333333333337,0.02083333333333337
0.0,0.5499999999999999,0.95,0.75,0.75,0.75,1.0,0.9583333333333334,0.9583333333333334,1.0,0.25,0.8333333333333334,0.7786458333333334,0.20833333333333337,0.02864583333333337
0.0,0.6,0.95,0.75,0.7083333333333334,0.7083333333333334,1.0,1.0,1.0,1.0,0.2916666666666667,1.0,0.78125,0.29166666666666663,0.07291666666666663
0.0,0.6,0.95,0.75,0.7083333333333334,0.7083333333333334,1.0,1.0,1.0,1.0,0.2916666666666667,1.0,0.78125,0.29166666666666663,0.07291666666666663
0.0,0.6,0.95,0.75,0.75,0.75,1.0,1.0,1.0,1.0,0.25,1.0,0.8125,0.25,0.0625
0.0,0.6,0.95,0.75,0.8333333333333334,0.8333333333333334,1.0,1.0,1.0,1.0,0.16666666666666666,1.0,0.875,0.16666666666666663,0.04166666666666663
0.0,0.6,0.95,0.75,0.7083333333333334,0.7083333333333334,1.0,1.0,1.0,1.0,0.2916666666666667,1.0,0.78125,0.29166666666666663,0.07291666666666663
0.0,0.6,0.95,0.75,0.6666666666666666,0.6666666666666666,1.0,1.0,1.0,1.0,0.3333333333333333,1.0,0.75,0.33333333333333337,0.08333333333333337
0.0,0.6,0.95,0.75,0.5347222222222222,0.5833333333333334,0.9166666666666666,0.9166666666666666,0.9166666666666666,1.0,0.4166666666666667,0.8,0.6302083333333333,0.3819444444444444,0.09548611111111105
0.0,0.6,0.95,0.75,0.6666666666666666,0.6666666666666666,1.0,0.9583333333333334,0.9583333333333334,1.0,0.3333333333333333,0.875,0.71875,0.29166666666666674,0.05208333333333337
0.0,0.6,0.95,0.75,0.7083333333333334,0.7083333333333334,1.0,1.0,1.0,1.0,0.2916666666666667,1.0,0.78125,0.29166666666666663,0.07291666666666663
0.0,0.6,0.95,0.75,0.75,0.75,1.0,1.0,1.0,1.0,0.25,1.0,0.8125,0.25,0.0625
0.0,0.6,0.95,0.75,0.6666666666666666,0.6666666666666666,1.0,1.0,1.0,1.0,0.3333333333333333,1.0,0.75,0.33333333333333337,0.08333333333333337
0.0,0.6,0.95,0.75,0.6666666666666666,0.6666666666666666,1.0,1.0,1.0,1.0,0.3333333333333333,1.0,0.75,0.33333333333333337,0.08333333333333337
0.0,0.6,0.95,0.75,0.6666666666666666,0.6666666666666666,1.0,1.0,1.0,1.0,0.3333333333333333,1.0,0.75,0.33333333333333337,0.08333333333333337
0.0,0.6,0.95,0.75,0.7916666666666666,0.7916666666666666,1.0,1.0,1.0,1.0,0.20833333333333334,1.0,0.84375,0.20833333333333337,0.05208333333333337
0.0,0.6,0.95,0.75,0.7083333333333334,0.7083333333333334,1.0,1.0,1.0,1.0,0.2916666666666667,1.0,0.78125,0.29166666666666663,0.07291666666666663
0.0,0.6,0.95,0.75,0.7916666666666666,0.7916666666666666,1.0,0.9583333333333334,0.9583333333333334,1.0,0.20833333333333334,0.8,0.80859375,0.16666666666666674,0.01692708333333337
0.0,0.6,0.95,0.75,0.75,0.75,1.0,1.0,1.0,1.0,0.25,1.0,0.8125,0.25,0.0625
0.0,0.6,0.95,0.75,0.75,0.75,1.0,1.0,1.0,1.0,0.25,1.0,0.8125,0.25,0.0625
0.0,0.6,0.95,0.75,0.5833333333333334,0.5833333333333334,1.0,1.0,1.0,1.0,0.4166666666666667,1.0,0.6875,0.41666666666666663,0.10416666666666663
0.0,0.6,0.95,0.75,0.7916666666666666,0.7916666666666666,1.0,1.0,1.0,1.0,0.20833333333333334,1.0,0.84375,0.20833333333333337,0.05208333333333337
0.0,0.6,0.95,0.75,0.875,0.875,1.0,1.0,1.0,1.0,0.125,1.0,0.90625,0.125,0.03125
0.0,0.6,0.95,0.75,0.7916666666666666,0.7916666666666666,1.0,1.0,1.0,1.0,0.20833333333333334,1.0,0.84375,0.20833333333333337,0.05208333333333337
0.0,0.6,0.95,0.75,0.5416666666666666,0.5416666666666666,1.0,1.0,1.0,1.0,0.4583333333333333,1.0,0.65625,0.45833333333333337,0.11458333333333337
0.0,0.6,0.95,0.75,0.625,0.625,1.0,1.0,1.0,1.0,0.375,1.0,0.71875,0.375,0.09375
0.0,0.6,0.95,0.75,0.4166666666666667,0.5,0.8333333333333334,0.9583333333333334,0.9583333333333334,1.0,0.5,0.9166666666666666,0.5989583333333334,0.5416666666666667,0.18229166666666669
0.0,0.6499999999999999,0.95,0.75,0.7083333333333334,0.7083333333333334,1.0,1.0,1.0,1.0,0.2916666666666667,1.0,0.78125,0.29166666666666663,0.07291666666666663
0.0,0.6499999999999999,0.95,0.75,0.75,0.75,1.0,0.9583333333333334,0.9583333333333334,1.0,0.25,0.8333333333333334,0.7786458333333334,0.20833333333333337,0.02864583333333337
0.0,0.6499999999999999,0.95,0.75,0.625,0.625,1.0,0.9583333333333334,0.9583333333333334,1.0,0.375,0.8888888888888888,0.6888020833333334,0.33333333333333337,0.06380208333333337
0.0,0.6499999999999999,0.95,0.75,0.7916666666666666,0.7916666666666666,1.0,1.0,1.0,1.0,0.20833333333333334,1.0,0.84375,0.20833333333333337,0.05208333333333337
0.0,0.6499999999999999,0.95,0.75,0.75,0.75,1.0,1.0,1.0,1.0,0.25,1.0,0.8125,0.25,0.0625
0.0,0.6499999999999999,0.95,0.75,0.625,0.625,1.0,1.0,1.0,1.0,0.375,1.0,0.71875,0.375,0.09375
0.0,0.6499999999999999,0.95,0.75,0.7083333333333334,0.7083333333333334,1.0,1.0,1.0,1.0,0.2916666666666667,1.0,0.78125,0.29166666666666663,0.07291666666666663
0.0,0.6499999999999999,0.95,0.75,0.5416666666666666,0.5416666666666666,1.0,0.9166666666666666,0.9166666666666666,1.0,0.4583333333333333,0.8181818181818182,0.6015625,0.375,0.05989583333333337
0.0,0.6499999999999999,0.95,0.75,0.75,0.75,1.0,1.0,1.0,1.0,0.25,1.0,0.8125,0.25,0.0625
0.0,0.6499999999999999,0.95,0.75,0.6666666666666666,0.6666666666666666,1.0,0.9583333333333334,0.9583333333333334,1.0,0.3333333333333333,0.875,0.71875,0.29166666666666674,0.05208333333333337
0.0,0.6499999999999999,0.95,0.75,0.6493055555555556,0.7083333333333334,0.9166666666666666,1.0,1.0,1.0,0.2916666666666667,1.0,0.78125,0.3506944444444444,0.13194444444444442
0.0,0.6499999999999999,0.95,0.75,0.5416666666666666,0.5416666666666666,1.0,0.9583333333333334,0.9583333333333334,1.0,0.4583333333333333,0.9090909090909091,0.62890625,0.41666666666666674,0.08723958333333337
0.0,0.6499999999999999,0.95,0.75,0.7916666666666666,0.7916666666666666,1.0,1.0,1.0,1.0,0.20833333333333334,1.0,0.84375,0.20833333333333337,0.05208333333333337
0.0,0.6499999999999999,0.95,0.75,0.7916666666666666,0.7916666666666666,1.0,1.0,1.0,1.0,0.20833333333333334,1.0,0.84375,0.20833333333333337,0.05208333333333337
0.0,0.6499999999999999,0.95,0.75,0.3888888888888889,0.6666666666666666,0.5833333333333334,1.0,1.0,1.0,0.3333333333333333,1.0,0.75,0.6111111111111112,0.3611111111111111
0.0,0.6499999999999999,0.95,0.75,0.6666666666666666,0.6666666666666666,1.0,1.0,1.0,1.0,0.3333333333333333,1.0,0.75,0.33333333333333337,0.08333333333333337
0.0,0.6499999999999999,0.95,0.75,0.75,0.75,1.0,1.0,1.0,1.0,0.25,1.0,0.8125,0.25,0.0625
0.0,0.6499999999999999,0.95,0.75,0.7916666666666666,0.7916666666666666,1.0,1.0,1.0,1.0,0.20833333333333334,1.0,0.84375,0.20833333333333337,0.05208333333333337
0.0,0.6499999999999999,0.95,0.75,0.7916666666666666,0.7916666666666666,1.0,1.0,1.0,1.0,0.20833333333333334,1.0,0.84375,0.20833333333333337,0.05208333333333337
0.0,0.6499999999999999,0.95,0.75,0.4166666666666667,0.5,0.8333333333333334,1.0,1.0,1.0,0.5,1.0,0.625,0.5833333333333333,0.20833333333333331
0.0,0.6499999999999999,0.95,0.75,0.6666666666666666,0.6666666666666666,1.0,0.9583333333333334,0.9583333333333334,1.0,0.3333333333333333,0.875,0.71875,0.29166666666666674,0.05208333333333337
0.0,0.6499999999999999,0.95,0.75,0.6666666666666666,0.6666666666666666,1.0,1.0,1.0,1.0,0.3333333333333333,1.0,0.75,0.33333333333333337,0.08333333333333337
0.0,0.6499999999999999,0.95,0.75,0.6875,0.75,0.9166666666666666,1.0,1.0,1.0,0.25,1.0,0.8125,0.3125,0.125
0.0,0.6499999999999999,0.95,0.75,0.7083333333333334,0.7083333333333334,1.0,1.0,1.0,1.0,0.2916666666666667,1.0,0.78125,0.29166666666666663,0.07291666666666663
0.0,0.6499999999999999,0.95,0.75,0.7083333333333334,0.7083333333333334,1.0,1.0,1.0,1.0,0.2916666666666667,1.0,0.78125,0.29166666666666663,0.07291666666666663
0.0,0.7,0.95,0.75,0.625,0.625,1.0,1.0,1.0,1.0,0.375,1.0,0.71875,0.375,0.09375
0.0,0.7,0.95,0.75,0.5833333333333334,0.5833333333333334,1.0,1.0,1.0,1.0,0.4166666666666667,1.0,0.6875,0.41666666666666663,0.10416666666666663
0.0,0.7,0.95,0.75,0.5833333333333334,0.5833333333333334,1.0,0.9583333333333334,0.9583333333333334,1.0,0.4166666666666667,0.9,0.6588541666666667,0.375,0.07552083333333337
0.0,0.7,0.95,0.75,0.75,0.75,1.0,1.0,1.0,1.0,0.25,1.0,0.8125,0.25,0.0625
0.0,0.7,0.95,0.75,0.5833333333333334,0.5833333333333334,1.0,1.0,1.0,1.0,0.4166666666666667,1.0,0.6875,0.41666666666666663,0.10416666666666663
0.0,0.7,0.95,0.75,0.7083333333333334,0.7083333333333334,1.0,1.0,1.0,1.0,0.2916666666666667,1.0,0.78125,0.29166666666666663,0.07291666666666663
0.0,0.7,0.95,0.75,0.7083333333333334,0.7083333333333334,1.0,0.9583333333333334,0.9583333333333334,1.0,0.2916666666666667,0.8571428571428571,0.7486979166666667,0.25,0.04036458333333337
0.0,0.7,0.95,0.75,0.6666666666666666,0.6666666666666666,1.0,1.0,1.0,1.0,0.3333333333333333,1.0,0.75,0.33333333333333337,0.08333333333333337
0.0,0.7,0.95,0.75,0.625,0.625,1.0,1.0,1.0,1.0,0.375,1.0,0.71875,0.375,0.09375
0.0,0.7,0.95,0.75,0.7916666666666666,0.7916666666666666,1.0,1.0,1.0,1.0,0.20833333333333334,1.0,0.84375,0.20833333333333337,0.05208333333333337
0.0,0.7,0.95,0.75,0.7083333333333334,0.7083333333333334,1.0,0.9583333333333334,0.9583333333333334,1.0,0.2916666666666667,0.8571428571428571,0.7486979166666667,0.25,0.04036458333333337
0.0,0.7,0.95,0.75,0.625,0.625,1.0,1.0,1.0,1.0,0.375,1.0,0.71875,0.375,0.09375
0.0,0.7,0.95,0.75,0.34375,0.4583333333333333,0.75,1.0,1.0,1.0,0.5416666666666666,1.0,0.59375,0.65625,0.25
0.0,0.7,0.95,0.75,0.625,0.625,1.0,1.0,1.0,1.0,0.375,1.0,0.71875,0.375,0.09375
0.0,0.7,0.95,0.75,0.6666666666666666,0.6666666666666666,1.0,0.9583333333333334,0.9583333333333334,1.0,0.3333333333333333,0.875,0.71875,0.29166666666666674,0.05208333333333337
0.0,0.7,0.95,0.75,0.6666666666666666,0.6666666666666666,1.0,1.0,1.0,1.0,0.3333333333333333,1.0,0.75,0.33333333333333337,0.08333333333333337
0.0,0.7,0.95,0.75,0.5833333333333334,0.5833333333333334,1.0,0.9583333333333334,0.9583333333333334,1.0,0.4166666666666667,0.9,0.6588541666666667,0.375,0.07552083333333337
0.0,0.7,0.95,0.75,0.75,0.75,1.0,1.0,1.0,1.0,0.25,1.0,0.8125,0.25,0.0625
0.0,0.7,0.95,0.75,0.7083333333333334,0.7083333333333334,1.0,1.0,1.0,1.0,0.2916666666666667,1.0,0.78125,0.29166666666666663,0.07291666666666663
0.0,0.7,0.95,0.75,0.7083333333333334,0.7083333333333334,1.0,1.0,1.0,1.0,0.2916666666666667,1.0,0.78125,0.29166666666666663,0.07291666666666663
0.0,0.7,0.95,0.75,0.7916666666666666,0.7916666666666666,1.0,0.9583333333333334,0.9583333333333334,1.0,0.20833333333333334,0.8,0.80859375,0.16666666666666674,0.01692708333333337
0.0,0.7,0.95,0.75,0.5729166666666666,0.625,0.9166666666666666,0.9583333333333334,0.9583333333333334,1.0,0.375,0.8888888888888888,0.6888020833333334,0.38541666666666674,0.11588541666666674
0.0,0.7,0.95,0.75,0.611111111111111,0.6666666666666666,0.9166666666666666,0.9583333333333334,0.9583333333333334,1.0,0.3333333333333333,0.875,0.71875,0.3472222222222223,0.10763888888888895
0.0,0.7,0.95,0.75,0.5347222222222222,0.5833333333333334,0.9166666666666666,1.0,1.0,1.0,0.4166666666666667,1.0,0.6875,0.4652777777777778,0.1527777777777778
0.0,0.7,0.95,0.75,0.6666666666666666,0.6666666666666666,1.0,0.9166666666666666,0.9166666666666666,1.0,0.3333333333333333,0.75,0.6875,0.25,0.02083333333333337
0.0,0.0,0.9,0.25,1.0,1.0,1.0,1.0,1.0,1.0,0.0,1.0,1.0,0.0,0.0
0.0,0.0,0.9,0.25,1.0,1.0,1.0,1.0,1.0,1.0,0.0,1.0,1.0,0.0,0.0
0.0,0.0,0.9,0.25,1.0,1.0,1.0,1.0,1.0,1.0,0.0,1.0,1.0,0.0,0.0
0.0,0.0,0.9,0.25,1.0,1.0,1.0,1.0,1.0,1.0,0.0,1.0,1.0,0.0,0.0
0.0,0.0,0.9,0.25,1.0,1.0,1.0,1.0,1.0,1.0,0.0,1.0,1.0,0.0,0.0
0.0,0.0,0.9,0.25,1.0,1.0,1.0,1.0,1.0,1.0,0.0,1.0,1.0,0.0,0.0
0.0,0.0,0.9,0.25,1.0,1.0,1.0,1.0,1.0,1.0,0.0,1.0,1.0,0.0,0.0
0.0,0.0,0.9,0.25,1.0,1.0,1.0,1.0,1.0,1.0,0.0,1.0,1.0,0.0,0.0
0.0,0.0,0.9,0.25,1.0,1.0,1.0,1.0,1.0,1.0,0.0,1.0,1.0,0.0,0.0
0.0,0.0,0.9,0.25,1.0,1.0,1.0,1.0,1.0,1.0,0.0,1.0,1.0,0.0,0.0
0.0,0.0,0.9,0.25,1.0,1.0,1.0,1.0,1.0,1.0,0.0,1.0,1.0,0.0,0.0
0.0,0.0,0.9,0.25,1.0,1.0,1.0,1.0,1.0,1.0,0.0,1.0,1.0,0.0,0.0
0.0,0.0,0.9,0.25,1.0,1.0,1.0,1.0,1.0,1.0,0.0,1.0,1.0,0.0,0.0
0.0,0.0,0.9,0.25,1.0,1.0,1.0,1.0,1.0,1.0,0.0,1.0,1.0,0.0,0.0
0.0,0.0,0.9,0.25,1.0,1.0,1.0,1.0,1.0,1.0,0.0,1.0,1.0,0.0,0.0
0.0,0.0,0.9,0.25,1.0,1.0,1.0,1.0,1.0,1.0,0.0,1.0,1.0,0.0,0.0
0.0,0.0,0.9,0.25,1.0,1.0,1.0,1.0,1.0,1.0,0.0,1.0,1.0,0.0,0.0
0.0,0.0,0.9,0.25,1.0,1.0,1.0,1.0,1.0,1.0,0.0,1.0,1.0,0.0,0.0
0.0,0.0,0.9,0.25,1.0,1.0,1.0,1.0,1.0,1.0,0.0,1.0,1.0,0.0,0.0
0.0,0.0,0.9,0.25,1.0,1.0,1.0,1.0,1.0,1.0,0.0,1.0,1.0,0.0,0.0
0.0,0.0,0.9,0.25,1.0,1.0,1.0,1.0,1.0,1.0,0.0,1.0,1.0,0.0,0.0
0.0,0.0,0.9,0.25,1.0,1.0,1.0,1.0,1.0,1.0,0.0,1.0,1.0,0.0,0.0
0.0,0.0,0.9,0.25,1.0,1.0,1.0,1.0,1.0,1.0,0.0,1.0,1.0,0.0,0.0
0.0,0.0,0.9,0.25,1.0,1.0,1.0,1.0,1.0,1.0,0.0,1.0,1.0,0.0,0.0
0.0,0.0,0.9,0.25,1.0,1.0,1.0,1.0,1.0,1.0,0.0,1.0,1.0,0.0,0.0
0.0,0.049999999999999996,0.9,0.25,0.9166666666666666,0.9166666666666666,1.0,1.0,1.0,1.0,0.08333333333333333,1.0,0.9791666666666666,0.08333333333333337,0.0625
0.0,0.049999999999999996,0.9,0.25,0.9583333333333334,0.9583333333333334,1.0,0.9583333333333334,0.9583333333333334,1.0,0.041666666666666664,0.0,0.9483506944444445,0.0,-0.00998263888888884
0.0,0.049999999999999996,0.9,0.25,0.9583333333333334,0.9583333333333334,1.0,1.0,1.0,1.0,0.041666666666666664,1.0,0.9895833333333334,0.04166666666666663,0.03125
0.0,0.049999999999999996,0.9,0.25,0.9166666666666666,0.9166666666666666,1.0,1.0,1.0,1.0,0.08333333333333333,1.0,0.9791666666666666,0.08333333333333337,0.0625
0.0,0.049999999999999996,0.9,0.25,0.9583333333333334,0.9583333333333334,1.0,1.0,1.0,1.0,0.041666666666666664,1.0,0.9895833333333334,0.04166666666666663,0.03125
0.0,0.049999999999999996,0.9,0.25,1.0,1.0,1.0,1.0,1.0,1.0,0.0,1.0,1.0,0.0,0.0
0.0,0.049999999999999996,0.9,0.25,1.0,1.0,1.0,1.0,1.0,1.0,0.0,1.0,1.0,0.0,0.0
0.0,0.049999999999999996,0.9,0.25,1.0,1.0,1.0,1.0,1.0,1.0,0.0,1.0,1.0,0.0,0.0
0.0,0.049999999999999996,0.9,0.25,1.0,1.0,1.0,1.0,1.0,1.0,0.0,1.0,1.0,0.0,0.0
0.0,0.049999999999999996,0.9,0.25,0.9583333333333334,0.9583333333333334,1.0,1.0,1.0,1.0,0.041666666666666664,1.0,0.9895833333333334,0.04166666666666663,0.03125
0.0,0.049999999999999996,0.9,0.25,1.0,1.0,1.0,1.0,1.0,1.0,0.0,1.0,1.0,0.0,0.0
0.0,0.049999999999999996,0.9,0.25,0.9583333333333334,0.9583333333333334,1.0,1.0,1.0,1.0,0.041666666666666664,1.0,0.9895833333333334,0.04166666666666663,0.03125
0.0,0.049999999999999996,0.9,0.25,1.0,1.0,1.0,1.0,1.0,1.0,0.0,1.0,1.0,0.0,0.0
0.0,0.049999999999999996,0.9,0.25,1.0,1.0,1.0,1.0,1.0,1.0,0.0,1.0,1.0,0.0,0.0
0.0,0.049999999999999996,0.9,0.25,0.9583333333333334,0.9583333333333334,1.0,1.0,1.0,1.0,0.041666666666666664,1.0,0.9895833333333334,0.04166666666666663,0.03125
0.0,0.049999999999999996,0.9,0.25,1.0,1.0,1.0,1.0,1.0,1.0,0.0,1.0,1.0,0.0,0.0
0.0,0.049999999999999996,0.9,0.25,0.9583333333333334,0.9583333333333334,1.0,1.0,1.0,1.0,0.041666666666666664,1.0,0.9895833333333334,0.04166666666666663,0.03125
0.0,0.049999999999999996,0.9,0.25,1.0,1.0,1.0,1.0,1.0,1.0,0.0,1.0,1.0,0.0,0.0
0.0,0.049999999999999996,0.9,0.25,0.9583333333333334,0.9583333333333334,1.0,1.0,1.0,1.0,0.041666666666666664,1.0,0.9895833333333334,0.04166666666666663,0.03125
0.0,0.049999999999999996,0.9,0.25,0.9583333333333334,0.9583333333333334,1.0,0.9583333333333334,0.9583333333333334,1.0,0.041666666666666664,0.0,0.9483506944444445,0.0,-0.00998263888888884
0.0,0.049999999999999996,0.9,0.25,0.9583333333333334,0.9583333333333334,1.0,1.0,1.0,1.0,0.041666666666666664,1.0,0.9895833333333334,0.04166666666666663,0.03125
0.0,0.049999999999999996,0.9,0.25,1.0,1.0,1.0,1.0,1.0,1.0,0.0,1.0,1.0,0.0,0.0
0.0,0.049999999999999996,0.9,0.25,1.0,1.0,1.0,1.0,1.0,1.0,0.0,1.0,1.0,0.0,0.0
0.0,0.049999999999999996,0.9,0.25,1.0,1.0,1.0,1.0,1.0,1.0,0.0,1.0,1.0,0.0,0.0
0.0,0.049999999999999996,0.9,0.25,1.0,1.0,1.0,1.0,1.0,1.0,0.0,1.0,1.0,0.0,0.0
0.0,0.09999999999999999,0.9,0.25,0.9583333333333334,0.9583333333333334,1.0,1.0,1.0,1.0,0.041666666666666664,1.0,0.9895833333333334,0.04166666666666663,0.03125
0.0,0.09999999999999999,0.9,0.25,1.0,1.0,1.0,1.0,1.0,1.0,0.0,1.0,1.0,0.0,0.0
0.0,0.09999999999999999,0.9,0.25,0.9166666666666666,0.9166666666666666,1.0,1.0,1.0,1.0,0.08333333333333333,1.0,0.9791666666666666,0.08333333333333337,0.0625
0.0,0.09999999999999999,0.9,0.25,0.9583333333333334,0.9583333333333334,1.0,1.0,1.0,1.0,0.041666666666666664,1.0,0.9895833333333334,0.04166666666666663,0.03125
0.0,0.09999999999999999,0.9,0.25,1.0,1.0,1.0,1.0,1.0,1.0,0.0,1.0,1.0,0.0,0.0
0.0,0.09999999999999999,0.9,0.25,1.0,1.0,1.0,1.0,1.0,1.0,0.0,1.0,1.0,0.0,0.0
0.0,0.09999999999999999,0.9,0.25,0.9166666666666666,0.9166666666666666,1.0,1.0,1.0,1.0,0.08333333333333333,1.0,0.9791666666666666,0.08333333333333337,0.0625
0.0,0.09999999999999999,0.9,0.25,0.875,0.875,1.0,0.9583333333333334,0.9583333333333334,1.0,0.125,0.6666666666666666,0.9283854166666667,0.08333333333333337,0.05338541666666674
0.0,0.09999999999999999,0.9,0.25,0.9583333333333334,0.9583333333333334,1.0,1.0,1.0,1.0,0.041666666666666664,1.0,0.9895833333333334,0.04166666666666663,0.03125
0.0,0.09999999999999999,0.9,0.25,0.9166666666666666,0.9166666666666666,1.0,1.0,1.0,1.0,0.08333333333333333,1.0,0.9791666666666666,0.08333333333333337,0.0625
0.0,0.09999999999999999,0.9,0.25,0.9583333333333334,0.9583333333333334,1.0,1.0,1.0,1.0,0.041666666666666664,1.0,0.9895833333333334,0.04166666666666663,0.03125
0.0,0.09999999999999999,0.9,0.25,0.9583333333333334,0.9583333333333334,1.0,1.0,1.0,1.0,0.041666666666666664,1.0,0.9895833333333334,0.04166666666666663,0.03125
0.0,0.09999999999999999,0.9,0.25,0.9583333333333334,0.9583333333333334,1.0,1.0,1.0,1.0,0.041666666666666664,1.0,0.9895833333333334,0.04166666666666663,0.03125
0.0,0.09999999999999999,0.9,0.25,1.0,1.0,1.0,1.0,1.0,1.0,0.0,1.0,1.0,0.0,0.0
0.0,0.09999999999999999,0.9,0.25,0.9583333333333334,0.9583333333333334,1.0,1.0,1.0,1.0,0.041666666666666664,1.0,0.9895833333333334,0.04166666666666663,0.03125
0.0,0.09999999999999999,0.9,0.25,0.9583333333333334,0.9583333333333334,1.0,1.0,1.0,1.0,0.041666666666666664,1.0,0.9895833333333334,0.04166666666666663,0.03125
0.0,0.09999999999999999,0.9,0.25,0.9583333333333334,0.9583333333333334,1.0,1.0,1.0,1.0,0.041666666666666664,1.0,0.9895833333333334,0.04166666666666663,0.03125
0.0,0.09999999999999999,0.9,0.25,0.9166666666666666,0.9166666666666666,1.0,1.0,1.0,1.0,0.08333333333333333,1.0,0.9791666666666666,0.08333333333333337,0.0625
0.0,0.09999999999999999,0.9,0.25,1.0,1.0,1.0,1.0,1.0,1.0,0.0,1.0,1.0,0.0,0.0
0.0,0.09999999999999999,0.9,0.25,1.0,1.0,1.0,1.0,1.0,1.0,0.0,1.0,1.0,0.0,0.0
0.0,0.09999999999999999,0.9,0.25,0.9583333333333334,0.9583333333333334,1.0,1.0,1.0,1.0,0.041666666666666664,1.0,0.9895833333333334,0.04166666666666663,0.03125
0.0,0.09999999999999999,0.9,0.25,0.9583333333333334,0.9583333333333334,1.0,1.0,1.0,1.0,0.041666666666666664,1.0,0.9895833333333334,0.04166666666666663,0.03125
0.0,0.09999999999999999,0.9,0.25,1.0,1.0,1.0,1.0,1.0,1.0,0.0,1.0,1.0,0.0,0.0
0.0,0.09999999999999999,0.9,0.25,1.0,1.0,1.0,1.0,1.0,1.0,0.0,1.0,1.0,0.0,0.0
0.0,0.09999999999999999,0.9,0.25,1.0,1.0,1.0,1.0,1.0,1.0,0.0,1.0,1.0,0.0,0.0
0.0,0.15,0.9,0.25,0.9166666666666666,0.9166666666666666,1.0,1.0,1.0,1.0,0.08333333333333333,1.0,0.9791666666666666,0.08333333333333337,0.0625
0.0,0.15,0.9,0.25,0.875,0.875,1.0,1.0,1.0,1.0,0.125,1.0,0.96875,0.125,0.09375
0.0,0.15,0.9,0.25,0.9583333333333334,0.9583333333333334,1.0,1.0,1.0,1.0,0.041666666666666664,1.0,0.9895833333333334,0.04166666666666663,0.03125
0.0,0.15,0.9,0.25,0.9166666666666666,0.9166666666666666,1.0,1.0,1.0,1.0,0.08333333333333333,1.0,0.9791666666666666,0.08333333333333337,0.0625
0.0,0.15,0.9,0.25,0.9583333333333334,0.9583333333333334,1.0,1.0,1.0,1.0,0.041666666666666664,1.0,0.9895833333333334,0.04166666666666663,0.03125
0.0,0.15,0.9,0.25,0.9166666666666666,0.9166666666666666,1.0,1.0,1.0,1.0,0.08333333333333333,1.0,0.9791666666666666,0.08333333333333337,0.0625
0.0,0.15,0.9,0.25,0.9166666666666666,0.9166666666666666,1.0,1.0,1.0,1.0,0.08333333333333333,1.0,0.9791666666666666,0.08333333333333337,0.0625
0.0,0.15,0.9,0.25,0.9583333333333334,0.9583333333333334,1.0,1.0,1.0,1.0,0.041666666666666664,1.0,0.9895833333333334,0.04166666666666663,0.03125
0.0,0.15,0.9,0.25,1.0,1.0,1.0,1.0,1.0,1.0,0.0,1.0,1.0,0.0,0.0
0.0,0.15,0.9,0.25,0.7916666666666666,0.7916666666666666,1.0,1.0,1.0,1.0,0.20833333333333334,1.0,0.9479166666666666,0.20833333333333337,0.15625
0.0,0.15,0.9,0.25,1.0,1.0,1.0,1.0,1.0,1.0,0.0,1.0,1.0,0.0,0.0
0.0,0.15,0.9,0.25,0.875,0.875,1.0,1.0,1.0,1.0,0.125,1.0,0.96875,0.125,0.09375
0.0,0.15,0.9,0.25,0.9166666666666666,0.9166666666666666,1.0,1.0,1.0,1.0,0.08333333333333333,1.0,0.9791666666666666,0.08333333333333337,0.0625
0.0,0.15,0.9,0.25,0.8333333333333334,0.8333333333333334,1.0,1.0,1.0,1.0,0.16666666666666666,1.0,0.9583333333333334,0.16666666666666663,0.125
0.0,0.15,0.9,0.25,0.875,0.875,1.0,1.0,1.0,1.0,0.125,1.0,0.96875,0.125,0.09375
0.0,0.15,0.9,0.25,0.8333333333333334,0.8333333333333334,1.0,1.0,1.0,1.0,0.16666666666666666,1.0,0.9583333333333334,0.16666666666666663,0.125
0.0,0.15,0.9,0.25,0.875,0.875,1.0,0.9583333333333334,0.9583333333333334,1.0,0.125,0.6666666666666666,0.9283854166666667,0.08333333333333337,0.05338541666666674
0.0,0.15,0.9,0.25,1.0,1.0,1.0,1.0,1.0,1.0,0.0,1.0,1.0,0.0,0.0
0.0,0.15,0.9,0.25,0.9166666666666666,0.9166666666666666,1.0,1.0,1.0,1.0,0.08333333333333333,1.0,0.9791666666666666,0.08333333333333337,0.0625
0.0,0.15,0.9,0.25,0.9583333333333334,0.9583333333333334,1.0,1.0,1.0,1.0,0.041666666666666664,1.0,0.9895833333333334,0.04166666666666663,0.03125
0.0,0.15,0.9,0.25,0.9583333333333334,0.9583333333333334,1.0,1.0,1.0,1.0,0.041666666666666664,1.0,0.9895833333333334,0.04166666666666663,0.03125
0.0,0.15,0.9,0.25,0.9583333333333334,0.9583333333333334,1.0,1.0,1.0,1.0,0.041666666666666664,1.0,0.9895833333333334,0.04166666666666663,0.03125
0.0,0.15,0.9,0.25,0.7916666666666666,0.7916666666666666,1.0,1.0,1.0,1.0,0.20833333333333334,1.0,0.9479166666666666,0.20833333333333337,0.15625
0.0,0.15,0.9,0.25,0.9583333333333334,0.9583333333333334,1.0,1.0,1.0,1.0,0.041666666666666664,1.0,0.9895833333333334,0.04166666666666663,0.03125
0.0,0.15,0.9,0.25,0.9166666666666666,0.9166666666666666,1.0,0.9583333333333334,0.9583333333333334,1.0,0.08333333333333333,0.5,0.9383680555555556,0.04166666666666674,0.02170138888888895
0.0,0.19999999999999998,0.9,0.25,1.0,1.0,1.0,1.0,1.0,1.0,0.0,1.0,1.0,0.0,0.0
0.0,0.19999999999999998,0.9,0.25,0.9166666666666666,0.9166666666666666,1.0,1.0,1.0,1.0,0.08333333333333333,1.0,0.9791666666666666,0.08333333333333337,0.0625
0.0,0.19999999999999998,0.9,0.25,0.875,0.875,1.0,1.0,1.0,1.0,0.125,1.0,0.96875,0.125,0.09375
0.0,0.19999999999999998,0.9,0.25,0.9166666666666666,0.9166666666666666,1.0,0.9583333333333334,0.9583333333333334,1.0,0.08333333333333333,0.5,0.9383680555555556,0.04166666666666674,0.02170138888888895
0.0,0.19999999999999998,0.9,0.25,0.8333333333333334,0.8333333333333334,1.0,1.0,1.0,1.0,0.16666666666666666,1.0,0.9583333333333334,0.16666666666666663,0.125
0.0,0.19999999999999998,0.9,0.25,0.8333333333333334,0.8333333333333334,1.0,1.0,1.0,1.0,0.16666666666666666,1.0,0.9583333333333334,0.16666666666666663,0.125
0.0,0.19999999999999998,0.9,0.25,0.9583333333333334,0.9583333333333334,1.0,1.0,1.0,1.0,0.041666666666666664,1.0,0.9895833333333334,0.04166666666666663,0.03125
0.0,0.19999999999999998,0.9,0.25,0.9583333333333334,0.9583333333333334,1.0,0.9583333333333334,0.9583333333333334,1.0,0.041666666666666664,0.0,0.9483506944444445,0.0,-0.00998263888888884
0.0,0.19999999999999998,0.9,0.25,0.8333333333333334,0.8333333333333334,1.0,0.9583333333333334,0.9583333333333334,1.0,0.16666666666666666,0.75,0.9184027777777779,0.125,0.08506944444444453
0.0,0.19999999999999998,0.9,0.25,0.8333333333333334,0.8333333333333334,1.0,1.0,1.0,1.0,0.16666666666666666,1.0,0.9583333333333334,0.16666666666666663,0.125
0.0,0.19999999999999998,0.9,0.25,0.9583333333333334,0.9583333333333334,1.0,1.0,1.0,1.0,0.041666666666666664,1.0,0.9895833333333334,0.04166666666666663,0.03125
0.0,0.19999999999999998,0.9,0.25,0.875,0.875,1.0,1.0,1.0,1.0,0.125,1.0,0.96875,0.125,0.09375
0.0,0.19999999999999998,0.9,0.25,0.9583333333333334,0.9583333333333334,1.0,0.9583333333333334,0.9583333333333334,1.0,0.041666666666666664,0.0,0.9483506944444445,0.0,-0.00998263888888884
0.0,0.19999999999999998,0.9,0.25,0.8333333333333334,0.8333333333333334,1.0,0.9583333333333334,0.9583333333333334,1.0,0.16666666666666666,0.75,0.9184027777777779,0.125,0.08506944444444453
0.0,0.19999999999999998,0.9,0.25,0.875,0.875,1.0,1.0,1.0,1.0,0.125,1.0,0.96875,0.125,0.09375
0.0,0.19999999999999998,0.9,0.25,1.0,1.0,1.0,1.0,1.0,1.0,0.0,1.0,1.0,0.0,0.0
0.0,0.19999999999999998,0.9,0.25,0.875,0.875,1.0,1.0,1.0,1.0,0.125,1.0,0.96875,0.125,0.09375
0.0,0.19999999999999998,0.9,0.25,0.875,0.875,1.0,1.0,1.0,1.0,0.125,1.0,0.96875,0.125,0.09375
0.0,0.19999999999999998,0.9,0.25,0.9166666666666666,0.9166666666666666,1.0,1.0,1.0,1.0,0.08333333333333333,1.0,0.9791666666666666,0.08333333333333337,0.0625
0.0,0.19999999999999998,0.9,0.25,1.0,1.0,1.0,1.0,1.0,1.0,0.0,1.0,1.0,0.0,0.0
0.0,0.19999999999999998,0.9,0.25,0.875,0.875,1.0,1.0,1.0,1.0,0.125,1.0,0.96875,0.125,0.09375
0.0,0.19999999999999998,0.9,0.25,0.7916666666666666,0.7916666666666666,1.0,1.0,1.0,1.0,0.20833333333333334,1.0,0.9479166666666666,0.20833333333333337,0.15625
0.0,0.19999999999999998,0.9,0.25,0.9583333333333334,0.9583333333333334,1.0,1.0,1.0,1.0,0.041666666666666664,1.0,0.9895833333333334,0.04166666666666663,0.03125
0.0,0.19999999999999998,0.9,0.25,0.9583333333333334,0.9583333333333334,1.0,1.0,1.0,1.0,0.041666666666666664,1.0,0.9895833333333334,0.04166666666666663,0.03125
0.0,0.19999999999999998,0.9,0.25,0.9583333333333334,0.9583333333333334,1.0,1.0,1.0,1.0,0.041666666666666664,1.0,0.9895833333333334,0.04166666666666663,0.03125
0.0,0.24999999999999997,0.9,0.25,0.7916666666666666,0.7916666666666666,1.0,0.9583333333333334,0.9583333333333334,1.0,0.20833333333333334,0.8,0.9084201388888888,0.16666666666666674,0.11675347222222221
0.0,0.24999999999999997,0.9,0.25,0.9583333333333334,0.9583333333333334,1.0,1.0,1.0,1.0,0.041666666666666664,1.0,0.9895833333333334,0.04166666666666663,0.03125
0.0,0.24999999999999997,0.9,0.25,0.875,0.875,1.0,1.0,1.0,1.0,0.125,1.0,0.96875,0.125,0.09375
0.0,0.24999999999999997,0.9,0.25,0.9166666666666666,0.9166666666666666,1.0,1.0,1.0,1.0,0.08333333333333333,1.0,0.9791666666666666,0.08333333333333337,0.0625
0.0,0.24999999999999997,0.9,0.25,0.75,0.75,1.0,1.0,1.0,1.0,0.25,1.0,0.9375,0.25,0.1875
0.0,0.24999999999999997,0.9,0.25,0.875,0.875,1.0,1.0,1.0,1.0,0.125,1.0,0.96875,0.125,0.09375
0.0,0.24999999999999997,0.9,0.25,0.75,0.75,1.0,0.9583333333333334,0.9583333333333334,1.0,0.25,0.8333333333333334,0.8984375,0.20833333333333337,0.1484375
0.0,0.24999999999999997,0.9,0.25,0.9166666666666666,0.9166666666666666,1.0,1.0,1.0,1.0,0.08333333333333333,1.0,0.9791666666666666,0.08333333333333337,0.0625
0.0,0.24999999999999997,0.9,0.25,0.9583333333333334,0.9583333333333334,1.0,1.0,1.0,1.0,0.041666666666666664,1.0,0.9895833333333334,0.04166666666666663,0.03125
0.0,0.24999999999999997,0.9,0.25,0.9583333333333334,0.9583333333333334,1.0,1.0,1.0,1.0,0.041666666666666664,1.0,0.9895833333333334,0.04166666666666663,0.03125
0.0,0.24999999999999997,0.9,0.25,0.9583333333333334,0.9583333333333334,1.0,0.9583333333333334,0.9583333333333334,1.0,0.041666666666666664,0.0,0.9483506944444445,0.0,-0.00998263888888884
0.0,0.24999999999999997,0.9,0.25,0.8333333333333334,0.8333333333333334,1.0,0.9166666666666666,0.9166666666666666,1.0,0.16666666666666666,0.5,0.8784722222222222,0.08333333333333326,0.04513888888888884
0.0,0.24999999999999997,0.9,0.25,0.7916666666666666,0.7916666666666666,1.0,0.9583333333333334,0.9583333333333334,1.0,0.20833333333333334,0.8,0.9084201388888888,0.16666666666666674,0.11675347222222221
0.0,0.24999999999999997,0.9,0.25,0.7916666666666666,0.7916666666666666,1.0,0.9583333333333334,0.9583333333333334,1.0,0.20833333333333334,0.8,0.9084201388888888,0.16666666666666674,0.11675347222222221
0.0,0.24999999999999997,0.9,0.25,0.9166666666666666,0.9166666666666666,1.0,0.9166666666666666,0.9166666666666666,1.0,0.08333333333333333,0.0,0.8975694444444444,0.0,-0.01909722222222221
0.0,0.24999999999999997,0.9,0.25,0.9166666666666666,0.9166666666666666,1.0,1.0,1.0,1.0,0.08333333333333333,1.0,0.9791666666666666,0.08333333333333337,0.0625
0.0,0.24999999999999997,0.9,0.25,0.8333333333333334,0.8333333333333334,1.0,1.0,1.0,1.0,0.16666666666666666,1.0,0.9583333333333334,0.16666666666666663,0.125
0.0,0.24999999999999997,0.9,0.25,0.9583333333333334,0.9583333333333334,1.0,1.0,1.0,1.0,0.041666666666666664,1.0,0.9895833333333334,0.04166666666666663,0.03125
0.0,0.24999999999999997,0.9,0.25,0.875,0.875,1.0,1.0,1.0,1.0,0.125,1.0,0.96875,0.125,0.09375
0.0,0.24999999999999997,0.9,0.25,0.9166666666666666,0.9166666666666666,1.0,1.0,1.0,1.0,0.08333333333333333,1.0,0.9791666666666666,0.08333333333333337,0.0625
0.0,0.24999999999999997,0.9,0.25,0.8333333333333334,0.8333333333333334,1.0,1.0,1.0,1.0,0.16666666666666666,1.0,0.9583333333333334,0.16666666666666663,0.125
0.0,0.24999999999999997,0.9,0.25,0.9166666666666666,0.9166666666666666,1.0,1.0,1.0,1.0,0.08333333333333333,1.0,0.9791666666666666,0.08333333333333337,0.0625
0.0,0.24999999999999997,0.9,0.25,0.6666666666666666,0.6666666666666666,1.0,1.0,1.0,1.0,0.3333333333333333,1.0,0.9166666666666666,0.33333333333333337,0.25
0.0,0.24999999999999997,0.9,0.25,0.7916666666666666,0.7916666666666666,1.0,0.9583333333333334,0.9583333333333334,1.0,0.20833333333333334,0.8,0.9084201388888888,0.16666666666666674,0.11675347222222221
0.0,0.24999999999999997,0.9,0.25,0.9583333333333334,0.9583333333333334,1.0,1.0,1.0,1.0,0.041666666666666664,1.0,0.9895833333333334,0.04166666666666663,0.03125
0.0,0.3,0.9,0.25,1.0,1.0,1.0,1.0,1.0,1.0,0.0,1.0,1.0,0.0,0.0
0.0,0.3,0.9,0.25,0.5347222222222222,0.5833333333333334,0.9166666666666666,0.9583333333333334,0.9583333333333334,1.0,0.4166666666666667,0.9,0.8585069444444445,0.42361111111111116,0.3237847222222223
0.0,0.3,0.9,0.25,0.75,0.75,1.0,1.0,1.0,1.0,0.25,1.0,0.9375,0.25,0.1875
0.0,0.3,0.9,0.25,0.875,0.875,1.0,0.9583333333333334,0.9583333333333334,1.0,0.125,0.6666666666666666,0.9283854166666667,0.08333333333333337,0.05338541666666674
0.0,0.3,0.9,0.25,0.7916666666666666,0.7916666666666666,1.0,1.0,1.0,1.0,0.20833333333333334,1.0,0.9479166666666666,0.20833333333333337,0.15625
0.0,0.3,0.9,0.25,0.9583333333333334,0.9583333333333334,1.0,1.0,1.0,1.0,0.041666666666666664,1.0,0.9895833333333334,0.04166666666666663,0.03125
0.0,0.3,0.9,0.25,0.9166666666666666,0.9166666666666666,1.0,1.0,1.0,1.0,0.08333333333333333,1.0,0.9791666666666666,0.08333333333333337,0.0625
0.0,0.3,0.9,0.25,0.8333333333333334,0.8333333333333334,1.0,0.9583333333333334,0.9583333333333334,1.0,0.16666666666666666,0.75,0.9184027777777779,0.125,0.08506944444444453
0.0,0.3,0.9,0.25,0.7916666666666666,0.7916666666666666,1.0,0.9583333333333334,0.9583333333333334,1.0,0.20833333333333334,0.8,0.9084201388888888,0.16666666666666674,0.11675347222222221
0.0,0.3,0.9,0.25,0.875,0.875,1.0,0.9583333333333334,0.9583333333333334,1.0,0.125,0.6666666666666666,0.9283854166666667,0.08333333333333337,0.05338541666666674
0.0,0.3,0.9,0.25,0.7916666666666666,0.7916666666666666,1.0,0.9583333333333334,0.9583333333333334,1.0,0.20833333333333334,0.8,0.9084201388888888,0.16666666666666674,0.11675347222222221
0.0,0.3,0.9,0.25,0.875,0.875,1.0,0.9583333333333334,0.9583333333333334,1.0,0.125,0.6666666666666666,0.9283854166666667,0.08333333333333337,0.05338541666666674
0.0,0.3,0.9,0.25,0.7916666666666666,0.7916666666666666,1.0,1.0,1.0,1.0,0.20833333333333334,1.0,0.9479166666666666,0.20833333333333337,0.15625
0.0,0.3,0.9,0.25,0.875,0.875,1.0,1.0,1.0,1.0,0.125,1.0,0.96875,0.125,0.09375
0.0,0.3,0.9,0.25,0.875,0.875,1.0,1.0,1.0,1.0,0.125,1.0,0.96875,0.125,0.09375
0.0,0.3,0.9,0.25,0.875,0.875,1.0,1.0,1.0,1.0,0.125,1.0,0.96875,0.125,0.09375
0.0,0.3,0.9,0.25,0.9583333333333334,0.9583333333333334,1.0,1.0,1.0,1.0,0.041666666666666664,1.0,0.9895833333333334,0.04166666666666663,0.03125
0.0,0.3,0.9,0.25,0.9583333333333334,0.9583333333333334,1.0,1.0,1.0,1.0,0.041666666666666664,1.0,0.9895833333333334,0.04166666666666663,0.03125
0.0,0.3,0.9,0.25,0.875,0.875,1.0,0.9583333333333334,0.9583333333333334,1.0,0.125,0.6666666666666666,0.9283854166666667,0.08333333333333337,0.05338541666666674
0.0,0.3,0.9,0.25,0.9166666666666666,0.9166666666666666,1.0,1.0,1.0,1.0,0.08333333333333333,1.0,0.9791666666666666,0.08333333333333337,0.0625
0.0,0.3,0.9,0.25,0.9166666666666666,0.9166666666666666,1.0,1.0,1.0,1.0,0.08333333333333333,1.0,0.9791666666666666,0.08333333333333337,0.0625
0.0,0.3,0.9,0.25,0.875,0.875,1.0,1.0,1.0,1.0,0.125,1.0,0.96875,0.125,0.09375
0.0,0.3,0.9,0.25,0.8333333333333334,0.8333333333333334,1.0,1.0,1.0,1.0,0.16666666666666666,1.0,0.9583333333333334,0.16666666666666663,0.125
0.0,0.3,0.9,0.25,0.8333333333333334,0.8333333333333334,1.0,0.9583333333333334,0.9583333333333334,1.0,0.16666666666666666,0.75,0.9184027777777779,0.125,0.08506944444444453
0.0,0.3,0.9,0.25,0.7916666666666666,0.7916666666666666,1.0,0.9166666666666666,0.9166666666666666,1.0,0.20833333333333334,0.6,0.868923611111111,0.125,0.07725694444444442
0.0,0.35,0.9,0.25,0.7916666666666666,0.7916666666666666,1.0,1.0,1.0,1.0,0.20833333333333334,1.0,0.9479166666666666,0.20833333333333337,0.15625
0.0,0.35,0.9,0.25,0.875,0.875,1.0,1.0,1.0,1.0,0.125,1.0,0.96875,0.125,0.09375
0.0,0.35,0.9,0.25,0.8333333333333334,0.8333333333333334,1.0,1.0,1.0,1.0,0.16666666666666666,1.0,0.9583333333333334,0.16666666666666663,0.125
0.0,0.35,0.9,0.25,0.5833333333333334,0.5833333333333334,1.0,1.0,1.0,1.0,0.4166666666666667,1.0,0.8958333333333334,0.41666666666666663,0.3125
0.0,0.35,0.9,0.25,0.7916666666666666,0.7916666666666666,1.0,0.9583333333333334,0.9583333333333334,1.0,0.20833333333333334,0.8,0.9084201388888888,0.16666666666666674,0.11675347222222221
0.0,0.35,0.9,0.25,0.75,0.75,1.0,0.9166666666666666,0.9166666666666666,1.0,0.25,0.6666666666666666,0.859375,0.16666666666666663,0.109375
0.0,0.35,0.9,0.25,1.0,1.0,1.0,1.0,1.0,1.0,0.0,1.0,1.0,0.0,0.0
0.0,0.35,0.9,0.25,0.9583333333333334,0.9583333333333334,1.0,1.0,1.0,1.0,0.041666666666666664,1.0,0.9895833333333334,0.04166666666666663,0.03125
0.0,0.35,0.9,0.25,0.8402777777777777,0.9166666666666666,0.9166666666666666,1.0,1.0,1.0,0.08333333333333333,1.0,0.9791666666666666,0.15972222222222232,0.13888888888888895
0.0,0.35,0.9,0.25,0.8333333333333334,0.8333333333333334,1.0,1.0,1.0,1.0,0.16666666666666666,1.0,0.9583333333333334,0.16666666666666663,0.125
0.0,0.35,0.9,0.25,0.7916666666666666,0.7916666666666666,1.0,1.0,1.0,1.0,0.20833333333333334,1.0,0.9479166666666666,0.20833333333333337,0.15625
0.0,0.35,0.9,0.25,0.75,0.75,1.0,0.9166666666666666,0.9166666666666666,1.0,0.25,0.6666666666666666,0.859375,0.16666666666666663,0.109375
0.0,0.35,0.9,0.25,0.6666666666666666,0.6666666666666666,1.0,1.0,1.0,1.0,0.3333333333333333,1.0,0.9166666666666666,0.33333333333333337,0.25
0.0,0.35,0.9,0.25,0.8333333333333334,0.8333333333333334,1.0,1.0,1.0,1.0,0.16666666666666666,1.0,0.9583333333333334,0.16666666666666663,0.125
0.0,0.35,0.9,0.25,0.9166666666666666,0.9166666666666666,1.0,1.0,1.0,1.0,0.08333333333333333,1.0,0.9791666666666666,0.08333333333333337,0.0625
0.0,0.35,0.9,0.25,0.9166666666666666,0.9166666666666666,1.0,1.0,1.0,1.0,0.08333333333333333,1.0,0.9791666666666666,0.08333333333333337,0.0625
0.0,0.35,0.9,0.25,0.7916666666666666,0.7916666666666666,1.0,1.0,1.0,1.0,0.20833333333333334,1.0,0.9479166666666666,0.20833333333333337,0.15625
0.0,0.35,0.9,0.25,0.9166666666666666,0.9166666666666666,1.0,1.0,1.0,1.0,0.08333333333333333,1.0,0.9791666666666666,0.08333333333333337,0.0625
0.0,0.35,0.9,0.25,0.75,0.75,1.0,1.0,1.0,1.0,0.25,1.0,0.9375,0.25,0.1875
0.0,0.35,0.9,0.25,0.7083333333333334,0.7083333333333334,1.0,0.9166666666666666,0.9166666666666666,1.0,0.2916666666666667,0.7142857142857143,0.8498263888888888,0.20833333333333326,0.14149305555555547
0.0,0.35,0.9,0.25,0.875,0.875,1.0,0.9583333333333334,0.9583333333333334,1.0,0.125,0.6666666666666666,0.9283854166666667,0.08333333333333337,0.05338541666666674
0.0,0.35,0.9,0.25,0.8333333333333334,0.8333333333333334,1.0,1.0,1.0,1.0,0.16666666666666666,1.0,0.9583333333333334,0.16666666666666663,0.125
0.0,0.35,0.9,0.25,0.875,0.875,1.0,0.9583333333333334,0.9583333333333334,1.0,0.125,0.6666666666666666,0.9283854166666667,0.08333333333333337,0.05338541666666674
0.0,0.35,0.9,0.25,0.9166666666666666,0.9166666666666666,1.0,1.0,1.0,1.0,0.08333333333333333,1.0,0.9791666666666666,0.08333333333333337,0.0625
0.0,0.35,0.9,0.25,0.75,0.75,1.0,0.9583333333333334,0.9583333333333334,1.0,0.25,0.8333333333333334,0.8984375,0.20833333333333337,0.1484375
0.0,0.39999999999999997,0.9,0.25,0.875,0.875,1.0,1.0,1.0,1.0,0.125,1.0,0.96875,0.125,0.09375
0.0,0.39999999999999997,0.9,0.25,0.7916666666666666,0.7916666666666666,1.0,0.9583333333333334,0.9583333333333334,1.0,0.20833333333333334,0.8,0.9084201388888888,0.16666666666666674,0.11675347222222221
0.0,0.39999999999999997,0.9,0.25,0.75,0.75,1.0,1.0,1.0,1.0,0.25,1.0,0.9375,0.25,0.1875
0.0,0.39999999999999997,0.9,0.25,0.8333333333333334,0.8333333333333334,1.0,1.0,1.0,1.0,0.16666666666666666,1.0,0.9583333333333334,0.16666666666666663,0.125
0.0,0.39999999999999997,0.9,0.25,0.8333333333333334,0.8333333333333334,1.0,0.9583333333333334,0.9583333333333334,1.0,0.16666666666666666,0.75,0.9184027777777779,0.125,0.08506944444444453
0.0,0.39999999999999997,0.9,0.25,0.9583333333333334,0.9583333333333334,1.0,0.9583333333333334,0.9583333333333334,1.0,0.041666666666666664,0.0,0.9483506944444445,0.0,-0.00998263888888884
0.0,0.39999999999999997,0.9,0.25,0.875,0.875,1.0,0.9583333333333334,0.9583333333333334,1.0,0.125,0.6666666666666666,0.9283854166666667,0.08333333333333337,0.05338541666666674
0.0,0.39999999999999997,0.9,0.25,0.8333333333333334,0.8333333333333334,1.0,0.9583333333333334,0.9583333333333334,1.0,0.16666666666666666,0.75,0.9184027777777779,0.125,0.08506944444444453
0.0,0.39999999999999997,0.9,0.25,0.8333333333333334,0.8333333333333334,1.0,1.0,1.0,1.0,0.16666666666666666,1.0,0.9583333333333334,0.16666666666666663,0.125
0.0,0.39999999999999997,0.9,0.25,0.7916666666666666,0.7916666666666666,1.0,0.9583333333333334,0.9583333333333334,1.0,0.20833333333333334,0.8,0.9084201388888888,0.16666666666666674,0.11675347222222221
0.0,0.39999999999999997,0.9,0.25,0.875,0.875,1.0,1.0,1.0,1.0,0.125,1.0,0.96875,0.125,0.09375
0.0,0.39999999999999997,0.9,0.25,0.7083333333333334,0.7083333333333334,1.0,0.9583333333333334,0.9583333333333334,1.0,0.2916666666666667,0.8571428571428571,0.8884548611111112,0.25,0.1801215277777778
0.0,0.39999999999999997,0.9,0.25,0.75,0.75,1.0,0.9583333333333334,0.9583333333333334,1.0,0.25,0.8333333333333334,0.8984375,0.20833333333333337,0.1484375
0.0,0.39999999999999997,0.9,0.25,0.75,0.75,1.0,0.9583333333333334,0.9583333333333334,1.0,0.25,0.8333333333333334,0.8984375,0.20833333333333337,0.1484375
0.0,0.39999999999999997,0.9,0.25,0.7916666666666666,0.7916666666666666,1.0,1.0,1.0,1.0,0.20833333333333334,1.0,0.9479166666666666,0.20833333333333337,0.15625
0.0,0.39999999999999997,0.9,0.25,0.7916666666666666,0.7916666666666666,1.0,0.875,0.875,1.0,0.20833333333333334,0.4,0.8294270833333333,0.08333333333333337,0.03776041666666663
0.0,0.39999999999999997,0.9,0.25,0.7916666666666666,0.7916666666666666,1.0,1.0,1.0,1.0,0.20833333333333334,1.0,0.9479166666666666,0.20833333333333337,0.15625
0.0,0.39999999999999997,0.9,0.25,0.75,0.75,1.0,1.0,1.0,1.0,0.25,1.0,0.9375,0.25,0.1875
0.0,0.39999999999999997,0.9,0.25,0.875,0.875,1.0,0.9583333333333334,0.9583333333333334,1.0,0.125,0.6666666666666666,0.9283854166666667,0.08333333333333337,0.05338541666666674
0.0,0.39999999999999997,0.9,0.25,0.7916666666666666,0.7916666666666666,1.0,1.0,1.0,1.0,0.20833333333333334,1.0,0.9479166666666666,0.20833333333333337,0.15625
0.0,0.39999999999999997,0.9,0.25,0.7916666666666666,0.7916666666666666,1.0,1.0,1.0,1.0,0.20833333333333334,1.0,0.9479166666666666,0.20833333333333337,0.15625
0.0,0.39999999999999997,0.9,0.25,0.7916666666666666,0.7916666666666666,1.0,0.9583333333333334,0.9583333333333334,1.0,0.20833333333333334,0.8,0.9084201388888888,0.16666666666666674,0.11675347222222221
0.0,0.39999999999999997,0.9,0.25,0.8333333333333334,0.8333333333333334,1.0,0.9583333333333334,0.9583333333333334,1.0,0.16666666666666666,0.75,0.9184027777777779,0.125,0.08506944444444453
0.0,0.39999999999999997,0.9,0.25,0.7083333333333334,0.7083333333333334,1.0,0.9583333333333334,0.9583333333333334,1.0,0.2916666666666667,0.8571428571428571,0.8884548611111112,0.25,0.1801215277777778
0.0,0.39999999999999997,0.9,0.25,0.75,0.75,1.0,1.0,1.0,1.0,0.25,1.0,0.9375,0.25,0.1875
0.0,0.44999999999999996,0.9,0.25,0.75,0.75,1.0,1.0,1.0,1.0,0.25,1.0,0.9375,0.25,0.1875
0.0,0.44999999999999996,0.9,0.25,0.8333333333333334,0.8333333333333334,1.0,1.0,1.0,1.0,0.16666666666666666,1.0,0.9583333333333334,0.16666666666666663,0.125
0.0,0.44999999999999996,0.9,0.25,0.6666666666666666,0.6666666666666666,1.0,1.0,1.0,1.0,0.3333333333333333,1.0,0.9166666666666666,0.33333333333333337,0.25
0.0,0.44999999999999996,0.9,0.25,0.8333333333333334,0.8333333333333334,1.0,1.0,1.0,1.0,0.16666666666666666,1.0,0.9583333333333334,0.16666666666666663,0.125
0.0,0.44999999999999996,0.9,0.25,0.5833333333333334,0.5833333333333334,1.0,0.875,0.875,1.0,0.4166666666666667,0.7,0.7838541666666667,0.29166666666666663,0.20052083333333337
0.0,0.44999999999999996,0.9,0.25,0.4513888888888889,0.5416666666666666,0.8333333333333334,0.9166666666666666,0.9166666666666666,1.0,0.4583333333333333,0.8181818181818182,0.8116319444444444,0.46527777777777773,0.3602430555555555
0.0,0.44999999999999996,0.9,0.25,0.7916666666666666,0.7916666666666666,1.0,1.0,1.0,1.0,0.20833333333333334,1.0,0.9479166666666666,0.20833333333333337,0.15625
0.0,0.44999999999999996,0.9,0.25,0.8333333333333334,0.8333333333333334,1.0,1.0,1.0,1.0,0.16666666666666666,1.0,0.9583333333333334,0.16666666666666663,0.125
0.0,0.44999999999999996,0.9,0.25,0.7916666666666666,0.7916666666666666,1.0,1.0,1.0,1.0,0.20833333333333334,1.0,0.9479166666666666,0.20833333333333337,0.15625
0.0,0.44999999999999996,0.9,0.25,0.9166666666666666,0.9166666666666666,1.0,1.0,1.0,1.0,0.08333333333333333,1.0,0.9791666666666666,0.08333333333333337,0.0625
0.0,0.44999999999999996,0.9,0.25,0.75,0.75,1.0,0.9583333333333334,0.9583333333333334,1.0,0.25,0.8333333333333334,0.8984375,0.20833333333333337,0.1484375
0.0,0.44999999999999996,0.9,0.25,0.8333333333333334,0.8333333333333334,1.0,1.0,1.0,1.0,0.16666666666666666,1.0,0.9583333333333334,0.16666666666666663,0.125
0.0,0.44999999999999996,0.9,0.25,0.875,0.875,1.0,1.0,1.0,1.0,0.125,1.0,0.96875,0.125,0.09375
0.0,0.44999999999999996,0.9,0.25,0.7916666666666666,0.7916666666666666,1.0,1.0,1.0,1.0,0.20833333333333334,1.0,0.9479166666666666,0.20833333333333337,0.15625
0.0,0.44999999999999996,0.9,0.25,0.875,0.875,1.0,1.0,1.0,1.0,0.125,1.0,0.96875,0.125,0.09375
0.0,0.44999999999999996,0.9,0.25,0.7083333333333334,0.7083333333333334,1.0,1.0,1.0,1.0,0.2916666666666667,1.0,0.9270833333333334,0.29166666666666663,0.21875
0.0,0.44999999999999996,0.9,0.25,0.8333333333333334,0.8333333333333334,1.0,1.0,1.0,1.0,0.16666666666666666,1.0,0.9583333333333334,0.16666666666666663,0.125
0.0,0.44999999999999996,0.9,0.25,0.8333333333333334,0.8333333333333334,1.0,1.0,1.0,1.0,0.16666666666666666,1.0,0.9583333333333334,0.16666666666666663,0.125
0.0,0.44999999999999996,0.9,0.25,0.8333333333333334,0.8333333333333334,1.0,1.0,1.0,1.0,0.16666666666666666,1.0,0.9583333333333334,0.16666666666666663,0.125
0.0,0.44999999999999996,0.9,0.25,0.7916666666666666,0.7916666666666666,1.0,1.0,1.0,1.0,0.20833333333333334,1.0,0.9479166666666666,0.20833333333333337,0.15625
0.0,0.44999999999999996,0.9,0.25,0.625,0.625,1.0,0.9583333333333334,0.9583333333333334,1.0,0.375,0.8888888888888888,0.8684895833333334,0.33333333333333337,0.24348958333333337
0.0,0.44999999999999996,0.9,0.25,0.75,0.75,1.0,1.0,1.0,1.0,0.25,1.0,0.9375,0.25,0.1875
0.0,0.44999999999999996,0.9,0.25,0.7083333333333334,0.7083333333333334,1.0,0.9583333333333334,0.9583333333333334,1.0,0.2916666666666667,0.8571428571428571,0.8884548611111112,0.25,0.1801215277777778
0.0,0.44999999999999996,0.9,0.25,0.6666666666666666,0.6666666666666666,1.0,1.0,1.0,1.0,0.3333333333333333,1.0,0.9166666666666666,0.33333333333333337,0.25
0.0,0.44999999999999996,0.9,0.25,0.875,0.875,1.0,1.0,1.0,1.0,0.125,1.0,0.96875,0.125,0.09375
0.0,0.49999999999999994,0.9,0.25,0.75,0.75,1.0,0.9166666666666666,0.9166666666666666,1.0,0.25,0.6666666666666666,0.859375,0.16666666666666663,0.109375
0.0,0.49999999999999994,0.9,0.25,0.8333333333333334,0.8333333333333334,1.0,0.9583333333333334,0.9583333333333334,1.0,0.16666666666666666,0.75,0.9184027777777779,0.125,0.08506944444444453
0.0,0.49999999999999994,0.9,0.25,0.75,0.75,1.0,1.0,1.0,1.0,0.25,1.0,0.9375,0.25,0.1875
0.0,0.49999999999999994,0.9,0.25,0.7083333333333334,0.7083333333333334,1.0,0.9166666666666666,0.9166666666666666,1.0,0.2916666666666667,0.7142857142857143,0.8498263888888888,0.20833333333333326,0.14149305555555547
0.0,0.49999999999999994,0.9,0.25,0.7916666666666666,0.7916666666666666,1.0,0.9583333333333334,0.9583333333333334,1.0,0.20833333333333334,0.8,0.9084201388888888,0.16666666666666674,0.11675347222222221
0.0,0.49999999999999994,0.9,0.25,0.7916666666666666,0.7916666666666666,1.0,0.9583333333333334,0.9583333333333334,1.0,0.20833333333333334,0.8,0.9084201388888888,0.16666666666666674,0.11675347222222221
0.0,0.49999999999999994,0.9,0.25,0.75,0.75,1.0,0.9166666666666666,0.9166666666666666,1.0,0.25,0.6666666666666666,0.859375,0.16666666666666663,0.109375
0.0,0.49999999999999994,0.9,0.25,0.8333333333333334,0.8333333333333334,1.0,1.0,1.0,1.0,0.16666666666666666,1.0,0.9583333333333334,0.16666666666666663,0.125
0.0,0.49999999999999994,0.9,0.25,0.7916666666666666,0.7916666666666666,1.0,0.9583333333333334,0.9583333333333334,1.0,0.20833333333333334,0.8,0.9084201388888888,0.16666666666666674,0.11675347222222221
0.0,0.49999999999999994,0.9,0.25,0.75,0.75,1.0,1.0,1.0,1.0,0.25,1.0,0.9375,0.25,0.1875
0.0,0.49999999999999994,0.9,0.25,0.75,0.75,1.0,0.9583333333333334,0.9583333333333334,1.0,0.25,0.8333333333333334,0.8984375,0.20833333333333337,0.1484375
0.0,0.49999999999999994,0.9,0.25,0.7083333333333334,0.7083333333333334,1.0,1.0,1.0,1.0,0.2916666666666667,1.0,0.9270833333333334,0.29166666666666663,0.21875
0.0,0.49999999999999994,0.9,0.25,0.75,0.75,1.0,0.9583333333333334,0.9583333333333334,1.0,0.25,0.8333333333333334,0.8984375,0.20833333333333337,0.1484375
0.0,0.49999999999999994,0.9,0.25,0.8333333333333334,0.8333333333333334,1.0,0.9583333333333334,0.9583333333333334,1.0,0.16666666666666666,0.75,0.9184027777777779,0.125,0.08506944444444453
0.0,0.49999999999999994,0.9,0.25,0.75,0.75,1.0,1.0,1.0,1.0,0.25,1.0,0.9375,0.25,0.1875
0.0,0.49999999999999994,0.9,0.25,0.7083333333333334,0.7083333333333334,1.0,1.0,1.0,1.0,0.2916666666666667,1.0,0.9270833333333334,0.29166666666666663,0.21875
0.0,0.49999999999999994,0.9,0.25,0.6666666666666666,0.6666666666666666,1.0,0.9583333333333334,0.9583333333333334,1.0,0.3333333333333333,0.875,0.8784722222222222,0.29166666666666674,0.21180555555555558
0.0,0.49999999999999994,0.9,0.25,0.9166666666666666,0.9166666666666666,1.0,1.0,1.0,1.0,0.08333333333333333,1.0,0.9791666666666666,0.08333333333333337,0.0625
0.0,0.49999999999999994,0.9,0.25,0.9166666666666666,0.9166666666666666,1.0,1.0,1.0,1.0,0.08333333333333333,1.0,0.9791666666666666,0.08333333333333337,0.0625
0.0,0.49999999999999994,0.9,0.25,0.6666666666666666,0.6666666666666666,1.0,0.9583333333333334,0.9583333333333334,1.0,0.3333333333333333,0.875,0.8784722222222222,0.29166666666666674,0.21180555555555558
0.0,0.49999999999999994,0.9,0.25,0.7083333333333334,0.7083333333333334,1.0,1.0,1.0,1.0,0.2916666666666667,1.0,0.9270833333333334,0.29166666666666663,0.21875
0.0,0.49999999999999994,0.9,0.25,0.7916666666666666,0.7916666666666666,1.0,0.9583333333333334,0.9583333333333334,1.0,0.20833333333333334,0.8,0.9084201388888888,0.16666666666666674,0.11675347222222221
0.0,0.49999999999999994,0.9,0.25,0.7083333333333334,0.7083333333333334,1.0,0.9583333333333334,0.9583333333333334,1.0,0.2916666666666667,0.8571428571428571,0.8884548611111112,0.25,0.1801215277777778
0.0,0.49999999999999994,0.9,0.25,0.7083333333333334,0.7083333333333334,1.0,1.0,1.0,1.0,0.2916666666666667,1.0,0.9270833333333334,0.29166666666666663,0.21875
0.0,0.49999999999999994,0.9,0.25,0.75,0.75,1.0,0.9583333333333334,0.9583333333333334,1.0,0.25,0.8333333333333334,0.8984375,0.20833333333333337,0.1484375
0.0,0.5499999999999999,0.9,0.25,0.6666666666666666,0.6666666666666666,1.0,0.875,0.875,1.0,0.3333333333333333,0.625,0.8020833333333333,0.20833333333333337,0.13541666666666663
0.0,0.5499999999999999,0.9,0.25,0.5347222222222222,0.5833333333333334,0.9166666666666666,0.9583333333333334,0.9583333333333334,1.0,0.4166666666666667,0.9,0.8585069444444445,0.42361111111111116,0.3237847222222223
0.0,0.5499999999999999,0.9,0.25,0.7916666666666666,0.7916666666666666,1.0,1.0,1.0,1.0,0.20833333333333334,1.0,0.9479166666666666,0.20833333333333337,0.15625
0.0,0.5499999999999999,0.9,0.25,0.7083333333333334,0.7083333333333334,1.0,0.9583333333333334,0.9583333333333334,1.0,0.2916666666666667,0.8571428571428571,0.8884548611111112,0.25,0.1801215277777778
0.0,0.5499999999999999,0.9,0.25,0.7083333333333334,0.7083333333333334,1.0,1.0,1.0,1.0,0.2916666666666667,1.0,0.9270833333333334,0.29166666666666663,0.21875
0.0,0.5499999999999999,0.9,0.25,0.75,0.75,1.0,0.9583333333333334,0.9583333333333334,1.0,0.25,0.8333333333333334,0.8984375,0.20833333333333337,0.1484375
0.0,0.5499999999999999,0.9,0.25,0.8333333333333334,0.8333333333333334,1.0,1.0,1.0,1.0,0.16666666666666666,1.0,0.9583333333333334,0.16666666666666663,0.125
0.0,0.5499999999999999,0.9,0.25,0.75,0.75,1.0,1.0,1.0,1.0,0.25,1.0,0.9375,0.25,0.1875
0.0,0.5499999999999999,0.9,0.25,0.875,0.875,1.0,1.0,1.0,1.0,0.125,1.0,0.96875,0.125,0.09375
0.0,0.5499999999999999,0.9,0.25,0.7916666666666666,0.7916666666666666,1.0,0.9583333333333334,0.9583333333333334,1.0,0.20833333333333334,0.8,0.9084201388888888,0.16666666666666674,0.11675347222222221
0.0,0.5499999999999999,0.9,0.25,0.875,0.875,1.0,0.9583333333333334,0.9583333333333334,1.0,0.125,0.6666666666666666,0.9283854166666667,0.08333333333333337,0.05338541666666674
0.0,0.5499999999999999,0.9,0.25,0.75,0.75,1.0,1.0,1.0,1.0,0.25,1.0,0.9375,0.25,0.1875
0.0,0.5499999999999999,0.9,0.25,0.6666666666666666,0.6666666666666666,1.0,1.0,1.0,1.0,0.3333333333333333,1.0,0.9166666666666666,0.33333333333333337,0.25
0.0,0.5499999999999999,0.9,0.25,0.75,0.75,1.0,0.9583333333333334,0.9583333333333334,1.0,0.25,0.8333333333333334,0.8984375,0.20833333333333337,0.1484375
0.0,0.5499999999999999,0.9,0.25,0.7916666666666666,0.7916666666666666,1.0,0.9583333333333334,0.9583333333333334,1.0,0.20833333333333334,0.8,0.9084201388888888,0.16666666666666674,0.11675347222222221
0.0,0.5499999999999999,0.9,0.25,0.6666666666666666,0.6666666666666666,1.0,1.0,1.0,1.0,0.3333333333333333,1.0,0.9166666666666666,0.33333333333333337,0.25
0.0,0.5499999999999999,0.9,0.25,0.75,0.75,1.0,0.9583333333333334,0.9583333333333334,1.0,0.25,0.8333333333333334,0.8984375,0.20833333333333337,0.1484375
0.0,0.5499999999999999,0.9,0.25,0.8333333333333334,0.8333333333333334,1.0,1.0,1.0,1.0,0.16666666666666666,1.0,0.9583333333333334,0.16666666666666663,0.125
0.0,0.5499999999999999,0.9,0.25,0.75,0.75,1.0,0.9583333333333334,0.9583333333333334,1.0,0.25,0.8333333333333334,0.8984375,0.20833333333333337,0.1484375
0.0,0.5499999999999999,0.9,0.25,0.7916666666666666,0.7916666666666666,1.0,1.0,1.0,1.0,0.20833333333333334,1.0,0.9479166666666666,0.20833333333333337,0.15625
0.0,0.5499999999999999,0.9,0.25,0.8333333333333334,0.8333333333333334,1.0,1.0,1.0,1.0,0.16666666666666666,1.0,0.9583333333333334,0.16666666666666663,0.125
0.0,0.5499999999999999,0.9,0.25,0.7083333333333334,0.7083333333333334,1.0,0.9583333333333334,0.9583333333333334,1.0,0.2916666666666667,0.8571428571428571,0.8884548611111112,0.25,0.1801215277777778
0.0,0.5499999999999999,0.9,0.25,0.7083333333333334,0.7083333333333334,1.0,0.9583333333333334,0.9583333333333334,1.0,0.2916666666666667,0.8571428571428571,0.8884548611111112,0.25,0.1801215277777778
0.0,0.5499999999999999,0.9,0.25,0.7083333333333334,0.7083333333333334,1.0,1.0,1.0,1.0,0.2916666666666667,1.0,0.9270833333333334,0.29166666666666663,0.21875
0.0,0.5499999999999999,0.9,0.25,0.5833333333333334,0.5833333333333334,1.0,0.9166666666666666,0.9166666666666666,1.0,0.4166666666666667,0.8,0.8211805555555556,0.33333333333333326,0.2378472222222222
0.0,0.6,0.9,0.25,0.75,0.75,1.0,0.9166666666666666,0.9166666666666666,1.0,0.25,0.6666666666666666,0.859375,0.16666666666666663,0.109375
0.0,0.6,0.9,0.25,0.8333333333333334,0.8333333333333334,1.0,1.0,1.0,1.0,0.16666666666666666,1.0,0.9583333333333334,0.16666666666666663,0.125
0.0,0.6,0.9,0.25,0.8333333333333334,0.8333333333333334,1.0,1.0,1.0,1.0,0.16666666666666666,1.0,0.9583333333333334,0.16666666666666663,0.125
0.0,0.6,0.9,0.25,0.6493055555555556,0.7083333333333334,0.9166666666666666,1.0,1.0,1.0,0.2916666666666667,1.0,0.9270833333333334,0.3506944444444444,0.2777777777777778
0.0,0.6,0.9,0.25,0.7083333333333334,0.7083333333333334,1.0,0.9583333333333334,0.9583333333333334,1.0,0.2916666666666667,0.8571428571428571,0.8884548611111112,0.25,0.1801215277777778
0.0,0.6,0.9,0.25,0.7083333333333334,0.7083333333333334,1.0,1.0,1.0,1.0,0.2916666666666667,1.0,0.9270833333333334,0.29166666666666663,0.21875
0.0,0.6,0.9,0.25,0.7083333333333334,0.7083333333333334,1.0,0.9583333333333334,0.9583333333333334,1.0,0.2916666666666667,0.8571428571428571,0.8884548611111112,0.25,0.1801215277777778
0.0,0.6,0.9,0.25,0.6666666666666666,0.6666666666666666,1.0,0.9583333333333334,0.9583333333333334,1.0,0.3333333333333333,0.875,0.8784722222222222,0.29166666666666674,0.21180555555555558
0.0,0.6,0.9,0.25,0.8333333333333334,0.8333333333333334,1.0,1.0,1.0,1.0,0.16666666666666666,1.0,0.9583333333333334,0.16666666666666663,0.125
0.0,0.6,0.9,0.25,0.7083333333333334,0.7083333333333334,1.0,0.9583333333333334,0.9583333333333334,1.0,0.2916666666666667,0.8571428571428571,0.8884548611111112,0.25,0.1801215277777778
0.0,0.6,0.9,0.25,0.75,0.75,1.0,1.0,1.0,1.0,0.25,1.0,0.9375,0.25,0.1875
0.0,0.6,0.9,0.25,0.75,0.75,1.0,0.9583333333333334,0.9583333333333334,1.0,0.25,0.8333333333333334,0.8984375,0.20833333333333337,0.1484375
0.0,0.6,0.9,0.25,0.6666666666666666,0.6666666666666666,1.0,1.0,1.0,1.0,0.3333333333333333,1.0,0.9166666666666666,0.33333333333333337,0.25
0.0,0.6,0.9,0.25,0.5833333333333334,0.5833333333333334,1.0,0.9166666666666666,0.9166666666666666,1.0,0.4166666666666667,0.8,0.8211805555555556,0.33333333333333326,0.2378472222222222
0.0,0.6,0.9,0.25,0.7083333333333334,0.7083333333333334,1.0,1.0,1.0,1.0,0.2916666666666667,1.0,0.9270833333333334,0.29166666666666663,0.21875
0.0,0.6,0.9,0.25,0.75,0.75,1.0,0.9583333333333334,0.9583333333333334,1.0,0.25,0.8333333333333334,0.8984375,0.20833333333333337,0.1484375
0.0,0.6,0.9,0.25,0.75,0.75,1.0,1.0,1.0,1.0,0.25,1.0,0.9375,0.25,0.1875
0.0,0.6,0.9,0.25,0.5347222222222222,0.5833333333333334,0.9166666666666666,0.9166666666666666,0.9166666666666666,1.0,0.4166666666666667,0.8,0.8211805555555556,0.3819444444444444,0.28645833333333337
0.0,0.6,0.9,0.25,0.7083333333333334,0.7083333333333334,1.0,1.0,1.0,1.0,0.2916666666666667,1.0,0.9270833333333334,0.29166666666666663,0.21875
0.0,0.6,0.9,0.25,0.625,0.625,1.0,0.9583333333333334,0.9583333333333334,1.0,0.375,0.8888888888888888,0.8684895833333334,0.33333333333333337,0.24348958333333337
0.0,0.6,0.9,0.25,0.6666666666666666,0.6666666666666666,1.0,0.9583333333333334,0.9583333333333334,1.0,0.3333333333333333,0.875,0.8784722222222222,0.29166666666666674,0.21180555555555558
0.0,0.6,0.9,0.25,0.75,0.75,1.0,1.0,1.0,1.0,0.25,1.0,0.9375,0.25,0.1875
0.0,0.6,0.9,0.25,0.625,0.625,1.0,1.0,1.0,1.0,0.375,1.0,0.90625,0.375,0.28125
0.0,0.6,0.9,0.25,0.6666666666666666,0.6666666666666666,1.0,1.0,1.0,1.0,0.3333333333333333,1.0,0.9166666666666666,0.33333333333333337,0.25
0.0,0.6,0.9,0.25,0.7083333333333334,0.7083333333333334,1.0,0.9583333333333334,0.9583333333333334,1.0,0.2916666666666667,0.8571428571428571,0.8884548611111112,0.25,0.1801215277777778
0.0,0.6499999999999999,0.9,0.25,0.7916666666666666,0.7916666666666666,1.0,1.0,1.0,1.0,0.20833333333333334,1.0,0.9479166666666666,0.20833333333333337,0.15625
0.0,0.6499999999999999,0.9,0.25,0.8333333333333334,0.8333333333333334,1.0,1.0,1.0,1.0,0.16666666666666666,1.0,0.9583333333333334,0.16666666666666663,0.125
0.0,0.6499999999999999,0.9,0.25,0.5347222222222222,0.5833333333333334,0.9166666666666666,0.9583333333333334,0.9583333333333334,1.0,0.4166666666666667,0.9,0.8585069444444445,0.42361111111111116,0.3237847222222223
0.0,0.6499999999999999,0.9,0.25,0.6666666666666666,0.6666666666666666,1.0,1.0,1.0,1.0,0.3333333333333333,1.0,0.9166666666666666,0.33333333333333337,0.25
0.0,0.6499999999999999,0.9,0.25,0.6493055555555556,0.7083333333333334,0.9166666666666666,1.0,1.0,1.0,0.2916666666666667,1.0,0.9270833333333334,0.3506944444444444,0.2777777777777778
0.0,0.6499999999999999,0.9,0.25,0.5416666666666666,0.5416666666666666,1.0,0.9583333333333334,0.9583333333333334,1.0,0.4583333333333333,0.9090909090909091,0.8485243055555556,0.41666666666666674,0.30685763888888895
0.0,0.6499999999999999,0.9,0.25,0.49652777777777773,0.5416666666666666,0.9166666666666666,1.0,1.0,1.0,0.4583333333333333,1.0,0.8854166666666666,0.5034722222222223,0.3888888888888889
0.0,0.6499999999999999,0.9,0.25,0.7916666666666666,0.7916666666666666,1.0,0.9583333333333334,0.9583333333333334,1.0,0.20833333333333334,0.8,0.9084201388888888,0.16666666666666674,0.11675347222222221
0.0,0.6499999999999999,0.9,0.25,0.34375,0.4583333333333333,0.75,0.9583333333333334,0.9583333333333334,1.0,0.5416666666666666,0.9230769230769231,0.8285590277777778,0.6145833333333334,0.4848090277777778
0.0,0.6499999999999999,0.9,0.25,0.6666666666666666,0.6666666666666666,1.0,0.9583333333333334,0.9583333333333334,1.0,0.3333333333333333,0.875,0.8784722222222222,0.29166666666666674,0.21180555555555558
0.0,0.6499999999999999,0.9,0.25,0.7083333333333334,0.7083333333333334,1.0,0.9583333333333334,0.9583333333333334,1.0,0.2916666666666667,0.8571428571428571,0.8884548611111112,0.25,0.1801215277777778
0.0,0.6499999999999999,0.9,0.25,0.5833333333333334,0.5833333333333334,1.0,0.9166666666666666,0.9166666666666666,1.0,0.4166666666666667,0.8,0.8211805555555556,0.33333333333333326,0.2378472222222222
0.0,0.6499999999999999,0.9,0.25,0.6493055555555556,0.7083333333333334,0.9166666666666666,1.0,1.0,1.0,0.2916666666666667,1.0,0.9270833333333334,0.3506944444444444,0.2777777777777778
0.0,0.6499999999999999,0.9,0.25,0.5,0.5,1.0,0.9583333333333334,0.9583333333333334,1.0,0.5,0.9166666666666666,0.8385416666666667,0.45833333333333337,0.33854166666666674
0.0,0.6499999999999999,0.9,0.25,0.49652777777777773,0.5416666666666666,0.9166666666666666,0.9583333333333334,0.9583333333333334,1.0,0.4583333333333333,0.9090909090909091,0.8485243055555556,0.46180555555555564,0.35199652777777785
0.0,0.6499999999999999,0.9,0.25,0.6666666666666666,0.6666666666666666,1.0,0.9583333333333334,0.9583333333333334,1.0,0.3333333333333333,0.875,0.8784722222222222,0.29166666666666674,0.21180555555555558
0.0,0.6499999999999999,0.9,0.25,0.4583333333333333,0.5,0.9166666666666666,0.9583333333333334,0.9583333333333334,1.0,0.5,0.9166666666666666,0.8385416666666667,0.5,0.3802083333333334
0.0,0.6499999999999999,0.9,0.25,0.36111111111111105,0.5416666666666666,0.6666666666666666,1.0,1.0,1.0,0.4583333333333333,1.0,0.8854166666666666,0.638888888888889,0.5243055555555556
0.0,0.6499999999999999,0.9,0.25,0.5833333333333334,0.5833333333333334,1.0,1.0,1.0,1.0,0.4166666666666667,1.0,0.8958333333333334,0.41666666666666663,0.3125
0.0,0.6499999999999999,0.9,0.25,0.5833333333333334,0.5833333333333334,1.0,0.9166666666666666,0.9166666666666666,1.0,0.4166666666666667,0.8,0.8211805555555556,0.33333333333333326,0.2378472222222222
0.0,0.6499999999999999,0.9,0.25,0.625,0.625,1.0,0.9166666666666666,0.9166666666666666,1.0,0.375,0.7777777777777778,0.8307291666666666,0.29166666666666663,0.20572916666666663
0.0,0.6499999999999999,0.9,0.25,0.6666666666666666,0.6666666666666666,1.0,1.0,1.0,1.0,0.3333333333333333,1.0,0.9166666666666666,0.33333333333333337,0.25
0.0,0.6499999999999999,0.9,0.25,0.7916666666666666,0.7916666666666666,1.0,1.0,1.0,1.0,0.20833333333333334,1.0,0.9479166666666666,0.20833333333333337,0.15625
0.0,0.6499999999999999,0.9,0.25,0.625,0.625,1.0,0.9583333333333334,0.9583333333333334,1.0,0.375,0.8888888888888888,0.8684895833333334,0.33333333333333337,0.24348958333333337
0.0,0.6499999999999999,0.9,0.25,0.6666666666666666,0.6666666666666666,1.0,0.9583333333333334,0.9583333333333334,1.0,0.3333333333333333,0.875,0.8784722222222222,0.29166666666666674,0.21180555555555558
0.0,0.7,0.9,0.25,0.5347222222222222,0.5833333333333334,0.9166666666666666,0.9583333333333334,0.9583333333333334,1.0,0.4166666666666667,0.9,0.8585069444444445,0.42361111111111116,0.3237847222222223
0.0,0.7,0.9,0.25,0.75,0.75,1.0,1.0,1.0,1.0,0.25,1.0,0.9375,0.25,0.1875
0.0,0.7,0.9,0.25,0.5833333333333334,0.5833333333333334,1.0,0.9583333333333334,0.9583333333333334,1.0,0.4166666666666667,0.9,0.8585069444444445,0.375,0.27517361111111116
0.0,0.7,0.9,0.25,0.6666666666666666,0.6666666666666666,1.0,0.9166666666666666,0.9166666666666666,1.0,0.3333333333333333,0.75,0.8402777777777777,0.25,0.17361111111111105
0.0,0.7,0.9,0.25,0.8333333333333334,0.8333333333333334,1.0,0.875,0.875,1.0,0.16666666666666666,0.25,0.8385416666666667,0.04166666666666663,0.00520833333333337
0.0,0.7,0.9,0.25,0.75,0.75,1.0,1.0,1.0,1.0,0.25,1.0,0.9375,0.25,0.1875
0.0,0.7,0.9,0.25,0.34375,0.4583333333333333,0.75,0.875,0.875,1.0,0.5416666666666666,0.7692307692307693,0.7565104166666667,0.53125,0.41276041666666674
0.0,0.7,0.9,0.25,0.5833333333333334,0.5833333333333334,1.0,0.9583333333333334,0.9583333333333334,1.0,0.4166666666666667,0.9,0.8585069444444445,0.375,0.27517361111111116
0.0,0.7,0.9,0.25,0.625,0.625,1.0,1.0,1.0,1.0,0.375,1.0,0.90625,0.375,0.28125
0.0,0.7,0.9,0.25,0.625,0.625,1.0,1.0,1.0,1.0,0.375,1.0,0.90625,0.375,0.28125
0.0,0.7,0.9,0.25,0.7083333333333334,0.7083333333333334,1.0,0.9583333333333334,0.9583333333333334,1.0,0.2916666666666667,0.8571428571428571,0.8884548611111112,0.25,0.1801215277777778
0.0,0.7,0.9,0.25,0.34722222222222227,0.4166666666666667,0.8333333333333334,0.9166666666666666,0.9166666666666666,1.0,0.5833333333333334,0.8571428571428571,0.782986111111111,0.5694444444444444,0.4357638888888888
0.0,0.7,0.9,0.25,0.42013888888888884,0.4583333333333333,0.9166666666666666,0.9583333333333334,0.9583333333333334,1.0,0.5416666666666666,0.9230769230769231,0.8285590277777778,0.5381944444444445,0.40842013888888895
0.0,0.7,0.9,0.25,0.5833333333333334,0.5833333333333334,1.0,0.9583333333333334,0.9583333333333334,1.0,0.4166666666666667,0.9,0.8585069444444445,0.375,0.27517361111111116
0.0,0.7,0.9,0.25,0.5729166666666666,0.625,0.9166666666666666,0.9166666666666666,0.9166666666666666,1.0,0.375,0.7777777777777778,0.8307291666666666,0.34375,0.2578125
0.0,0.7,0.9,0.25,0.8333333333333334,0.8333333333333334,1.0,0.9583333333333334,0.9583333333333334,1.0,0.16666666666666666,0.75,0.9184027777777779,0.125,0.08506944444444453
0.0,0.7,0.9,0.25,0.49652777777777773,0.5416666666666666,0.9166666666666666,0.875,0.875,1.0,0.4583333333333333,0.7272727272727273,0.7747395833333333,0.37847222222222227,0.2782118055555555
0.0,0.7,0.9,0.25,0.7916666666666666,0.7916666666666666,1.0,0.9166666666666666,0.9166666666666666,1.0,0.20833333333333334,0.6,0.868923611111111,0.125,0.07725694444444442
0.0,0.7,0.9,0.25,0.7083333333333334,0.7083333333333334,1.0,0.9583333333333334,0.9583333333333334,1.0,0.2916666666666667,0.8571428571428571,0.8884548611111112,0.25,0.1801215277777778
0.0,0.7,0.9,0.25,0.7083333333333334,0.7083333333333334,1.0,1.0,1.0,1.0,0.2916666666666667,1.0,0.9270833333333334,0.29166666666666663,0.21875
0.0,0.7,0.9,0.25,0.3819444444444444,0.4583333333333333,0.8333333333333334,0.9583333333333334,0.9583333333333334,1.0,0.5416666666666666,0.9230769230769231,0.8285590277777778,0.576388888888889,0.44661458333333337
0.0,0.7,0.9,0.25,0.625,0.625,1.0,0.9583333333333334,0.9583333333333334,1.0,0.375,0.8888888888888888,0.8684895833333334,0.33333333333333337,0.24348958333333337
0.0,0.7,0.9,0.25,0.625,0.625,1.0,0.875,0.875,1.0,0.375,0.6666666666666666,0.79296875,0.25,0.16796875
0.0,0.7,0.9,0.25,0.2673611111111111,0.4583333333333333,0.5833333333333334,0.9166666666666666,0.9166666666666666,1.0,0.5416666666666666,0.8461538461538461,0.7925347222222222,0.6493055555555556,0.5251736111111112
0.0,0.7,0.9,0.25,0.49652777777777773,0.5416666666666666,0.9166666666666666,0.9583333333333334,0.9583333333333334,1.0,0.4583333333333333,0.9090909090909091,0.8485243055555556,0.46180555555555564,0.35199652777777785
0.0,0.0,0.9,0.5,1.0,1.0,1.0,1.0,1.0,1.0,0.0,1.0,1.0,0.0,0.0
0.0,0.0,0.9,0.5,1.0,1.0,1.0,1.0,1.0,1.0,0.0,1.0,1.0,0.0,0.0
0.0,0.0,0.9,0.5,1.0,1.0,1.0,1.0,1.0,1.0,0.0,1.0,1.0,0.0,0.0
0.0,0.0,0.9,0.5,1.0,1.0,1.0,1.0,1.0,1.0,0.0,1.0,1.0,0.0,0.0
0.0,0.0,0.9,0.5,1.0,1.0,1.0,1.0,1.0,1.0,0.0,1.0,1.0,0.0,0.0
0.0,0.0,0.9,0.5,1.0,1.0,1.0,1.0,1.0,1.0,0.0,1.0,1.0,0.0,0.0
0.0,0.0,0.9,0.5,1.0,1.0,1.0,1.0,1.0,1.0,0.0,1.0,1.0,0.0,0.0
0.0,0.0,0.9,0.5,1.0,1.0,1.0,1.0,1.0,1.0,0.0,1.0,1.0,0.0,0.0
0.0,0.0,0.9,0.5,1.0,1.0,1.0,1.0,1.0,1.0,0.0,1.0,1.0,0.0,0.0
0.0,0.0,0.9,0.5,1.0,1.0,1.0,1.0,1.0,1.0,0.0,1.0,1.0,0.0,0.0
0.0,0.0,0.9,0.5,1.0,1.0,1.0,1.0,1.0,1.0,0.0,1.0,1.0,0.0,0.0
0.0,0.0,0.9,0.5,1.0,1.0,1.0,1.0,1.0,1.0,0.0,1.0,1.0,0.0,0.0
0.0,0.0,0.9,0.5,1.0,1.0,1.0,1.0,1.0,1.0,0.0,1.0,1.0,0.0,0.0
0.0,0.0,0.9,0.5,1.0,1.0,1.0,1.0,1.0,1.0,0.0,1.0,1.0,0.0,0.0
0.0,0.0,0.9,0.5,1.0,1.0,1.0,1.0,1.0,1.0,0.0,1.0,1.0,0.0,0.0
0.0,0.0,0.9,0.5,1.0,1.0,1.0,1.0,1.0,1.0,0.0,1.0,1.0,0.0,0.0
0.0,0.0,0.9,0.5,1.0,1.0,1.0,1.0,1.0,1.0,0.0,1.0,1.0,0.0,0.0
0.0,0.0,0.9,0.5,1.0,1.0,1.0,1.0,1.0,1.0,0.0,1.0,1.0,0.0,0.0
0.0,0.0,0.9,0.5,1.0,1.0,1.0,1.0,1.0,1.0,0.0,1.0,1.0,0.0,0.0
0.0,0.0,0.9,0.5,1.0,1.0,1.0,1.0,1.0,1.0,0.0,1.0,1.0,0.0,0.0
0.0,0.0,0.9,0.5,1.0,1.0,1.0,1.0,1.0,1.0,0.0,1.0,1.0,0.0,0.0
0.0,0.0,0.9,0.5,1.0,1.0,1.0,1.0,1.0,1.0,0.0,1.0,1.0,0.0,0.0
0.0,0.0,0.9,0.5,1.0,1.0,1.0,1.0,1.0,1.0,0.0,1.0,1.0,0.0,0.0
0.0,0.0,0.9,0.5,1.0,1.0,1.0,1.0,1.0,1.0,0.0,1.0,1.0,0.0,0.0
0.0,0.0,0.9,0.5,1.0,1.0,1.0,1.0,1.0,1.0,0.0,1.0,1.0,0.0,0.0
0.0,0.049999999999999996,0.9,0.5,0.9583333333333334,0.9583333333333334,1.0,1.0,1.0,1.0,0.041666666666666664,1.0,0.9791666666666666,0.04166666666666663,0.02083333333333326
0.0,0.049999999999999996,0.9,0.5,0.9166666666666666,0.9166666666666666,1.0,1.0,1.0,1.0,0.08333333333333333,1.0,0.9583333333333334,0.08333333333333337,0.04166666666666674
0.0,0.049999999999999996,0.9,0.5,1.0,1.0,1.0,1.0,1.0,1.0,0.0,1.0,1.0,0.0,0.0
0.0,0.049999999999999996,0.9,0.5,0.875,0.875,1.0,1.0,1.0,1.0,0.125,1.0,0.9375,0.125,0.0625
0.0,0.049999999999999996,0.9,0.5,1.0,1.0,1.0,1.0,1.0,1.0,0.0,1.0,1.0,0.0,0.0
0.0,0.049999999999999996,0.9,0.5,1.0,1.0,1.0,1.0,1.0,1.0,0.0,1.0,1.0,0.0,0.0
0.0,0.049999999999999996,0.9,0.5,0.875,0.875,1.0,0.9583333333333334,0.9583333333333334,1.0,0.125,0.6666666666666666,0.8984375,0.08333333333333337,0.0234375
0.0,0.049999999999999996,0.9,0.5,1.0,1.0,1.0,1.0,1.0,1.0,0.0,1.0,1.0,0.0,0.0
0.0,0.049999999999999996,0.9,0.5,1.0,1.0,1.0,1.0,1.0,1.0,0.0,1.0,1.0,0.0,0.0
0.0,0.049999999999999996,0.9,0.5,1.0,1.0,1.0,1.0,1.0,1.0,0.0,1.0,1.0,0.0,0.0
0.0,0.049999999999999996,0.9,0.5,0.9583333333333334,0.9583333333333334,1.0,1.0,1.0,1.0,0.041666666666666664,1.0,0.9791666666666666,0.04166666666666663,0.02083333333333326
0.0,0.049999999999999996,0.9,0.5,1.0,1.0,1.0,1.0,1.0,1.0,0.0,1.0,1.0,0.0,0.0
0.0,0.049999999999999996,0.9,0.5,1.0,1.0,1.0,1.0,1.0,1.0,0.0,1.0,1.0,0.0,0.0
0.0,0.049999999999999996,0.9,0.5,1.0,1.0,1.0,1.0,1.0,1.0,0.0,1.0,1.0,0.0,0.0
0.0,0.049999999999999996,0.9,0.5,0.9583333333333334,0.9583333333333334,1.0,1.0,1.0,1.0,0.041666666666666664,1.0,0.9791666666666666,0.04166666666666663,0.02083333333333326
0.0,0.049999999999999996,0.9,0.5,0.9583333333333334,0.9583333333333334,1.0,1.0,1.0,1.0,0.041666666666666664,1.0,0.9791666666666666,0.04166666666666663,0.02083333333333326
0.0,0.049999999999999996,0.9,0.5,1.0,1.0,1.0,1.0,1.0,1.0,0.0,1.0,1.0,0.0,0.0
0.0,0.049999999999999996,0.9,0.5,0.9583333333333334,0.9583333333333334,1.0,1.0,1.0,1.0,0.041666666666666664,1.0,0.9791666666666666,0.04166666666666663,0.02083333333333326
0.0,0.049999999999999996,0.9,0.5,1.0,1.0,1.0,1.0,1.0,1.0,0.0,1.0,1.0,0.0,0.0
0.0,0.049999999999999996,0.9,0.5,1.0,1.0,1.0,1.0,1.0,1.0,0.0,1.0,1.0,0.0,0.0
0.0,0.049999999999999996,0.9,0.5,0.9583333333333334,0.9583333333333334,1.0,1.0,1.0,1.0,0.041666666666666664,1.0,0.9791666666666666,0.04166666666666663,0.02083333333333326
0.0,0.049999999999999996,0.9,0.5,1.0,1.0,1.0,1.0,1.0,1.0,0.0,1.0,1.0,0.0,0.0
0.0,0.049999999999999996,0.9,0.5,1.0,1.0,1.0,1.0,1.0,1.0,0.0,1.0,1.0,0.0,0.0
0.0,0.049999999999999996,0.9,0.5,0.9583333333333334,0.9583333333333334,1.0,1.0,1.0,1.0,0.041666666666666664,1.0,0.9791666666666666,0.04166666666666663,0.02083333333333326
0.0,0.049999999999999996,0.9,0.5,0.9583333333333334,0.9583333333333334,1.0,1.0,1.0,1.0,0.041666666666666664,1.0,0.9791666666666666,0.04166666666666663,0.02083333333333326
0.0,0.09999999999999999,0.9,0.5,0.875,0.875,1.0,1.0,1.0,1.0,0.125,1.0,0.9375,0.125,0.0625
0.0,0.09999999999999999,0.9,0.5,1.0,1.0,1.0,1.0,1.0,1.0,0.0,1.0,1.0,0.0,0.0
0.0,0.09999999999999999,0.9,0.5,0.9166666666666666,0.9166666666666666,1.0,1.0,1.0,1.0,0.08333333333333333,1.0,0.9583333333333334,0.08333333333333337,0.04166666666666674
0.0,0.09999999999999999,0.9,0.5,0.9583333333333334,0.9583333333333334,1.0,1.0,1.0,1.0,0.041666666666666664,1.0,0.9791666666666666,0.04166666666666663,0.02083333333333326
0.0,0.09999999999999999,0.9,0.5,0.9583333333333334,0.9583333333333334,1.0,1.0,1.0,1.0,0.041666666666666664,1.0,0.9791666666666666,0.04166666666666663,0.02083333333333326
0.0,0.09999999999999999,0.9,0.5,1.0,1.0,1.0,1.0,1.0,1.0,0.0,1.0,1.0,0.0,0.0
0.0,0.09999999999999999,0.9,0.5,1.0,1.0,1.0,1.0,1.0,1.0,0.0,1.0,1.0,0.0,0.0
0.0,0.09999999999999999,0.9,0.5,0.9583333333333334,0.9583333333333334,1.0,1.0,1.0,1.0,0.041666666666666664,1.0,0.9791666666666666,0.04166666666666663,0.02083333333333326
0.0,0.09999999999999999,0.9,0.5,0.8333333333333334,0.8333333333333334,1.0,1.0,1.0,1.0,0.16666666666666666,1.0,0.9166666666666666,0.16666666666666663,0.08333333333333326
0.0,0.09999999999999999,0.9,0.5,0.9166666666666666,0.9166666666666666,1.0,1.0,1.0,1.0,0.08333333333333333,1.0,0.9583333333333334,0.08333333333333337,0.04166666666666674
0.0,0.09999999999999999,0.9,0.5,0.9583333333333334,0.9583333333333334,1.0,1.0,1.0,1.0,0.041666666666666664,1.0,0.9791666666666666,0.04166666666666663,0.02083333333333326
0.0,0.09999999999999999,0.9,0.5,0.9166666666666666,0.9166666666666666,1.0,0.9166666666666666,0.9166666666666666,1.0,0.08333333333333333,0.0,0.8784722222222222,0.0,-0.03819444444444442
0.0,0.09999999999999999,0.9,0.5,0.9583333333333334,0.9583333333333334,1.0,1.0,1.0,1.0,0.041666666666666664,1.0,0.9791666666666666,0.04166666666666663,0.02083333333333326
0.0,0.09999999999999999,0.9,0.5,0.9583333333333334,0.9583333333333334,1.0,0.9583333333333334,0.9583333333333334,1.0,0.041666666666666664,0.0,0.9383680555555556,0.0,-0.01996527777777779
0.0,0.09999999999999999,0.9,0.5,1.0,1.0,1.0,1.0,1.0,1.0,0.0,1.0,1.0,0.0,0.0
0.0,0.09999999999999999,0.9,0.5,0.9166666666666666,0.9166666666666666,1.0,1.0,1.0,1.0,0.08333333333333333,1.0,0.9583333333333334,0.08333333333333337,0.04166666666666674
0.0,0.09999999999999999,0.9,0.5,1.0,1.0,1.0,1.0,1.0,1.0,0.0,1.0,1.0,0.0,0.0
0.0,0.09999999999999999,0.9,0.5,0.9166666666666666,0.9166666666666666,1.0,1.0,1.0,1.0,0.08333333333333333,1.0,0.9583333333333334,0.08333333333333337,0.04166666666666674
0.0,0.09999999999999999,0.9,0.5,0.9583333333333334,0.9583333333333334,1.0,1.0,1.0,1.0,0.041666666666666664,1.0,0.9791666666666666,0.04166666666666663,0.02083333333333326
0.0,0.09999999999999999,0.9,0.5,1.0,1.0,1.0,1.0,1.0,1.0,0.0,1.0,1.0,0.0,0.0
0.0,0.09999999999999999,0.9,0.5,1.0,1.0,1.0,1.0,1.0,1.0,0.0,1.0,1.0,0.0,0.0
0.0,0.09999999999999999,0.9,0.5,0.9166666666666666,0.9166666666666666,1.0,1.0,1.0,1.0,0.08333333333333333,1.0,0.9583333333333334,0.08333333333333337,0.04166666666666674
0.0,0.09999999999999999,0.9,0.5,0.875,0.875,1.0,0.9166666666666666,0.9166666666666666,1.0,0.125,0.3333333333333333,0.859375,0.04166666666666663,-0.015625
0.0,0.09999999999999999,0.9,0.5,1.0,1.0,1.0,1.0,1.0,1.0,0.0,1.0,1.0,0.0,0.0
0.0,0.09999999999999999,0.9,0.5,1.0,1.0,1.0,1.0,1.0,1.0,0.0,1.0,1.0,0.0,0.0
0.0,0.15,0.9,0.5,0.9166666666666666,0.9166666666666666,1.0,1.0,1.0,1.0,0.08333333333333333,1.0,0.9583333333333334,0.08333333333333337,0.04166666666666674
0.0,0.15,0.9,0.5,0.9583333333333334,0.9583333333333334,1.0,0.9583333333333334,0.9583333333333334,1.0,0.041666666666666664,0.0,0.9383680555555556,0.0,-0.01996527777777779
0.0,0.15,0.9,0.5,0.9166666666666666,0.9166666666666666,1.0,1.0,1.0,1.0,0.08333333333333333,1.0,0.9583333333333334,0.08333333333333337,0.04166666666666674
0.0,0.15,0.9,0.5,0.9583333333333334,0.9583333333333334,1.0,1.0,1.0,1.0,0.041666666666666664,1.0,0.9791666666666666,0.04166666666666663,0.02083333333333326
0.0,0.15,0.9,0.5,0.9166666666666666,0.9166666666666666,1.0,1.0,1.0,1.0,0.08333333333333333,1.0,0.9583333333333334,0.08333333333333337,0.04166666666666674
0.0,0.15,0.9,0.5,0.875,0.875,1.0,1.0,1.0,1.0,0.125,1.0,0.9375,0.125,0.0625
0.0,0.15,0.9,0.5,0.8333333333333334,0.8333333333333334,1.0,0.9583333333333334,0.9583333333333334,1.0,0.16666666666666666,0.75,0.8784722222222222,0.125,0.04513888888888884
0.0,0.15,0.9,0.5,0.9166666666666666,0.9166666666666666,1.0,1.0,1.0,1.0,0.08333333333333333,1.0,0.9583333333333334,0.08333333333333337,0.04166666666666674
0.0,0.15,0.9,0.5,0.9583333333333334,0.9583333333333334,1.0,1.0,1.0,1.0,0.041666666666666664,1.0,0.9791666666666666,0.04166666666666663,0.02083333333333326
0.0,0.15,0.9,0.5,0.9166666666666666,0.9166666666666666,1.0,1.0,1.0,1.0,0.08333333333333333,1.0,0.9583333333333334,0.08333333333333337,0.04166666666666674
0.0,0.15,0.9,0.5,0.875,0.875,1.0,1.0,1.0,1.0,0.125,1.0,0.9375,0.125,0.0625
0.0,0.15,0.9,0.5,1.0,1.0,1.0,1.0,1.0,1.0,0.0,1.0,1.0,0.0,0.0
0.0,0.15,0.9,0.5,1.0,1.0,1.0,1.0,1.0,1.0,0.0,1.0,1.0,0.0,0.0
0.0,0.15,0.9,0.5,0.9583333333333334,0.9583333333333334,1.0,1.0,1.0,1.0,0.041666666666666664,1.0,0.9791666666666666,0.04166666666666663,0.02083333333333326
0.0,0.15,0.9,0.5,0.9583333333333334,0.9583333333333334,1.0,1.0,1.0,1.0,0.041666666666666664,1.0,0.9791666666666666,0.04166666666666663,0.02083333333333326
0.0,0.15,0.9,0.5,0.875,0.875,1.0,1.0,1.0,1.0,0.125,1.0,0.9375,0.125,0.0625
0.0,0.15,0.9,0.5,1.0,1.0,1.0,1.0,1.0,1.0,0.0,1.0,1.0,0.0,0.0
0.0,0.15,0.9,0.5,0.9583333333333334,0.9583333333333334,1.0,0.9583333333333334,0.9583333333333334,1.0,0.041666666666666664,0.0,0.9383680555555556,0.0,-0.01996527777777779
0.0,0.15,0.9,0.5,0.9583333333333334,0.9583333333333334,1.0,1.0,1.0,1.0,0.041666666666666664,1.0,0.9791666666666666,0.04166666666666663,0.02083333333333326
0.0,0.15,0.9,0.5,0.875,0.875,1.0,0.9583333333333334,0.9583333333333334,1.0,0.125,0.6666666666666666,0.8984375,0.08333333333333337,0.0234375
0.0,0.15,0.9,0.5,0.9583333333333334,0.9583333333333334,1.0,1.0,1.0,1.0,0.041666666666666664,1.0,0.9791666666666666,0.04166666666666663,0.02083333333333326
0.0,0.15,0.9,0.5,0.875,0.875,1.0,1.0,1.0,1.0,0.125,1.0,0.9375,0.125,0.0625
0.0,0.15,0.9,0.5,0.875,0.875,1.0,1.0,1.0,1.0,0.125,1.0,0.9375,0.125,0.0625
0.0,0.15,0.9,0.5,0.9583333333333334,0.9583333333333334,1.0,1.0,1.0,1.0,0.041666666666666664,1.0,0.9791666666666666,0.04166666666666663,0.02083333333333326
0.0,0.15,0.9,0.5,0.9166666666666666,0.9166666666666666,1.0,1.0,1.0,1.0,0.08333333333333333,1.0,0.9583333333333334,0.08333333333333337,0.04166666666666674
0.0,0.19999999999999998,0.9,0.5,0.9583333333333334,0.9583333333333334,1.0,1.0,1.0,1.0,0.041666666666666664,1.0,0.9791666666666666,0.04166666666666663,0.02083333333333326
0.0,0.19999999999999998,0.9,0.5,0.8333333333333334,0.8333333333333334,1.0,1.0,1.0,1.0,0.16666666666666666,1.0,0.9166666666666666,0.16666666666666663,0.08333333333333326
0.0,0.19999999999999998,0.9,0.5,0.8333333333333334,0.8333333333333334,1.0,0.9583333333333334,0.9583333333333334,1.0,0.16666666666666666,0.75,0.8784722222222222,0.125,0.04513888888888884
0.0,0.19999999999999998,0.9,0.5,0.9166666666666666,0.9166666666666666,1.0,1.0,1.0,1.0,0.08333333333333333,1.0,0.9583333333333334,0.08333333333333337,0.04166666666666674
0.0,0.19999999999999998,0.9,0.5,0.9166666666666666,0.9166666666666666,1.0,1.0,1.0,1.0,0.08333333333333333,1.0,0.9583333333333334,0.08333333333333337,0.04166666666666674
0.0,0.19999999999999998,0.9,0.5,0.9166666666666666,0.9166666666666666,1.0,1.0,1.0,1.0,0.08333333333333333,1.0,0.9583333333333334,0.08333333333333337,0.04166666666666674
0.0,0.19999999999999998,0.9,0.5,1.0,1.0,1.0,1.0,1.0,1.0,0.0,1.0,1.0,0.0,0.0
0.0,0.19999999999999998,0.9,0.5,0.9166666666666666,0.9166666666666666,1.0,1.0,1.0,1.0,0.08333333333333333,1.0,0.9583333333333334,0.08333333333333337,0.04166666666666674
0.0,0.19999999999999998,0.9,0.5,0.875,0.875,1.0,0.9166666666666666,0.9166666666666666,1.0,0.125,0.3333333333333333,0.859375,0.04166666666666663,-0.015625
0.0,0.19999999999999998,0.9,0.5,0.8333333333333334,0.8333333333333334,1.0,1.0,1.0,1.0,0.16666666666666666,1.0,0.9166666666666666,0.16666666666666663,0.08333333333333326
0.0,0.19999999999999998,0.9,0.5,0.75,0.75,1.0,0.9583333333333334,0.9583333333333334,1.0,0.25,0.8333333333333334,0.8385416666666667,0.20833333333333337,0.08854166666666674
0.0,0.19999999999999998,0.9,0.5,0.875,0.875,1.0,0.9583333333333334,0.9583333333333334,1.0,0.125,0.6666666666666666,0.8984375,0.08333333333333337,0.0234375
0.0,0.19999999999999998,0.9,0.5,0.75,0.75,1.0,0.9583333333333334,0.9583333333333334,1.0,0.25,0.8333333333333334,0.8385416666666667,0.20833333333333337,0.08854166666666674
0.0,0.19999999999999998,0.9,0.5,1.0,1.0,1.0,1.0,1.0,1.0,0.0,1.0,1.0,0.0,0.0
0.0,0.19999999999999998,0.9,0.5,0.875,0.875,1.0,1.0,1.0,1.0,0.125,1.0,0.9375,0.125,0.0625
0.0,0.19999999999999998,0.9,0.5,1.0,1.0,1.0,1.0,1.0,1.0,0.0,1.0,1.0,0.0,0.0
0.0,0.19999999999999998,0.9,0.5,0.9166666666666666,0.9166666666666666,1.0,1.0,1.0,1.0,0.08333333333333333,1.0,0.9583333333333334,0.08333333333333337,0.04166666666666674
0.0,0.19999999999999998,0.9,0.5,0.9583333333333334,0.9583333333333334,1.0,1.0,1.0,1.0,0.041666666666666664,1.0,0.9791666666666666,0.04166666666666663,0.02083333333333326
0.0,0.19999999999999998,0.9,0.5,0.7916666666666666,0.7916666666666666,1.0,0.9583333333333334,0.9583333333333334,1.0,0.20833333333333334,0.8,0.8585069444444445,0.16666666666666674,0.0668402777777779
0.0,0.19999999999999998,0.9,0.5,0.875,0.875,1.0,0.9583333333333334,0.9583333333333334,1.0,0.125,0.6666666666666666,0.8984375,0.08333333333333337,0.0234375
0.0,0.19999999999999998,0.9,0.5,0.9583333333333334,0.9583333333333334,1.0,1.0,1.0,1.0,0.041666666666666664,1.0,0.9791666666666666,0.04166666666666663,0.02083333333333326
0.0,0.19999999999999998,0.9,0.5,0.9583333333333334,0.9583333333333334,1.0,1.0,1.0,1.0,0.041666666666666664,1.0,0.9791666666666666,0.04166666666666663,0.02083333333333326
0.0,0.19999999999999998,0.9,0.5,0.8333333333333334,0.8333333333333334,1.0,1.0,1.0,1.0,0.16666666666666666,1.0,0.9166666666666666,0.16666666666666663,0.08333333333333326
0.0,0.19999999999999998,0.9,0.5,0.875,0.875,1.0,1.0,1.0,1.0,0.125,1.0,0.9375,0.125,0.0625
0.0,0.19999999999999998,0.9,0.5,0.9166666666666666,0.9166666666666666,1.0,0.9583333333333334,0.9583333333333334,1.0,0.08333333333333333,0.5,0.9184027777777779,0.04166666666666674,0.0017361111111112715
0.0,0.24999999999999997,0.9,0.5,0.9166666666666666,0.9166666666666666,1.0,1.0,1.0,1.0,0.08333333333333333,1.0,0.9583333333333334,0.08333333333333337,0.04166666666666674
0.0,0.24999999999999997,0.9,0.5,0.9583333333333334,0.9583333333333334,1.0,1.0,1.0,1.0,0.041666666666666664,1.0,0.9791666666666666,0.04166666666666663,0.02083333333333326
0.0,0.24999999999999997,0.9,0.5,0.75,0.75,1.0,1.0,1.0,1.0,0.25,1.0,0.875,0.25,0.125
0.0,0.24999999999999997,0.9,0.5,0.9166666666666666,0.9166666666666666,1.0,1.0,1.0,1.0,0.08333333333333333,1.0,0.9583333333333334,0.08333333333333337,0.04166666666666674
0.0,0.24999999999999997,0.9,0.5,0.9166666666666666,0.9166666666666666,1.0,1.0,1.0,1.0,0.08333333333333333,1.0,0.9583333333333334,0.08333333333333337,0.04166666666666674
0.0,0.24999999999999997,0.9,0.5,0.9166666666666666,0.9166666666666666,1.0,1.0,1.0,1.0,0.08333333333333333,1.0,0.9583333333333334,0.08333333333333337,0.04166666666666674
0.0,0.24999999999999997,0.9,0.5,0.875,0.875,1.0,1.0,1.0,1.0,0.125,1.0,0.9375,0.125,0.0625
0.0,0.24999999999999997,0.9,0.5,0.625,0.625,1.0,0.9166666666666666,0.9166666666666666,1.0,0.375,0.7777777777777778,0.7447916666666666,0.29166666666666663,0.11979166666666663
0.0,0.24999999999999997,0.9,0.5,0.7083333333333334,0.7083333333333334,1.0,0.875,0.875,1.0,0.2916666666666667,0.5714285714285714,0.7473958333333333,0.16666666666666663,0.03906249999999989
0.0,0.24999999999999997,0.9,0.5,0.7916666666666666,0.7916666666666666,1.0,0.9583333333333334,0.9583333333333334,1.0,0.20833333333333334,0.8,0.8585069444444445,0.16666666666666674,0.0668402777777779
0.0,0.24999999999999997,0.9,0.5,0.875,0.875,1.0,1.0,1.0,1.0,0.125,1.0,0.9375,0.125,0.0625
0.0,0.24999999999999997,0.9,0.5,0.8333333333333334,0.8333333333333334,1.0,1.0,1.0,1.0,0.16666666666666666,1.0,0.9166666666666666,0.16666666666666663,0.08333333333333326
0.0,0.24999999999999997,0.9,0.5,0.9583333333333334,0.9583333333333334,1.0,1.0,1.0,1.0,0.041666666666666664,1.0,0.9791666666666666,0.04166666666666663,0.02083333333333326
0.0,0.24999999999999997,0.9,0.5,0.9166666666666666,0.9166666666666666,1.0,1.0,1.0,1.0,0.08333333333333333,1.0,0.9583333333333334,0.08333333333333337,0.04166666666666674
0.0,0.24999999999999997,0.9,0.5,0.9583333333333334,0.9583333333333334,1.0,1.0,1.0,1.0,0.041666666666666664,1.0,0.9791666666666666,0.04166666666666663,0.02083333333333326
0.0,0.24999999999999997,0.9,0.5,1.0,1.0,1.0,1.0,1.0,1.0,0.0,1.0,1.0,0.0,0.0
0.0,0.24999999999999997,0.9,0.5,0.875,0.875,1.0,1.0,1.0,1.0,0.125,1.0,0.9375,0.125,0.0625
0.0,0.24999999999999997,0.9,0.5,0.9166666666666666,0.9166666666666666,1.0,1.0,1.0,1.0,0.08333333333333333,1.0,0.9583333333333334,0.08333333333333337,0.04166666666666674
0.0,0.24999999999999997,0.9,0.5,0.875,0.875,1.0,1.0,1.0,1.0,0.125,1.0,0.9375,0.125,0.0625
0.0,0.24999999999999997,0.9,0.5,0.875,0.875,1.0,1.0,1.0,1.0,0.125,1.0,0.9375,0.125,0.0625
0.0,0.24999999999999997,0.9,0.5,0.7083333333333334,0.7083333333333334,1.0,0.9583333333333334,0.9583333333333334,1.0,0.2916666666666667,0.8571428571428571,0.8185763888888888,0.25,0.11024305555555547
0.0,0.24999999999999997,0.9,0.5,0.7916666666666666,0.7916666666666666,1.0,0.9583333333333334,0.9583333333333334,1.0,0.20833333333333334,0.8,0.8585069444444445,0.16666666666666674,0.0668402777777779
0.0,0.24999999999999997,0.9,0.5,0.9583333333333334,0.9583333333333334,1.0,1.0,1.0,1.0,0.041666666666666664,1.0,0.9791666666666666,0.04166666666666663,0.02083333333333326
0.0,0.24999999999999997,0.9,0.5,0.875,0.875,1.0,0.9583333333333334,0.9583333333333334,1.0,0.125,0.6666666666666666,0.8984375,0.08333333333333337,0.0234375
0.0,0.24999999999999997,0.9,0.5,0.8333333333333334,0.8333333333333334,1.0,1.0,1.0,1.0,0.16666666666666666,1.0,0.9166666666666666,0.16666666666666663,0.08333333333333326
0.0,0.3,0.9,0.5,0.7916666666666666,0.7916666666666666,1.0,0.9583333333333334,0.9583333333333334,1.0,0.20833333333333334,0.8,0.8585069444444445,0.16666666666666674,0.0668402777777779
0.0,0.3,0.9,0.5,0.875,0.875,1.0,1.0,1.0,1.0,0.125,1.0,0.9375,0.125,0.0625
0.0,0.3,0.9,0.5,0.6666666666666666,0.6666666666666666,1.0,0.9583333333333334,0.9583333333333334,1.0,0.3333333333333333,0.875,0.7986111111111112,0.29166666666666674,0.13194444444444453
0.0,0.3,0.9,0.5,0.9583333333333334,0.9583333333333334,1.0,1.0,1.0,1.0,0.041666666666666664,1.0,0.9791666666666666,0.04166666666666663,0.02083333333333326
0.0,0.3,0.9,0.5,0.7916666666666666,0.7916666666666666,1.0,0.9583333333333334,0.9583333333333334,1.0,0.20833333333333334,0.8,0.8585069444444445,0.16666666666666674,0.0668402777777779
0.0,0.3,0.9,0.5,0.8333333333333334,0.8333333333333334,1.0,0.9583333333333334,0.9583333333333334,1.0,0.16666666666666666,0.75,0.8784722222222222,0.125,0.04513888888888884
0.0,0.3,0.9,0.5,0.7916666666666666,0.7916666666666666,1.0,1.0,1.0,1.0,0.20833333333333334,1.0,0.8958333333333334,0.20833333333333337,0.10416666666666674
0.0,0.3,0.9,0.5,0.75,0.75,1.0,0.9583333333333334,0.9583333333333334,1.0,0.25,0.8333333333333334,0.8385416666666667,0.20833333333333337,0.08854166666666674
0.0,0.3,0.9,0.5,0.7916666666666666,0.7916666666666666,1.0,1.0,1.0,1.0,0.20833333333333334,1.0,0.8958333333333334,0.20833333333333337,0.10416666666666674
0.0,0.3,0.9,0.5,0.875,0.875,1.0,0.9583333333333334,0.9583333333333334,1.0,0.125,0.6666666666666666,0.8984375,0.08333333333333337,0.0234375
0.0,0.3,0.9,0.5,0.9166666666666666,0.9166666666666666,1.0,1.0,1.0,1.0,0.08333333333333333,1.0,0.9583333333333334,0.08333333333333337,0.04166666666666674
0.0,0.3,0.9,0.5,0.875,0.875,1.0,1.0,1.0,1.0,0.125,1.0,0.9375,0.125,0.0625
0.0,0.3,0.9,0.5,0.7916666666666666,0.7916666666666666,1.0,1.0,1.0,1.0,0.20833333333333334,1.0,0.8958333333333334,0.20833333333333337,0.10416666666666674
0.0,0.3,0.9,0.5,1.0,1.0,1.0,1.0,1.0,1.0,0.0,1.0,1.0,0.0,0.0
0.0,0.3,0.9,0.5,0.8333333333333334,0.8333333333333334,1.0,0.9166666666666666,0.9166666666666666,1.0,0.16666666666666666,0.5,0.8402777777777777,0.08333333333333326,0.006944444444444309
0.0,0.3,0.9,0.5,0.7916666666666666,0.7916666666666666,1.0,0.9583333333333334,0.9583333333333334,1.0,0.20833333333333334,0.8,0.8585069444444445,0.16666666666666674,0.0668402777777779
0.0,0.3,0.9,0.5,0.7916666666666666,0.7916666666666666,1.0,0.9166666666666666,0.9166666666666666,1.0,0.20833333333333334,0.6,0.8211805555555556,0.125,0.02951388888888895
0.0,0.3,0.9,0.5,0.625,0.625,1.0,1.0,1.0,1.0,0.375,1.0,0.8125,0.375,0.1875
0.0,0.3,0.9,0.5,0.9166666666666666,0.9166666666666666,1.0,0.9583333333333334,0.9583333333333334,1.0,0.08333333333333333,0.5,0.9184027777777779,0.04166666666666674,0.0017361111111112715
0.0,0.3,0.9,0.5,0.875,0.875,1.0,1.0,1.0,1.0,0.125,1.0,0.9375,0.125,0.0625
0.0,0.3,0.9,0.5,0.875,0.875,1.0,0.9583333333333334,0.9583333333333334,1.0,0.125,0.6666666666666666,0.8984375,0.08333333333333337,0.0234375
0.0,0.3,0.9,0.5,0.8333333333333334,0.8333333333333334,1.0,1.0,1.0,1.0,0.16666666666666666,1.0,0.9166666666666666,0.16666666666666663,0.08333333333333326
0.0,0.3,0.9,0.5,0.8333333333333334,0.8333333333333334,1.0,1.0,1.0,1.0,0.16666666666666666,1.0,0.9166666666666666,0.16666666666666663,0.08333333333333326
0.0,0.3,0.9,0.5,0.7916666666666666,0.7916666666666666,1.0,1.0,1.0,1.0,0.20833333333333334,1.0,0.8958333333333334,0.20833333333333337,0.10416666666666674
0.0,0.3,0.9,0.5,0.8333333333333334,0.8333333333333334,1.0,0.9583333333333334,0.9583333333333334,1.0,0.16666666666666666,0.75,0.8784722222222222,0.125,0.04513888888888884
0.0,0.35,0.9,0.5,0.7916666666666666,0.7916666666666666,1.0,1.0,1.0,1.0,0.20833333333333334,1.0,0.8958333333333334,0.20833333333333337,0.10416666666666674
0.0,0.35,0.9,0.5,0.7083333333333334,0.7083333333333334,1.0,0.9583333333333334,0.9583333333333334,1.0,0.2916666666666667,0.8571428571428571,0.8185763888888888,0.25,0.11024305555555547
0.0,0.35,0.9,0.5,0.875,0.875,1.0,0.9583333333333334,0.9583333333333334,1.0,0.125,0.6666666666666666,0.8984375,0.08333333333333337,0.0234375
0.0,0.35,0.9,0.5,0.625,0.625,1.0,0.9583333333333334,0.9583333333333334,1.0,0.375,0.8888888888888888,0.7786458333333334,0.33333333333333337,0.15364583333333337
0.0,0.35,0.9,0.5,0.875,0.875,1.0,1.0,1.0,1.0,0.125,1.0,0.9375,0.125,0.0625
0.0,0.35,0.9,0.5,0.9166666666666666,0.9166666666666666,1.0,1.0,1.0,1.0,0.08333333333333333,1.0,0.9583333333333334,0.08333333333333337,0.04166666666666674
0.0,0.35,0.9,0.5,0.7083333333333334,0.7083333333333334,1.0,1.0,1.0,1.0,0.2916666666666667,1.0,0.8541666666666666,0.29166666666666663,0.14583333333333326
0.0,0.35,0.9,0.5,0.5729166666666666,0.625,0.9166666666666666,0.9583333333333334,0.9583333333333334,1.0,0.375,0.8888888888888888,0.7786458333333334,0.38541666666666674,0.20572916666666674
0.0,0.35,0.9,0.5,0.9583333333333334,0.9583333333333334,1.0,1.0,1.0,1.0,0.041666666666666664,1.0,0.9791666666666666,0.04166666666666663,0.02083333333333326
0.0,0.35,0.9,0.5,0.7916666666666666,0.7916666666666666,1.0,1.0,1.0,1.0,0.20833333333333334,1.0,0.8958333333333334,0.20833333333333337,0.10416666666666674
0.0,0.35,0.9,0.5,0.875,0.875,1.0,0.9583333333333334,0.9583333333333334,1.0,0.125,0.6666666666666666,0.8984375,0.08333333333333337,0.0234375
0.0,0.35,0.9,0.5,1.0,1.0,1.0,1.0,1.0,1.0,0.0,1.0,1.0,0.0,0.0
0.0,0.35,0.9,0.5,0.875,0.875,1.0,1.0,1.0,1.0,0.125,1.0,0.9375,0.125,0.0625
0.0,0.35,0.9,0.5,0.7083333333333334,0.7083333333333334,1.0,0.9166666666666666,0.9166666666666666,1.0,0.2916666666666667,0.7142857142857143,0.782986111111111,0.20833333333333326,0.07465277777777768
0.0,0.35,0.9,0.5,0.8333333333333334,0.8333333333333334,1.0,1.0,1.0,1.0,0.16666666666666666,1.0,0.9166666666666666,0.16666666666666663,0.08333333333333326
0.0,0.35,0.9,0.5,0.875,0.875,1.0,1.0,1.0,1.0,0.125,1.0,0.9375,0.125,0.0625
0.0,0.35,0.9,0.5,0.875,0.875,1.0,1.0,1.0,1.0,0.125,1.0,0.9375,0.125,0.0625
0.0,0.35,0.9,0.5,0.7916666666666666,0.7916666666666666,1.0,1.0,1.0,1.0,0.20833333333333334,1.0,0.8958333333333334,0.20833333333333337,0.10416666666666674
0.0,0.35,0.9,0.5,0.8333333333333334,0.8333333333333334,1.0,1.0,1.0,1.0,0.16666666666666666,1.0,0.9166666666666666,0.16666666666666663,0.08333333333333326
0.0,0.35,0.9,0.5,0.75,0.75,1.0,1.0,1.0,1.0,0.25,1.0,0.875,0.25,0.125
0.0,0.35,0.9,0.5,0.875,0.875,1.0,1.0,1.0,1.0,0.125,1.0,0.9375,0.125,0.0625
0.0,0.35,0.9,0.5,0.9166666666666666,0.9166666666666666,1.0,1.0,1.0,1.0,0.08333333333333333,1.0,0.9583333333333334,0.08333333333333337,0.04166666666666674
0.0,0.35,0.9,0.5,0.8333333333333334,0.8333333333333334,1.0,1.0,1.0,1.0,0.16666666666666666,1.0,0.9166666666666666,0.16666666666666663,0.08333333333333326
0.0,0.35,0.9,0.5,0.8333333333333334,0.8333333333333334,1.0,1.0,1.0,1.0,0.16666666666666666,1.0,0.9166666666666666,0.16666666666666663,0.08333333333333326
0.0,0.35,0.9,0.5,0.75,0.75,1.0,1.0,1.0,1.0,0.25,1.0,0.875,0.25,0.125
0.0,0.39999999999999997,0.9,0.5,0.875,0.875,1.0,1.0,1.0,1.0,0.125,1.0,0.9375,0.125,0.0625
0.0,0.39999999999999997,0.9,0.5,0.5,0.5,1.0,1.0,1.0,1.0,0.5,1.0,0.75,0.5,0.25
0.0,0.39999999999999997,0.9,0.5,0.75,0.75,1.0,0.9583333333333334,0.9583333333333334,1.0,0.25,0.8333333333333334,0.8385416666666667,0.20833333333333337,0.08854166666666674
0.0,0.39999999999999997,0.9,0.5,0.875,0.875,1.0,0.9583333333333334,0.9583333333333334,1.0,0.125,0.6666666666666666,0.8984375,0.08333333333333337,0.0234375
0.0,0.39999999999999997,0.9,0.5,0.7916666666666666,0.7916666666666666,1.0,1.0,1.0,1.0,0.20833333333333334,1.0,0.8958333333333334,0.20833333333333337,0.10416666666666674
0.0,0.39999999999999997,0.9,0.5,0.7083333333333334,0.7083333333333334,1.0,1.0,1.0,1.0,0.2916666666666667,1.0,0.8541666666666666,0.29166666666666663,0.14583333333333326
0.0,0.39999999999999997,0.9,0.5,0.9166666666666666,0.9166666666666666,1.0,1.0,1.0,1.0,0.08333333333333333,1.0,0.9583333333333334,0.08333333333333337,0.04166666666666674
0.0,0.39999999999999997,0.9,0.5,0.75,0.75,1.0,1.0,1.0,1.0,0.25,1.0,0.875,0.25,0.125
0.0,0.39999999999999997,0.9,0.5,0.7083333333333334,0.7083333333333334,1.0,0.9583333333333334,0.9583333333333334,1.0,0.2916666666666667,0.8571428571428571,0.8185763888888888,0.25,0.11024305555555547
0.0,0.39999999999999997,0.9,0.5,0.7916666666666666,0.7916666666666666,1.0,1.0,1.0,1.0,0.20833333333333334,1.0,0.8958333333333334,0.20833333333333337,0.10416666666666674
0.0,0.39999999999999997,0.9,0.5,0.875,0.875,1.0,1.0,1.0,1.0,0.125,1.0,0.9375,0.125,0.0625
0.0,0.39999999999999997,0.9,0.5,0.8333333333333334,0.8333333333333334,1.0,0.9583333333333334,0.9583333333333334,1.0,0.16666666666666666,0.75,0.8784722222222222,0.125,0.04513888888888884
0.0,0.39999999999999997,0.9,0.5,0.75,0.75,1.0,1.0,1.0,1.0,0.25,1.0,0.875,0.25,0.125
0.0,0.39999999999999997,0.9,0.5,0.6666666666666666,0.6666666666666666,1.0,0.9583333333333334,0.9583333333333334,1.0,0.3333333333333333,0.875,0.7986111111111112,0.29166666666666674,0.13194444444444453
0.0,0.39999999999999997,0.9,0.5,0.9166666666666666,0.9166666666666666,1.0,1.0,1.0,1.0,0.08333333333333333,1.0,0.9583333333333334,0.08333333333333337,0.04166666666666674
0.0,0.39999999999999997,0.9,0.5,0.75,0.75,1.0,1.0,1.0,1.0,0.25,1.0,0.875,0.25,0.125
0.0,0.39999999999999997,0.9,0.5,0.7083333333333334,0.7083333333333334,1.0,0.9583333333333334,0.9583333333333334,1.0,0.2916666666666667,0.8571428571428571,0.8185763888888888,0.25,0.11024305555555547
0.0,0.39999999999999997,0.9,0.5,0.6666666666666666,0.6666666666666666,1.0,1.0,1.0,1.0,0.3333333333333333,1.0,0.8333333333333334,0.33333333333333337,0.16666666666666674
0.0,0.39999999999999997,0.9,0.5,0.5833333333333334,0.5833333333333334,1.0,1.0,1.0,1.0,0.4166666666666667,1.0,0.7916666666666666,0.41666666666666663,0.20833333333333326
0.0,0.39999999999999997,0.9,0.5,0.611111111111111,0.6666666666666666,0.9166666666666666,0.9583333333333334,0.9583333333333334,1.0,0.3333333333333333,0.875,0.7986111111111112,0.3472222222222223,0.1875000000000001
0.0,0.39999999999999997,0.9,0.5,0.7916666666666666,0.7916666666666666,1.0,1.0,1.0,1.0,0.20833333333333334,1.0,0.8958333333333334,0.20833333333333337,0.10416666666666674
0.0,0.39999999999999997,0.9,0.5,0.75,0.75,1.0,1.0,1.0,1.0,0.25,1.0,0.875,0.25,0.125
0.0,0.39999999999999997,0.9,0.5,0.5833333333333334,0.5833333333333334,1.0,1.0,1.0,1.0,0.4166666666666667,1.0,0.7916666666666666,0.41666666666666663,0.20833333333333326
0.0,0.39999999999999997,0.9,0.5,0.8333333333333334,0.8333333333333334,1.0,1.0,1.0,1.0,0.16666666666666666,1.0,0.9166666666666666,0.16666666666666663,0.08333333333333326
0.0,0.39999999999999997,0.9,0.5,0.7916666666666666,0.7916666666666666,1.0,1.0,1.0,1.0,0.20833333333333334,1.0,0.8958333333333334,0.20833333333333337,0.10416666666666674
0.0,0.44999999999999996,0.9,0.5,0.875,0.875,1.0,1.0,1.0,1.0,0.125,1.0,0.9375,0.125,0.0625
0.0,0.44999999999999996,0.9,0.5,0.75,0.75,1.0,1.0,1.0,1.0,0.25,1.0,0.875,0.25,0.125
0.0,0.44999999999999996,0.9,0.5,0.75,0.75,1.0,1.0,1.0,1.0,0.25,1.0,0.875,0.25,0.125
0.0,0.44999999999999996,0.9,0.5,0.7916666666666666,0.7916666666666666,1.0,1.0,1.0,1.0,0.20833333333333334,1.0,0.8958333333333334,0.20833333333333337,0.10416666666666674
0.0,0.44999999999999996,0.9,0.5,0.6666666666666666,0.6666666666666666,1.0,1.0,1.0,1.0,0.3333333333333333,1.0,0.8333333333333334,0.33333333333333337,0.16666666666666674
0.0,0.44999999999999996,0.9,0.5,0.7916666666666666,0.7916666666666666,1.0,0.9583333333333334,0.9583333333333334,1.0,0.20833333333333334,0.8,0.8585069444444445,0.16666666666666674,0.0668402777777779
0.0,0.44999999999999996,0.9,0.5,0.7083333333333334,0.7083333333333334,1.0,1.0,1.0,1.0,0.2916666666666667,1.0,0.8541666666666666,0.29166666666666663,0.14583333333333326
0.0,0.44999999999999996,0.9,0.5,0.8333333333333334,0.8333333333333334,1.0,0.9583333333333334,0.9583333333333334,1.0,0.16666666666666666,0.75,0.8784722222222222,0.125,0.04513888888888884
0.0,0.44999999999999996,0.9,0.5,0.875,0.875,1.0,1.0,1.0,1.0,0.125,1.0,0.9375,0.125,0.0625
0.0,0.44999999999999996,0.9,0.5,0.625,0.625,1.0,0.875,0.875,1.0,0.375,0.6666666666666666,0.7109375,0.25,0.0859375
0.0,0.44999999999999996,0.9,0.5,0.75,0.75,1.0,0.9583333333333334,0.9583333333333334,1.0,0.25,0.8333333333333334,0.8385416666666667,0.20833333333333337,0.08854166666666674
0.0,0.44999999999999996,0.9,0.5,0.875,0.875,1.0,1.0,1.0,1.0,0.125,1.0,0.9375,0.125,0.0625
0.0,0.44999999999999996,0.9,0.5,0.7916666666666666,0.7916666666666666,1.0,0.9583333333333334,0.9583333333333334,1.0,0.20833333333333334,0.8,0.8585069444444445,0.16666666666666674,0.0668402777777779
0.0,0.44999999999999996,0.9,0.5,0.7916666666666666,0.7916666666666666,1.0,0.9583333333333334,0.9583333333333334,1.0,0.20833333333333334,0.8,0.8585069444444445,0.16666666666666674,0.0668402777777779
0.0,0.44999999999999996,0.9,0.5,0.7916666666666666,0.7916666666666666,1.0,0.9166666666666666,0.9166666666666666,1.0,0.20833333333333334,0.6,0.8211805555555556,0.125,0.02951388888888895
0.0,0.44999999999999996,0.9,0.5,0.7916666666666666,0.7916666666666666,1.0,0.9583333333333334,0.9583333333333334,1.0,0.20833333333333334,0.8,0.8585069444444445,0.16666666666666674,0.0668402777777779
0.0,0.44999999999999996,0.9,0.5,0.6666666666666666,0.6666666666666666,1.0,1.0,1.0,1.0,0.3333333333333333,1.0,0.8333333333333334,0.33333333333333337,0.16666666666666674
0.0,0.44999999999999996,0.9,0.5,0.625,0.625,1.0,0.9166666666666666,0.9166666666666666,1.0,0.375,0.7777777777777778,0.7447916666666666,0.29166666666666663,0.11979166666666663
0.0,0.44999999999999996,0.9,0.5,0.8333333333333334,0.8333333333333334,1.0,1.0,1.0,1.0,0.16666666666666666,1.0,0.9166666666666666,0.16666666666666663,0.08333333333333326
0.0,0.44999999999999996,0.9,0.5,0.8333333333333334,0.8333333333333334,1.0,1.0,1.0,1.0,0.16666666666666666,1.0,0.9166666666666666,0.16666666666666663,0.08333333333333326
0.0,0.44999999999999996,0.9,0.5,0.6666666666666666,0.6666666666666666,1.0,1.0,1.0,1.0,0.3333333333333333,1.0,0.8333333333333334,0.33333333333333337,0.16666666666666674
0.0,0.44999999999999996,0.9,0.5,0.6666666666666666,0.6666666666666666,1.0,0.9583333333333334,0.9583333333333334,1.0,0.3333333333333333,0.875,0.7986111111111112,0.29166666666666674,0.13194444444444453
0.0,0.44999999999999996,0.9,0.5,0.7083333333333334,0.7083333333333334,1.0,0.9166666666666666,0.9166666666666666,1.0,0.2916666666666667,0.7142857142857143,0.782986111111111,0.20833333333333326,0.07465277777777768
0.0,0.44999999999999996,0.9,0.5,0.7916666666666666,0.7916666666666666,1.0,0.9583333333333334,0.9583333333333334,1.0,0.20833333333333334,0.8,0.8585069444444445,0.16666666666666674,0.0668402777777779
0.0,0.44999999999999996,0.9,0.5,0.75,0.75,1.0,1.0,1.0,1.0,0.25,1.0,0.875,0.25,0.125
0.0,0.49999999999999994,0.9,0.5,0.7916666666666666,0.7916666666666666,1.0,1.0,1.0,1.0,0.20833333333333334,1.0,0.8958333333333334,0.20833333333333337,0.10416666666666674
0.0,0.49999999999999994,0.9,0.5,0.9583333333333334,0.9583333333333334,1.0,1.0,1.0,1.0,0.041666666666666664,1.0,0.9791666666666666,0.04166666666666663,0.02083333333333326
0.0,0.49999999999999994,0.9,0.5,0.7916666666666666,0.7916666666666666,1.0,1.0,1.0,1.0,0.20833333333333334,1.0,0.8958333333333334,0.20833333333333337,0.10416666666666674
0.0,0.49999999999999994,0.9,0.5,0.9166666666666666,0.9166666666666666,1.0,0.9583333333333334,0.9583333333333334,1.0,0.08333333333333333,0.5,0.9184027777777779,0.04166666666666674,0.0017361111111112715
0.0,0.49999999999999994,0.9,0.5,0.75,0.75,1.0,0.9166666666666666,0.9166666666666666,1.0,0.25,0.6666666666666666,0.8020833333333333,0.16666666666666663,0.05208333333333326
0.0,0.49999999999999994,0.9,0.5,0.625,0.625,1.0,0.9583333333333334,0.9583333333333334,1.0,0.375,0.8888888888888888,0.7786458333333334,0.33333333333333337,0.15364583333333337
0.0,0.49999999999999994,0.9,0.5,0.7916666666666666,0.7916666666666666,1.0,1.0,1.0,1.0,0.20833333333333334,1.0,0.8958333333333334,0.20833333333333337,0.10416666666666674
0.0,0.49999999999999994,0.9,0.5,0.8333333333333334,0.8333333333333334,1.0,1.0,1.0,1.0,0.16666666666666666,1.0,0.9166666666666666,0.16666666666666663,0.08333333333333326
0.0,0.49999999999999994,0.9,0.5,0.7083333333333334,0.7083333333333334,1.0,1.0,1.0,1.0,0.2916666666666667,1.0,0.8541666666666666,0.29166666666666663,0.14583333333333326
0.0,0.49999999999999994,0.9,0.5,0.8333333333333334,0.8333333333333334,1.0,1.0,1.0,1.0,0.16666666666666666,1.0,0.9166666666666666,0.16666666666666663,0.08333333333333326
0.0,0.49999999999999994,0.9,0.5,0.5729166666666666,0.625,0.9166666666666666,0.9583333333333334,0.9583333333333334,1.0,0.375,0.8888888888888888,0.7786458333333334,0.38541666666666674,0.20572916666666674
0.0,0.49999999999999994,0.9,0.5,0.8333333333333334,0.8333333333333334,1.0,0.9166666666666666,0.9166666666666666,1.0,0.16666666666666666,0.5,0.8402777777777777,0.08333333333333326,0.006944444444444309
0.0,0.49999999999999994,0.9,0.5,0.7083333333333334,0.7083333333333334,1.0,1.0,1.0,1.0,0.2916666666666667,1.0,0.8541666666666666,0.29166666666666663,0.14583333333333326
0.0,0.49999999999999994,0.9,0.5,0.8333333333333334,0.8333333333333334,1.0,1.0,1.0,1.0,0.16666666666666666,1.0,0.9166666666666666,0.16666666666666663,0.08333333333333326
0.0,0.49999999999999994,0.9,0.5,0.75,0.75,1.0,1.0,1.0,1.0,0.25,1.0,0.875,0.25,0.125
0.0,0.49999999999999994,0.9,0.5,0.7916666666666666,0.7916666666666666,1.0,1.0,1.0,1.0,0.20833333333333334,1.0,0.8958333333333334,0.20833333333333337,0.10416666666666674
0.0,0.49999999999999994,0.9,0.5,0.625,0.625,1.0,1.0,1.0,1.0,0.375,1.0,0.8125,0.375,0.1875
0.0,0.49999999999999994,0.9,0.5,0.8333333333333334,0.8333333333333334,1.0,0.9583333333333334,0.9583333333333334,1.0,0.16666666666666666,0.75,0.8784722222222222,0.125,0.04513888888888884
0.0,0.49999999999999994,0.9,0.5,0.7916666666666666,0.7916666666666666,1.0,1.0,1.0,1.0,0.20833333333333334,1.0,0.8958333333333334,0.20833333333333337,0.10416666666666674
0.0,0.49999999999999994,0.9,0.5,0.7083333333333334,0.7083333333333334,1.0,0.9583333333333334,0.9583333333333334,1.0,0.2916666666666667,0.8571428571428571,0.8185763888888888,0.25,0.11024305555555547
0.0,0.49999999999999994,0.9,0.5,0.75,0.75,1.0,0.9583333333333334,0.9583333333333334,1.0,0.25,0.8333333333333334,0.8385416666666667,0.20833333333333337,0.08854166666666674
0.0,0.49999999999999994,0.9,0.5,0.8333333333333334,0.8333333333333334,1.0,1.0,1.0,1.0,0.16666666666666666,1.0,0.9166666666666666,0.16666666666666663,0.08333333333333326
0.0,0.49999999999999994,0.9,0.5,0.7083333333333334,0.7083333333333334,1.0,0.9583333333333334,0.9583333333333334,1.0,0.2916666666666667,0.8571428571428571,0.8185763888888888,0.25,0.11024305555555547
0.0,0.49999999999999994,0.9,0.5,0.7916666666666666,0.7916666666666666,1.0,0.9583333333333334,0.9583333333333334,1.0,0.20833333333333334,0.8,0.8585069444444445,0.16666666666666674,0.0668402777777779
0.0,0.49999999999999994,0.9,0.5,0.7916666666666666,0.7916666666666666,1.0,0.9583333333333334,0.9583333333333334,1.0,0.20833333333333334,0.8,0.8585069444444445,0.16666666666666674,0.0668402777777779
0.0,0.5499999999999999,0.9,0.5,0.75,0.75,1.0,1.0,1.0,1.0,0.25,1.0,0.875,0.25,0.125
0.0,0.5499999999999999,0.9,0.5,0.7083333333333334,0.7083333333333334,1.0,0.9166666666666666,0.9166666666666666,1.0,0.2916666666666667,0.7142857142857143,0.782986111111111,0.20833333333333326,0.07465277777777768
0.0,0.5499999999999999,0.9,0.5,0.75,0.75,1.0,1.0,1.0,1.0,0.25,1.0,0.875,0.25,0.125
0.0,0.5499999999999999,0.9,0.5,0.4583333333333333,0.5,0.9166666666666666,0.9583333333333334,0.9583333333333334,1.0,0.5,0.9166666666666666,0.71875,0.5,0.2604166666666667
0.0,0.5499999999999999,0.9,0.5,0.7916666666666666,0.7916666666666666,1.0,0.9583333333333334,0.9583333333333334,1.0,0.20833333333333334,0.8,0.8585069444444445,0.16666666666666674,0.0668402777777779
0.0,0.5499999999999999,0.9,0.5,0.8333333333333334,0.8333333333333334,1.0,1.0,1.0,1.0,0.16666666666666666,1.0,0.9166666666666666,0.16666666666666663,0.08333333333333326
0.0,0.5499999999999999,0.9,0.5,0.625,0.625,1.0,0.9583333333333334,0.9583333333333334,1.0,0.375,0.8888888888888888,0.7786458333333334,0.33333333333333337,0.15364583333333337
0.0,0.5499999999999999,0.9,0.5,0.75,0.75,1.0,1.0,1.0,1.0,0.25,1.0,0.875,0.25,0.125
0.0,0.5499999999999999,0.9,0.5,0.75,0.75,1.0,1.0,1.0,1.0,0.25,1.0,0.875,0.25,0.125
0.0,0.5499999999999999,0.9,0.5,0.625,0.625,1.0,1.0,1.0,1.0,0.375,1.0,0.8125,0.375,0.1875
0.0,0.5499999999999999,0.9,0.5,0.3159722222222222,0.5416666666666666,0.5833333333333334,0.9583333333333334,0.9583333333333334,1.0,0.4583333333333333,0.9090909090909091,0.7387152777777778,0.6423611111111112,0.4227430555555556
0.0,0.5499999999999999,0.9,0.5,0.7083333333333334,0.7083333333333334,1.0,1.0,1.0,1.0,0.2916666666666667,1.0,0.8541666666666666,0.29166666666666663,0.14583333333333326
0.0,0.5499999999999999,0.9,0.5,0.6666666666666666,0.6666666666666666,1.0,0.9583333333333334,0.9583333333333334,1.0,0.3333333333333333,0.875,0.7986111111111112,0.29166666666666674,0.13194444444444453
0.0,0.5499999999999999,0.9,0.5,0.75,0.75,1.0,1.0,1.0,1.0,0.25,1.0,0.875,0.25,0.125
0.0,0.5499999999999999,0.9,0.5,0.7916666666666666,0.7916666666666666,1.0,0.9583333333333334,0.9583333333333334,1.0,0.20833333333333334,0.8,0.8585069444444445,0.16666666666666674,0.0668402777777779
0.0,0.5499999999999999,0.9,0.5,0.7083333333333334,0.7083333333333334,1.0,0.9166666666666666,0.9166666666666666,1.0,0.2916666666666667,0.7142857142857143,0.782986111111111,0.20833333333333326,0.07465277777777768
0.0,0.5499999999999999,0.9,0.5,0.6666666666666666,0.6666666666666666,1.0,0.9166666666666666,0.9166666666666666,1.0,0.3333333333333333,0.75,0.7638888888888888,0.25,0.09722222222222221
0.0,0.5499999999999999,0.9,0.5,0.6666666666666666,0.6666666666666666,1.0,0.9166666666666666,0.9166666666666666,1.0,0.3333333333333333,0.75,0.7638888888888888,0.25,0.09722222222222221
0.0,0.5499999999999999,0.9,0.5,0.5833333333333334,0.5833333333333334,1.0,0.9583333333333334,0.9583333333333334,1.0,0.4166666666666667,0.9,0.7586805555555556,0.375,0.1753472222222222
0.0,0.5499999999999999,0.9,0.5,0.5347222222222222,0.5833333333333334,0.9166666666666666,0.9583333333333334,0.9583333333333334,1.0,0.4166666666666667,0.9,0.7586805555555556,0.42361111111111116,0.22395833333333337
0.0,0.5499999999999999,0.9,0.5,0.75,0.75,1.0,0.9583333333333334,0.9583333333333334,1.0,0.25,0.8333333333333334,0.8385416666666667,0.20833333333333337,0.08854166666666674
0.0,0.5499999999999999,0.9,0.5,0.75,0.75,1.0,1.0,1.0,1.0,0.25,1.0,0.875,0.25,0.125
0.0,0.5499999999999999,0.9,0.5,0.6666666666666666,0.6666666666666666,1.0,0.9583333333333334,0.9583333333333334,1.0,0.3333333333333333,0.875,0.7986111111111112,0.29166666666666674,0.13194444444444453
0.0,0.5499999999999999,0.9,0.5,0.17361111111111113,0.4166666666666667,0.4166666666666667,0.9166666666666666,0.9166666666666666,1.0,0.5833333333333334,0.8571428571428571,0.6493055555555555,0.7430555555555555,0.4756944444444443
0.0,0.5499999999999999,0.9,0.5,0.7083333333333334,0.7083333333333334,1.0,0.9583333333333334,0.9583333333333334,1.0,0.2916666666666667,0.8571428571428571,0.8185763888888888,0.25,0.11024305555555547
0.0,0.6,0.9,0.5,0.5416666666666666,0.5416666666666666,1.0,1.0,1.0,1.0,0.4583333333333333,1.0,0.7708333333333334,0.45833333333333337,0.22916666666666674
0.0,0.6,0.9,0.5,0.7083333333333334,0.7083333333333334,1.0,0.9583333333333334,0.9583333333333334,1.0,0.2916666666666667,0.8571428571428571,0.8185763888888888,0.25,0.11024305555555547
0.0,0.6,0.9,0.5,0.7916666666666666,0.7916666666666666,1.0,1.0,1.0,1.0,0.20833333333333334,1.0,0.8958333333333334,0.20833333333333337,0.10416666666666674
0.0,0.6,0.9,0.5,0.75,0.75,1.0,0.9583333333333334,0.9583333333333334,1.0,0.25,0.8333333333333334,0.8385416666666667,0.20833333333333337,0.08854166666666674
0.0,0.6,0.9,0.5,0.8333333333333334,0.8333333333333334,1.0,0.9583333333333334,0.9583333333333334,1.0,0.16666666666666666,0.75,0.8784722222222222,0.125,0.04513888888888884
0.0,0.6,0.9,0.5,0.625,0.625,1.0,0.9583333333333334,0.9583333333333334,1.0,0.375,0.8888888888888888,0.7786458333333334,0.33333333333333337,0.15364583333333337
0.0,0.6,0.9,0.5,0.7083333333333334,0.7083333333333334,1.0,1.0,1.0,1.0,0.2916666666666667,1.0,0.8541666666666666,0.29166666666666663,0.14583333333333326
0.0,0.6,0.9,0.5,0.6666666666666666,0.6666666666666666,1.0,0.9583333333333334,0.9583333333333334,1.0,0.3333333333333333,0.875,0.7986111111111112,0.29166666666666674,0.13194444444444453
0.0,0.6,0.9,0.5,0.6875,0.75,0.9166666666666666,0.9583333333333334,0.9583333333333334,1.0,0.25,0.8333333333333334,0.8385416666666667,0.27083333333333337,0.15104166666666674
0.0,0.6,0.9,0.5,0.7083333333333334,0.7083333333333334,1.0,1.0,1.0,1.0,0.2916666666666667,1.0,0.8541666666666666,0.29166666666666663,0.14583333333333326
0.0,0.6,0.9,0.5,0.7916666666666666,0.7916666666666666,1.0,1.0,1.0,1.0,0.20833333333333334,1.0,0.8958333333333334,0.20833333333333337,0.10416666666666674
0.0,0.6,0.9,0.5,0.7083333333333334,0.7083333333333334,1.0,1.0,1.0,1.0,0.2916666666666667,1.0,0.8541666666666666,0.29166666666666663,0.14583333333333326
0.0,0.6,0.9,0.5,0.7083333333333334,0.7083333333333334,1.0,1.0,1.0,1.0,0.2916666666666667,1.0,0.8541666666666666,0.29166666666666663,0.14583333333333326
0.0,0.6,0.9,0.5,0.6666666666666666,0.6666666666666666,1.0,0.9166666666666666,0.9166666666666666,1.0,0.3333333333333333,0.75,0.7638888888888888,0.25,0.09722222222222221
0.0,0.6,0.9,0.5,0.75,0.75,1.0,0.9166666666666666,0.9166666666666666,1.0,0.25,0.6666666666666666,0.8020833333333333,0.16666666666666663,0.05208333333333326
0.0,0.6,0.9,0.5,0.6493055555555556,0.7083333333333334,0.9166666666666666,0.9583333333333334,0.9583333333333334,1.0,0.2916666666666667,0.8571428571428571,0.8185763888888888,0.3090277777777778,0.16927083333333326
0.0,0.6,0.9,0.5,0.7916666666666666,0.7916666666666666,1.0,1.0,1.0,1.0,0.20833333333333334,1.0,0.8958333333333334,0.20833333333333337,0.10416666666666674
0.0,0.6,0.9,0.5,0.75,0.75,1.0,0.9583333333333334,0.9583333333333334,1.0,0.25,0.8333333333333334,0.8385416666666667,0.20833333333333337,0.08854166666666674
0.0,0.6,0.9,0.5,0.6493055555555556,0.7083333333333334,0.9166666666666666,0.9583333333333334,0.9583333333333334,1.0,0.2916666666666667,0.8571428571428571,0.8185763888888888,0.3090277777777778,0.16927083333333326
0.0,0.6,0.9,0.5,0.6666666666666666,0.6666666666666666,1.0,0.9583333333333334,0.9583333333333334,1.0,0.3333333333333333,0.875,0.7986111111111112,0.29166666666666674,0.13194444444444453
0.0,0.6,0.9,0.5,0.75,0.75,1.0,0.9583333333333334,0.9583333333333334,1.0,0.25,0.8333333333333334,0.8385416666666667,0.20833333333333337,0.08854166666666674
0.0,0.6,0.9,0.5,0.75,0.75,1.0,0.9166666666666666,0.9166666666666666,1.0,0.25,0.6666666666666666,0.8020833333333333,0.16666666666666663,0.05208333333333326
0.0,0.6,0.9,0.5,0.4513888888888889,0.5416666666666666,0.8333333333333334,0.9583333333333334,0.9583333333333334,1.0,0.4583333333333333,0.9090909090909091,0.7387152777777778,0.5069444444444444,0.2873263888888889
0.0,0.6,0.9,0.5,0.5416666666666666,0.5416666666666666,1.0,1.0,1.0,1.0,0.4583333333333333,1.0,0.7708333333333334,0.45833333333333337,0.22916666666666674
0.0,0.6,0.9,0.5,0.7083333333333334,0.7083333333333334,1.0,1.0,1.0,1.0,0.2916666666666667,1.0,0.8541666666666666,0.29166666666666663,0.14583333333333326
0.0,0.6499999999999999,0.9,0.5,0.6666666666666666,0.6666666666666666,1.0,0.9166666666666666,0.9166666666666666,1.0,0.3333333333333333,0.75,0.7638888888888888,0.25,0.09722222222222221
0.0,0.6499999999999999,0.9,0.5,0.5833333333333334,0.5833333333333334,1.0,0.875,0.875,1.0,0.4166666666666667,0.7,0.6927083333333333,0.29166666666666663,0.10937499999999989
0.0,0.6499999999999999,0.9,0.5,0.49652777777777773,0.5416666666666666,0.9166666666666666,1.0,1.0,1.0,0.4583333333333333,1.0,0.7708333333333334,0.5034722222222223,0.27430555555555564
0.0,0.6499999999999999,0.9,0.5,0.625,0.625,1.0,0.875,0.875,1.0,0.375,0.6666666666666666,0.7109375,0.25,0.0859375
0.0,0.6499999999999999,0.9,0.5,0.75,0.75,1.0,1.0,1.0,1.0,0.25,1.0,0.875,0.25,0.125
0.0,0.6499999999999999,0.9,0.5,0.6666666666666666,0.6666666666666666,1.0,1.0,1.0,1.0,0.3333333333333333,1.0,0.8333333333333334,0.33333333333333337,0.16666666666666674
0.0,0.6499999999999999,0.9,0.5,0.75,0.75,1.0,0.9583333333333334,0.9583333333333334,1.0,0.25,0.8333333333333334,0.8385416666666667,0.20833333333333337,0.08854166666666674
0.0,0.6499999999999999,0.9,0.5,0.3159722222222222,0.5416666666666666,0.5833333333333334,0.9583333333333334,0.9583333333333334,1.0,0.4583333333333333,0.9090909090909091,0.7387152777777778,0.6423611111111112,0.4227430555555556
0.0,0.6499999999999999,0.9,0.5,0.24305555555555558,0.4166666666666667,0.5833333333333334,1.0,1.0,1.0,0.5833333333333334,1.0,0.7083333333333333,0.7569444444444444,0.4652777777777777
0.0,0.6499999999999999,0.9,0.5,0.625,0.625,1.0,1.0,1.0,1.0,0.375,1.0,0.8125,0.375,0.1875
0.0,0.6499999999999999,0.9,0.5,0.6666666666666666,0.6666666666666666,1.0,0.9583333333333334,0.9583333333333334,1.0,0.3333333333333333,0.875,0.7986111111111112,0.29166666666666674,0.13194444444444453
0.0,0.6499999999999999,0.9,0.5,0.6666666666666666,0.6666666666666666,1.0,0.875,0.875,1.0,0.3333333333333333,0.625,0.7291666666666667,0.20833333333333337,0.06250000000000011
0.0,0.6499999999999999,0.9,0.5,0.6666666666666666,0.6666666666666666,1.0,0.9166666666666666,0.9166666666666666,1.0,0.3333333333333333,0.75,0.7638888888888888,0.25,0.09722222222222221
0.0,0.6499999999999999,0.9,0.5,0.7083333333333334,0.7083333333333334,1.0,1.0,1.0,1.0,0.2916666666666667,1.0,0.8541666666666666,0.29166666666666663,0.14583333333333326
0.0,0.6499999999999999,0.9,0.5,0.5833333333333334,0.5833333333333334,1.0,1.0,1.0,1.0,0.4166666666666667,1.0,0.7916666666666666,0.41666666666666663,0.20833333333333326
0.0,0.6499999999999999,0.9,0.5,0.75,0.75,1.0,1.0,1.0,1.0,0.25,1.0,0.875,0.25,0.125
0.0,0.6499999999999999,0.9,0.5,0.625,0.625,1.0,0.9583333333333334,0.9583333333333334,1.0,0.375,0.8888888888888888,0.7786458333333334,0.33333333333333337,0.15364583333333337
0.0,0.6499999999999999,0.9,0.5,0.625,0.625,1.0,1.0,1.0,1.0,0.375,1.0,0.8125,0.375,0.1875
0.0,0.6499999999999999,0.9,0.5,0.75,0.75,1.0,1.0,1.0,1.0,0.25,1.0,0.875,0.25,0.125
0.0,0.6499999999999999,0.9,0.5,0.40625,0.5416666666666666,0.75,0.9583333333333334,0.9583333333333334,1.0,0.4583333333333333,0.9090909090909091,0.7387152777777778,0.5520833333333334,0.3324652777777778
0.0,0.6499999999999999,0.9,0.5,0.8333333333333334,0.8333333333333334,1.0,0.9583333333333334,0.9583333333333334,1.0,0.16666666666666666,0.75,0.8784722222222222,0.125,0.04513888888888884
0.0,0.6499999999999999,0.9,0.5,0.7083333333333334,0.7083333333333334,1.0,0.9583333333333334,0.9583333333333334,1.0,0.2916666666666667,0.8571428571428571,0.8185763888888888,0.25,0.11024305555555547
0.0,0.6499999999999999,0.9,0.5,0.625,0.625,1.0,0.875,0.875,1.0,0.375,0.6666666666666666,0.7109375,0.25,0.0859375
0.0,0.6499999999999999,0.9,0.5,0.7916666666666666,0.7916666666666666,1.0,1.0,1.0,1.0,0.20833333333333334,1.0,0.8958333333333334,0.20833333333333337,0.10416666666666674
0.0,0.6499999999999999,0.9,0.5,0.5729166666666666,0.625,0.9166666666666666,1.0,1.0,1.0,0.375,1.0,0.8125,0.42708333333333337,0.23958333333333337
0.0,0.7,0.9,0.5,0.7916666666666666,0.7916666666666666,1.0,0.9166666666666666,0.9166666666666666,1.0,0.20833333333333334,0.6,0.8211805555555556,0.125,0.02951388888888895
0.0,0.7,0.9,0.5,0.5833333333333334,0.5833333333333334,1.0,0.9583333333333334,0.9583333333333334,1.0,0.4166666666666667,0.9,0.7586805555555556,0.375,0.1753472222222222
0.0,0.7,0.9,0.5,0.75,0.75,1.0,0.9166666666666666,0.9166666666666666,1.0,0.25,0.6666666666666666,0.8020833333333333,0.16666666666666663,0.05208333333333326
0.0,0.7,0.9,0.5,0.8333333333333334,0.8333333333333334,1.0,0.9583333333333334,0.9583333333333334,1.0,0.16666666666666666,0.75,0.8784722222222222,0.125,0.04513888888888884
0.0,0.7,0.9,0.5,0.7916666666666666,0.7916666666666666,1.0,1.0,1.0,1.0,0.20833333333333334,1.0,0.8958333333333334,0.20833333333333337,0.10416666666666674
0.0,0.7,0.9,0.5,0.625,0.625,1.0,1.0,1.0,1.0,0.375,1.0,0.8125,0.375,0.1875
0.0,0.7,0.9,0.5,0.7083333333333334,0.7083333333333334,1.0,1.0,1.0,1.0,0.2916666666666667,1.0,0.8541666666666666,0.29166666666666663,0.14583333333333326
0.0,0.7,0.9,0.5,0.5347222222222222,0.5833333333333334,0.9166666666666666,0.875,0.875,1.0,0.4166666666666667,0.7,0.6927083333333333,0.3402777777777778,0.15798611111111105
0.0,0.7,0.9,0.5,0.7916666666666666,0.7916666666666666,1.0,1.0,1.0,1.0,0.20833333333333334,1.0,0.8958333333333334,0.20833333333333337,0.10416666666666674
0.0,0.7,0.9,0.5,0.34375,0.4583333333333333,0.75,0.9166666666666666,0.9166666666666666,1.0,0.5416666666666666,0.8461538461538461,0.6684027777777778,0.5729166666666666,0.3246527777777778
0.0,0.7,0.9,0.5,0.7083333333333334,0.7083333333333334,1.0,0.9166666666666666,0.9166666666666666,1.0,0.2916666666666667,0.7142857142857143,0.782986111111111,0.20833333333333326,0.07465277777777768
0.0,0.7,0.9,0.5,0.6666666666666666,0.6666666666666666,1.0,0.9166666666666666,0.9166666666666666,1.0,0.3333333333333333,0.75,0.7638888888888888,0.25,0.09722222222222221
0.0,0.7,0.9,0.5,0.75,0.75,1.0,0.9583333333333334,0.9583333333333334,1.0,0.25,0.8333333333333334,0.8385416666666667,0.20833333333333337,0.08854166666666674
0.0,0.7,0.9,0.5,0.75,0.75,1.0,1.0,1.0,1.0,0.25,1.0,0.875,0.25,0.125
0.0,0.7,0.9,0.5,0.625,0.625,1.0,1.0,1.0,1.0,0.375,1.0,0.8125,0.375,0.1875
0.0,0.7,0.9,0.5,0.6666666666666666,0.6666666666666666,1.0,0.9166666666666666,0.9166666666666666,1.0,0.3333333333333333,0.75,0.7638888888888888,0.25,0.09722222222222221
0.0,0.7,0.9,0.5,0.8333333333333334,0.8333333333333334,1.0,1.0,1.0,1.0,0.16666666666666666,1.0,0.9166666666666666,0.16666666666666663,0.08333333333333326
0.0,0.7,0.9,0.5,0.6666666666666666,0.6666666666666666,1.0,1.0,1.0,1.0,0.3333333333333333,1.0,0.8333333333333334,0.33333333333333337,0.16666666666666674
0.0,0.7,0.9,0.5,0.5833333333333334,0.5833333333333334,1.0,0.9166666666666666,0.9166666666666666,1.0,0.4166666666666667,0.8,0.7256944444444444,0.33333333333333326,0.14236111111111105
0.0,0.7,0.9,0.5,0.625,0.625,1.0,1.0,1.0,1.0,0.375,1.0,0.8125,0.375,0.1875
0.0,0.7,0.9,0.5,0.2708333333333333,0.5416666666666666,0.5,1.0,1.0,1.0,0.4583333333333333,1.0,0.7708333333333334,0.7291666666666667,0.5
0.0,0.7,0.9,0.5,0.7083333333333334,0.7083333333333334,1.0,0.9166666666666666,0.9166666666666666,1.0,0.2916666666666667,0.7142857142857143,0.782986111111111,0.20833333333333326,0.07465277777777768
0.0,0.7,0.9,0.5,0.6666666666666666,0.6666666666666666,1.0,1.0,1.0,1.0,0.3333333333333333,1.0,0.8333333333333334,0.33333333333333337,0.16666666666666674
0.0,0.7,0.9,0.5,0.7083333333333334,0.7083333333333334,1.0,1.0,1.0,1.0,0.2916666666666667,1.0,0.8541666666666666,0.29166666666666663,0.14583333333333326
0.0,0.7,0.9,0.5,0.7083333333333334,0.7083333333333334,1.0,0.9166666666666666,0.9166666666666666,1.0,0.2916666666666667,0.7142857142857143,0.782986111111111,0.20833333333333326,0.07465277777777768
0.0,0.0,0.9,0.75,1.0,1.0,1.0,1.0,1.0,1.0,0.0,1.0,1.0,0.0,0.0
0.0,0.0,0.9,0.75,1.0,1.0,1.0,1.0,1.0,1.0,0.0,1.0,1.0,0.0,0.0
0.0,0.0,0.9,0.75,1.0,1.0,1.0,1.0,1.0,1.0,0.0,1.0,1.0,0.0,0.0
0.0,0.0,0.9,0.75,1.0,1.0,1.0,1.0,1.0,1.0,0.0,1.0,1.0,0.0,0.0
0.0,0.0,0.9,0.75,1.0,1.0,1.0,1.0,1.0,1.0,0.0,1.0,1.0,0.0,0.0
0.0,0.0,0.9,0.75,1.0,1.0,1.0,1.0,1.0,1.0,0.0,1.0,1.0,0.0,0.0
0.0,0.0,0.9,0.75,1.0,1.0,1.0,1.0,1.0,1.0,0.0,1.0,1.0,0.0,0.0
0.0,0.0,0.9,0.75,1.0,1.0,1.0,1.0,1.0,1.0,0.0,1.0,1.0,0.0,0.0
0.0,0.0,0.9,0.75,1.0,1.0,1.0,1.0,1.0,1.0,0.0,1.0,1.0,0.0,0.0
0.0,0.0,0.9,0.75,1.0,1.0,1.0,1.0,1.0,1.0,0.0,1.0,1.0,0.0,0.0
0.0,0.0,0.9,0.75,1.0,1.0,1.0,1.0,1.0,1.0,0.0,1.0,1.0,0.0,0.0
0.0,0.0,0.9,0.75,1.0,1.0,1.0,1.0,1.0,1.0,0.0,1.0,1.0,0.0,0.0
0.0,0.0,0.9,0.75,1.0,1.0,1.0,1.0,1.0,1.0,0.0,1.0,1.0,0.0,0.0
0.0,0.0,0.9,0.75,1.0,1.0,1.0,1.0,1.0,1.0,0.0,1.0,1.0,0.0,0.0
0.0,0.0,0.9,0.75,1.0,1.0,1.0,1.0,1.0,1.0,0.0,1.0,1.0,0.0,0.0
0.0,0.0,0.9,0.75,1.0,1.0,1.0,1.0,1.0,1.0,0.0,1.0,1.0,0.0,0.0
0.0,0.0,0.9,0.75,1.0,1.0,1.0,1.0,1.0,1.0,0.0,1.0,1.0,0.0,0.0
0.0,0.0,0.9,0.75,1.0,1.0,1.0,1.0,1.0,1.0,0.0,1.0,1.0,0.0,0.0
0.0,0.0,0.9,0.75,1.0,1.0,1.0,1.0,1.0,1.0,0.0,1.0,1.0,0.0,0.0
0.0,0.0,0.9,0.75,1.0,1.0,1.0,1.0,1.0,1.0,0.0,1.0,1.0,0.0,0.0
0.0,0.0,0.9,0.75,1.0,1.0,1.0,1.0,1.0,1.0,0.0,1.0,1.0,0.0,0.0
0.0,0.0,0.9,0.75,1.0,1.0,1.0,1.0,1.0,1.0,0.0,1.0,1.0,0.0,0.0
0.0,0.0,0.9,0.75,1.0,1.0,1.0,1.0,1.0,1.0,0.0,1.0,1.0,0.0,0.0
0.0,0.0,0.9,0.75,1.0,1.0,1.0,1.0,1.0,1.0,0.0,1.0,1.0,0.0,0.0
0.0,0.0,0.9,0.75,1.0,1.0,1.0,1.0,1.0,1.0,0.0,1.0,1.0,0.0,0.0
0.0,0.049999999999999996,0.9,0.75,0.9583333333333334,0.9583333333333334,1.0,1.0,1.0,1.0,0.041666666666666664,1.0,0.96875,0.04166666666666663,0.01041666666666663
0.0,0.049999999999999996,0.9,0.75,1.0,1.0,1.0,1.0,1.0,1.0,0.0,1.0,1.0,0.0,0.0
0.0,0.049999999999999996,0.9,0.75,0.9166666666666666,0.9166666666666666,1.0,1.0,1.0,1.0,0.08333333333333333,1.0,0.9375,0.08333333333333337,0.02083333333333337
0.0,0.049999999999999996,0.9,0.75,1.0,1.0,1.0,1.0,1.0,1.0,0.0,1.0,1.0,0.0,0.0
0.0,0.049999999999999996,0.9,0.75,1.0,1.0,1.0,1.0,1.0,1.0,0.0,1.0,1.0,0.0,0.0
0.0,0.049999999999999996,0.9,0.75,1.0,1.0,1.0,1.0,1.0,1.0,0.0,1.0,1.0,0.0,0.0
0.0,0.049999999999999996,0.9,0.75,1.0,1.0,1.0,1.0,1.0,1.0,0.0,1.0,1.0,0.0,0.0
0.0,0.049999999999999996,0.9,0.75,0.875,0.875,1.0,0.9583333333333334,0.9583333333333334,1.0,0.125,0.6666666666666666,0.8684895833333334,0.08333333333333337,-0.00651041666666663
0.0,0.049999999999999996,0.9,0.75,0.9583333333333334,0.9583333333333334,1.0,1.0,1.0,1.0,0.041666666666666664,1.0,0.96875,0.04166666666666663,0.01041666666666663
0.0,0.049999999999999996,0.9,0.75,0.9166666666666666,0.9166666666666666,1.0,1.0,1.0,1.0,0.08333333333333333,1.0,0.9375,0.08333333333333337,0.02083333333333337
0.0,0.049999999999999996,0.9,0.75,1.0,1.0,1.0,1.0,1.0,1.0,0.0,1.0,1.0,0.0,0.0
0.0,0.049999999999999996,0.9,0.75,0.9583333333333334,0.9583333333333334,1.0,1.0,1.0,1.0,0.041666666666666664,1.0,0.96875,0.04166666666666663,0.01041666666666663
0.0,0.049999999999999996,0.9,0.75,0.9583333333333334,0.9583333333333334,1.0,1.0,1.0,1.0,0.041666666666666664,1.0,0.96875,0.04166666666666663,0.01041666666666663
0.0,0.049999999999999996,0.9,0.75,1.0,1.0,1.0,1.0,1.0,1.0,0.0,1.0,1.0,0.0,0.0
0.0,0.049999999999999996,0.9,0.75,0.9583333333333334,0.9583333333333334,1.0,1.0,1.0,1.0,0.041666666666666664,1.0,0.96875,0.04166666666666663,0.01041666666666663
0.0,0.049999999999999996,0.9,0.75,0.9583333333333334,0.9583333333333334,1.0,1.0,1.0,1.0,0.041666666666666664,1.0,0.96875,0.04166666666666663,0.01041666666666663
0.0,0.049999999999999996,0.9,0.75,1.0,1.0,1.0,1.0,1.0,1.0,0.0,1.0,1.0,0.0,0.0
0.0,0.049999999999999996,0.9,0.75,1.0,1.0,1.0,1.0,1.0,1.0,0.0,1.0,1.0,0.0,0.0
0.0,0.049999999999999996,0.9,0.75,1.0,1.0,1.0,1.0,1.0,1.0,0.0,1.0,1.0,0.0,0.0
0.0,0.049999999999999996,0.9,0.75,1.0,1.0,1.0,1.0,1.0,1.0,0.0,1.0,1.0,0.0,0.0
0.0,0.049999999999999996,0.9,0.75,0.9583333333333334,0.9583333333333334,1.0,1.0,1.0,1.0,0.041666666666666664,1.0,0.96875,0.04166666666666663,0.01041666666666663
0.0,0.049999999999999996,0.9,0.75,1.0,1.0,1.0,1.0,1.0,1.0,0.0,1.0,1.0,0.0,0.0
0.0,0.049999999999999996,0.9,0.75,1.0,1.0,1.0,1.0,1.0,1.0,0.0,1.0,1.0,0.0,0.0
0.0,0.049999999999999996,0.9,0.75,1.0,1.0,1.0,1.0,1.0,1.0,0.0,1.0,1.0,0.0,0.0
0.0,0.049999999999999996,0.9,0.75,1.0,1.0,1.0,1.0,1.0,1.0,0.0,1.0,1.0,0.0,0.0
0.0,0.09999999999999999,0.9,0.75,0.9166666666666666,0.9166666666666666,1.0,1.0,1.0,1.0,0.08333333333333333,1.0,0.9375,0.08333333333333337,0.02083333333333337
0.0,0.09999999999999999,0.9,0.75,0.9166666666666666,0.9166666666666666,1.0,1.0,1.0,1.0,0.08333333333333333,1.0,0.9375,0.08333333333333337,0.02083333333333337
0.0,0.09999999999999999,0.9,0.75,0.9583333333333334,0.9583333333333334,1.0,1.0,1.0,1.0,0.041666666666666664,1.0,0.96875,0.04166666666666663,0.01041666666666663
0.0,0.09999999999999999,0.9,0.75,0.9583333333333334,0.9583333333333334,1.0,1.0,1.0,1.0,0.041666666666666664,1.0,0.96875,0.04166666666666663,0.01041666666666663
0.0,0.09999999999999999,0.9,0.75,0.9166666666666666,0.9166666666666666,1.0,1.0,1.0,1.0,0.08333333333333333,1.0,0.9375,0.08333333333333337,0.02083333333333337
0.0,0.09999999999999999,0.9,0.75,0.9583333333333334,0.9583333333333334,1.0,1.0,1.0,1.0,0.041666666666666664,1.0,0.96875,0.04166666666666663,0.01041666666666663
0.0,0.09999999999999999,0.9,0.75,1.0,1.0,1.0,1.0,1.0,1.0,0.0,1.0,1.0,0.0,0.0
0.0,0.09999999999999999,0.9,0.75,0.875,0.875,1.0,0.9583333333333334,0.9583333333333334,1.0,0.125,0.6666666666666666,0.8684895833333334,0.08333333333333337,-0.00651041666666663
0.0,0.09999999999999999,0.9,0.75,0.9583333333333334,0.9583333333333334,1.0,1.0,1.0,1.0,0.041666666666666664,1.0,0.96875,0.04166666666666663,0.01041666666666663
0.0,0.09999999999999999,0.9,0.75,1.0,1.0,1.0,1.0,1.0,1.0,0.0,1.0,1.0,0.0,0.0
0.0,0.09999999999999999,0.9,0.75,0.875,0.875,1.0,1.0,1.0,1.0,0.125,1.0,0.90625,0.125,0.03125
0.0,0.09999999999999999,0.9,0.75,0.7916666666666666,0.7916666666666666,1.0,0.9583333333333334,0.9583333333333334,1.0,0.20833333333333334,0.8,0.80859375,0.16666666666666674,0.01692708333333337
0.0,0.09999999999999999,0.9,0.75,0.9583333333333334,0.9583333333333334,1.0,1.0,1.0,1.0,0.041666666666666664,1.0,0.96875,0.04166666666666663,0.01041666666666663
0.0,0.09999999999999999,0.9,0.75,0.9583333333333334,0.9583333333333334,1.0,1.0,1.0,1.0,0.041666666666666664,1.0,0.96875,0.04166666666666663,0.01041666666666663
0.0,0.09999999999999999,0.9,0.75,0.8333333333333334,0.8333333333333334,1.0,1.0,1.0,1.0,0.16666666666666666,1.0,0.875,0.16666666666666663,0.04166666666666663
0.0,0.09999999999999999,0.9,0.75,0.9166666666666666,0.9166666666666666,1.0,1.0,1.0,1.0,0.08333333333333333,1.0,0.9375,0.08333333333333337,0.02083333333333337
0.0,0.09999999999999999,0.9,0.75,0.9583333333333334,0.9583333333333334,1.0,1.0,1.0,1.0,0.041666666666666664,1.0,0.96875,0.04166666666666663,0.01041666666666663
0.0,0.09999999999999999,0.9,0.75,0.9583333333333334,0.9583333333333334,1.0,1.0,1.0,1.0,0.041666666666666664,1.0,0.96875,0.04166666666666663,0.01041666666666663
0.0,0.09999999999999999,0.9,0.75,0.9583333333333334,0.9583333333333334,1.0,1.0,1.0,1.0,0.041666666666666664,1.0,0.96875,0.04166666666666663,0.01041666666666663
0.0,0.09999999999999999,0.9,0.75,0.875,0.875,1.0,1.0,1.0,1.0,0.125,1.0,0.90625,0.125,0.03125
0.0,0.09999999999999999,0.9,0.75,0.9583333333333334,0.9583333333333334,1.0,1.0,1.0,1.0,0.041666666666666664,1.0,0.96875,0.04166666666666663,0.01041666666666663
0.0,0.09999999999999999,0.9,0.75,0.9583333333333334,0.9583333333333334,1.0,1.0,1.0,1.0,0.041666666666666664,1.0,0.96875,0.04166666666666663,0.01041666666666663
0.0,0.09999999999999999,0.9,0.75,0.875,0.875,1.0,1.0,1.0,1.0,0.125,1.0,0.90625,0.125,0.03125
0.0,0.09999999999999999,0.9,0.75,1.0,1.0,1.0,1.0,1.0,1.0,0.0,1.0,1.0,0.0,0.0
0.0,0.09999999999999999,0.9,0.75,0.9166666666666666,0.9166666666666666,1.0,1.0,1.0,1.0,0.08333333333333333,1.0,0.9375,0.08333333333333337,0.02083333333333337
0.0,0.15,0.9,0.75,1.0,1.0,1.0,1.0,1.0,1.0,0.0,1.0,1.0,0.0,0.0
0.0,0.15,0.9,0.75,0.875,0.875,1.0,1.0,1.0,1.0,0.125,1.0,0.90625,0.125,0.03125
0.0,0.15,0.9,0.75,0.9583333333333334,0.9583333333333334,1.0,1.0,1.0,1.0,0.041666666666666664,1.0,0.96875,0.04166666666666663,0.01041666666666663
0.0,0.15,0.9,0.75,0.9166666666666666,0.9166666666666666,1.0,0.9583333333333334,0.9583333333333334,1.0,0.08333333333333333,0.5,0.8984375,0.04166666666666674,-0.01822916666666663
0.0,0.15,0.9,0.75,0.9166666666666666,0.9166666666666666,1.0,1.0,1.0,1.0,0.08333333333333333,1.0,0.9375,0.08333333333333337,0.02083333333333337
0.0,0.15,0.9,0.75,0.9583333333333334,0.9583333333333334,1.0,1.0,1.0,1.0,0.041666666666666664,1.0,0.96875,0.04166666666666663,0.01041666666666663
0.0,0.15,0.9,0.75,0.9583333333333334,0.9583333333333334,1.0,1.0,1.0,1.0,0.041666666666666664,1.0,0.96875,0.04166666666666663,0.01041666666666663
0.0,0.15,0.9,0.75,0.9583333333333334,0.9583333333333334,1.0,1.0,1.0,1.0,0.041666666666666664,1.0,0.96875,0.04166666666666663,0.01041666666666663
0.0,0.15,0.9,0.75,0.9583333333333334,0.9583333333333334,1.0,1.0,1.0,1.0,0.041666666666666664,1.0,0.96875,0.04166666666666663,0.01041666666666663
0.0,0.15,0.9,0.75,0.9166666666666666,0.9166666666666666,1.0,1.0,1.0,1.0,0.08333333333333333,1.0,0.9375,0.08333333333333337,0.02083333333333337
0.0,0.15,0.9,0.75,0.9166666666666666,0.9166666666666666,1.0,0.9583333333333334,0.9583333333333334,1.0,0.08333333333333333,0.5,0.8984375,0.04166666666666674,-0.01822916666666663
0.0,0.15,0.9,0.75,0.875,0.875,1.0,1.0,1.0,1.0,0.125,1.0,0.90625,0.125,0.03125
0.0,0.15,0.9,0.75,0.9166666666666666,0.9166666666666666,1.0,1.0,1.0,1.0,0.08333333333333333,1.0,0.9375,0.08333333333333337,0.02083333333333337
0.0,0.15,0.9,0.75,0.9583333333333334,0.9583333333333334,1.0,1.0,1.0,1.0,0.041666666666666664,1.0,0.96875,0.04166666666666663,0.01041666666666663
0.0,0.15,0.9,0.75,0.9166666666666666,0.9166666666666666,1.0,1.0,1.0,1.0,0.08333333333333333,1.0,0.9375,0.08333333333333337,0.02083333333333337
0.0,0.15,0.9,0.75,0.9583333333333334,0.9583333333333334,1.0,1.0,1.0,1.0,0.041666666666666664,1.0,0.96875,0.04166666666666663,0.01041666666666663
0.0,0.15,0.9,0.75,1.0,1.0,1.0,1.0,1.0,1.0,0.0,1.0,1.0,0.0,0.0
0.0,0.15,0.9,0.75,0.9583333333333334,0.9583333333333334,1.0,1.0,1.0,1.0,0.041666666666666664,1.0,0.96875,0.04166666666666663,0.01041666666666663
0.0,0.15,0.9,0.75,0.9166666666666666,0.9166666666666666,1.0,1.0,1.0,1.0,0.08333333333333333,1.0,0.9375,0.08333333333333337,0.02083333333333337
0.0,0.15,0.9,0.75,0.9583333333333334,0.9583333333333334,1.0,1.0,1.0,1.0,0.041666666666666664,1.0,0.96875,0.04166666666666663,0.01041666666666663
0.0,0.15,0.9,0.75,0.9583333333333334,0.9583333333333334,1.0,1.0,1.0,1.0,0.041666666666666664,1.0,0.96875,0.04166666666666663,0.01041666666666663
0.0,0.15,0.9,0.75,1.0,1.0,1.0,1.0,1.0,1.0,0.0,1.0,1.0,0.0,0.0
0.0,0.15,0.9,0.75,0.9166666666666666,0.9166666666666666,1.0,1.0,1.0,1.0,0.08333333333333333,1.0,0.9375,0.08333333333333337,0.02083333333333337
0.0,0.15,0.9,0.75,0.9583333333333334,0.9583333333333334,1.0,1.0,1.0,1.0,0.041666666666666664,1.0,0.96875,0.04166666666666663,0.01041666666666663
0.0,0.15,0.9,0.75,0.9583333333333334,0.9583333333333334,1.0,1.0,1.0,1.0,0.041666666666666664,1.0,0.96875,0.04166666666666663,0.01041666666666663
0.0,0.19999999999999998,0.9,0.75,0.8333333333333334,0.8333333333333334,1.0,0.9583333333333334,0.9583333333333334,1.0,0.16666666666666666,0.75,0.8385416666666667,0.125,0.00520833333333337
0.0,0.19999999999999998,0.9,0.75,0.9166666666666666,0.9166666666666666,1.0,1.0,1.0,1.0,0.08333333333333333,1.0,0.9375,0.08333333333333337,0.02083333333333337
0.0,0.19999999999999998,0.9,0.75,0.8333333333333334,0.8333333333333334,1.0,1.0,1.0,1.0,0.16666666666666666,1.0,0.875,0.16666666666666663,0.04166666666666663
0.0,0.19999999999999998,0.9,0.75,0.9583333333333334,0.9583333333333334,1.0,1.0,1.0,1.0,0.041666666666666664,1.0,0.96875,0.04166666666666663,0.01041666666666663
0.0,0.19999999999999998,0.9,0.75,0.7916666666666666,0.7916666666666666,1.0,1.0,1.0,1.0,0.20833333333333334,1.0,0.84375,0.20833333333333337,0.05208333333333337
0.0,0.19999999999999998,0.9,0.75,0.9583333333333334,0.9583333333333334,1.0,1.0,1.0,1.0,0.041666666666666664,1.0,0.96875,0.04166666666666663,0.01041666666666663
0.0,0.19999999999999998,0.9,0.75,0.8333333333333334,0.8333333333333334,1.0,0.9583333333333334,0.9583333333333334,1.0,0.16666666666666666,0.75,0.8385416666666667,0.125,0.00520833333333337
0.0,0.19999999999999998,0.9,0.75,0.9583333333333334,0.9583333333333334,1.0,1.0,1.0,1.0,0.041666666666666664,1.0,0.96875,0.04166666666666663,0.01041666666666663
0.0,0.19999999999999998,0.9,0.75,0.9583333333333334,0.9583333333333334,1.0,1.0,1.0,1.0,0.041666666666666664,1.0,0.96875,0.04166666666666663,0.01041666666666663
0.0,0.19999999999999998,0.9,0.75,1.0,1.0,1.0,1.0,1.0,1.0,0.0,1.0,1.0,0.0,0.0
0.0,0.19999999999999998,0.9,0.75,0.9583333333333334,0.9583333333333334,1.0,0.9583333333333334,0.9583333333333334,1.0,0.041666666666666664,0.0,0.9283854166666667,0.0,-0.02994791666666663
0.0,0.19999999999999998,0.9,0.75,0.9583333333333334,0.9583333333333334,1.0,0.9583333333333334,0.9583333333333334,1.0,0.041666666666666664,0.0,0.9283854166666667,0.0,-0.02994791666666663
0.0,0.19999999999999998,0.9,0.75,0.7916666666666666,0.7916666666666666,1.0,0.9583333333333334,0.9583333333333334,1.0,0.20833333333333334,0.8,0.80859375,0.16666666666666674,0.01692708333333337
0.0,0.19999999999999998,0.9,0.75,0.875,0.875,1.0,1.0,1.0,1.0,0.125,1.0,0.90625,0.125,0.03125
0.0,0.19999999999999998,0.9,0.75,0.9166666666666666,0.9166666666666666,1.0,0.9166666666666666,0.9166666666666666,1.0,0.08333333333333333,0.0,0.859375,0.0,-0.05729166666666663
0.0,0.19999999999999998,0.9,0.75,0.9166666666666666,0.9166666666666666,1.0,1.0,1.0,1.0,0.08333333333333333,1.0,0.9375,0.08333333333333337,0.02083333333333337
0.0,0.19999999999999998,0.9,0.75,0.9166666666666666,0.9166666666666666,1.0,1.0,1.0,1.0,0.08333333333333333,1.0,0.9375,0.08333333333333337,0.02083333333333337
0.0,0.19999999999999998,0.9,0.75,0.9583333333333334,0.9583333333333334,1.0,1.0,1.0,1.0,0.041666666666666664,1.0,0.96875,0.04166666666666663,0.01041666666666663
0.0,0.19999999999999998,0.9,0.75,0.875,0.875,1.0,1.0,1.0,1.0,0.125,1.0,0.90625,0.125,0.03125
0.0,0.19999999999999998,0.9,0.75,0.9583333333333334,0.9583333333333334,1.0,1.0,1.0,1.0,0.041666666666666664,1.0,0.96875,0.04166666666666663,0.01041666666666663
0.0,0.19999999999999998,0.9,0.75,0.9166666666666666,0.9166666666666666,1.0,1.0,1.0,1.0,0.08333333333333333,1.0,0.9375,0.08333333333333337,0.02083333333333337
0.0,0.19999999999999998,0.9,0.75,0.9583333333333334,0.9583333333333334,1.0,1.0,1.0,1.0,0.041666666666666664,1.0,0.96875,0.04166666666666663,0.01041666666666663
0.0,0.19999999999999998,0.9,0.75,0.7916666666666666,0.7916666666666666,1.0,1.0,1.0,1.0,0.20833333333333334,1.0,0.84375,0.20833333333333337,0.05208333333333337
0.0,0.19999999999999998,0.9,0.75,0.8333333333333334,0.8333333333333334,1.0,0.9583333333333334,0.9583333333333334,1.0,0.16666666666666666,0.75,0.8385416666666667,0.125,0.00520833333333337
0.0,0.19999999999999998,0.9,0.75,0.9583333333333334,0.9583333333333334,1.0,1.0,1.0,1.0,0.041666666666666664,1.0,0.96875,0.04166666666666663,0.01041666666666663
0.0,0.24999999999999997,0.9,0.75,0.9583333333333334,0.9583333333333334,1.0,1.0,1.0,1.0,0.041666666666666664,1.0,0.96875,0.04166666666666663,0.01041666666666663
0.0,0.24999999999999997,0.9,0.75,0.875,0.875,1.0,1.0,1.0,1.0,0.125,1.0,0.90625,0.125,0.03125
0.0,0.24999999999999997,0.9,0.75,0.7916666666666666,0.7916666666666666,1.0,1.0,1.0,1.0,0.20833333333333334,1.0,0.84375,0.20833333333333337,0.05208333333333337
0.0,0.24999999999999997,0.9,0.75,0.8333333333333334,0.8333333333333334,1.0,0.9583333333333334,0.9583333333333334,1.0,0.16666666666666666,0.75,0.8385416666666667,0.125,0.00520833333333337
0.0,0.24999999999999997,0.9,0.75,0.9166666666666666,0.9166666666666666,1.0,0.9583333333333334,0.9583333333333334,1.0,0.08333333333333333,0.5,0.8984375,0.04166666666666674,-0.01822916666666663
0.0,0.24999999999999997,0.9,0.75,0.7916666666666666,0.7916666666666666,1.0,1.0,1.0,1.0,0.20833333333333334,1.0,0.84375,0.20833333333333337,0.05208333333333337
0.0,0.24999999999999997,0.9,0.75,0.9166666666666666,0.9166666666666666,1.0,1.0,1.0,1.0,0.08333333333333333,1.0,0.9375,0.08333333333333337,0.02083333333333337
0.0,0.24999999999999997,0.9,0.75,0.9583333333333334,0.9583333333333334,1.0,1.0,1.0,1.0,0.041666666666666664,1.0,0.96875,0.04166666666666663,0.01041666666666663
0.0,0.24999999999999997,0.9,0.75,0.9166666666666666,0.9166666666666666,1.0,1.0,1.0,1.0,0.08333333333333333,1.0,0.9375,0.08333333333333337,0.02083333333333337
0.0,0.24999999999999997,0.9,0.75,0.9166666666666666,0.9166666666666666,1.0,1.0,1.0,1.0,0.08333333333333333,1.0,0.9375,0.08333333333333337,0.02083333333333337
0.0,0.24999999999999997,0.9,0.75,0.8333333333333334,0.8333333333333334,1.0,0.9583333333333334,0.9583333333333334,1.0,0.16666666666666666,0.75,0.8385416666666667,0.125,0.00520833333333337
0.0,0.24999999999999997,0.9,0.75,0.875,0.875,1.0,1.0,1.0,1.0,0.125,1.0,0.90625,0.125,0.03125
0.0,0.24999999999999997,0.9,0.75,0.8333333333333334,0.8333333333333334,1.0,1.0,1.0,1.0,0.16666666666666666,1.0,0.875,0.16666666666666663,0.04166666666666663
0.0,0.24999999999999997,0.9,0.75,0.7083333333333334,0.7083333333333334,1.0,0.9583333333333334,0.9583333333333334,1.0,0.2916666666666667,0.8571428571428571,0.7486979166666667,0.25,0.04036458333333337
0.0,0.24999999999999997,0.9,0.75,0.7916666666666666,0.7916666666666666,1.0,1.0,1.0,1.0,0.20833333333333334,1.0,0.84375,0.20833333333333337,0.05208333333333337
0.0,0.24999999999999997,0.9,0.75,0.875,0.875,1.0,0.9583333333333334,0.9583333333333334,1.0,0.125,0.6666666666666666,0.8684895833333334,0.08333333333333337,-0.00651041666666663
0.0,0.24999999999999997,0.9,0.75,0.9583333333333334,0.9583333333333334,1.0,1.0,1.0,1.0,0.041666666666666664,1.0,0.96875,0.04166666666666663,0.01041666666666663
0.0,0.24999999999999997,0.9,0.75,0.9583333333333334,0.9583333333333334,1.0,1.0,1.0,1.0,0.041666666666666664,1.0,0.96875,0.04166666666666663,0.01041666666666663
0.0,0.24999999999999997,0.9,0.75,0.9166666666666666,0.9166666666666666,1.0,1.0,1.0,1.0,0.08333333333333333,1.0,0.9375,0.08333333333333337,0.02083333333333337
0.0,0.24999999999999997,0.9,0.75,0.875,0.875,1.0,1.0,1.0,1.0,0.125,1.0,0.90625,0.125,0.03125
0.0,0.24999999999999997,0.9,0.75,1.0,1.0,1.0,1.0,1.0,1.0,0.0,1.0,1.0,0.0,0.0
0.0,0.24999999999999997,0.9,0.75,0.7916666666666666,0.7916666666666666,1.0,0.9583333333333334,0.9583333333333334,1.0,0.20833333333333334,0.8,0.80859375,0.16666666666666674,0.01692708333333337
0.0,0.24999999999999997,0.9,0.75,0.9166666666666666,0.9166666666666666,1.0,1.0,1.0,1.0,0.08333333333333333,1.0,0.9375,0.08333333333333337,0.02083333333333337
0.0,0.24999999999999997,0.9,0.75,0.7083333333333334,0.7083333333333334,1.0,0.9583333333333334,0.9583333333333334,1.0,0.2916666666666667,0.8571428571428571,0.7486979166666667,0.25,0.04036458333333337
0.0,0.24999999999999997,0.9,0.75,1.0,1.0,1.0,1.0,1.0,1.0,0.0,1.0,1.0,0.0,0.0
0.0,0.3,0.9,0.75,0.875,0.875,1.0,1.0,1.0,1.0,0.125,1.0,0.90625,0.125,0.03125
0.0,0.3,0.9,0.75,0.875,0.875,1.0,1.0,1.0,1.0,0.125,1.0,0.90625,0.125,0.03125
0.0,0.3,0.9,0.75,0.7916666666666666,0.7916666666666666,1.0,1.0,1.0,1.0,0.20833333333333334,1.0,0.84375,0.20833333333333337,0.05208333333333337
0.0,0.3,0.9,0.75,0.7083333333333334,0.7083333333333334,1.0,1.0,1.0,1.0,0.2916666666666667,1.0,0.78125,0.29166666666666663,0.07291666666666663
0.0,0.3,0.9,0.75,0.7916666666666666,0.7916666666666666,1.0,0.9583333333333334,0.9583333333333334,1.0,0.20833333333333334,0.8,0.80859375,0.16666666666666674,0.01692708333333337
0.0,0.3,0.9,0.75,0.7916666666666666,0.7916666666666666,1.0,0.9166666666666666,0.9166666666666666,1.0,0.20833333333333334,0.6,0.7734375,0.125,-0.01822916666666663
0.0,0.3,0.9,0.75,1.0,1.0,1.0,1.0,1.0,1.0,0.0,1.0,1.0,0.0,0.0
0.0,0.3,0.9,0.75,0.9583333333333334,0.9583333333333334,1.0,1.0,1.0,1.0,0.041666666666666664,1.0,0.96875,0.04166666666666663,0.01041666666666663
0.0,0.3,0.9,0.75,0.8402777777777777,0.9166666666666666,0.9166666666666666,1.0,1.0,1.0,0.08333333333333333,1.0,0.9375,0.15972222222222232,0.09722222222222232
0.0,0.3,0.9,0.75,1.0,1.0,1.0,1.0,1.0,1.0,0.0,1.0,1.0,0.0,0.0
0.0,0.3,0.9,0.75,0.7916666666666666,0.7916666666666666,1.0,1.0,1.0,1.0,0.20833333333333334,1.0,0.84375,0.20833333333333337,0.05208333333333337
0.0,0.3,0.9,0.75,0.8333333333333334,0.8333333333333334,1.0,0.9583333333333334,0.9583333333333334,1.0,0.16666666666666666,0.75,0.8385416666666667,0.125,0.00520833333333337
0.0,0.3,0.9,0.75,0.8333333333333334,0.8333333333333334,1.0,1.0,1.0,1.0,0.16666666666666666,1.0,0.875,0.16666666666666663,0.04166666666666663
0.0,0.3,0.9,0.75,0.9166666666666666,0.9166666666666666,1.0,1.0,1.0,1.0,0.08333333333333333,1.0,0.9375,0.08333333333333337,0.02083333333333337
0.0,0.3,0.9,0.75,0.9583333333333334,0.9583333333333334,1.0,1.0,1.0,1.0,0.041666666666666664,1.0,0.96875,0.04166666666666663,0.01041666666666663
0.0,0.3,0.9,0.75,0.9166666666666666,0.9166666666666666,1.0,1.0,1.0,1.0,0.08333333333333333,1.0,0.9375,0.08333333333333337,0.02083333333333337
0.0,0.3,0.9,0.75,0.7916666666666666,0.7916666666666666,1.0,1.0,1.0,1.0,0.20833333333333334,1.0,0.84375,0.20833333333333337,0.05208333333333337
0.0,0.3,0.9,0.75,0.9583333333333334,0.9583333333333334,1.0,1.0,1.0,1.0,0.041666666666666664,1.0,0.96875,0.04166666666666663,0.01041666666666663
0.0,0.3,0.9,0.75,0.75,0.75,1.0,1.0,1.0,1.0,0.25,1.0,0.8125,0.25,0.0625
0.0,0.3,0.9,0.75,0.7083333333333334,0.7083333333333334,1.0,0.9166666666666666,0.9166666666666666,1.0,0.2916666666666667,0.7142857142857143,0.7161458333333333,0.20833333333333326,0.007812499999999889
0.0,0.3,0.9,0.75,0.9166666666666666,0.9166666666666666,1.0,0.9583333333333334,0.9583333333333334,1.0,0.08333333333333333,0.5,0.8984375,0.04166666666666674,-0.01822916666666663
0.0,0.3,0.9,0.75,0.8333333333333334,0.8333333333333334,1.0,1.0,1.0,1.0,0.16666666666666666,1.0,0.875,0.16666666666666663,0.04166666666666663
0.0,0.3,0.9,0.75,1.0,1.0,1.0,1.0,1.0,1.0,0.0,1.0,1.0,0.0,0.0
0.0,0.3,0.9,0.75,0.9166666666666666,0.9166666666666666,1.0,1.0,1.0,1.0,0.08333333333333333,1.0,0.9375,0.08333333333333337,0.02083333333333337
0.0,0.3,0.9,0.75,0.8333333333333334,0.8333333333333334,1.0,0.9583333333333334,0.9583333333333334,1.0,0.16666666666666666,0.75,0.8385416666666667,0.125,0.00520833333333337
0.0,0.35,0.9,0.75,0.7916666666666666,0.7916666666666666,1.0,1.0,1.0,1.0,0.20833333333333334,1.0,0.84375,0.20833333333333337,0.05208333333333337
0.0,0.35,0.9,0.75,0.75,0.75,1.0,1.0,1.0,1.0,0.25,1.0,0.8125,0.25,0.0625
0.0,0.35,0.9,0.75,0.875,0.875,1.0,0.9583333333333334,0.9583333333333334,1.0,0.125,0.6666666666666666,0.8684895833333334,0.08333333333333337,-0.00651041666666663
0.0,0.35,0.9,0.75,0.75,0.75,1.0,1.0,1.0,1.0,0.25,1.0,0.8125,0.25,0.0625
0.0,0.35,0.9,0.75,0.7916666666666666,0.7916666666666666,1.0,1.0,1.0,1.0,0.20833333333333334,1.0,0.84375,0.20833333333333337,0.05208333333333337
0.0,0.35,0.9,0.75,1.0,1.0,1.0,1.0,1.0,1.0,0.0,1.0,1.0,0.0,0.0
0.0,0.35,0.9,0.75,0.9583333333333334,0.9583333333333334,1.0,0.9583333333333334,0.9583333333333334,1.0,0.041666666666666664,0.0,0.9283854166666667,0.0,-0.02994791666666663
0.0,0.35,0.9,0.75,0.875,0.875,1.0,1.0,1.0,1.0,0.125,1.0,0.90625,0.125,0.03125
0.0,0.35,0.9,0.75,0.9583333333333334,0.9583333333333334,1.0,1.0,1.0,1.0,0.041666666666666664,1.0,0.96875,0.04166666666666663,0.01041666666666663
0.0,0.35,0.9,0.75,0.9166666666666666,0.9166666666666666,1.0,1.0,1.0,1.0,0.08333333333333333,1.0,0.9375,0.08333333333333337,0.02083333333333337
0.0,0.35,0.9,0.75,0.9583333333333334,0.9583333333333334,1.0,1.0,1.0,1.0,0.041666666666666664,1.0,0.96875,0.04166666666666663,0.01041666666666663
0.0,0.35,0.9,0.75,0.875,0.875,1.0,1.0,1.0,1.0,0.125,1.0,0.90625,0.125,0.03125
0.0,0.35,0.9,0.75,0.8333333333333334,0.8333333333333334,1.0,0.9583333333333334,0.9583333333333334,1.0,0.16666666666666666,0.75,0.8385416666666667,0.125,0.00520833333333337
0.0,0.35,0.9,0.75,0.6666666666666666,0.6666666666666666,1.0,0.9583333333333334,0.9583333333333334,1.0,0.3333333333333333,0.875,0.71875,0.29166666666666674,0.05208333333333337
0.0,0.35,0.9,0.75,0.7916666666666666,0.7916666666666666,1.0,1.0,1.0,1.0,0.20833333333333334,1.0,0.84375,0.20833333333333337,0.05208333333333337
0.0,0.35,0.9,0.75,0.875,0.875,1.0,1.0,1.0,1.0,0.125,1.0,0.90625,0.125,0.03125
0.0,0.35,0.9,0.75,0.9166666666666666,0.9166666666666666,1.0,1.0,1.0,1.0,0.08333333333333333,1.0,0.9375,0.08333333333333337,0.02083333333333337
0.0,0.35,0.9,0.75,0.9583333333333334,0.9583333333333334,1.0,0.9583333333333334,0.9583333333333334,1.0,0.041666666666666664,0.0,0.9283854166666667,0.0,-0.02994791666666663
0.0,0.35,0.9,0.75,0.875,0.875,1.0,1.0,1.0,1.0,0.125,1.0,0.90625,0.125,0.03125
0.0,0.35,0.9,0.75,0.9583333333333334,0.9583333333333334,1.0,1.0,1.0,1.0,0.041666666666666664,1.0,0.96875,0.04166666666666663,0.01041666666666663
0.0,0.35,0.9,0.75,0.7256944444444444,0.7916666666666666,0.9166666666666666,1.0,1.0,1.0,0.20833333333333334,1.0,0.84375,0.2743055555555556,0.11805555555555558
0.0,0.35,0.9,0.75,0.7916666666666666,0.7916666666666666,1.0,0.9583333333333334,0.9583333333333334,1.0,0.20833333333333334,0.8,0.80859375,0.16666666666666674,0.01692708333333337
0.0,0.35,0.9,0.75,0.875,0.875,1.0,1.0,1.0,1.0,0.125,1.0,0.90625,0.125,0.03125
0.0,0.35,0.9,0.75,0.7256944444444444,0.7916666666666666,0.9166666666666666,1.0,1.0,1.0,0.20833333333333334,1.0,0.84375,0.2743055555555556,0.11805555555555558
0.0,0.35,0.9,0.75,0.7916666666666666,0.7916666666666666,1.0,1.0,1.0,1.0,0.20833333333333334,1.0,0.84375,0.20833333333333337,0.05208333333333337
0.0,0.39999999999999997,0.9,0.75,0.75,0.75,1.0,1.0,1.0,1.0,0.25,1.0,0.8125,0.25,0.0625
0.0,0.39999999999999997,0.9,0.75,0.8333333333333334,0.8333333333333334,1.0,1.0,1.0,1.0,0.16666666666666666,1.0,0.875,0.16666666666666663,0.04166666666666663
0.0,0.39999999999999997,0.9,0.75,0.49652777777777773,0.5416666666666666,0.9166666666666666,0.9583333333333334,0.9583333333333334,1.0,0.4583333333333333,0.9090909090909091,0.62890625,0.46180555555555564,0.13237847222222227
0.0,0.39999999999999997,0.9,0.75,0.8333333333333334,0.8333333333333334,1.0,1.0,1.0,1.0,0.16666666666666666,1.0,0.875,0.16666666666666663,0.04166666666666663
0.0,0.39999999999999997,0.9,0.75,0.7916666666666666,0.7916666666666666,1.0,0.875,0.875,1.0,0.20833333333333334,0.4,0.73828125,0.08333333333333337,-0.05338541666666663
0.0,0.39999999999999997,0.9,0.75,0.6875,0.75,0.9166666666666666,0.9166666666666666,0.9166666666666666,1.0,0.25,0.6666666666666666,0.7447916666666666,0.22916666666666663,0.05729166666666663
0.0,0.39999999999999997,0.9,0.75,0.7916666666666666,0.7916666666666666,1.0,1.0,1.0,1.0,0.20833333333333334,1.0,0.84375,0.20833333333333337,0.05208333333333337
0.0,0.39999999999999997,0.9,0.75,0.875,0.875,1.0,1.0,1.0,1.0,0.125,1.0,0.90625,0.125,0.03125
0.0,0.39999999999999997,0.9,0.75,0.8333333333333334,0.8333333333333334,1.0,1.0,1.0,1.0,0.16666666666666666,1.0,0.875,0.16666666666666663,0.04166666666666663
0.0,0.39999999999999997,0.9,0.75,0.9166666666666666,0.9166666666666666,1.0,1.0,1.0,1.0,0.08333333333333333,1.0,0.9375,0.08333333333333337,0.02083333333333337
0.0,0.39999999999999997,0.9,0.75,0.75,0.75,1.0,0.9583333333333334,0.9583333333333334,1.0,0.25,0.8333333333333334,0.7786458333333334,0.20833333333333337,0.02864583333333337
0.0,0.39999999999999997,0.9,0.75,0.8333333333333334,0.8333333333333334,1.0,1.0,1.0,1.0,0.16666666666666666,1.0,0.875,0.16666666666666663,0.04166666666666663
0.0,0.39999999999999997,0.9,0.75,0.9166666666666666,0.9166666666666666,1.0,1.0,1.0,1.0,0.08333333333333333,1.0,0.9375,0.08333333333333337,0.02083333333333337
0.0,0.39999999999999997,0.9,0.75,0.6875,0.75,0.9166666666666666,1.0,1.0,1.0,0.25,1.0,0.8125,0.3125,0.125
0.0,0.39999999999999997,0.9,0.75,0.9583333333333334,0.9583333333333334,1.0,1.0,1.0,1.0,0.041666666666666664,1.0,0.96875,0.04166666666666663,0.01041666666666663
0.0,0.39999999999999997,0.9,0.75,0.75,0.75,1.0,1.0,1.0,1.0,0.25,1.0,0.8125,0.25,0.0625
0.0,0.39999999999999997,0.9,0.75,0.7916666666666666,0.7916666666666666,1.0,1.0,1.0,1.0,0.20833333333333334,1.0,0.84375,0.20833333333333337,0.05208333333333337
0.0,0.39999999999999997,0.9,0.75,0.875,0.875,1.0,1.0,1.0,1.0,0.125,1.0,0.90625,0.125,0.03125
0.0,0.39999999999999997,0.9,0.75,0.9166666666666666,0.9166666666666666,1.0,1.0,1.0,1.0,0.08333333333333333,1.0,0.9375,0.08333333333333337,0.02083333333333337
0.0,0.39999999999999997,0.9,0.75,0.7916666666666666,0.7916666666666666,1.0,1.0,1.0,1.0,0.20833333333333334,1.0,0.84375,0.20833333333333337,0.05208333333333337
0.0,0.39999999999999997,0.9,0.75,0.625,0.625,1.0,0.9583333333333334,0.9583333333333334,1.0,0.375,0.8888888888888888,0.6888020833333334,0.33333333333333337,0.06380208333333337
0.0,0.39999999999999997,0.9,0.75,0.75,0.75,1.0,1.0,1.0,1.0,0.25,1.0,0.8125,0.25,0.0625
0.0,0.39999999999999997,0.9,0.75,0.7916666666666666,0.7916666666666666,1.0,0.9583333333333334,0.9583333333333334,1.0,0.20833333333333334,0.8,0.80859375,0.16666666666666674,0.01692708333333337
0.0,0.39999999999999997,0.9,0.75,0.6666666666666666,0.6666666666666666,1.0,1.0,1.0,1.0,0.3333333333333333,1.0,0.75,0.33333333333333337,0.08333333333333337
0.0,0.39999999999999997,0.9,0.75,0.8333333333333334,0.8333333333333334,1.0,1.0,1.0,1.0,0.16666666666666666,1.0,0.875,0.16666666666666663,0.04166666666666663
0.0,0.44999999999999996,0.9,0.75,0.75,0.75,1.0,0.9166666666666666,0.9166666666666666,1.0,0.25,0.6666666666666666,0.7447916666666666,0.16666666666666663,-0.00520833333333337
0.0,0.44999999999999996,0.9,0.75,0.875,0.875,1.0,1.0,1.0,1.0,0.125,1.0,0.90625,0.125,0.03125
0.0,0.44999999999999996,0.9,0.75,0.7916666666666666,0.7916666666666666,1.0,1.0,1.0,1.0,0.20833333333333334,1.0,0.84375,0.20833333333333337,0.05208333333333337
0.0,0.44999999999999996,0.9,0.75,0.75,0.75,1.0,0.9166666666666666,0.9166666666666666,1.0,0.25,0.6666666666666666,0.7447916666666666,0.16666666666666663,-0.00520833333333337
0.0,0.44999999999999996,0.9,0.75,0.7916666666666666,0.7916666666666666,1.0,0.9583333333333334,0.9583333333333334,1.0,0.20833333333333334,0.8,0.80859375,0.16666666666666674,0.01692708333333337
0.0,0.44999999999999996,0.9,0.75,0.7916666666666666,0.7916666666666666,1.0,0.9583333333333334,0.9583333333333334,1.0,0.20833333333333334,0.8,0.80859375,0.16666666666666674,0.01692708333333337
0.0,0.44999999999999996,0.9,0.75,0.75,0.75,1.0,0.9166666666666666,0.9166666666666666,1.0,0.25,0.6666666666666666,0.7447916666666666,0.16666666666666663,-0.00520833333333337
0.0,0.44999999999999996,0.9,0.75,0.9166666666666666,0.9166666666666666,1.0,1.0,1.0,1.0,0.08333333333333333,1.0,0.9375,0.08333333333333337,0.02083333333333337
0.0,0.44999999999999996,0.9,0.75,0.7916666666666666,0.7916666666666666,1.0,0.9583333333333334,0.9583333333333334,1.0,0.20833333333333334,0.8,0.80859375,0.16666666666666674,0.01692708333333337
0.0,0.44999999999999996,0.9,0.75,0.7916666666666666,0.7916666666666666,1.0,1.0,1.0,1.0,0.20833333333333334,1.0,0.84375,0.20833333333333337,0.05208333333333337
0.0,0.44999999999999996,0.9,0.75,0.75,0.75,1.0,0.9583333333333334,0.9583333333333334,1.0,0.25,0.8333333333333334,0.7786458333333334,0.20833333333333337,0.02864583333333337
0.0,0.44999999999999996,0.9,0.75,0.8333333333333334,0.8333333333333334,1.0,1.0,1.0,1.0,0.16666666666666666,1.0,0.875,0.16666666666666663,0.04166666666666663
0.0,0.44999999999999996,0.9,0.75,0.8333333333333334,0.8333333333333334,1.0,0.9583333333333334,0.9583333333333334,1.0,0.16666666666666666,0.75,0.8385416666666667,0.125,0.00520833333333337
0.0,0.44999999999999996,0.9,0.75,0.8333333333333334,0.8333333333333334,1.0,0.9583333333333334,0.9583333333333334,1.0,0.16666666666666666,0.75,0.8385416666666667,0.125,0.00520833333333337
0.0,0.44999999999999996,0.9,0.75,0.6666666666666666,0.6666666666666666,1.0,0.9583333333333334,0.9583333333333334,1.0,0.3333333333333333,0.875,0.71875,0.29166666666666674,0.05208333333333337
0.0,0.44999999999999996,0.9,0.75,0.7083333333333334,0.7083333333333334,1.0,1.0,1.0,1.0,0.2916666666666667,1.0,0.78125,0.29166666666666663,0.07291666666666663
0.0,0.44999999999999996,0.9,0.75,0.875,0.875,1.0,1.0,1.0,1.0,0.125,1.0,0.90625,0.125,0.03125
0.0,0.44999999999999996,0.9,0.75,0.9166666666666666,0.9166666666666666,1.0,1.0,1.0,1.0,0.08333333333333333,1.0,0.9375,0.08333333333333337,0.02083333333333337
0.0,0.44999999999999996,0.9,0.75,0.9166666666666666,0.9166666666666666,1.0,1.0,1.0,1.0,0.08333333333333333,1.0,0.9375,0.08333333333333337,0.02083333333333337
0.0,0.44999999999999996,0.9,0.75,0.6666666666666666,0.6666666666666666,1.0,0.9583333333333334,0.9583333333333334,1.0,0.3333333333333333,0.875,0.71875,0.29166666666666674,0.05208333333333337
0.0,0.44999999999999996,0.9,0.75,0.75,0.75,1.0,1.0,1.0,1.0,0.25,1.0,0.8125,0.25,0.0625
0.0,0.44999999999999996,0.9,0.75,0.75,0.75,1.0,0.9583333333333334,0.9583333333333334,1.0,0.25,0.8333333333333334,0.7786458333333334,0.20833333333333337,0.02864583333333337
0.0,0.44999999999999996,0.9,0.75,0.7083333333333334,0.7083333333333334,1.0,0.9583333333333334,0.9583333333333334,1.0,0.2916666666666667,0.8571428571428571,0.7486979166666667,0.25,0.04036458333333337
0.0,0.44999999999999996,0.9,0.75,0.75,0.75,1.0,1.0,1.0,1.0,0.25,1.0,0.8125,0.25,0.0625
0.0,0.44999999999999996,0.9,0.75,0.75,0.75,1.0,0.9583333333333334,0.9583333333333334,1.0,0.25,0.8333333333333334,0.7786458333333334,0.20833333333333337,0.02864583333333337
0.0,0.49999999999999994,0.9,0.75,0.7083333333333334,0.7083333333333334,1.0,0.875,0.875,1.0,0.2916666666666667,0.5714285714285714,0.68359375,0.16666666666666663,-0.02473958333333337
0.0,0.49999999999999994,0.9,0.75,0.625,0.625,1.0,0.9583333333333334,0.9583333333333334,1.0,0.375,0.8888888888888888,0.6888020833333334,0.33333333333333337,0.06380208333333337
0.0,0.49999999999999994,0.9,0.75,0.7916666666666666,0.7916666666666666,1.0,1.0,1.0,1.0,0.20833333333333334,1.0,0.84375,0.20833333333333337,0.05208333333333337
0.0,0.49999999999999994,0.9,0.75,0.7916666666666666,0.7916666666666666,1.0,1.0,1.0,1.0,0.20833333333333334,1.0,0.84375,0.20833333333333337,0.05208333333333337
0.0,0.49999999999999994,0.9,0.75,0.8333333333333334,0.8333333333333334,1.0,1.0,1.0,1.0,0.16666666666666666,1.0,0.875,0.16666666666666663,0.04166666666666663
0.0,0.49999999999999994,0.9,0.75,0.7916666666666666,0.7916666666666666,1.0,0.9583333333333334,0.9583333333333334,1.0,0.20833333333333334,0.8,0.80859375,0.16666666666666674,0.01692708333333337
0.0,0.49999999999999994,0.9,0.75,0.8333333333333334,0.8333333333333334,1.0,1.0,1.0,1.0,0.16666666666666666,1.0,0.875,0.16666666666666663,0.04166666666666663
0.0,0.49999999999999994,0.9,0.75,0.7916666666666666,0.7916666666666666,1.0,1.0,1.0,1.0,0.20833333333333334,1.0,0.84375,0.20833333333333337,0.05208333333333337
0.0,0.49999999999999994,0.9,0.75,0.875,0.875,1.0,1.0,1.0,1.0,0.125,1.0,0.90625,0.125,0.03125
0.0,0.49999999999999994,0.9,0.75,0.75,0.75,1.0,0.9583333333333334,0.9583333333333334,1.0,0.25,0.8333333333333334,0.7786458333333334,0.20833333333333337,0.02864583333333337
0.0,0.49999999999999994,0.9,0.75,0.875,0.875,1.0,0.9583333333333334,0.9583333333333334,1.0,0.125,0.6666666666666666,0.8684895833333334,0.08333333333333337,-0.00651041666666663
0.0,0.49999999999999994,0.9,0.75,0.7916666666666666,0.7916666666666666,1.0,1.0,1.0,1.0,0.20833333333333334,1.0,0.84375,0.20833333333333337,0.05208333333333337
0.0,0.49999999999999994,0.9,0.75,0.6666666666666666,0.6666666666666666,1.0,1.0,1.0,1.0,0.3333333333333333,1.0,0.75,0.33333333333333337,0.08333333333333337
0.0,0.49999999999999994,0.9,0.75,0.75,0.75,1.0,0.9583333333333334,0.9583333333333334,1.0,0.25,0.8333333333333334,0.7786458333333334,0.20833333333333337,0.02864583333333337
0.0,0.49999999999999994,0.9,0.75,0.8333333333333334,0.8333333333333334,1.0,0.9583333333333334,0.9583333333333334,1.0,0.16666666666666666,0.75,0.8385416666666667,0.125,0.00520833333333337
0.0,0.49999999999999994,0.9,0.75,0.8333333333333334,0.8333333333333334,1.0,1.0,1.0,1.0,0.16666666666666666,1.0,0.875,0.16666666666666663,0.04166666666666663
0.0,0.49999999999999994,0.9,0.75,0.75,0.75,1.0,0.9583333333333334,0.9583333333333334,1.0,0.25,0.8333333333333334,0.7786458333333334,0.20833333333333337,0.02864583333333337
0.0,0.49999999999999994,0.9,0.75,0.7916666666666666,0.7916666666666666,1.0,1.0,1.0,1.0,0.20833333333333334,1.0,0.84375,0.20833333333333337,0.05208333333333337
0.0,0.49999999999999994,0.9,0.75,0.7083333333333334,0.7083333333333334,1.0,0.9583333333333334,0.9583333333333334,1.0,0.2916666666666667,0.8571428571428571,0.7486979166666667,0.25,0.04036458333333337
0.0,0.49999999999999994,0.9,0.75,0.875,0.875,1.0,1.0,1.0,1.0,0.125,1.0,0.90625,0.125,0.03125
0.0,0.49999999999999994,0.9,0.75,0.8333333333333334,0.8333333333333334,1.0,1.0,1.0,1.0,0.16666666666666666,1.0,0.875,0.16666666666666663,0.04166666666666663
0.0,0.49999999999999994,0.9,0.75,0.7916666666666666,0.7916666666666666,1.0,1.0,1.0,1.0,0.20833333333333334,1.0,0.84375,0.20833333333333337,0.05208333333333337
0.0,0.49999999999999994,0.9,0.75,0.7916666666666666,0.7916666666666666,1.0,0.9583333333333334,0.9583333333333334,1.0,0.20833333333333334,0.8,0.80859375,0.16666666666666674,0.01692708333333337
0.0,0.49999999999999994,0.9,0.75,0.7916666666666666,0.7916666666666666,1.0,1.0,1.0,1.0,0.20833333333333334,1.0,0.84375,0.20833333333333337,0.05208333333333337
0.0,0.49999999999999994,0.9,0.75,0.75,0.75,1.0,0.9583333333333334,0.9583333333333334,1.0,0.25,0.8333333333333334,0.7786458333333334,0.20833333333333337,0.02864583333333337
0.0,0.5499999999999999,0.9,0.75,0.8333333333333334,0.8333333333333334,1.0,0.9583333333333334,0.9583333333333334,1.0,0.16666666666666666,0.75,0.8385416666666667,0.125,0.00520833333333337
0.0,0.5499999999999999,0.9,0.75,0.7083333333333334,0.7083333333333334,1.0,0.875,0.875,1.0,0.2916666666666667,0.5714285714285714,0.68359375,0.16666666666666663,-0.02473958333333337
0.0,0.5499999999999999,0.9,0.75,0.7083333333333334,0.7083333333333334,1.0,1.0,1.0,1.0,0.2916666666666667,1.0,0.78125,0.29166666666666663,0.07291666666666663
0.0,0.5499999999999999,0.9,0.75,0.7083333333333334,0.7083333333333334,1.0,0.9166666666666666,0.9166666666666666,1.0,0.2916666666666667,0.7142857142857143,0.7161458333333333,0.20833333333333326,0.007812499999999889
0.0,0.5499999999999999,0.9,0.75,0.375,0.5,0.75,0.875,0.875,1.0,0.5,0.75,0.546875,0.5,0.171875
0.0,0.5499999999999999,0.9,0.75,0.6666666666666666,0.6666666666666666,1.0,0.9583333333333334,0.9583333333333334,1.0,0.3333333333333333,0.875,0.71875,0.29166666666666674,0.05208333333333337
0.0,0.5499999999999999,0.9,0.75,0.7083333333333334,0.7083333333333334,1.0,0.9583333333333334,0.9583333333333334,1.0,0.2916666666666667,0.8571428571428571,0.7486979166666667,0.25,0.04036458333333337
0.0,0.5499999999999999,0.9,0.75,0.875,0.875,1.0,0.9583333333333334,0.9583333333333334,1.0,0.125,0.6666666666666666,0.8684895833333334,0.08333333333333337,-0.00651041666666663
0.0,0.5499999999999999,0.9,0.75,0.7083333333333334,0.7083333333333334,1.0,0.9583333333333334,0.9583333333333334,1.0,0.2916666666666667,0.8571428571428571,0.7486979166666667,0.25,0.04036458333333337
0.0,0.5499999999999999,0.9,0.75,0.5729166666666666,0.625,0.9166666666666666,1.0,1.0,1.0,0.375,1.0,0.71875,0.42708333333333337,0.14583333333333337
0.0,0.5499999999999999,0.9,0.75,0.875,0.875,1.0,1.0,1.0,1.0,0.125,1.0,0.90625,0.125,0.03125
0.0,0.5499999999999999,0.9,0.75,0.5729166666666666,0.625,0.9166666666666666,0.875,0.875,1.0,0.375,0.6666666666666666,0.62890625,0.30208333333333337,0.05598958333333337
0.0,0.5499999999999999,0.9,0.75,0.7916666666666666,0.7916666666666666,1.0,1.0,1.0,1.0,0.20833333333333334,1.0,0.84375,0.20833333333333337,0.05208333333333337
0.0,0.5499999999999999,0.9,0.75,0.75,0.75,1.0,1.0,1.0,1.0,0.25,1.0,0.8125,0.25,0.0625
0.0,0.5499999999999999,0.9,0.75,0.7916666666666666,0.7916666666666666,1.0,1.0,1.0,1.0,0.20833333333333334,1.0,0.84375,0.20833333333333337,0.05208333333333337
0.0,0.5499999999999999,0.9,0.75,0.75,0.75,1.0,0.9583333333333334,0.9583333333333334,1.0,0.25,0.8333333333333334,0.7786458333333334,0.20833333333333337,0.02864583333333337
0.0,0.5499999999999999,0.9,0.75,0.7083333333333334,0.7083333333333334,1.0,1.0,1.0,1.0,0.2916666666666667,1.0,0.78125,0.29166666666666663,0.07291666666666663
0.0,0.5499999999999999,0.9,0.75,0.7916666666666666,0.7916666666666666,1.0,1.0,1.0,1.0,0.20833333333333334,1.0,0.84375,0.20833333333333337,0.05208333333333337
0.0,0.5499999999999999,0.9,0.75,0.7083333333333334,0.7083333333333334,1.0,1.0,1.0,1.0,0.2916666666666667,1.0,0.78125,0.29166666666666663,0.07291666666666663
0.0,0.5499999999999999,0.9,0.75,0.5833333333333334,0.5833333333333334,1.0,1.0,1.0,1.0,0.4166666666666667,1.0,0.6875,0.41666666666666663,0.10416666666666663
0.0,0.5499999999999999,0.9,0.75,0.7083333333333334,0.7083333333333334,1.0,0.9583333333333334,0.9583333333333334,1.0,0.2916666666666667,0.8571428571428571,0.7486979166666667,0.25,0.04036458333333337
0.0,0.5499999999999999,0.9,0.75,0.625,0.625,1.0,0.9583333333333334,0.9583333333333334,1.0,0.375,0.8888888888888888,0.6888020833333334,0.33333333333333337,0.06380208333333337
0.0,0.5499999999999999,0.9,0.75,0.7083333333333334,0.7083333333333334,1.0,0.9583333333333334,0.9583333333333334,1.0,0.2916666666666667,0.8571428571428571,0.7486979166666667,0.25,0.04036458333333337
0.0,0.5499999999999999,0.9,0.75,0.7916666666666666,0.7916666666666666,1.0,1.0,1.0,1.0,0.20833333333333334,1.0,0.84375,0.20833333333333337,0.05208333333333337
0.0,0.5499999999999999,0.9,0.75,0.625,0.625,1.0,0.9583333333333334,0.9583333333333334,1.0,0.375,0.8888888888888888,0.6888020833333334,0.33333333333333337,0.06380208333333337
0.0,0.6,0.9,0.75,0.625,0.625,1.0,1.0,1.0,1.0,0.375,1.0,0.71875,0.375,0.09375
0.0,0.6,0.9,0.75,0.7083333333333334,0.7083333333333334,1.0,0.9583333333333334,0.9583333333333334,1.0,0.2916666666666667,0.8571428571428571,0.7486979166666667,0.25,0.04036458333333337
0.0,0.6,0.9,0.75,0.7916666666666666,0.7916666666666666,1.0,0.9583333333333334,0.9583333333333334,1.0,0.20833333333333334,0.8,0.80859375,0.16666666666666674,0.01692708333333337
0.0,0.6,0.9,0.75,0.6666666666666666,0.6666666666666666,1.0,0.9583333333333334,0.9583333333333334,1.0,0.3333333333333333,0.875,0.71875,0.29166666666666674,0.05208333333333337
0.0,0.6,0.9,0.75,0.6875,0.75,0.9166666666666666,1.0,1.0,1.0,0.25,1.0,0.8125,0.3125,0.125
0.0,0.6,0.9,0.75,0.75,0.75,1.0,0.9583333333333334,0.9583333333333334,1.0,0.25,0.8333333333333334,0.7786458333333334,0.20833333333333337,0.02864583333333337
0.0,0.6,0.9,0.75,0.7916666666666666,0.7916666666666666,1.0,1.0,1.0,1.0,0.20833333333333334,1.0,0.84375,0.20833333333333337,0.05208333333333337
0.0,0.6,0.9,0.75,0.625,0.625,1.0,1.0,1.0,1.0,0.375,1.0,0.71875,0.375,0.09375
0.0,0.6,0.9,0.75,0.7083333333333334,0.7083333333333334,1.0,1.0,1.0,1.0,0.2916666666666667,1.0,0.78125,0.29166666666666663,0.07291666666666663
0.0,0.6,0.9,0.75,0.6666666666666666,0.6666666666666666,1.0,1.0,1.0,1.0,0.3333333333333333,1.0,0.75,0.33333333333333337,0.08333333333333337
0.0,0.6,0.9,0.75,0.625,0.625,1.0,1.0,1.0,1.0,0.375,1.0,0.71875,0.375,0.09375
0.0,0.6,0.9,0.75,0.7083333333333334,0.7083333333333334,1.0,1.0,1.0,1.0,0.2916666666666667,1.0,0.78125,0.29166666666666663,0.07291666666666663
0.0,0.6,0.9,0.75,0.6666666666666666,0.6666666666666666,1.0,0.9583333333333334,0.9583333333333334,1.0,0.3333333333333333,0.875,0.71875,0.29166666666666674,0.05208333333333337
0.0,0.6,0.9,0.75,0.7083333333333334,0.7083333333333334,1.0,0.9583333333333334,0.9583333333333334,1.0,0.2916666666666667,0.8571428571428571,0.7486979166666667,0.25,0.04036458333333337
0.0,0.6,0.9,0.75,0.7916666666666666,0.7916666666666666,1.0,1.0,1.0,1.0,0.20833333333333334,1.0,0.84375,0.20833333333333337,0.05208333333333337
0.0,0.6,0.9,0.75,0.7916666666666666,0.7916666666666666,1.0,1.0,1.0,1.0,0.20833333333333334,1.0,0.84375,0.20833333333333337,0.05208333333333337
0.0,0.6,0.9,0.75,0.6666666666666666,0.6666666666666666,1.0,0.9583333333333334,0.9583333333333334,1.0,0.3333333333333333,0.875,0.71875,0.29166666666666674,0.05208333333333337
0.0,0.6,0.9,0.75,0.75,0.75,1.0,0.875,0.875,1.0,0.25,0.5,0.7109375,0.125,-0.0390625
0.0,0.6,0.9,0.75,0.6666666666666666,0.6666666666666666,1.0,1.0,1.0,1.0,0.3333333333333333,1.0,0.75,0.33333333333333337,0.08333333333333337
0.0,0.6,0.9,0.75,0.625,0.625,1.0,0.9583333333333334,0.9583333333333334,1.0,0.375,0.8888888888888888,0.6888020833333334,0.33333333333333337,0.06380208333333337
0.0,0.6,0.9,0.75,0.7083333333333334,0.7083333333333334,1.0,1.0,1.0,1.0,0.2916666666666667,1.0,0.78125,0.29166666666666663,0.07291666666666663
0.0,0.6,0.9,0.75,0.75,0.75,1.0,1.0,1.0,1.0,0.25,1.0,0.8125,0.25,0.0625
0.0,0.6,0.9,0.75,0.5347222222222222,0.5833333333333334,0.9166666666666666,0.9166666666666666,0.9166666666666666,1.0,0.4166666666666667,0.8,0.6302083333333333,0.3819444444444444,0.09548611111111105
0.0,0.6,0.9,0.75,0.75,0.75,1.0,0.9583333333333334,0.9583333333333334,1.0,0.25,0.8333333333333334,0.7786458333333334,0.20833333333333337,0.02864583333333337
0.0,0.6,0.9,0.75,0.6666666666666666,0.6666666666666666,1.0,1.0,1.0,1.0,0.3333333333333333,1.0,0.75,0.33333333333333337,0.08333333333333337
0.0,0.6499999999999999,0.9,0.75,0.6666666666666666,0.6666666666666666,1.0,1.0,1.0,1.0,0.3333333333333333,1.0,0.75,0.33333333333333337,0.08333333333333337
0.0,0.6499999999999999,0.9,0.75,0.7083333333333334,0.7083333333333334,1.0,1.0,1.0,1.0,0.2916666666666667,1.0,0.78125,0.29166666666666663,0.07291666666666663
0.0,0.6499999999999999,0.9,0.75,0.625,0.625,1.0,0.9583333333333334,0.9583333333333334,1.0,0.375,0.8888888888888888,0.6888020833333334,0.33333333333333337,0.06380208333333337
0.0,0.6499999999999999,0.9,0.75,0.8333333333333334,0.8333333333333334,1.0,1.0,1.0,1.0,0.16666666666666666,1.0,0.875,0.16666666666666663,0.04166666666666663
0.0,0.6499999999999999,0.9,0.75,0.4583333333333333,0.5,0.9166666666666666,0.9583333333333334,0.9583333333333334,1.0,0.5,0.9166666666666666,0.5989583333333334,0.5,0.14062500000000006
0.0,0.6499999999999999,0.9,0.75,0.7083333333333334,0.7083333333333334,1.0,1.0,1.0,1.0,0.2916666666666667,1.0,0.78125,0.29166666666666663,0.07291666666666663
0.0,0.6499999999999999,0.9,0.75,0.4583333333333333,0.5,0.9166666666666666,0.9166666666666666,0.9166666666666666,1.0,0.5,0.8333333333333334,0.5729166666666666,0.4583333333333333,0.11458333333333331
0.0,0.6499999999999999,0.9,0.75,0.625,0.625,1.0,0.9583333333333334,0.9583333333333334,1.0,0.375,0.8888888888888888,0.6888020833333334,0.33333333333333337,0.06380208333333337
0.0,0.6499999999999999,0.9,0.75,0.5729166666666666,0.625,0.9166666666666666,1.0,1.0,1.0,0.375,1.0,0.71875,0.42708333333333337,0.14583333333333337
0.0,0.6499999999999999,0.9,0.75,0.6666666666666666,0.6666666666666666,1.0,0.875,0.875,1.0,0.3333333333333333,0.625,0.65625,0.20833333333333337,-0.01041666666666663
0.0,0.6499999999999999,0.9,0.75,0.5833333333333334,0.5833333333333334,1.0,0.9166666666666666,0.9166666666666666,1.0,0.4166666666666667,0.8,0.6302083333333333,0.33333333333333326,0.04687499999999989
0.0,0.6499999999999999,0.9,0.75,0.75,0.75,1.0,0.9583333333333334,0.9583333333333334,1.0,0.25,0.8333333333333334,0.7786458333333334,0.20833333333333337,0.02864583333333337
0.0,0.6499999999999999,0.9,0.75,0.625,0.625,1.0,0.9166666666666666,0.9166666666666666,1.0,0.375,0.7777777777777778,0.6588541666666666,0.29166666666666663,0.03385416666666663
0.0,0.6499999999999999,0.9,0.75,0.34375,0.4583333333333333,0.75,0.9583333333333334,0.9583333333333334,1.0,0.5416666666666666,0.9230769230769231,0.5690104166666667,0.6145833333333334,0.22526041666666674
0.0,0.6499999999999999,0.9,0.75,0.5833333333333334,0.5833333333333334,1.0,0.9583333333333334,0.9583333333333334,1.0,0.4166666666666667,0.9,0.6588541666666667,0.375,0.07552083333333337
0.0,0.6499999999999999,0.9,0.75,0.7916666666666666,0.7916666666666666,1.0,1.0,1.0,1.0,0.20833333333333334,1.0,0.84375,0.20833333333333337,0.05208333333333337
0.0,0.6499999999999999,0.9,0.75,0.5833333333333334,0.5833333333333334,1.0,0.9583333333333334,0.9583333333333334,1.0,0.4166666666666667,0.9,0.6588541666666667,0.375,0.07552083333333337
0.0,0.6499999999999999,0.9,0.75,0.7083333333333334,0.7083333333333334,1.0,1.0,1.0,1.0,0.2916666666666667,1.0,0.78125,0.29166666666666663,0.07291666666666663
0.0,0.6499999999999999,0.9,0.75,0.5416666666666666,0.5416666666666666,1.0,0.9583333333333334,0.9583333333333334,1.0,0.4583333333333333,0.9090909090909091,0.62890625,0.41666666666666674,0.08723958333333337
0.0,0.6499999999999999,0.9,0.75,0.5416666666666666,0.5416666666666666,1.0,0.9166666666666666,0.9166666666666666,1.0,0.4583333333333333,0.8181818181818182,0.6015625,0.375,0.05989583333333337
0.0,0.6499999999999999,0.9,0.75,0.6666666666666666,0.6666666666666666,1.0,0.9583333333333334,0.9583333333333334,1.0,0.3333333333333333,0.875,0.71875,0.29166666666666674,0.05208333333333337
0.0,0.6499999999999999,0.9,0.75,0.7083333333333334,0.7083333333333334,1.0,0.9583333333333334,0.9583333333333334,1.0,0.2916666666666667,0.8571428571428571,0.7486979166666667,0.25,0.04036458333333337
0.0,0.6499999999999999,0.9,0.75,0.7916666666666666,0.7916666666666666,1.0,1.0,1.0,1.0,0.20833333333333334,1.0,0.84375,0.20833333333333337,0.05208333333333337
0.0,0.6499999999999999,0.9,0.75,0.5833333333333334,0.5833333333333334,1.0,1.0,1.0,1.0,0.4166666666666667,1.0,0.6875,0.41666666666666663,0.10416666666666663
0.0,0.6499999999999999,0.9,0.75,0.48611111111111116,0.5833333333333334,0.8333333333333334,0.9166666666666666,0.9166666666666666,1.0,0.4166666666666667,0.8,0.6302083333333333,0.43055555555555547,0.1440972222222221
0.0,0.7,0.9,0.75,0.625,0.625,1.0,0.9583333333333334,0.9583333333333334,1.0,0.375,0.8888888888888888,0.6888020833333334,0.33333333333333337,0.06380208333333337
0.0,0.7,0.9,0.75,0.75,0.75,1.0,0.9166666666666666,0.9166666666666666,1.0,0.25,0.6666666666666666,0.7447916666666666,0.16666666666666663,-0.00520833333333337
0.0,0.7,0.9,0.75,0.1388888888888889,0.3333333333333333,0.4166666666666667,0.9583333333333334,0.9583333333333334,1.0,0.6666666666666666,0.9375,0.4791666666666667,0.8194444444444444,0.3402777777777778
0.0,0.7,0.9,0.75,0.5833333333333334,0.5833333333333334,1.0,0.9583333333333334,0.9583333333333334,1.0,0.4166666666666667,0.9,0.6588541666666667,0.375,0.07552083333333337
0.0,0.7,0.9,0.75,0.6666666666666666,0.6666666666666666,1.0,1.0,1.0,1.0,0.3333333333333333,1.0,0.75,0.33333333333333337,0.08333333333333337
0.0,0.7,0.9,0.75,0.75,0.75,1.0,0.9166666666666666,0.9166666666666666,1.0,0.25,0.6666666666666666,0.7447916666666666,0.16666666666666663,-0.00520833333333337
0.0,0.7,0.9,0.75,0.2916666666666667,0.5,0.5833333333333334,1.0,1.0,1.0,0.5,1.0,0.625,0.7083333333333333,0.3333333333333333
0.0,0.7,0.9,0.75,0.5,0.5,1.0,0.9583333333333334,0.9583333333333334,1.0,0.5,0.9166666666666666,0.5989583333333334,0.45833333333333337,0.09895833333333337
0.0,0.7,0.9,0.75,0.5833333333333334,0.5833333333333334,1.0,1.0,1.0,1.0,0.4166666666666667,1.0,0.6875,0.41666666666666663,0.10416666666666663
0.0,0.7,0.9,0.75,0.6666666666666666,0.6666666666666666,1.0,1.0,1.0,1.0,0.3333333333333333,1.0,0.75,0.33333333333333337,0.08333333333333337
0.0,0.7,0.9,0.75,0.6666666666666666,0.6666666666666666,1.0,0.9583333333333334,0.9583333333333334,1.0,0.3333333333333333,0.875,0.71875,0.29166666666666674,0.05208333333333337
0.0,0.7,0.9,0.75,0.611111111111111,0.6666666666666666,0.9166666666666666,0.9583333333333334,0.9583333333333334,1.0,0.3333333333333333,0.875,0.71875,0.3472222222222223,0.10763888888888895
0.0,0.7,0.9,0.75,0.5833333333333334,0.5833333333333334,1.0,0.9583333333333334,0.9583333333333334,1.0,0.4166666666666667,0.9,0.6588541666666667,0.375,0.07552083333333337
0.0,0.7,0.9,0.75,0.42013888888888884,0.4583333333333333,0.9166666666666666,0.7916666666666666,0.7916666666666666,1.0,0.5416666666666666,0.6153846153846154,0.4700520833333333,0.3715277777777778,0.049913194444444475
0.0,0.7,0.9,0.75,0.7083333333333334,0.7083333333333334,1.0,0.9166666666666666,0.9166666666666666,1.0,0.2916666666666667,0.7142857142857143,0.7161458333333333,0.20833333333333326,0.007812499999999889
0.0,0.7,0.9,0.75,0.625,0.625,1.0,0.9583333333333334,0.9583333333333334,1.0,0.375,0.8888888888888888,0.6888020833333334,0.33333333333333337,0.06380208333333337
0.0,0.7,0.9,0.75,0.6666666666666666,0.6666666666666666,1.0,1.0,1.0,1.0,0.3333333333333333,1.0,0.75,0.33333333333333337,0.08333333333333337
0.0,0.7,0.9,0.75,0.6666666666666666,0.6666666666666666,1.0,0.9583333333333334,0.9583333333333334,1.0,0.3333333333333333,0.875,0.71875,0.29166666666666674,0.05208333333333337
0.0,0.7,0.9,0.75,0.6666666666666666,0.6666666666666666,1.0,1.0,1.0,1.0,0.3333333333333333,1.0,0.75,0.33333333333333337,0.08333333333333337
0.0,0.7,0.9,0.75,0.7083333333333334,0.7083333333333334,1.0,0.875,0.875,1.0,0.2916666666666667,0.5714285714285714,0.68359375,0.16666666666666663,-0.02473958333333337
0.0,0.7,0.9,0.75,0.625,0.625,1.0,0.9583333333333334,0.9583333333333334,1.0,0.375,0.8888888888888888,0.6888020833333334,0.33333333333333337,0.06380208333333337
0.0,0.7,0.9,0.75,0.5729166666666666,0.625,0.9166666666666666,1.0,1.0,1.0,0.375,1.0,0.71875,0.42708333333333337,0.14583333333333337
0.0,0.7,0.9,0.75,0.7916666666666666,0.7916666666666666,1.0,0.9583333333333334,0.9583333333333334,1.0,0.20833333333333334,0.8,0.80859375,0.16666666666666674,0.01692708333333337
0.0,0.7,0.9,0.75,0.7916666666666666,0.7916666666666666,1.0,0.9583333333333334,0.9583333333333334,1.0,0.20833333333333334,0.8,0.80859375,0.16666666666666674,0.01692708333333337
0.0,0.7,0.9,0.75,0.5416666666666666,0.5416666666666666,1.0,0.9583333333333334,0.9583333333333334,1.0,0.4583333333333333,0.9090909090909091,0.62890625,0.41666666666666674,0.08723958333333337
0.0,0.0,0.8,0.25,1.0,1.0,1.0,1.0,1.0,1.0,0.0,1.0,1.0,0.0,0.0
0.0,0.0,0.8,0.25,1.0,1.0,1.0,1.0,1.0,1.0,0.0,1.0,1.0,0.0,0.0
0.0,0.0,0.8,0.25,1.0,1.0,1.0,1.0,1.0,1.0,0.0,1.0,1.0,0.0,0.0
0.0,0.0,0.8,0.25,1.0,1.0,1.0,1.0,1.0,1.0,0.0,1.0,1.0,0.0,0.0
0.0,0.0,0.8,0.25,1.0,1.0,1.0,1.0,1.0,1.0,0.0,1.0,1.0,0.0,0.0
0.0,0.0,0.8,0.25,1.0,1.0,1.0,1.0,1.0,1.0,0.0,1.0,1.0,0.0,0.0
0.0,0.0,0.8,0.25,1.0,1.0,1.0,1.0,1.0,1.0,0.0,1.0,1.0,0.0,0.0
0.0,0.0,0.8,0.25,1.0,1.0,1.0,1.0,1.0,1.0,0.0,1.0,1.0,0.0,0.0
0.0,0.0,0.8,0.25,1.0,1.0,1.0,1.0,1.0,1.0,0.0,1.0,1.0,0.0,0.0
0.0,0.0,0.8,0.25,1.0,1.0,1.0,1.0,1.0,1.0,0.0,1.0,1.0,0.0,0.0
0.0,0.0,0.8,0.25,1.0,1.0,1.0,1.0,1.0,1.0,0.0,1.0,1.0,0.0,0.0
0.0,0.0,0.8,0.25,1.0,1.0,1.0,1.0,1.0,1.0,0.0,1.0,1.0,0.0,0.0
0.0,0.0,0.8,0.25,1.0,1.0,1.0,1.0,1.0,1.0,0.0,1.0,1.0,0.0,0.0
0.0,0.0,0.8,0.25,1.0,1.0,1.0,1.0,1.0,1.0,0.0,1.0,1.0,0.0,0.0
0.0,0.0,0.8,0.25,1.0,1.0,1.0,1.0,1.0,1.0,0.0,1.0,1.0,0.0,0.0
0.0,0.0,0.8,0.25,1.0,1.0,1.0,1.0,1.0,1.0,0.0,1.0,1.0,0.0,0.0
0.0,0.0,0.8,0.25,1.0,1.0,1.0,1.0,1.0,1.0,0.0,1.0,1.0,0.0,0.0
0.0,0.0,0.8,0.25,1.0,1.0,1.0,1.0,1.0,1.0,0.0,1.0,1.0,0.0,0.0
0.0,0.0,0.8,0.25,1.0,1.0,1.0,1.0,1.0,1.0,0.0,1.0,1.0,0.0,0.0
0.0,0.0,0.8,0.25,1.0,1.0,1.0,1.0,1.0,1.0,0.0,1.0,1.0,0.0,0.0
0.0,0.0,0.8,0.25,1.0,1.0,1.0,1.0,1.0,1.0,0.0,1.0,1.0,0.0,0.0
0.0,0.0,0.8,0.25,1.0,1.0,1.0,1.0,1.0,1.0,0.0,1.0,1.0,0.0,0.0
0.0,0.0,0.8,0.25,1.0,1.0,1.0,1.0,1.0,1.0,0.0,1.0,1.0,0.0,0.0
0.0,0.0,0.8,0.25,1.0,1.0,1.0,1.0,1.0,1.0,0.0,1.0,1.0,0.0,0.0
0.0,0.0,0.8,0.25,1.0,1.0,1.0,1.0,1.0,1.0,0.0,1.0,1.0,0.0,0.0
0.0,0.049999999999999996,0.8,0.25,1.0,1.0,1.0,1.0,1.0,1.0,0.0,1.0,1.0,0.0,0.0
0.0,0.049999999999999996,0.8,0.25,1.0,1.0,1.0,1.0,1.0,1.0,0.0,1.0,1.0,0.0,0.0
0.0,0.049999999999999996,0.8,0.25,1.0,1.0,1.0,1.0,1.0,1.0,0.0,1.0,1.0,0.0,0.0
0.0,0.049999999999999996,0.8,0.25,0.9583333333333334,0.9583333333333334,1.0,1.0,1.0,1.0,0.041666666666666664,1.0,0.9895833333333334,0.04166666666666663,0.03125
0.0,0.049999999999999996,0.8,0.25,1.0,1.0,1.0,1.0,1.0,1.0,0.0,1.0,1.0,0.0,0.0
0.0,0.049999999999999996,0.8,0.25,0.9166666666666666,0.9166666666666666,1.0,0.9583333333333334,0.9583333333333334,1.0,0.08333333333333333,0.5,0.9383680555555556,0.04166666666666674,0.02170138888888895
0.0,0.049999999999999996,0.8,0.25,0.9583333333333334,0.9583333333333334,1.0,1.0,1.0,1.0,0.041666666666666664,1.0,0.9895833333333334,0.04166666666666663,0.03125
0.0,0.049999999999999996,0.8,0.25,0.9583333333333334,0.9583333333333334,1.0,1.0,1.0,1.0,0.041666666666666664,1.0,0.9895833333333334,0.04166666666666663,0.03125
0.0,0.049999999999999996,0.8,0.25,0.9166666666666666,0.9166666666666666,1.0,1.0,1.0,1.0,0.08333333333333333,1.0,0.9791666666666666,0.08333333333333337,0.0625
0.0,0.049999999999999996,0.8,0.25,0.9166666666666666,0.9166666666666666,1.0,1.0,1.0,1.0,0.08333333333333333,1.0,0.9791666666666666,0.08333333333333337,0.0625
0.0,0.049999999999999996,0.8,0.25,0.9583333333333334,0.9583333333333334,1.0,1.0,1.0,1.0,0.041666666666666664,1.0,0.9895833333333334,0.04166666666666663,0.03125
0.0,0.049999999999999996,0.8,0.25,1.0,1.0,1.0,1.0,1.0,1.0,0.0,1.0,1.0,0.0,0.0
0.0,0.049999999999999996,0.8,0.25,1.0,1.0,1.0,1.0,1.0,1.0,0.0,1.0,1.0,0.0,0.0
0.0,0.049999999999999996,0.8,0.25,1.0,1.0,1.0,1.0,1.0,1.0,0.0,1.0,1.0,0.0,0.0
0.0,0.049999999999999996,0.8,0.25,1.0,1.0,1.0,1.0,1.0,1.0,0.0,1.0,1.0,0.0,0.0
0.0,0.049999999999999996,0.8,0.25,1.0,1.0,1.0,1.0,1.0,1.0,0.0,1.0,1.0,0.0,0.0
0.0,0.049999999999999996,0.8,0.25,1.0,1.0,1.0,1.0,1.0,1.0,0.0,1.0,1.0,0.0,0.0
0.0,0.049999999999999996,0.8,0.25,1.0,1.0,1.0,1.0,1.0,1.0,0.0,1.0,1.0,0.0,0.0
0.0,0.049999999999999996,0.8,0.25,1.0,1.0,1.0,1.0,1.0,1.0,0.0,1.0,1.0,0.0,0.0
0.0,0.049999999999999996,0.8,0.25,0.9583333333333334,0.9583333333333334,1.0,1.0,1.0,1.0,0.041666666666666664,1.0,0.9895833333333334,0.04166666666666663,0.03125
0.0,0.049999999999999996,0.8,0.25,0.9166666666666666,0.9166666666666666,1.0,1.0,1.0,1.0,0.08333333333333333,1.0,0.9791666666666666,0.08333333333333337,0.0625
0.0,0.049999999999999996,0.8,0.25,1.0,1.0,1.0,1.0,1.0,1.0,0.0,1.0,1.0,0.0,0.0
0.0,0.049999999999999996,0.8,0.25,1.0,1.0,1.0,1.0,1.0,1.0,0.0,1.0,1.0,0.0,0.0
0.0,0.049999999999999996,0.8,0.25,1.0,1.0,1.0,1.0,1.0,1.0,0.0,1.0,1.0,0.0,0.0
0.0,0.049999999999999996,0.8,0.25,1.0,1.0,1.0,1.0,1.0,1.0,0.0,1.0,1.0,0.0,0.0
0.0,0.09999999999999999,0.8,0.25,1.0,1.0,1.0,1.0,1.0,1.0,0.0,1.0,1.0,0.0,0.0
0.0,0.09999999999999999,0.8,0.25,0.9583333333333334,0.9583333333333334,1.0,1.0,1.0,1.0,0.041666666666666664,1.0,0.9895833333333334,0.04166666666666663,0.03125
0.0,0.09999999999999999,0.8,0.25,0.9583333333333334,0.9583333333333334,1.0,0.9583333333333334,0.9583333333333334,1.0,0.041666666666666664,0.0,0.9483506944444445,0.0,-0.00998263888888884
0.0,0.09999999999999999,0.8,0.25,0.875,0.875,1.0,1.0,1.0,1.0,0.125,1.0,0.96875,0.125,0.09375
0.0,0.09999999999999999,0.8,0.25,0.9583333333333334,0.9583333333333334,1.0,1.0,1.0,1.0,0.041666666666666664,1.0,0.9895833333333334,0.04166666666666663,0.03125
0.0,0.09999999999999999,0.8,0.25,0.9166666666666666,0.9166666666666666,1.0,1.0,1.0,1.0,0.08333333333333333,1.0,0.9791666666666666,0.08333333333333337,0.0625
0.0,0.09999999999999999,0.8,0.25,1.0,1.0,1.0,1.0,1.0,1.0,0.0,1.0,1.0,0.0,0.0
0.0,0.09999999999999999,0.8,0.25,1.0,1.0,1.0,1.0,1.0,1.0,0.0,1.0,1.0,0.0,0.0
0.0,0.09999999999999999,0.8,0.25,0.9166666666666666,0.9166666666666666,1.0,1.0,1.0,1.0,0.08333333333333333,1.0,0.9791666666666666,0.08333333333333337,0.0625
0.0,0.09999999999999999,0.8,0.25,0.9583333333333334,0.9583333333333334,1.0,1.0,1.0,1.0,0.041666666666666664,1.0,0.9895833333333334,0.04166666666666663,0.03125
0.0,0.09999999999999999,0.8,0.25,0.8333333333333334,0.8333333333333334,1.0,1.0,1.0,1.0,0.16666666666666666,1.0,0.9583333333333334,0.16666666666666663,0.125
0.0,0.09999999999999999,0.8,0.25,0.9166666666666666,0.9166666666666666,1.0,0.9583333333333334,0.9583333333333334,1.0,0.08333333333333333,0.5,0.9383680555555556,0.04166666666666674,0.02170138888888895
0.0,0.09999999999999999,0.8,0.25,0.9166666666666666,0.9166666666666666,1.0,1.0,1.0,1.0,0.08333333333333333,1.0,0.9791666666666666,0.08333333333333337,0.0625
0.0,0.09999999999999999,0.8,0.25,0.9583333333333334,0.9583333333333334,1.0,0.9583333333333334,0.9583333333333334,1.0,0.041666666666666664,0.0,0.9483506944444445,0.0,-0.00998263888888884
0.0,0.09999999999999999,0.8,0.25,0.9583333333333334,0.9583333333333334,1.0,1.0,1.0,1.0,0.041666666666666664,1.0,0.9895833333333334,0.04166666666666663,0.03125
0.0,0.09999999999999999,0.8,0.25,0.875,0.875,1.0,1.0,1.0,1.0,0.125,1.0,0.96875,0.125,0.09375
0.0,0.09999999999999999,0.8,0.25,0.9583333333333334,0.9583333333333334,1.0,1.0,1.0,1.0,0.041666666666666664,1.0,0.9895833333333334,0.04166666666666663,0.03125
0.0,0.09999999999999999,0.8,0.25,1.0,1.0,1.0,1.0,1.0,1.0,0.0,1.0,1.0,0.0,0.0
0.0,0.09999999999999999,0.8,0.25,1.0,1.0,1.0,1.0,1.0,1.0,0.0,1.0,1.0,0.0,0.0
0.0,0.09999999999999999,0.8,0.25,0.875,0.875,1.0,0.9583333333333334,0.9583333333333334,1.0,0.125,0.6666666666666666,0.9283854166666667,0.08333333333333337,0.05338541666666674
0.0,0.09999999999999999,0.8,0.25,1.0,1.0,1.0,1.0,1.0,1.0,0.0,1.0,1.0,0.0,0.0
0.0,0.09999999999999999,0.8,0.25,0.9583333333333334,0.9583333333333334,1.0,1.0,1.0,1.0,0.041666666666666664,1.0,0.9895833333333334,0.04166666666666663,0.03125
0.0,0.09999999999999999,0.8,0.25,1.0,1.0,1.0,1.0,1.0,1.0,0.0,1.0,1.0,0.0,0.0
0.0,0.09999999999999999,0.8,0.25,1.0,1.0,1.0,1.0,1.0,1.0,0.0,1.0,1.0,0.0,0.0
0.0,0.09999999999999999,0.8,0.25,1.0,1.0,1.0,1.0,1.0,1.0,0.0,1.0,1.0,0.0,0.0
0.0,0.15,0.8,0.25,0.9583333333333334,0.9583333333333334,1.0,1.0,1.0,1.0,0.041666666666666664,1.0,0.9895833333333334,0.04166666666666663,0.03125
0.0,0.15,0.8,0.25,0.9166666666666666,0.9166666666666666,1.0,0.9583333333333334,0.9583333333333334,1.0,0.08333333333333333,0.5,0.9383680555555556,0.04166666666666674,0.02170138888888895
0.0,0.15,0.8,0.25,0.8333333333333334,0.8333333333333334,1.0,1.0,1.0,1.0,0.16666666666666666,1.0,0.9583333333333334,0.16666666666666663,0.125
0.0,0.15,0.8,0.25,0.9583333333333334,0.9583333333333334,1.0,0.9583333333333334,0.9583333333333334,1.0,0.041666666666666664,0.0,0.9483506944444445,0.0,-0.00998263888888884
0.0,0.15,0.8,0.25,0.875,0.875,1.0,1.0,1.0,1.0,0.125,1.0,0.96875,0.125,0.09375
0.0,0.15,0.8,0.25,0.9166666666666666,0.9166666666666666,1.0,0.9166666666666666,0.9166666666666666,1.0,0.08333333333333333,0.0,0.8975694444444444,0.0,-0.01909722222222221
0.0,0.15,0.8,0.25,0.9166666666666666,0.9166666666666666,1.0,1.0,1.0,1.0,0.08333333333333333,1.0,0.9791666666666666,0.08333333333333337,0.0625
0.0,0.15,0.8,0.25,0.9583333333333334,0.9583333333333334,1.0,1.0,1.0,1.0,0.041666666666666664,1.0,0.9895833333333334,0.04166666666666663,0.03125
0.0,0.15,0.8,0.25,1.0,1.0,1.0,1.0,1.0,1.0,0.0,1.0,1.0,0.0,0.0
0.0,0.15,0.8,0.25,0.9583333333333334,0.9583333333333334,1.0,0.9583333333333334,0.9583333333333334,1.0,0.041666666666666664,0.0,0.9483506944444445,0.0,-0.00998263888888884
0.0,0.15,0.8,0.25,0.7916666666666666,0.7916666666666666,1.0,0.9583333333333334,0.9583333333333334,1.0,0.20833333333333334,0.8,0.9084201388888888,0.16666666666666674,0.11675347222222221
0.0,0.15,0.8,0.25,0.9166666666666666,0.9166666666666666,1.0,0.9583333333333334,0.9583333333333334,1.0,0.08333333333333333,0.5,0.9383680555555556,0.04166666666666674,0.02170138888888895
0.0,0.15,0.8,0.25,1.0,1.0,1.0,1.0,1.0,1.0,0.0,1.0,1.0,0.0,0.0
0.0,0.15,0.8,0.25,0.9583333333333334,0.9583333333333334,1.0,1.0,1.0,1.0,0.041666666666666664,1.0,0.9895833333333334,0.04166666666666663,0.03125
0.0,0.15,0.8,0.25,0.9583333333333334,0.9583333333333334,1.0,1.0,1.0,1.0,0.041666666666666664,1.0,0.9895833333333334,0.04166666666666663,0.03125
0.0,0.15,0.8,0.25,0.9583333333333334,0.9583333333333334,1.0,0.9583333333333334,0.9583333333333334,1.0,0.041666666666666664,0.0,0.9483506944444445,0.0,-0.00998263888888884
0.0,0.15,0.8,0.25,0.9166666666666666,0.9166666666666666,1.0,1.0,1.0,1.0,0.08333333333333333,1.0,0.9791666666666666,0.08333333333333337,0.0625
0.0,0.15,0.8,0.25,0.9166666666666666,0.9166666666666666,1.0,1.0,1.0,1.0,0.08333333333333333,1.0,0.9791666666666666,0.08333333333333337,0.0625
0.0,0.15,0.8,0.25,0.9583333333333334,0.9583333333333334,1.0,1.0,1.0,1.0,0.041666666666666664,1.0,0.9895833333333334,0.04166666666666663,0.03125
0.0,0.15,0.8,0.25,0.875,0.875,1.0,0.9583333333333334,0.9583333333333334,1.0,0.125,0.6666666666666666,0.9283854166666667,0.08333333333333337,0.05338541666666674
0.0,0.15,0.8,0.25,0.875,0.875,1.0,0.9583333333333334,0.9583333333333334,1.0,0.125,0.6666666666666666,0.9283854166666667,0.08333333333333337,0.05338541666666674
0.0,0.15,0.8,0.25,0.875,0.875,1.0,1.0,1.0,1.0,0.125,1.0,0.96875,0.125,0.09375
0.0,0.15,0.8,0.25,0.9166666666666666,0.9166666666666666,1.0,1.0,1.0,1.0,0.08333333333333333,1.0,0.9791666666666666,0.08333333333333337,0.0625
0.0,0.15,0.8,0.25,0.9166666666666666,0.9166666666666666,1.0,0.9583333333333334,0.9583333333333334,1.0,0.08333333333333333,0.5,0.9383680555555556,0.04166666666666674,0.02170138888888895
0.0,0.15,0.8,0.25,0.9166666666666666,0.9166666666666666,1.0,0.9583333333333334,0.9583333333333334,1.0,0.08333333333333333,0.5,0.9383680555555556,0.04166666666666674,0.02170138888888895
0.0,0.19999999999999998,0.8,0.25,0.7916666666666666,0.7916666666666666,1.0,0.9583333333333334,0.9583333333333334,1.0,0.20833333333333334,0.8,0.9084201388888888,0.16666666666666674,0.11675347222222221
0.0,0.19999999999999998,0.8,0.25,0.875,0.875,1.0,0.9583333333333334,0.9583333333333334,1.0,0.125,0.6666666666666666,0.9283854166666667,0.08333333333333337,0.05338541666666674
0.0,0.19999999999999998,0.8,0.25,0.9166666666666666,0.9166666666666666,1.0,1.0,1.0,1.0,0.08333333333333333,1.0,0.9791666666666666,0.08333333333333337,0.0625
0.0,0.19999999999999998,0.8,0.25,0.7916666666666666,0.7916666666666666,1.0,0.9166666666666666,0.9166666666666666,1.0,0.20833333333333334,0.6,0.868923611111111,0.125,0.07725694444444442
0.0,0.19999999999999998,0.8,0.25,0.875,0.875,1.0,0.9583333333333334,0.9583333333333334,1.0,0.125,0.6666666666666666,0.9283854166666667,0.08333333333333337,0.05338541666666674
0.0,0.19999999999999998,0.8,0.25,0.875,0.875,1.0,0.9166666666666666,0.9166666666666666,1.0,0.125,0.3333333333333333,0.8880208333333333,0.04166666666666663,0.01302083333333326
0.0,0.19999999999999998,0.8,0.25,0.875,0.875,1.0,1.0,1.0,1.0,0.125,1.0,0.96875,0.125,0.09375
0.0,0.19999999999999998,0.8,0.25,0.9583333333333334,0.9583333333333334,1.0,1.0,1.0,1.0,0.041666666666666664,1.0,0.9895833333333334,0.04166666666666663,0.03125
0.0,0.19999999999999998,0.8,0.25,0.8333333333333334,0.8333333333333334,1.0,1.0,1.0,1.0,0.16666666666666666,1.0,0.9583333333333334,0.16666666666666663,0.125
0.0,0.19999999999999998,0.8,0.25,0.8333333333333334,0.8333333333333334,1.0,1.0,1.0,1.0,0.16666666666666666,1.0,0.9583333333333334,0.16666666666666663,0.125
0.0,0.19999999999999998,0.8,0.25,0.875,0.875,1.0,1.0,1.0,1.0,0.125,1.0,0.96875,0.125,0.09375
0.0,0.19999999999999998,0.8,0.25,0.7083333333333334,0.7083333333333334,1.0,0.9166666666666666,0.9166666666666666,1.0,0.2916666666666667,0.7142857142857143,0.8498263888888888,0.20833333333333326,0.14149305555555547
0.0,0.19999999999999998,0.8,0.25,0.8333333333333334,0.8333333333333334,1.0,1.0,1.0,1.0,0.16666666666666666,1.0,0.9583333333333334,0.16666666666666663,0.125
0.0,0.19999999999999998,0.8,0.25,0.8333333333333334,0.8333333333333334,1.0,0.9583333333333334,0.9583333333333334,1.0,0.16666666666666666,0.75,0.9184027777777779,0.125,0.08506944444444453
0.0,0.19999999999999998,0.8,0.25,0.9166666666666666,0.9166666666666666,1.0,1.0,1.0,1.0,0.08333333333333333,1.0,0.9791666666666666,0.08333333333333337,0.0625
0.0,0.19999999999999998,0.8,0.25,0.9583333333333334,0.9583333333333334,1.0,1.0,1.0,1.0,0.041666666666666664,1.0,0.9895833333333334,0.04166666666666663,0.03125
0.0,0.19999999999999998,0.8,0.25,1.0,1.0,1.0,1.0,1.0,1.0,0.0,1.0,1.0,0.0,0.0
0.0,0.19999999999999998,0.8,0.25,0.7916666666666666,0.7916666666666666,1.0,0.9583333333333334,0.9583333333333334,1.0,0.20833333333333334,0.8,0.9084201388888888,0.16666666666666674,0.11675347222222221
0.0,0.19999999999999998,0.8,0.25,0.9583333333333334,0.9583333333333334,1.0,1.0,1.0,1.0,0.041666666666666664,1.0,0.9895833333333334,0.04166666666666663,0.03125
0.0,0.19999999999999998,0.8,0.25,0.875,0.875,1.0,0.9583333333333334,0.9583333333333334,1.0,0.125,0.6666666666666666,0.9283854166666667,0.08333333333333337,0.05338541666666674
0.0,0.19999999999999998,0.8,0.25,0.9166666666666666,0.9166666666666666,1.0,0.9583333333333334,0.9583333333333334,1.0,0.08333333333333333,0.5,0.9383680555555556,0.04166666666666674,0.02170138888888895
0.0,0.19999999999999998,0.8,0.25,0.8333333333333334,0.8333333333333334,1.0,0.9583333333333334,0.9583333333333334,1.0,0.16666666666666666,0.75,0.9184027777777779,0.125,0.08506944444444453
0.0,0.19999999999999998,0.8,0.25,0.75,0.75,1.0,1.0,1.0,1.0,0.25,1.0,0.9375,0.25,0.1875
0.0,0.19999999999999998,0.8,0.25,0.9583333333333334,0.9583333333333334,1.0,1.0,1.0,1.0,0.041666666666666664,1.0,0.9895833333333334,0.04166666666666663,0.03125
0.0,0.19999999999999998,0.8,0.25,0.8333333333333334,0.8333333333333334,1.0,0.9583333333333334,0.9583333333333334,1.0,0.16666666666666666,0.75,0.9184027777777779,0.125,0.08506944444444453
0.0,0.24999999999999997,0.8,0.25,0.875,0.875,1.0,0.9583333333333334,0.9583333333333334,1.0,0.125,0.6666666666666666,0.9283854166666667,0.08333333333333337,0.05338541666666674
0.0,0.24999999999999997,0.8,0.25,0.9583333333333334,0.9583333333333334,1.0,0.9583333333333334,0.9583333333333334,1.0,0.041666666666666664,0.0,0.9483506944444445,0.0,-0.00998263888888884
0.0,0.24999999999999997,0.8,0.25,0.875,0.875,1.0,0.9583333333333334,0.9583333333333334,1.0,0.125,0.6666666666666666,0.9283854166666667,0.08333333333333337,0.05338541666666674
0.0,0.24999999999999997,0.8,0.25,0.9166666666666666,0.9166666666666666,1.0,0.9583333333333334,0.9583333333333334,1.0,0.08333333333333333,0.5,0.9383680555555556,0.04166666666666674,0.02170138888888895
0.0,0.24999999999999997,0.8,0.25,0.9583333333333334,0.9583333333333334,1.0,1.0,1.0,1.0,0.041666666666666664,1.0,0.9895833333333334,0.04166666666666663,0.03125
0.0,0.24999999999999997,0.8,0.25,0.7916666666666666,0.7916666666666666,1.0,0.9166666666666666,0.9166666666666666,1.0,0.20833333333333334,0.6,0.868923611111111,0.125,0.07725694444444442
0.0,0.24999999999999997,0.8,0.25,0.9583333333333334,0.9583333333333334,1.0,1.0,1.0,1.0,0.041666666666666664,1.0,0.9895833333333334,0.04166666666666663,0.03125
0.0,0.24999999999999997,0.8,0.25,0.875,0.875,1.0,1.0,1.0,1.0,0.125,1.0,0.96875,0.125,0.09375
0.0,0.24999999999999997,0.8,0.25,0.7083333333333334,0.7083333333333334,1.0,0.9583333333333334,0.9583333333333334,1.0,0.2916666666666667,0.8571428571428571,0.8884548611111112,0.25,0.1801215277777778
0.0,0.24999999999999997,0.8,0.25,0.7916666666666666,0.7916666666666666,1.0,1.0,1.0,1.0,0.20833333333333334,1.0,0.9479166666666666,0.20833333333333337,0.15625
0.0,0.24999999999999997,0.8,0.25,0.8333333333333334,0.8333333333333334,1.0,1.0,1.0,1.0,0.16666666666666666,1.0,0.9583333333333334,0.16666666666666663,0.125
0.0,0.24999999999999997,0.8,0.25,0.875,0.875,1.0,1.0,1.0,1.0,0.125,1.0,0.96875,0.125,0.09375
0.0,0.24999999999999997,0.8,0.25,0.8333333333333334,0.8333333333333334,1.0,1.0,1.0,1.0,0.16666666666666666,1.0,0.9583333333333334,0.16666666666666663,0.125
0.0,0.24999999999999997,0.8,0.25,0.9166666666666666,0.9166666666666666,1.0,1.0,1.0,1.0,0.08333333333333333,1.0,0.9791666666666666,0.08333333333333337,0.0625
0.0,0.24999999999999997,0.8,0.25,0.875,0.875,1.0,0.9583333333333334,0.9583333333333334,1.0,0.125,0.6666666666666666,0.9283854166666667,0.08333333333333337,0.05338541666666674
0.0,0.24999999999999997,0.8,0.25,0.875,0.875,1.0,0.9583333333333334,0.9583333333333334,1.0,0.125,0.6666666666666666,0.9283854166666667,0.08333333333333337,0.05338541666666674
0.0,0.24999999999999997,0.8,0.25,0.875,0.875,1.0,0.9583333333333334,0.9583333333333334,1.0,0.125,0.6666666666666666,0.9283854166666667,0.08333333333333337,0.05338541666666674
0.0,0.24999999999999997,0.8,0.25,0.8333333333333334,0.8333333333333334,1.0,0.9583333333333334,0.9583333333333334,1.0,0.16666666666666666,0.75,0.9184027777777779,0.125,0.08506944444444453
0.0,0.24999999999999997,0.8,0.25,0.8333333333333334,0.8333333333333334,1.0,0.9583333333333334,0.9583333333333334,1.0,0.16666666666666666,0.75,0.9184027777777779,0.125,0.08506944444444453
0.0,0.24999999999999997,0.8,0.25,0.9583333333333334,0.9583333333333334,1.0,1.0,1.0,1.0,0.041666666666666664,1.0,0.9895833333333334,0.04166666666666663,0.03125
0.0,0.24999999999999997,0.8,0.25,0.9166666666666666,0.9166666666666666,1.0,1.0,1.0,1.0,0.08333333333333333,1.0,0.9791666666666666,0.08333333333333337,0.0625
0.0,0.24999999999999997,0.8,0.25,0.9166666666666666,0.9166666666666666,1.0,1.0,1.0,1.0,0.08333333333333333,1.0,0.9791666666666666,0.08333333333333337,0.0625
0.0,0.24999999999999997,0.8,0.25,0.875,0.875,1.0,1.0,1.0,1.0,0.125,1.0,0.96875,0.125,0.09375
0.0,0.24999999999999997,0.8,0.25,0.9583333333333334,0.9583333333333334,1.0,1.0,1.0,1.0,0.041666666666666664,1.0,0.9895833333333334,0.04166666666666663,0.03125
0.0,0.24999999999999997,0.8,0.25,0.7083333333333334,0.7083333333333334,1.0,0.875,0.875,1.0,0.2916666666666667,0.5714285714285714,0.8111979166666667,0.16666666666666663,0.10286458333333337
0.0,0.3,0.8,0.25,0.9166666666666666,0.9166666666666666,1.0,1.0,1.0,1.0,0.08333333333333333,1.0,0.9791666666666666,0.08333333333333337,0.0625
0.0,0.3,0.8,0.25,0.7638888888888888,0.8333333333333334,0.9166666666666666,1.0,1.0,1.0,0.16666666666666666,1.0,0.9583333333333334,0.23611111111111116,0.19444444444444453
0.0,0.3,0.8,0.25,0.9166666666666666,0.9166666666666666,1.0,1.0,1.0,1.0,0.08333333333333333,1.0,0.9791666666666666,0.08333333333333337,0.0625
0.0,0.3,0.8,0.25,0.6666666666666666,0.6666666666666666,1.0,0.9166666666666666,0.9166666666666666,1.0,0.3333333333333333,0.75,0.8402777777777777,0.25,0.17361111111111105
0.0,0.3,0.8,0.25,0.7916666666666666,0.7916666666666666,1.0,0.9166666666666666,0.9166666666666666,1.0,0.20833333333333334,0.6,0.868923611111111,0.125,0.07725694444444442
0.0,0.3,0.8,0.25,0.875,0.875,1.0,0.9583333333333334,0.9583333333333334,1.0,0.125,0.6666666666666666,0.9283854166666667,0.08333333333333337,0.05338541666666674
0.0,0.3,0.8,0.25,0.875,0.875,1.0,1.0,1.0,1.0,0.125,1.0,0.96875,0.125,0.09375
0.0,0.3,0.8,0.25,0.9166666666666666,0.9166666666666666,1.0,1.0,1.0,1.0,0.08333333333333333,1.0,0.9791666666666666,0.08333333333333337,0.0625
0.0,0.3,0.8,0.25,0.9166666666666666,0.9166666666666666,1.0,1.0,1.0,1.0,0.08333333333333333,1.0,0.9791666666666666,0.08333333333333337,0.0625
0.0,0.3,0.8,0.25,0.9583333333333334,0.9583333333333334,1.0,0.9583333333333334,0.9583333333333334,1.0,0.041666666666666664,0.0,0.9483506944444445,0.0,-0.00998263888888884
0.0,0.3,0.8,0.25,0.875,0.875,1.0,1.0,1.0,1.0,0.125,1.0,0.96875,0.125,0.09375
0.0,0.3,0.8,0.25,0.9166666666666666,0.9166666666666666,1.0,0.9583333333333334,0.9583333333333334,1.0,0.08333333333333333,0.5,0.9383680555555556,0.04166666666666674,0.02170138888888895
0.0,0.3,0.8,0.25,0.7916666666666666,0.7916666666666666,1.0,0.9583333333333334,0.9583333333333334,1.0,0.20833333333333334,0.8,0.9084201388888888,0.16666666666666674,0.11675347222222221
0.0,0.3,0.8,0.25,0.8333333333333334,0.8333333333333334,1.0,1.0,1.0,1.0,0.16666666666666666,1.0,0.9583333333333334,0.16666666666666663,0.125
0.0,0.3,0.8,0.25,0.7916666666666666,0.7916666666666666,1.0,0.9166666666666666,0.9166666666666666,1.0,0.20833333333333334,0.6,0.868923611111111,0.125,0.07725694444444442
0.0,0.3,0.8,0.25,0.9166666666666666,0.9166666666666666,1.0,1.0,1.0,1.0,0.08333333333333333,1.0,0.9791666666666666,0.08333333333333337,0.0625
0.0,0.3,0.8,0.25,0.8333333333333334,0.8333333333333334,1.0,0.9166666666666666,0.9166666666666666,1.0,0.16666666666666666,0.5,0.8784722222222222,0.08333333333333326,0.04513888888888884
0.0,0.3,0.8,0.25,0.875,0.875,1.0,1.0,1.0,1.0,0.125,1.0,0.96875,0.125,0.09375
0.0,0.3,0.8,0.25,0.9166666666666666,0.9166666666666666,1.0,1.0,1.0,1.0,0.08333333333333333,1.0,0.9791666666666666,0.08333333333333337,0.0625
0.0,0.3,0.8,0.25,0.7083333333333334,0.7083333333333334,1.0,0.875,0.875,1.0,0.2916666666666667,0.5714285714285714,0.8111979166666667,0.16666666666666663,0.10286458333333337
0.0,0.3,0.8,0.25,0.9583333333333334,0.9583333333333334,1.0,1.0,1.0,1.0,0.041666666666666664,1.0,0.9895833333333334,0.04166666666666663,0.03125
0.0,0.3,0.8,0.25,1.0,1.0,1.0,1.0,1.0,1.0,0.0,1.0,1.0,0.0,0.0
0.0,0.3,0.8,0.25,0.8333333333333334,0.8333333333333334,1.0,0.9583333333333334,0.9583333333333334,1.0,0.16666666666666666,0.75,0.9184027777777779,0.125,0.08506944444444453
0.0,0.3,0.8,0.25,0.8333333333333334,0.8333333333333334,1.0,0.9583333333333334,0.9583333333333334,1.0,0.16666666666666666,0.75,0.9184027777777779,0.125,0.08506944444444453
0.0,0.3,0.8,0.25,0.875,0.875,1.0,1.0,1.0,1.0,0.125,1.0,0.96875,0.125,0.09375
0.0,0.35,0.8,0.25,0.875,0.875,1.0,1.0,1.0,1.0,0.125,1.0,0.96875,0.125,0.09375
0.0,0.35,0.8,0.25,0.875,0.875,1.0,1.0,1.0,1.0,0.125,1.0,0.96875,0.125,0.09375
0.0,0.35,0.8,0.25,0.8333333333333334,0.8333333333333334,1.0,0.9583333333333334,0.9583333333333334,1.0,0.16666666666666666,0.75,0.9184027777777779,0.125,0.08506944444444453
0.0,0.35,0.8,0.25,0.8333333333333334,0.8333333333333334,1.0,0.9166666666666666,0.9166666666666666,1.0,0.16666666666666666,0.5,0.8784722222222222,0.08333333333333326,0.04513888888888884
0.0,0.35,0.8,0.25,0.9166666666666666,0.9166666666666666,1.0,0.9583333333333334,0.9583333333333334,1.0,0.08333333333333333,0.5,0.9383680555555556,0.04166666666666674,0.02170138888888895
0.0,0.35,0.8,0.25,0.875,0.875,1.0,0.9166666666666666,0.9166666666666666,1.0,0.125,0.3333333333333333,0.8880208333333333,0.04166666666666663,0.01302083333333326
0.0,0.35,0.8,0.25,0.875,0.875,1.0,1.0,1.0,1.0,0.125,1.0,0.96875,0.125,0.09375
0.0,0.35,0.8,0.25,0.75,0.75,1.0,0.9166666666666666,0.9166666666666666,1.0,0.25,0.6666666666666666,0.859375,0.16666666666666663,0.109375
0.0,0.35,0.8,0.25,0.875,0.875,1.0,0.9583333333333334,0.9583333333333334,1.0,0.125,0.6666666666666666,0.9283854166666667,0.08333333333333337,0.05338541666666674
0.0,0.35,0.8,0.25,0.8333333333333334,0.8333333333333334,1.0,1.0,1.0,1.0,0.16666666666666666,1.0,0.9583333333333334,0.16666666666666663,0.125
0.0,0.35,0.8,0.25,0.7916666666666666,0.7916666666666666,1.0,0.9583333333333334,0.9583333333333334,1.0,0.20833333333333334,0.8,0.9084201388888888,0.16666666666666674,0.11675347222222221
0.0,0.35,0.8,0.25,0.875,0.875,1.0,1.0,1.0,1.0,0.125,1.0,0.96875,0.125,0.09375
0.0,0.35,0.8,0.25,0.9166666666666666,0.9166666666666666,1.0,1.0,1.0,1.0,0.08333333333333333,1.0,0.9791666666666666,0.08333333333333337,0.0625
0.0,0.35,0.8,0.25,0.875,0.875,1.0,0.9583333333333334,0.9583333333333334,1.0,0.125,0.6666666666666666,0.9283854166666667,0.08333333333333337,0.05338541666666674
0.0,0.35,0.8,0.25,0.875,0.875,1.0,1.0,1.0,1.0,0.125,1.0,0.96875,0.125,0.09375
0.0,0.35,0.8,0.25,0.8333333333333334,0.8333333333333334,1.0,0.9583333333333334,0.9583333333333334,1.0,0.16666666666666666,0.75,0.9184027777777779,0.125,0.08506944444444453
0.0,0.35,0.8,0.25,0.7083333333333334,0.7083333333333334,1.0,0.9583333333333334,0.9583333333333334,1.0,0.2916666666666667,0.8571428571428571,0.8884548611111112,0.25,0.1801215277777778
0.0,0.35,0.8,0.25,0.875,0.875,1.0,0.9583333333333334,0.9583333333333334,1.0,0.125,0.6666666666666666,0.9283854166666667,0.08333333333333337,0.05338541666666674
0.0,0.35,0.8,0.25,0.9166666666666666,0.9166666666666666,1.0,0.9583333333333334,0.9583333333333334,1.0,0.08333333333333333,0.5,0.9383680555555556,0.04166666666666674,0.02170138888888895
0.0,0.35,0.8,0.25,0.875,0.875,1.0,1.0,1.0,1.0,0.125,1.0,0.96875,0.125,0.09375
0.0,0.35,0.8,0.25,0.875,0.875,1.0,0.9583333333333334,0.9583333333333334,1.0,0.125,0.6666666666666666,0.9283854166666667,0.08333333333333337,0.05338541666666674
0.0,0.35,0.8,0.25,0.8333333333333334,0.8333333333333334,1.0,1.0,1.0,1.0,0.16666666666666666,1.0,0.9583333333333334,0.16666666666666663,0.125
0.0,0.35,0.8,0.25,0.8333333333333334,0.8333333333333334,1.0,0.9583333333333334,0.9583333333333334,1.0,0.16666666666666666,0.75,0.9184027777777779,0.125,0.08506944444444453
0.0,0.35,0.8,0.25,0.75,0.75,1.0,0.9166666666666666,0.9166666666666666,1.0,0.25,0.6666666666666666,0.859375,0.16666666666666663,0.109375
0.0,0.35,0.8,0.25,0.6666666666666666,0.6666666666666666,1.0,0.9166666666666666,0.9166666666666666,1.0,0.3333333333333333,0.75,0.8402777777777777,0.25,0.17361111111111105
0.0,0.39999999999999997,0.8,0.25,0.9166666666666666,0.9166666666666666,1.0,0.9583333333333334,0.9583333333333334,1.0,0.08333333333333333,0.5,0.9383680555555556,0.04166666666666674,0.02170138888888895
0.0,0.39999999999999997,0.8,0.25,0.7916666666666666,0.7916666666666666,1.0,0.9583333333333334,0.9583333333333334,1.0,0.20833333333333334,0.8,0.9084201388888888,0.16666666666666674,0.11675347222222221
0.0,0.39999999999999997,0.8,0.25,0.7916666666666666,0.7916666666666666,1.0,0.9166666666666666,0.9166666666666666,1.0,0.20833333333333334,0.6,0.868923611111111,0.125,0.07725694444444442
0.0,0.39999999999999997,0.8,0.25,0.7916666666666666,0.7916666666666666,1.0,0.9583333333333334,0.9583333333333334,1.0,0.20833333333333334,0.8,0.9084201388888888,0.16666666666666674,0.11675347222222221
0.0,0.39999999999999997,0.8,0.25,0.875,0.875,1.0,1.0,1.0,1.0,0.125,1.0,0.96875,0.125,0.09375
0.0,0.39999999999999997,0.8,0.25,0.7916666666666666,0.7916666666666666,1.0,0.9166666666666666,0.9166666666666666,1.0,0.20833333333333334,0.6,0.868923611111111,0.125,0.07725694444444442
0.0,0.39999999999999997,0.8,0.25,0.75,0.75,1.0,0.9583333333333334,0.9583333333333334,1.0,0.25,0.8333333333333334,0.8984375,0.20833333333333337,0.1484375
0.0,0.39999999999999997,0.8,0.25,0.8333333333333334,0.8333333333333334,1.0,1.0,1.0,1.0,0.16666666666666666,1.0,0.9583333333333334,0.16666666666666663,0.125
0.0,0.39999999999999997,0.8,0.25,0.9583333333333334,0.9583333333333334,1.0,1.0,1.0,1.0,0.041666666666666664,1.0,0.9895833333333334,0.04166666666666663,0.03125
0.0,0.39999999999999997,0.8,0.25,0.75,0.75,1.0,1.0,1.0,1.0,0.25,1.0,0.9375,0.25,0.1875
0.0,0.39999999999999997,0.8,0.25,0.7916666666666666,0.7916666666666666,1.0,0.9166666666666666,0.9166666666666666,1.0,0.20833333333333334,0.6,0.868923611111111,0.125,0.07725694444444442
0.0,0.39999999999999997,0.8,0.25,0.8333333333333334,0.8333333333333334,1.0,0.9583333333333334,0.9583333333333334,1.0,0.16666666666666666,0.75,0.9184027777777779,0.125,0.08506944444444453
0.0,0.39999999999999997,0.8,0.25,0.8333333333333334,0.8333333333333334,1.0,0.9583333333333334,0.9583333333333334,1.0,0.16666666666666666,0.75,0.9184027777777779,0.125,0.08506944444444453
0.0,0.39999999999999997,0.8,0.25,0.875,0.875,1.0,0.9166666666666666,0.9166666666666666,1.0,0.125,0.3333333333333333,0.8880208333333333,0.04166666666666663,0.01302083333333326
0.0,0.39999999999999997,0.8,0.25,0.75,0.75,1.0,0.9583333333333334,0.9583333333333334,1.0,0.25,0.8333333333333334,0.8984375,0.20833333333333337,0.1484375
0.0,0.39999999999999997,0.8,0.25,0.8333333333333334,0.8333333333333334,1.0,1.0,1.0,1.0,0.16666666666666666,1.0,0.9583333333333334,0.16666666666666663,0.125
0.0,0.39999999999999997,0.8,0.25,0.8333333333333334,0.8333333333333334,1.0,1.0,1.0,1.0,0.16666666666666666,1.0,0.9583333333333334,0.16666666666666663,0.125
0.0,0.39999999999999997,0.8,0.25,0.875,0.875,1.0,0.9583333333333334,0.9583333333333334,1.0,0.125,0.6666666666666666,0.9283854166666667,0.08333333333333337,0.05338541666666674
0.0,0.39999999999999997,0.8,0.25,0.8333333333333334,0.8333333333333334,1.0,0.9166666666666666,0.9166666666666666,1.0,0.16666666666666666,0.5,0.8784722222222222,0.08333333333333326,0.04513888888888884
0.0,0.39999999999999997,0.8,0.25,0.7916666666666666,0.7916666666666666,1.0,1.0,1.0,1.0,0.20833333333333334,1.0,0.9479166666666666,0.20833333333333337,0.15625
0.0,0.39999999999999997,0.8,0.25,0.75,0.75,1.0,1.0,1.0,1.0,0.25,1.0,0.9375,0.25,0.1875
0.0,0.39999999999999997,0.8,0.25,0.875,0.875,1.0,0.9583333333333334,0.9583333333333334,1.0,0.125,0.6666666666666666,0.9283854166666667,0.08333333333333337,0.05338541666666674
0.0,0.39999999999999997,0.8,0.25,0.75,0.75,1.0,1.0,1.0,1.0,0.25,1.0,0.9375,0.25,0.1875
0.0,0.39999999999999997,0.8,0.25,0.9166666666666666,0.9166666666666666,1.0,1.0,1.0,1.0,0.08333333333333333,1.0,0.9791666666666666,0.08333333333333337,0.0625
0.0,0.39999999999999997,0.8,0.25,0.6666666666666666,0.6666666666666666,1.0,0.9583333333333334,0.9583333333333334,1.0,0.3333333333333333,0.875,0.8784722222222222,0.29166666666666674,0.21180555555555558
0.0,0.44999999999999996,0.8,0.25,0.9166666666666666,0.9166666666666666,1.0,0.9583333333333334,0.9583333333333334,1.0,0.08333333333333333,0.5,0.9383680555555556,0.04166666666666674,0.02170138888888895
0.0,0.44999999999999996,0.8,0.25,0.7083333333333334,0.7083333333333334,1.0,0.9166666666666666,0.9166666666666666,1.0,0.2916666666666667,0.7142857142857143,0.8498263888888888,0.20833333333333326,0.14149305555555547
0.0,0.44999999999999996,0.8,0.25,0.7916666666666666,0.7916666666666666,1.0,0.9583333333333334,0.9583333333333334,1.0,0.20833333333333334,0.8,0.9084201388888888,0.16666666666666674,0.11675347222222221
0.0,0.44999999999999996,0.8,0.25,0.7916666666666666,0.7916666666666666,1.0,1.0,1.0,1.0,0.20833333333333334,1.0,0.9479166666666666,0.20833333333333337,0.15625
0.0,0.44999999999999996,0.8,0.25,0.7916666666666666,0.7916666666666666,1.0,1.0,1.0,1.0,0.20833333333333334,1.0,0.9479166666666666,0.20833333333333337,0.15625
0.0,0.44999999999999996,0.8,0.25,0.8333333333333334,0.8333333333333334,1.0,1.0,1.0,1.0,0.16666666666666666,1.0,0.9583333333333334,0.16666666666666663,0.125
0.0,0.44999999999999996,0.8,0.25,0.75,0.75,1.0,0.9583333333333334,0.9583333333333334,1.0,0.25,0.8333333333333334,0.8984375,0.20833333333333337,0.1484375
0.0,0.44999999999999996,0.8,0.25,0.7083333333333334,0.7083333333333334,1.0,1.0,1.0,1.0,0.2916666666666667,1.0,0.9270833333333334,0.29166666666666663,0.21875
0.0,0.44999999999999996,0.8,0.25,0.9166666666666666,0.9166666666666666,1.0,0.9583333333333334,0.9583333333333334,1.0,0.08333333333333333,0.5,0.9383680555555556,0.04166666666666674,0.02170138888888895
0.0,0.44999999999999996,0.8,0.25,0.8333333333333334,0.8333333333333334,1.0,1.0,1.0,1.0,0.16666666666666666,1.0,0.9583333333333334,0.16666666666666663,0.125
0.0,0.44999999999999996,0.8,0.25,0.7083333333333334,0.7083333333333334,1.0,0.9583333333333334,0.9583333333333334,1.0,0.2916666666666667,0.8571428571428571,0.8884548611111112,0.25,0.1801215277777778
0.0,0.44999999999999996,0.8,0.25,0.7083333333333334,0.7083333333333334,1.0,0.8333333333333334,0.8333333333333334,1.0,0.2916666666666667,0.42857142857142855,0.7725694444444445,0.125,0.06423611111111116
0.0,0.44999999999999996,0.8,0.25,0.625,0.625,1.0,0.875,0.875,1.0,0.375,0.6666666666666666,0.79296875,0.25,0.16796875
0.0,0.44999999999999996,0.8,0.25,0.875,0.875,1.0,1.0,1.0,1.0,0.125,1.0,0.96875,0.125,0.09375
0.0,0.44999999999999996,0.8,0.25,0.7916666666666666,0.7916666666666666,1.0,0.9583333333333334,0.9583333333333334,1.0,0.20833333333333334,0.8,0.9084201388888888,0.16666666666666674,0.11675347222222221
0.0,0.44999999999999996,0.8,0.25,0.7083333333333334,0.7083333333333334,1.0,0.9583333333333334,0.9583333333333334,1.0,0.2916666666666667,0.8571428571428571,0.8884548611111112,0.25,0.1801215277777778
0.0,0.44999999999999996,0.8,0.25,0.9583333333333334,0.9583333333333334,1.0,1.0,1.0,1.0,0.041666666666666664,1.0,0.9895833333333334,0.04166666666666663,0.03125
0.0,0.44999999999999996,0.8,0.25,0.625,0.625,1.0,1.0,1.0,1.0,0.375,1.0,0.90625,0.375,0.28125
0.0,0.44999999999999996,0.8,0.25,0.6666666666666666,0.6666666666666666,1.0,1.0,1.0,1.0,0.3333333333333333,1.0,0.9166666666666666,0.33333333333333337,0.25
0.0,0.44999999999999996,0.8,0.25,0.6666666666666666,0.6666666666666666,1.0,0.9583333333333334,0.9583333333333334,1.0,0.3333333333333333,0.875,0.8784722222222222,0.29166666666666674,0.21180555555555558
0.0,0.44999999999999996,0.8,0.25,0.6875,0.75,0.9166666666666666,0.9583333333333334,0.9583333333333334,1.0,0.25,0.8333333333333334,0.8984375,0.27083333333333337,0.2109375
0.0,0.44999999999999996,0.8,0.25,0.9166666666666666,0.9166666666666666,1.0,1.0,1.0,1.0,0.08333333333333333,1.0,0.9791666666666666,0.08333333333333337,0.0625
0.0,0.44999999999999996,0.8,0.25,0.8333333333333334,0.8333333333333334,1.0,0.9166666666666666,0.9166666666666666,1.0,0.16666666666666666,0.5,0.8784722222222222,0.08333333333333326,0.04513888888888884
0.0,0.44999999999999996,0.8,0.25,0.7916666666666666,0.7916666666666666,1.0,0.9583333333333334,0.9583333333333334,1.0,0.20833333333333334,0.8,0.9084201388888888,0.16666666666666674,0.11675347222222221
0.0,0.44999999999999996,0.8,0.25,0.8333333333333334,0.8333333333333334,1.0,0.9583333333333334,0.9583333333333334,1.0,0.16666666666666666,0.75,0.9184027777777779,0.125,0.08506944444444453
0.0,0.49999999999999994,0.8,0.25,0.75,0.75,1.0,0.9583333333333334,0.9583333333333334,1.0,0.25,0.8333333333333334,0.8984375,0.20833333333333337,0.1484375
0.0,0.49999999999999994,0.8,0.25,0.8333333333333334,0.8333333333333334,1.0,0.875,0.875,1.0,0.16666666666666666,0.25,0.8385416666666667,0.04166666666666663,0.00520833333333337
0.0,0.49999999999999994,0.8,0.25,0.7916666666666666,0.7916666666666666,1.0,1.0,1.0,1.0,0.20833333333333334,1.0,0.9479166666666666,0.20833333333333337,0.15625
0.0,0.49999999999999994,0.8,0.25,0.8333333333333334,0.8333333333333334,1.0,0.9166666666666666,0.9166666666666666,1.0,0.16666666666666666,0.5,0.8784722222222222,0.08333333333333326,0.04513888888888884
0.0,0.49999999999999994,0.8,0.25,0.7916666666666666,0.7916666666666666,1.0,0.9166666666666666,0.9166666666666666,1.0,0.20833333333333334,0.6,0.868923611111111,0.125,0.07725694444444442
0.0,0.49999999999999994,0.8,0.25,0.8333333333333334,0.8333333333333334,1.0,0.9583333333333334,0.9583333333333334,1.0,0.16666666666666666,0.75,0.9184027777777779,0.125,0.08506944444444453
0.0,0.49999999999999994,0.8,0.25,0.625,0.625,1.0,1.0,1.0,1.0,0.375,1.0,0.90625,0.375,0.28125
0.0,0.49999999999999994,0.8,0.25,0.8333333333333334,0.8333333333333334,1.0,0.9166666666666666,0.9166666666666666,1.0,0.16666666666666666,0.5,0.8784722222222222,0.08333333333333326,0.04513888888888884
0.0,0.49999999999999994,0.8,0.25,0.6666666666666666,0.6666666666666666,1.0,0.9583333333333334,0.9583333333333334,1.0,0.3333333333333333,0.875,0.8784722222222222,0.29166666666666674,0.21180555555555558
0.0,0.49999999999999994,0.8,0.25,0.7916666666666666,0.7916666666666666,1.0,0.9166666666666666,0.9166666666666666,1.0,0.20833333333333334,0.6,0.868923611111111,0.125,0.07725694444444442
0.0,0.49999999999999994,0.8,0.25,0.625,0.625,1.0,0.9166666666666666,0.9166666666666666,1.0,0.375,0.7777777777777778,0.8307291666666666,0.29166666666666663,0.20572916666666663
0.0,0.49999999999999994,0.8,0.25,0.75,0.75,1.0,1.0,1.0,1.0,0.25,1.0,0.9375,0.25,0.1875
0.0,0.49999999999999994,0.8,0.25,0.7916666666666666,0.7916666666666666,1.0,1.0,1.0,1.0,0.20833333333333334,1.0,0.9479166666666666,0.20833333333333337,0.15625
0.0,0.49999999999999994,0.8,0.25,0.7916666666666666,0.7916666666666666,1.0,0.9583333333333334,0.9583333333333334,1.0,0.20833333333333334,0.8,0.9084201388888888,0.16666666666666674,0.11675347222222221
0.0,0.49999999999999994,0.8,0.25,0.6666666666666666,0.6666666666666666,1.0,0.8333333333333334,0.8333333333333334,1.0,0.3333333333333333,0.5,0.7638888888888888,0.16666666666666674,0.09722222222222221
0.0,0.49999999999999994,0.8,0.25,0.7916666666666666,0.7916666666666666,1.0,0.9583333333333334,0.9583333333333334,1.0,0.20833333333333334,0.8,0.9084201388888888,0.16666666666666674,0.11675347222222221
0.0,0.49999999999999994,0.8,0.25,0.7083333333333334,0.7083333333333334,1.0,1.0,1.0,1.0,0.2916666666666667,1.0,0.9270833333333334,0.29166666666666663,0.21875
0.0,0.49999999999999994,0.8,0.25,0.7916666666666666,0.7916666666666666,1.0,0.9583333333333334,0.9583333333333334,1.0,0.20833333333333334,0.8,0.9084201388888888,0.16666666666666674,0.11675347222222221
0.0,0.49999999999999994,0.8,0.25,0.9166666666666666,0.9166666666666666,1.0,0.9583333333333334,0.9583333333333334,1.0,0.08333333333333333,0.5,0.9383680555555556,0.04166666666666674,0.02170138888888895
0.0,0.49999999999999994,0.8,0.25,0.75,0.75,1.0,0.9583333333333334,0.9583333333333334,1.0,0.25,0.8333333333333334,0.8984375,0.20833333333333337,0.1484375
0.0,0.49999999999999994,0.8,0.25,0.875,0.875,1.0,0.9583333333333334,0.9583333333333334,1.0,0.125,0.6666666666666666,0.9283854166666667,0.08333333333333337,0.05338541666666674
0.0,0.49999999999999994,0.8,0.25,0.6666666666666666,0.6666666666666666,1.0,0.9166666666666666,0.9166666666666666,1.0,0.3333333333333333,0.75,0.8402777777777777,0.25,0.17361111111111105
0.0,0.49999999999999994,0.8,0.25,0.5729166666666666,0.625,0.9166666666666666,0.9166666666666666,0.9166666666666666,1.0,0.375,0.7777777777777778,0.8307291666666666,0.34375,0.2578125
0.0,0.49999999999999994,0.8,0.25,0.7916666666666666,0.7916666666666666,1.0,0.9583333333333334,0.9583333333333334,1.0,0.20833333333333334,0.8,0.9084201388888888,0.16666666666666674,0.11675347222222221
0.0,0.49999999999999994,0.8,0.25,0.75,0.75,1.0,0.9583333333333334,0.9583333333333334,1.0,0.25,0.8333333333333334,0.8984375,0.20833333333333337,0.1484375
0.0,0.5499999999999999,0.8,0.25,0.75,0.75,1.0,0.9166666666666666,0.9166666666666666,1.0,0.25,0.6666666666666666,0.859375,0.16666666666666663,0.109375
0.0,0.5499999999999999,0.8,0.25,0.7083333333333334,0.7083333333333334,1.0,0.8333333333333334,0.8333333333333334,1.0,0.2916666666666667,0.42857142857142855,0.7725694444444445,0.125,0.06423611111111116
0.0,0.5499999999999999,0.8,0.25,0.8333333333333334,0.8333333333333334,1.0,0.875,0.875,1.0,0.16666666666666666,0.25,0.8385416666666667,0.04166666666666663,0.00520833333333337
0.0,0.5499999999999999,0.8,0.25,0.75,0.75,1.0,0.9166666666666666,0.9166666666666666,1.0,0.25,0.6666666666666666,0.859375,0.16666666666666663,0.109375
0.0,0.5499999999999999,0.8,0.25,0.8333333333333334,0.8333333333333334,1.0,1.0,1.0,1.0,0.16666666666666666,1.0,0.9583333333333334,0.16666666666666663,0.125
0.0,0.5499999999999999,0.8,0.25,0.6666666666666666,0.6666666666666666,1.0,0.7916666666666666,0.7916666666666666,1.0,0.3333333333333333,0.375,0.7256944444444444,0.125,0.05902777777777779
0.0,0.5499999999999999,0.8,0.25,0.6666666666666666,0.6666666666666666,1.0,1.0,1.0,1.0,0.3333333333333333,1.0,0.9166666666666666,0.33333333333333337,0.25
0.0,0.5499999999999999,0.8,0.25,0.5729166666666666,0.625,0.9166666666666666,1.0,1.0,1.0,0.375,1.0,0.90625,0.42708333333333337,0.33333333333333337
0.0,0.5499999999999999,0.8,0.25,0.75,0.75,1.0,0.875,0.875,1.0,0.25,0.5,0.8203125,0.125,0.0703125
0.0,0.5499999999999999,0.8,0.25,0.5729166666666666,0.625,0.9166666666666666,0.9583333333333334,0.9583333333333334,1.0,0.375,0.8888888888888888,0.8684895833333334,0.38541666666666674,0.29557291666666674
0.0,0.5499999999999999,0.8,0.25,0.625,0.625,1.0,0.9583333333333334,0.9583333333333334,1.0,0.375,0.8888888888888888,0.8684895833333334,0.33333333333333337,0.24348958333333337
0.0,0.5499999999999999,0.8,0.25,0.7916666666666666,0.7916666666666666,1.0,0.9583333333333334,0.9583333333333334,1.0,0.20833333333333334,0.8,0.9084201388888888,0.16666666666666674,0.11675347222222221
0.0,0.5499999999999999,0.8,0.25,0.75,0.75,1.0,0.9583333333333334,0.9583333333333334,1.0,0.25,0.8333333333333334,0.8984375,0.20833333333333337,0.1484375
0.0,0.5499999999999999,0.8,0.25,0.5833333333333334,0.5833333333333334,1.0,0.9166666666666666,0.9166666666666666,1.0,0.4166666666666667,0.8,0.8211805555555556,0.33333333333333326,0.2378472222222222
0.0,0.5499999999999999,0.8,0.25,0.7916666666666666,0.7916666666666666,1.0,1.0,1.0,1.0,0.20833333333333334,1.0,0.9479166666666666,0.20833333333333337,0.15625
0.0,0.5499999999999999,0.8,0.25,0.75,0.75,1.0,0.9583333333333334,0.9583333333333334,1.0,0.25,0.8333333333333334,0.8984375,0.20833333333333337,0.1484375
0.0,0.5499999999999999,0.8,0.25,0.6875,0.75,0.9166666666666666,0.9583333333333334,0.9583333333333334,1.0,0.25,0.8333333333333334,0.8984375,0.27083333333333337,0.2109375
0.0,0.5499999999999999,0.8,0.25,0.75,0.75,1.0,0.9166666666666666,0.9166666666666666,1.0,0.25,0.6666666666666666,0.859375,0.16666666666666663,0.109375
0.0,0.5499999999999999,0.8,0.25,0.625,0.625,1.0,0.875,0.875,1.0,0.375,0.6666666666666666,0.79296875,0.25,0.16796875
0.0,0.5499999999999999,0.8,0.25,0.5729166666666666,0.625,0.9166666666666666,0.9583333333333334,0.9583333333333334,1.0,0.375,0.8888888888888888,0.8684895833333334,0.38541666666666674,0.29557291666666674
0.0,0.5499999999999999,0.8,0.25,0.5833333333333334,0.5833333333333334,1.0,0.9583333333333334,0.9583333333333334,1.0,0.4166666666666667,0.9,0.8585069444444445,0.375,0.27517361111111116
0.0,0.5499999999999999,0.8,0.25,0.625,0.625,1.0,0.9583333333333334,0.9583333333333334,1.0,0.375,0.8888888888888888,0.8684895833333334,0.33333333333333337,0.24348958333333337
0.0,0.5499999999999999,0.8,0.25,0.7083333333333334,0.7083333333333334,1.0,0.9166666666666666,0.9166666666666666,1.0,0.2916666666666667,0.7142857142857143,0.8498263888888888,0.20833333333333326,0.14149305555555547
0.0,0.5499999999999999,0.8,0.25,0.625,0.625,1.0,0.9166666666666666,0.9166666666666666,1.0,0.375,0.7777777777777778,0.8307291666666666,0.29166666666666663,0.20572916666666663
0.0,0.5499999999999999,0.8,0.25,0.611111111111111,0.6666666666666666,0.9166666666666666,0.9166666666666666,0.9166666666666666,1.0,0.3333333333333333,0.75,0.8402777777777777,0.3055555555555556,0.22916666666666663
0.0,0.6,0.8,0.25,0.611111111111111,0.6666666666666666,0.9166666666666666,0.8333333333333334,0.8333333333333334,1.0,0.3333333333333333,0.5,0.7638888888888888,0.22222222222222232,0.1527777777777778
0.0,0.6,0.8,0.25,0.75,0.75,1.0,0.9166666666666666,0.9166666666666666,1.0,0.25,0.6666666666666666,0.859375,0.16666666666666663,0.109375
0.0,0.6,0.8,0.25,0.6875,0.75,0.9166666666666666,0.9166666666666666,0.9166666666666666,1.0,0.25,0.6666666666666666,0.859375,0.22916666666666663,0.171875
0.0,0.6,0.8,0.25,0.6666666666666666,0.6666666666666666,1.0,0.875,0.875,1.0,0.3333333333333333,0.625,0.8020833333333333,0.20833333333333337,0.13541666666666663
0.0,0.6,0.8,0.25,0.7083333333333334,0.7083333333333334,1.0,1.0,1.0,1.0,0.2916666666666667,1.0,0.9270833333333334,0.29166666666666663,0.21875
0.0,0.6,0.8,0.25,0.75,0.75,1.0,0.9583333333333334,0.9583333333333334,1.0,0.25,0.8333333333333334,0.8984375,0.20833333333333337,0.1484375
0.0,0.6,0.8,0.25,0.75,0.75,1.0,0.9166666666666666,0.9166666666666666,1.0,0.25,0.6666666666666666,0.859375,0.16666666666666663,0.109375
0.0,0.6,0.8,0.25,0.7916666666666666,0.7916666666666666,1.0,0.9583333333333334,0.9583333333333334,1.0,0.20833333333333334,0.8,0.9084201388888888,0.16666666666666674,0.11675347222222221
0.0,0.6,0.8,0.25,0.7083333333333334,0.7083333333333334,1.0,1.0,1.0,1.0,0.2916666666666667,1.0,0.9270833333333334,0.29166666666666663,0.21875
0.0,0.6,0.8,0.25,0.875,0.875,1.0,0.9166666666666666,0.9166666666666666,1.0,0.125,0.3333333333333333,0.8880208333333333,0.04166666666666663,0.01302083333333326
0.0,0.6,0.8,0.25,0.6666666666666666,0.6666666666666666,1.0,0.9166666666666666,0.9166666666666666,1.0,0.3333333333333333,0.75,0.8402777777777777,0.25,0.17361111111111105
0.0,0.6,0.8,0.25,0.75,0.75,1.0,0.9583333333333334,0.9583333333333334,1.0,0.25,0.8333333333333334,0.8984375,0.20833333333333337,0.1484375
0.0,0.6,0.8,0.25,0.625,0.625,1.0,0.9166666666666666,0.9166666666666666,1.0,0.375,0.7777777777777778,0.8307291666666666,0.29166666666666663,0.20572916666666663
0.0,0.6,0.8,0.25,0.6666666666666666,0.6666666666666666,1.0,0.875,0.875,1.0,0.3333333333333333,0.625,0.8020833333333333,0.20833333333333337,0.13541666666666663
0.0,0.6,0.8,0.25,0.7916666666666666,0.7916666666666666,1.0,1.0,1.0,1.0,0.20833333333333334,1.0,0.9479166666666666,0.20833333333333337,0.15625
0.0,0.6,0.8,0.25,0.75,0.75,1.0,0.9166666666666666,0.9166666666666666,1.0,0.25,0.6666666666666666,0.859375,0.16666666666666663,0.109375
0.0,0.6,0.8,0.25,0.7083333333333334,0.7083333333333334,1.0,0.9166666666666666,0.9166666666666666,1.0,0.2916666666666667,0.7142857142857143,0.8498263888888888,0.20833333333333326,0.14149305555555547
0.0,0.6,0.8,0.25,0.6666666666666666,0.6666666666666666,1.0,0.9583333333333334,0.9583333333333334,1.0,0.3333333333333333,0.875,0.8784722222222222,0.29166666666666674,0.21180555555555558
0.0,0.6,0.8,0.25,0.75,0.75,1.0,0.9583333333333334,0.9583333333333334,1.0,0.25,0.8333333333333334,0.8984375,0.20833333333333337,0.1484375
0.0,0.6,0.8,0.25,0.7083333333333334,0.7083333333333334,1.0,1.0,1.0,1.0,0.2916666666666667,1.0,0.9270833333333334,0.29166666666666663,0.21875
0.0,0.6,0.8,0.25,0.625,0.625,1.0,0.9166666666666666,0.9166666666666666,1.0,0.375,0.7777777777777778,0.8307291666666666,0.29166666666666663,0.20572916666666663
0.0,0.6,0.8,0.25,0.75,0.75,1.0,0.9166666666666666,0.9166666666666666,1.0,0.25,0.6666666666666666,0.859375,0.16666666666666663,0.109375
0.0,0.6,0.8,0.25,0.75,0.75,1.0,0.9583333333333334,0.9583333333333334,1.0,0.25,0.8333333333333334,0.8984375,0.20833333333333337,0.1484375
0.0,0.6,0.8,0.25,0.625,0.625,1.0,0.8333333333333334,0.8333333333333334,1.0,0.375,0.5555555555555556,0.7552083333333334,0.20833333333333337,0.13020833333333337
0.0,0.6,0.8,0.25,0.6666666666666666,0.6666666666666666,1.0,0.9583333333333334,0.9583333333333334,1.0,0.3333333333333333,0.875,0.8784722222222222,0.29166666666666674,0.21180555555555558
0.0,0.6499999999999999,0.8,0.25,0.7916666666666666,0.7916666666666666,1.0,1.0,1.0,1.0,0.20833333333333334,1.0,0.9479166666666666,0.20833333333333337,0.15625
0.0,0.6499999999999999,0.8,0.25,0.6666666666666666,0.6666666666666666,1.0,1.0,1.0,1.0,0.3333333333333333,1.0,0.9166666666666666,0.33333333333333337,0.25
0.0,0.6499999999999999,0.8,0.25,0.75,0.75,1.0,1.0,1.0,1.0,0.25,1.0,0.9375,0.25,0.1875
0.0,0.6499999999999999,0.8,0.25,0.7916666666666666,0.7916666666666666,1.0,1.0,1.0,1.0,0.20833333333333334,1.0,0.9479166666666666,0.20833333333333337,0.15625
0.0,0.6499999999999999,0.8,0.25,0.3888888888888889,0.5833333333333334,0.6666666666666666,0.7916666666666666,0.7916666666666666,1.0,0.4166666666666667,0.5,0.7092013888888888,0.40277777777777773,0.32031249999999994
0.0,0.6499999999999999,0.8,0.25,0.7916666666666666,0.7916666666666666,1.0,0.9583333333333334,0.9583333333333334,1.0,0.20833333333333334,0.8,0.9084201388888888,0.16666666666666674,0.11675347222222221
0.0,0.6499999999999999,0.8,0.25,0.611111111111111,0.6666666666666666,0.9166666666666666,0.9583333333333334,0.9583333333333334,1.0,0.3333333333333333,0.875,0.8784722222222222,0.3472222222222223,0.26736111111111116
0.0,0.6499999999999999,0.8,0.25,0.4166666666666667,0.5,0.8333333333333334,0.9166666666666666,0.9166666666666666,1.0,0.5,0.8333333333333334,0.8020833333333333,0.49999999999999994,0.3854166666666666
0.0,0.6499999999999999,0.8,0.25,0.75,0.75,1.0,0.9583333333333334,0.9583333333333334,1.0,0.25,0.8333333333333334,0.8984375,0.20833333333333337,0.1484375
0.0,0.6499999999999999,0.8,0.25,0.625,0.625,1.0,0.9583333333333334,0.9583333333333334,1.0,0.375,0.8888888888888888,0.8684895833333334,0.33333333333333337,0.24348958333333337
0.0,0.6499999999999999,0.8,0.25,0.625,0.625,1.0,0.9583333333333334,0.9583333333333334,1.0,0.375,0.8888888888888888,0.8684895833333334,0.33333333333333337,0.24348958333333337
0.0,0.6499999999999999,0.8,0.25,0.7083333333333334,0.7083333333333334,1.0,1.0,1.0,1.0,0.2916666666666667,1.0,0.9270833333333334,0.29166666666666663,0.21875
0.0,0.6499999999999999,0.8,0.25,0.625,0.625,1.0,0.8333333333333334,0.8333333333333334,1.0,0.375,0.5555555555555556,0.7552083333333334,0.20833333333333337,0.13020833333333337
0.0,0.6499999999999999,0.8,0.25,0.7083333333333334,0.7083333333333334,1.0,0.9583333333333334,0.9583333333333334,1.0,0.2916666666666667,0.8571428571428571,0.8884548611111112,0.25,0.1801215277777778
0.0,0.6499999999999999,0.8,0.25,0.5833333333333334,0.5833333333333334,1.0,0.9583333333333334,0.9583333333333334,1.0,0.4166666666666667,0.9,0.8585069444444445,0.375,0.27517361111111116
0.0,0.6499999999999999,0.8,0.25,0.6666666666666666,0.6666666666666666,1.0,0.8333333333333334,0.8333333333333334,1.0,0.3333333333333333,0.5,0.7638888888888888,0.16666666666666674,0.09722222222222221
0.0,0.6499999999999999,0.8,0.25,0.6666666666666666,0.6666666666666666,1.0,0.9583333333333334,0.9583333333333334,1.0,0.3333333333333333,0.875,0.8784722222222222,0.29166666666666674,0.21180555555555558
0.0,0.6499999999999999,0.8,0.25,0.8333333333333334,0.8333333333333334,1.0,1.0,1.0,1.0,0.16666666666666666,1.0,0.9583333333333334,0.16666666666666663,0.125
0.0,0.6499999999999999,0.8,0.25,0.5347222222222222,0.5833333333333334,0.9166666666666666,0.875,0.875,1.0,0.4166666666666667,0.7,0.7838541666666667,0.3402777777777778,0.24913194444444453
0.0,0.6499999999999999,0.8,0.25,0.7083333333333334,0.7083333333333334,1.0,0.9166666666666666,0.9166666666666666,1.0,0.2916666666666667,0.7142857142857143,0.8498263888888888,0.20833333333333326,0.14149305555555547
0.0,0.6499999999999999,0.8,0.25,0.5,0.6666666666666666,0.75,0.875,0.875,1.0,0.3333333333333333,0.625,0.8020833333333333,0.375,0.30208333333333326
0.0,0.6499999999999999,0.8,0.25,0.75,0.75,1.0,0.9583333333333334,0.9583333333333334,1.0,0.25,0.8333333333333334,0.8984375,0.20833333333333337,0.1484375
0.0,0.6499999999999999,0.8,0.25,0.5,0.5,1.0,0.9166666666666666,0.9166666666666666,1.0,0.5,0.8333333333333334,0.8020833333333333,0.41666666666666663,0.30208333333333326
0.0,0.6499999999999999,0.8,0.25,0.625,0.625,1.0,0.875,0.875,1.0,0.375,0.6666666666666666,0.79296875,0.25,0.16796875
0.0,0.6499999999999999,0.8,0.25,0.75,0.75,1.0,0.9583333333333334,0.9583333333333334,1.0,0.25,0.8333333333333334,0.8984375,0.20833333333333337,0.1484375
0.0,0.7,0.8,0.25,0.7916666666666666,0.7916666666666666,1.0,1.0,1.0,1.0,0.20833333333333334,1.0,0.9479166666666666,0.20833333333333337,0.15625
0.0,0.7,0.8,0.25,0.6666666666666666,0.6666666666666666,1.0,1.0,1.0,1.0,0.3333333333333333,1.0,0.9166666666666666,0.33333333333333337,0.25
0.0,0.7,0.8,0.25,0.6666666666666666,0.6666666666666666,1.0,0.9166666666666666,0.9166666666666666,1.0,0.3333333333333333,0.75,0.8402777777777777,0.25,0.17361111111111105
0.0,0.7,0.8,0.25,0.75,0.75,1.0,0.9166666666666666,0.9166666666666666,1.0,0.25,0.6666666666666666,0.859375,0.16666666666666663,0.109375
0.0,0.7,0.8,0.25,0.5347222222222222,0.5833333333333334,0.9166666666666666,0.875,0.875,1.0,0.4166666666666667,0.7,0.7838541666666667,0.3402777777777778,0.24913194444444453
0.0,0.7,0.8,0.25,0.5729166666666666,0.625,0.9166666666666666,0.9583333333333334,0.9583333333333334,1.0,0.375,0.8888888888888888,0.8684895833333334,0.38541666666666674,0.29557291666666674
0.0,0.7,0.8,0.25,0.6666666666666666,0.6666666666666666,1.0,0.9583333333333334,0.9583333333333334,1.0,0.3333333333333333,0.875,0.8784722222222222,0.29166666666666674,0.21180555555555558
0.0,0.7,0.8,0.25,0.75,0.75,1.0,1.0,1.0,1.0,0.25,1.0,0.9375,0.25,0.1875
0.0,0.7,0.8,0.25,0.5,0.5,1.0,0.9166666666666666,0.9166666666666666,1.0,0.5,0.8333333333333334,0.8020833333333333,0.41666666666666663,0.30208333333333326
0.0,0.7,0.8,0.25,0.5416666666666666,0.5416666666666666,1.0,0.875,0.875,1.0,0.4583333333333333,0.7272727272727273,0.7747395833333333,0.33333333333333337,0.23307291666666663
0.0,0.7,0.8,0.25,0.6493055555555556,0.7083333333333334,0.9166666666666666,0.9166666666666666,0.9166666666666666,1.0,0.2916666666666667,0.7142857142857143,0.8498263888888888,0.26736111111111105,0.20052083333333326
0.0,0.7,0.8,0.25,0.6666666666666666,0.6666666666666666,1.0,0.9166666666666666,0.9166666666666666,1.0,0.3333333333333333,0.75,0.8402777777777777,0.25,0.17361111111111105
0.0,0.7,0.8,0.25,0.3819444444444444,0.4583333333333333,0.8333333333333334,0.8333333333333334,0.8333333333333334,1.0,0.5416666666666666,0.6923076923076923,0.7204861111111112,0.45138888888888895,0.33854166666666674
0.0,0.7,0.8,0.25,0.6666666666666666,0.6666666666666666,1.0,0.8333333333333334,0.8333333333333334,1.0,0.3333333333333333,0.5,0.7638888888888888,0.16666666666666674,0.09722222222222221
0.0,0.7,0.8,0.25,0.611111111111111,0.6666666666666666,0.9166666666666666,0.9166666666666666,0.9166666666666666,1.0,0.3333333333333333,0.75,0.8402777777777777,0.3055555555555556,0.22916666666666663
0.0,0.7,0.8,0.25,0.7083333333333334,0.7083333333333334,1.0,1.0,1.0,1.0,0.2916666666666667,1.0,0.9270833333333334,0.29166666666666663,0.21875
0.0,0.7,0.8,0.25,0.5833333333333334,0.5833333333333334,1.0,0.9166666666666666,0.9166666666666666,1.0,0.4166666666666667,0.8,0.8211805555555556,0.33333333333333326,0.2378472222222222
0.0,0.7,0.8,0.25,0.4513888888888889,0.5416666666666666,0.8333333333333334,0.8020833333333333,0.875,0.9166666666666666,0.4583333333333333,0.7272727272727273,0.7101779513888888,0.35069444444444436,0.25878906249999994
0.0,0.7,0.8,0.25,0.6666666666666666,0.6666666666666666,1.0,1.0,1.0,1.0,0.3333333333333333,1.0,0.9166666666666666,0.33333333333333337,0.25
0.0,0.7,0.8,0.25,0.7083333333333334,0.7083333333333334,1.0,0.9583333333333334,0.9583333333333334,1.0,0.2916666666666667,0.8571428571428571,0.8884548611111112,0.25,0.1801215277777778
0.0,0.7,0.8,0.25,0.6666666666666666,0.6666666666666666,1.0,0.9583333333333334,0.9583333333333334,1.0,0.3333333333333333,0.875,0.8784722222222222,0.29166666666666674,0.21180555555555558
0.0,0.7,0.8,0.25,0.49652777777777773,0.5416666666666666,0.9166666666666666,0.9583333333333334,0.9583333333333334,1.0,0.4583333333333333,0.9090909090909091,0.8485243055555556,0.46180555555555564,0.35199652777777785
0.0,0.7,0.8,0.25,0.7083333333333334,0.7083333333333334,1.0,1.0,1.0,1.0,0.2916666666666667,1.0,0.9270833333333334,0.29166666666666663,0.21875
0.0,0.7,0.8,0.25,0.75,0.75,1.0,0.9166666666666666,0.9166666666666666,1.0,0.25,0.6666666666666666,0.859375,0.16666666666666663,0.109375
0.0,0.7,0.8,0.25,0.7083333333333334,0.7083333333333334,1.0,0.9166666666666666,0.9166666666666666,1.0,0.2916666666666667,0.7142857142857143,0.8498263888888888,0.20833333333333326,0.14149305555555547
0.0,0.0,0.8,0.5,1.0,1.0,1.0,1.0,1.0,1.0,0.0,1.0,1.0,0.0,0.0
0.0,0.0,0.8,0.5,1.0,1.0,1.0,1.0,1.0,1.0,0.0,1.0,1.0,0.0,0.0
0.0,0.0,0.8,0.5,1.0,1.0,1.0,1.0,1.0,1.0,0.0,1.0,1.0,0.0,0.0
0.0,0.0,0.8,0.5,1.0,1.0,1.0,1.0,1.0,1.0,0.0,1.0,1.0,0.0,0.0
0.0,0.0,0.8,0.5,1.0,1.0,1.0,1.0,1.0,1.0,0.0,1.0,1.0,0.0,0.0
0.0,0.0,0.8,0.5,1.0,1.0,1.0,1.0,1.0,1.0,0.0,1.0,1.0,0.0,0.0
0.0,0.0,0.8,0.5,1.0,1.0,1.0,1.0,1.0,1.0,0.0,1.0,1.0,0.0,0.0
0.0,0.0,0.8,0.5,1.0,1.0,1.0,1.0,1.0,1.0,0.0,1.0,1.0,0.0,0.0
0.0,0.0,0.8,0.5,1.0,1.0,1.0,1.0,1.0,1.0,0.0,1.0,1.0,0.0,0.0
0.0,0.0,0.8,0.5,1.0,1.0,1.0,1.0,1.0,1.0,0.0,1.0,1.0,0.0,0.0
0.0,0.0,0.8,0.5,1.0,1.0,1.0,1.0,1.0,1.0,0.0,1.0,1.0,0.0,0.0
0.0,0.0,0.8,0.5,1.0,1.0,1.0,1.0,1.0,1.0,0.0,1.0,1.0,0.0,0.0
0.0,0.0,0.8,0.5,1.0,1.0,1.0,1.0,1.0,1.0,0.0,1.0,1.0,0.0,0.0
0.0,0.0,0.8,0.5,1.0,1.0,1.0,1.0,1.0,1.0,0.0,1.0,1.0,0.0,0.0
0.0,0.0,0.8,0.5,1.0,1.0,1.0,1.0,1.0,1.0,0.0,1.0,1.0,0.0,0.0
0.0,0.0,0.8,0.5,1.0,1.0,1.0,1.0,1.0,1.0,0.0,1.0,1.0,0.0,0.0
0.0,0.0,0.8,0.5,1.0,1.0,1.0,1.0,1.0,1.0,0.0,1.0,1.0,0.0,0.0
0.0,0.0,0.8,0.5,1.0,1.0,1.0,1.0,1.0,1.0,0.0,1.0,1.0,0.0,0.0
0.0,0.0,0.8,0.5,1.0,1.0,1.0,1.0,1.0,1.0,0.0,1.0,1.0,0.0,0.0
0.0,0.0,0.8,0.5,1.0,1.0,1.0,1.0,1.0,1.0,0.0,1.0,1.0,0.0,0.0
0.0,0.0,0.8,0.5,1.0,1.0,1.0,1.0,1.0,1.0,0.0,1.0,1.0,0.0,0.0
0.0,0.0,0.8,0.5,1.0,1.0,1.0,1.0,1.0,1.0,0.0,1.0,1.0,0.0,0.0
0.0,0.0,0.8,0.5,1.0,1.0,1.0,1.0,1.0,1.0,0.0,1.0,1.0,0.0,0.0
0.0,0.0,0.8,0.5,1.0,1.0,1.0,1.0,1.0,1.0,0.0,1.0,1.0,0.0,0.0
0.0,0.0,0.8,0.5,1.0,1.0,1.0,1.0,1.0,1.0,0.0,1.0,1.0,0.0,0.0
0.0,0.049999999999999996,0.8,0.5,1.0,1.0,1.0,1.0,1.0,1.0,0.0,1.0,1.0,0.0,0.0
0.0,0.049999999999999996,0.8,0.5,1.0,1.0,1.0,1.0,1.0,1.0,0.0,1.0,1.0,0.0,0.0
0.0,0.049999999999999996,0.8,0.5,0.9166666666666666,0.9166666666666666,1.0,1.0,1.0,1.0,0.08333333333333333,1.0,0.9583333333333334,0.08333333333333337,0.04166666666666674
0.0,0.049999999999999996,0.8,0.5,1.0,1.0,1.0,1.0,1.0,1.0,0.0,1.0,1.0,0.0,0.0
0.0,0.049999999999999996,0.8,0.5,1.0,1.0,1.0,1.0,1.0,1.0,0.0,1.0,1.0,0.0,0.0
0.0,0.049999999999999996,0.8,0.5,1.0,1.0,1.0,1.0,1.0,1.0,0.0,1.0,1.0,0.0,0.0
0.0,0.049999999999999996,0.8,0.5,0.9583333333333334,0.9583333333333334,1.0,1.0,1.0,1.0,0.041666666666666664,1.0,0.9791666666666666,0.04166666666666663,0.02083333333333326
0.0,0.049999999999999996,0.8,0.5,1.0,1.0,1.0,1.0,1.0,1.0,0.0,1.0,1.0,0.0,0.0
0.0,0.049999999999999996,0.8,0.5,0.9583333333333334,0.9583333333333334,1.0,0.9583333333333334,0.9583333333333334,1.0,0.041666666666666664,0.0,0.9383680555555556,0.0,-0.01996527777777779
0.0,0.049999999999999996,0.8,0.5,0.9583333333333334,0.9583333333333334,1.0,1.0,1.0,1.0,0.041666666666666664,1.0,0.9791666666666666,0.04166666666666663,0.02083333333333326
0.0,0.049999999999999996,0.8,0.5,1.0,1.0,1.0,1.0,1.0,1.0,0.0,1.0,1.0,0.0,0.0
0.0,0.049999999999999996,0.8,0.5,1.0,1.0,1.0,1.0,1.0,1.0,0.0,1.0,1.0,0.0,0.0
0.0,0.049999999999999996,0.8,0.5,0.9166666666666666,0.9166666666666666,1.0,0.9583333333333334,0.9583333333333334,1.0,0.08333333333333333,0.5,0.9184027777777779,0.04166666666666674,0.0017361111111112715
0.0,0.049999999999999996,0.8,0.5,1.0,1.0,1.0,1.0,1.0,1.0,0.0,1.0,1.0,0.0,0.0
0.0,0.049999999999999996,0.8,0.5,1.0,1.0,1.0,1.0,1.0,1.0,0.0,1.0,1.0,0.0,0.0
0.0,0.049999999999999996,0.8,0.5,0.9583333333333334,0.9583333333333334,1.0,0.9583333333333334,0.9583333333333334,1.0,0.041666666666666664,0.0,0.9383680555555556,0.0,-0.01996527777777779
0.0,0.049999999999999996,0.8,0.5,1.0,1.0,1.0,1.0,1.0,1.0,0.0,1.0,1.0,0.0,0.0
0.0,0.049999999999999996,0.8,0.5,0.9583333333333334,0.9583333333333334,1.0,1.0,1.0,1.0,0.041666666666666664,1.0,0.9791666666666666,0.04166666666666663,0.02083333333333326
0.0,0.049999999999999996,0.8,0.5,1.0,1.0,1.0,1.0,1.0,1.0,0.0,1.0,1.0,0.0,0.0
0.0,0.049999999999999996,0.8,0.5,0.9583333333333334,0.9583333333333334,1.0,1.0,1.0,1.0,0.041666666666666664,1.0,0.9791666666666666,0.04166666666666663,0.02083333333333326
0.0,0.049999999999999996,0.8,0.5,0.9583333333333334,0.9583333333333334,1.0,1.0,1.0,1.0,0.041666666666666664,1.0,0.9791666666666666,0.04166666666666663,0.02083333333333326
0.0,0.049999999999999996,0.8,0.5,1.0,1.0,1.0,1.0,1.0,1.0,0.0,1.0,1.0,0.0,0.0
0.0,0.049999999999999996,0.8,0.5,1.0,1.0,1.0,1.0,1.0,1.0,0.0,1.0,1.0,0.0,0.0
0.0,0.049999999999999996,0.8,0.5,1.0,1.0,1.0,1.0,1.0,1.0,0.0,1.0,1.0,0.0,0.0
0.0,0.049999999999999996,0.8,0.5,1.0,1.0,1.0,1.0,1.0,1.0,0.0,1.0,1.0,0.0,0.0
0.0,0.09999999999999999,0.8,0.5,0.875,0.875,1.0,1.0,1.0,1.0,0.125,1.0,0.9375,0.125,0.0625
0.0,0.09999999999999999,0.8,0.5,0.9583333333333334,0.9583333333333334,1.0,1.0,1.0,1.0,0.041666666666666664,1.0,0.9791666666666666,0.04166666666666663,0.02083333333333326
0.0,0.09999999999999999,0.8,0.5,0.9583333333333334,0.9583333333333334,1.0,1.0,1.0,1.0,0.041666666666666664,1.0,0.9791666666666666,0.04166666666666663,0.02083333333333326
0.0,0.09999999999999999,0.8,0.5,0.9583333333333334,0.9583333333333334,1.0,1.0,1.0,1.0,0.041666666666666664,1.0,0.9791666666666666,0.04166666666666663,0.02083333333333326
0.0,0.09999999999999999,0.8,0.5,0.9166666666666666,0.9166666666666666,1.0,0.9583333333333334,0.9583333333333334,1.0,0.08333333333333333,0.5,0.9184027777777779,0.04166666666666674,0.0017361111111112715
0.0,0.09999999999999999,0.8,0.5,0.9583333333333334,0.9583333333333334,1.0,1.0,1.0,1.0,0.041666666666666664,1.0,0.9791666666666666,0.04166666666666663,0.02083333333333326
0.0,0.09999999999999999,0.8,0.5,0.9583333333333334,0.9583333333333334,1.0,1.0,1.0,1.0,0.041666666666666664,1.0,0.9791666666666666,0.04166666666666663,0.02083333333333326
0.0,0.09999999999999999,0.8,0.5,1.0,1.0,1.0,1.0,1.0,1.0,0.0,1.0,1.0,0.0,0.0
0.0,0.09999999999999999,0.8,0.5,1.0,1.0,1.0,1.0,1.0,1.0,0.0,1.0,1.0,0.0,0.0
0.0,0.09999999999999999,0.8,0.5,1.0,1.0,1.0,1.0,1.0,1.0,0.0,1.0,1.0,0.0,0.0
0.0,0.09999999999999999,0.8,0.5,1.0,1.0,1.0,1.0,1.0,1.0,0.0,1.0,1.0,0.0,0.0
0.0,0.09999999999999999,0.8,0.5,0.9166666666666666,0.9166666666666666,1.0,1.0,1.0,1.0,0.08333333333333333,1.0,0.9583333333333334,0.08333333333333337,0.04166666666666674
0.0,0.09999999999999999,0.8,0.5,1.0,1.0,1.0,1.0,1.0,1.0,0.0,1.0,1.0,0.0,0.0
0.0,0.09999999999999999,0.8,0.5,0.9583333333333334,0.9583333333333334,1.0,1.0,1.0,1.0,0.041666666666666664,1.0,0.9791666666666666,0.04166666666666663,0.02083333333333326
0.0,0.09999999999999999,0.8,0.5,0.9583333333333334,0.9583333333333334,1.0,0.9583333333333334,0.9583333333333334,1.0,0.041666666666666664,0.0,0.9383680555555556,0.0,-0.01996527777777779
0.0,0.09999999999999999,0.8,0.5,0.9583333333333334,0.9583333333333334,1.0,0.9583333333333334,0.9583333333333334,1.0,0.041666666666666664,0.0,0.9383680555555556,0.0,-0.01996527777777779
0.0,0.09999999999999999,0.8,0.5,0.9166666666666666,0.9166666666666666,1.0,1.0,1.0,1.0,0.08333333333333333,1.0,0.9583333333333334,0.08333333333333337,0.04166666666666674
0.0,0.09999999999999999,0.8,0.5,0.9166666666666666,0.9166666666666666,1.0,1.0,1.0,1.0,0.08333333333333333,1.0,0.9583333333333334,0.08333333333333337,0.04166666666666674
0.0,0.09999999999999999,0.8,0.5,0.9583333333333334,0.9583333333333334,1.0,1.0,1.0,1.0,0.041666666666666664,1.0,0.9791666666666666,0.04166666666666663,0.02083333333333326
0.0,0.09999999999999999,0.8,0.5,0.9583333333333334,0.9583333333333334,1.0,1.0,1.0,1.0,0.041666666666666664,1.0,0.9791666666666666,0.04166666666666663,0.02083333333333326
0.0,0.09999999999999999,0.8,0.5,0.9166666666666666,0.9166666666666666,1.0,1.0,1.0,1.0,0.08333333333333333,1.0,0.9583333333333334,0.08333333333333337,0.04166666666666674
0.0,0.09999999999999999,0.8,0.5,0.9166666666666666,0.9166666666666666,1.0,1.0,1.0,1.0,0.08333333333333333,1.0,0.9583333333333334,0.08333333333333337,0.04166666666666674
0.0,0.09999999999999999,0.8,0.5,0.9583333333333334,0.9583333333333334,1.0,1.0,1.0,1.0,0.041666666666666664,1.0,0.9791666666666666,0.04166666666666663,0.02083333333333326
0.0,0.09999999999999999,0.8,0.5,1.0,1.0,1.0,1.0,1.0,1.0,0.0,1.0,1.0,0.0,0.0
0.0,0.09999999999999999,0.8,0.5,0.9583333333333334,0.9583333333333334,1.0,1.0,1.0,1.0,0.041666666666666664,1.0,0.9791666666666666,0.04166666666666663,0.02083333333333326
0.0,0.15,0.8,0.5,0.9583333333333334,0.9583333333333334,1.0,1.0,1.0,1.0,0.041666666666666664,1.0,0.9791666666666666,0.04166666666666663,0.02083333333333326
0.0,0.15,0.8,0.5,0.9583333333333334,0.9583333333333334,1.0,1.0,1.0,1.0,0.041666666666666664,1.0,0.9791666666666666,0.04166666666666663,0.02083333333333326
0.0,0.15,0.8,0.5,0.9583333333333334,0.9583333333333334,1.0,1.0,1.0,1.0,0.041666666666666664,1.0,0.9791666666666666,0.04166666666666663,0.02083333333333326
0.0,0.15,0.8,0.5,0.8333333333333334,0.8333333333333334,1.0,0.875,0.875,1.0,0.16666666666666666,0.25,0.8020833333333333,0.04166666666666663,-0.03125000000000011
0.0,0.15,0.8,0.5,0.875,0.875,1.0,0.9583333333333334,0.9583333333333334,1.0,0.125,0.6666666666666666,0.8984375,0.08333333333333337,0.0234375
0.0,0.15,0.8,0.5,0.9166666666666666,0.9166666666666666,1.0,1.0,1.0,1.0,0.08333333333333333,1.0,0.9583333333333334,0.08333333333333337,0.04166666666666674
0.0,0.15,0.8,0.5,1.0,1.0,1.0,1.0,1.0,1.0,0.0,1.0,1.0,0.0,0.0
0.0,0.15,0.8,0.5,0.9166666666666666,0.9166666666666666,1.0,1.0,1.0,1.0,0.08333333333333333,1.0,0.9583333333333334,0.08333333333333337,0.04166666666666674
0.0,0.15,0.8,0.5,0.9166666666666666,0.9166666666666666,1.0,0.9166666666666666,0.9166666666666666,1.0,0.08333333333333333,0.0,0.8784722222222222,0.0,-0.03819444444444442
0.0,0.15,0.8,0.5,1.0,1.0,1.0,1.0,1.0,1.0,0.0,1.0,1.0,0.0,0.0
0.0,0.15,0.8,0.5,0.9583333333333334,0.9583333333333334,1.0,1.0,1.0,1.0,0.041666666666666664,1.0,0.9791666666666666,0.04166666666666663,0.02083333333333326
0.0,0.15,0.8,0.5,0.9166666666666666,0.9166666666666666,1.0,0.9583333333333334,0.9583333333333334,1.0,0.08333333333333333,0.5,0.9184027777777779,0.04166666666666674,0.0017361111111112715
0.0,0.15,0.8,0.5,0.8333333333333334,0.8333333333333334,1.0,1.0,1.0,1.0,0.16666666666666666,1.0,0.9166666666666666,0.16666666666666663,0.08333333333333326
0.0,0.15,0.8,0.5,0.8333333333333334,0.8333333333333334,1.0,1.0,1.0,1.0,0.16666666666666666,1.0,0.9166666666666666,0.16666666666666663,0.08333333333333326
0.0,0.15,0.8,0.5,0.875,0.875,1.0,0.9583333333333334,0.9583333333333334,1.0,0.125,0.6666666666666666,0.8984375,0.08333333333333337,0.0234375
0.0,0.15,0.8,0.5,0.9583333333333334,0.9583333333333334,1.0,1.0,1.0,1.0,0.041666666666666664,1.0,0.9791666666666666,0.04166666666666663,0.02083333333333326
0.0,0.15,0.8,0.5,0.875,0.875,1.0,0.9583333333333334,0.9583333333333334,1.0,0.125,0.6666666666666666,0.8984375,0.08333333333333337,0.0234375
0.0,0.15,0.8,0.5,0.9166666666666666,0.9166666666666666,1.0,0.9583333333333334,0.9583333333333334,1.0,0.08333333333333333,0.5,0.9184027777777779,0.04166666666666674,0.0017361111111112715
0.0,0.15,0.8,0.5,0.8333333333333334,0.8333333333333334,1.0,0.9583333333333334,0.9583333333333334,1.0,0.16666666666666666,0.75,0.8784722222222222,0.125,0.04513888888888884
0.0,0.15,0.8,0.5,1.0,1.0,1.0,1.0,1.0,1.0,0.0,1.0,1.0,0.0,0.0
0.0,0.15,0.8,0.5,0.875,0.875,1.0,0.9583333333333334,0.9583333333333334,1.0,0.125,0.6666666666666666,0.8984375,0.08333333333333337,0.0234375
0.0,0.15,0.8,0.5,0.9166666666666666,0.9166666666666666,1.0,1.0,1.0,1.0,0.08333333333333333,1.0,0.9583333333333334,0.08333333333333337,0.04166666666666674
0.0,0.15,0.8,0.5,0.9166666666666666,0.9166666666666666,1.0,0.9583333333333334,0.9583333333333334,1.0,0.08333333333333333,0.5,0.9184027777777779,0.04166666666666674,0.0017361111111112715
0.0,0.15,0.8,0.5,0.9583333333333334,0.9583333333333334,1.0,1.0,1.0,1.0,0.041666666666666664,1.0,0.9791666666666666,0.04166666666666663,0.02083333333333326
0.0,0.15,0.8,0.5,1.0,1.0,1.0,1.0,1.0,1.0,0.0,1.0,1.0,0.0,0.0
0.0,0.19999999999999998,0.8,0.5,0.875,0.875,1.0,1.0,1.0,1.0,0.125,1.0,0.9375,0.125,0.0625
0.0,0.19999999999999998,0.8,0.5,0.9583333333333334,0.9583333333333334,1.0,1.0,1.0,1.0,0.041666666666666664,1.0,0.9791666666666666,0.04166666666666663,0.02083333333333326
0.0,0.19999999999999998,0.8,0.5,0.875,0.875,1.0,1.0,1.0,1.0,0.125,1.0,0.9375,0.125,0.0625
0.0,0.19999999999999998,0.8,0.5,0.75,0.75,1.0,1.0,1.0,1.0,0.25,1.0,0.875,0.25,0.125
0.0,0.19999999999999998,0.8,0.5,0.9166666666666666,0.9166666666666666,1.0,1.0,1.0,1.0,0.08333333333333333,1.0,0.9583333333333334,0.08333333333333337,0.04166666666666674
0.0,0.19999999999999998,0.8,0.5,0.6875,0.75,0.9166666666666666,0.9583333333333334,0.9583333333333334,1.0,0.25,0.8333333333333334,0.8385416666666667,0.27083333333333337,0.15104166666666674
0.0,0.19999999999999998,0.8,0.5,0.9583333333333334,0.9583333333333334,1.0,1.0,1.0,1.0,0.041666666666666664,1.0,0.9791666666666666,0.04166666666666663,0.02083333333333326
0.0,0.19999999999999998,0.8,0.5,0.875,0.875,1.0,1.0,1.0,1.0,0.125,1.0,0.9375,0.125,0.0625
0.0,0.19999999999999998,0.8,0.5,0.9583333333333334,0.9583333333333334,1.0,1.0,1.0,1.0,0.041666666666666664,1.0,0.9791666666666666,0.04166666666666663,0.02083333333333326
0.0,0.19999999999999998,0.8,0.5,0.875,0.875,1.0,1.0,1.0,1.0,0.125,1.0,0.9375,0.125,0.0625
0.0,0.19999999999999998,0.8,0.5,0.9166666666666666,0.9166666666666666,1.0,1.0,1.0,1.0,0.08333333333333333,1.0,0.9583333333333334,0.08333333333333337,0.04166666666666674
0.0,0.19999999999999998,0.8,0.5,0.875,0.875,1.0,0.9166666666666666,0.9166666666666666,1.0,0.125,0.3333333333333333,0.859375,0.04166666666666663,-0.015625
0.0,0.19999999999999998,0.8,0.5,0.9583333333333334,0.9583333333333334,1.0,0.9583333333333334,0.9583333333333334,1.0,0.041666666666666664,0.0,0.9383680555555556,0.0,-0.01996527777777779
0.0,0.19999999999999998,0.8,0.5,0.875,0.875,1.0,0.9583333333333334,0.9583333333333334,1.0,0.125,0.6666666666666666,0.8984375,0.08333333333333337,0.0234375
0.0,0.19999999999999998,0.8,0.5,0.9166666666666666,0.9166666666666666,1.0,1.0,1.0,1.0,0.08333333333333333,1.0,0.9583333333333334,0.08333333333333337,0.04166666666666674
0.0,0.19999999999999998,0.8,0.5,0.875,0.875,1.0,1.0,1.0,1.0,0.125,1.0,0.9375,0.125,0.0625
0.0,0.19999999999999998,0.8,0.5,0.9166666666666666,0.9166666666666666,1.0,0.9166666666666666,0.9166666666666666,1.0,0.08333333333333333,0.0,0.8784722222222222,0.0,-0.03819444444444442
0.0,0.19999999999999998,0.8,0.5,0.9166666666666666,0.9166666666666666,1.0,1.0,1.0,1.0,0.08333333333333333,1.0,0.9583333333333334,0.08333333333333337,0.04166666666666674
0.0,0.19999999999999998,0.8,0.5,0.9583333333333334,0.9583333333333334,1.0,0.9583333333333334,0.9583333333333334,1.0,0.041666666666666664,0.0,0.9383680555555556,0.0,-0.01996527777777779
0.0,0.19999999999999998,0.8,0.5,0.9166666666666666,0.9166666666666666,1.0,1.0,1.0,1.0,0.08333333333333333,1.0,0.9583333333333334,0.08333333333333337,0.04166666666666674
0.0,0.19999999999999998,0.8,0.5,0.75,0.75,1.0,0.9166666666666666,0.9166666666666666,1.0,0.25,0.6666666666666666,0.8020833333333333,0.16666666666666663,0.05208333333333326
0.0,0.19999999999999998,0.8,0.5,0.9583333333333334,0.9583333333333334,1.0,1.0,1.0,1.0,0.041666666666666664,1.0,0.9791666666666666,0.04166666666666663,0.02083333333333326
0.0,0.19999999999999998,0.8,0.5,0.875,0.875,1.0,1.0,1.0,1.0,0.125,1.0,0.9375,0.125,0.0625
0.0,0.19999999999999998,0.8,0.5,0.875,0.875,1.0,0.9583333333333334,0.9583333333333334,1.0,0.125,0.6666666666666666,0.8984375,0.08333333333333337,0.0234375
0.0,0.19999999999999998,0.8,0.5,0.9166666666666666,0.9166666666666666,1.0,1.0,1.0,1.0,0.08333333333333333,1.0,0.9583333333333334,0.08333333333333337,0.04166666666666674
0.0,0.24999999999999997,0.8,0.5,0.9166666666666666,0.9166666666666666,1.0,1.0,1.0,1.0,0.08333333333333333,1.0,0.9583333333333334,0.08333333333333337,0.04166666666666674
0.0,0.24999999999999997,0.8,0.5,0.9583333333333334,0.9583333333333334,1.0,0.9583333333333334,0.9583333333333334,1.0,0.041666666666666664,0.0,0.9383680555555556,0.0,-0.01996527777777779
0.0,0.24999999999999997,0.8,0.5,0.75,0.75,1.0,0.9583333333333334,0.9583333333333334,1.0,0.25,0.8333333333333334,0.8385416666666667,0.20833333333333337,0.08854166666666674
0.0,0.24999999999999997,0.8,0.5,0.8333333333333334,0.8333333333333334,1.0,0.9583333333333334,0.9583333333333334,1.0,0.16666666666666666,0.75,0.8784722222222222,0.125,0.04513888888888884
0.0,0.24999999999999997,0.8,0.5,0.8333333333333334,0.8333333333333334,1.0,0.875,0.875,1.0,0.16666666666666666,0.25,0.8020833333333333,0.04166666666666663,-0.03125000000000011
0.0,0.24999999999999997,0.8,0.5,0.875,0.875,1.0,0.9166666666666666,0.9166666666666666,1.0,0.125,0.3333333333333333,0.859375,0.04166666666666663,-0.015625
0.0,0.24999999999999997,0.8,0.5,0.8333333333333334,0.8333333333333334,1.0,0.9583333333333334,0.9583333333333334,1.0,0.16666666666666666,0.75,0.8784722222222222,0.125,0.04513888888888884
0.0,0.24999999999999997,0.8,0.5,0.9166666666666666,0.9166666666666666,1.0,0.9583333333333334,0.9583333333333334,1.0,0.08333333333333333,0.5,0.9184027777777779,0.04166666666666674,0.0017361111111112715
0.0,0.24999999999999997,0.8,0.5,0.9583333333333334,0.9583333333333334,1.0,1.0,1.0,1.0,0.041666666666666664,1.0,0.9791666666666666,0.04166666666666663,0.02083333333333326
0.0,0.24999999999999997,0.8,0.5,0.8333333333333334,0.8333333333333334,1.0,0.9583333333333334,0.9583333333333334,1.0,0.16666666666666666,0.75,0.8784722222222222,0.125,0.04513888888888884
0.0,0.24999999999999997,0.8,0.5,0.8333333333333334,0.8333333333333334,1.0,0.9583333333333334,0.9583333333333334,1.0,0.16666666666666666,0.75,0.8784722222222222,0.125,0.04513888888888884
0.0,0.24999999999999997,0.8,0.5,1.0,1.0,1.0,1.0,1.0,1.0,0.0,1.0,1.0,0.0,0.0
0.0,0.24999999999999997,0.8,0.5,0.9166666666666666,0.9166666666666666,1.0,1.0,1.0,1.0,0.08333333333333333,1.0,0.9583333333333334,0.08333333333333337,0.04166666666666674
0.0,0.24999999999999997,0.8,0.5,0.9166666666666666,0.9166666666666666,1.0,1.0,1.0,1.0,0.08333333333333333,1.0,0.9583333333333334,0.08333333333333337,0.04166666666666674
0.0,0.24999999999999997,0.8,0.5,0.7916666666666666,0.7916666666666666,1.0,1.0,1.0,1.0,0.20833333333333334,1.0,0.8958333333333334,0.20833333333333337,0.10416666666666674
0.0,0.24999999999999997,0.8,0.5,0.875,0.875,1.0,0.9583333333333334,0.9583333333333334,1.0,0.125,0.6666666666666666,0.8984375,0.08333333333333337,0.0234375
0.0,0.24999999999999997,0.8,0.5,0.875,0.875,1.0,0.9166666666666666,0.9166666666666666,1.0,0.125,0.3333333333333333,0.859375,0.04166666666666663,-0.015625
0.0,0.24999999999999997,0.8,0.5,0.9583333333333334,0.9583333333333334,1.0,1.0,1.0,1.0,0.041666666666666664,1.0,0.9791666666666666,0.04166666666666663,0.02083333333333326
0.0,0.24999999999999997,0.8,0.5,0.9583333333333334,0.9583333333333334,1.0,1.0,1.0,1.0,0.041666666666666664,1.0,0.9791666666666666,0.04166666666666663,0.02083333333333326
0.0,0.24999999999999997,0.8,0.5,0.875,0.875,1.0,0.9583333333333334,0.9583333333333334,1.0,0.125,0.6666666666666666,0.8984375,0.08333333333333337,0.0234375
0.0,0.24999999999999997,0.8,0.5,0.875,0.875,1.0,0.9583333333333334,0.9583333333333334,1.0,0.125,0.6666666666666666,0.8984375,0.08333333333333337,0.0234375
0.0,0.24999999999999997,0.8,0.5,0.8333333333333334,0.8333333333333334,1.0,1.0,1.0,1.0,0.16666666666666666,1.0,0.9166666666666666,0.16666666666666663,0.08333333333333326
0.0,0.24999999999999997,0.8,0.5,0.7916666666666666,0.7916666666666666,1.0,0.9583333333333334,0.9583333333333334,1.0,0.20833333333333334,0.8,0.8585069444444445,0.16666666666666674,0.0668402777777779
0.0,0.24999999999999997,0.8,0.5,0.875,0.875,1.0,1.0,1.0,1.0,0.125,1.0,0.9375,0.125,0.0625
0.0,0.24999999999999997,0.8,0.5,0.8333333333333334,0.8333333333333334,1.0,0.9583333333333334,0.9583333333333334,1.0,0.16666666666666666,0.75,0.8784722222222222,0.125,0.04513888888888884
0.0,0.3,0.8,0.5,0.7083333333333334,0.7083333333333334,1.0,1.0,1.0,1.0,0.2916666666666667,1.0,0.8541666666666666,0.29166666666666663,0.14583333333333326
0.0,0.3,0.8,0.5,0.875,0.875,1.0,1.0,1.0,1.0,0.125,1.0,0.9375,0.125,0.0625
0.0,0.3,0.8,0.5,0.7916666666666666,0.7916666666666666,1.0,0.9583333333333334,0.9583333333333334,1.0,0.20833333333333334,0.8,0.8585069444444445,0.16666666666666674,0.0668402777777779
0.0,0.3,0.8,0.5,0.875,0.875,1.0,0.9166666666666666,0.9166666666666666,1.0,0.125,0.3333333333333333,0.859375,0.04166666666666663,-0.015625
0.0,0.3,0.8,0.5,0.7916666666666666,0.7916666666666666,1.0,0.9166666666666666,0.9166666666666666,1.0,0.20833333333333334,0.6,0.8211805555555556,0.125,0.02951388888888895
0.0,0.3,0.8,0.5,0.9166666666666666,0.9166666666666666,1.0,0.9583333333333334,0.9583333333333334,1.0,0.08333333333333333,0.5,0.9184027777777779,0.04166666666666674,0.0017361111111112715
0.0,0.3,0.8,0.5,0.8333333333333334,0.8333333333333334,1.0,1.0,1.0,1.0,0.16666666666666666,1.0,0.9166666666666666,0.16666666666666663,0.08333333333333326
0.0,0.3,0.8,0.5,0.8333333333333334,0.8333333333333334,1.0,1.0,1.0,1.0,0.16666666666666666,1.0,0.9166666666666666,0.16666666666666663,0.08333333333333326
0.0,0.3,0.8,0.5,0.9166666666666666,0.9166666666666666,1.0,1.0,1.0,1.0,0.08333333333333333,1.0,0.9583333333333334,0.08333333333333337,0.04166666666666674
0.0,0.3,0.8,0.5,0.8333333333333334,0.8333333333333334,1.0,0.9583333333333334,0.9583333333333334,1.0,0.16666666666666666,0.75,0.8784722222222222,0.125,0.04513888888888884
0.0,0.3,0.8,0.5,0.8333333333333334,0.8333333333333334,1.0,0.9166666666666666,0.9166666666666666,1.0,0.16666666666666666,0.5,0.8402777777777777,0.08333333333333326,0.006944444444444309
0.0,0.3,0.8,0.5,0.9583333333333334,0.9583333333333334,1.0,1.0,1.0,1.0,0.041666666666666664,1.0,0.9791666666666666,0.04166666666666663,0.02083333333333326
0.0,0.3,0.8,0.5,0.625,0.625,1.0,0.875,0.875,1.0,0.375,0.6666666666666666,0.7109375,0.25,0.0859375
0.0,0.3,0.8,0.5,0.7916666666666666,0.7916666666666666,1.0,1.0,1.0,1.0,0.20833333333333334,1.0,0.8958333333333334,0.20833333333333337,0.10416666666666674
0.0,0.3,0.8,0.5,0.875,0.875,1.0,0.9583333333333334,0.9583333333333334,1.0,0.125,0.6666666666666666,0.8984375,0.08333333333333337,0.0234375
0.0,0.3,0.8,0.5,1.0,1.0,1.0,1.0,1.0,1.0,0.0,1.0,1.0,0.0,0.0
0.0,0.3,0.8,0.5,0.8333333333333334,0.8333333333333334,1.0,0.9583333333333334,0.9583333333333334,1.0,0.16666666666666666,0.75,0.8784722222222222,0.125,0.04513888888888884
0.0,0.3,0.8,0.5,0.875,0.875,1.0,0.9166666666666666,0.9166666666666666,1.0,0.125,0.3333333333333333,0.859375,0.04166666666666663,-0.015625
0.0,0.3,0.8,0.5,0.8333333333333334,0.8333333333333334,1.0,0.9583333333333334,0.9583333333333334,1.0,0.16666666666666666,0.75,0.8784722222222222,0.125,0.04513888888888884
0.0,0.3,0.8,0.5,0.9166666666666666,0.9166666666666666,1.0,0.9583333333333334,0.9583333333333334,1.0,0.08333333333333333,0.5,0.9184027777777779,0.04166666666666674,0.0017361111111112715
0.0,0.3,0.8,0.5,0.9166666666666666,0.9166666666666666,1.0,0.9583333333333334,0.9583333333333334,1.0,0.08333333333333333,0.5,0.9184027777777779,0.04166666666666674,0.0017361111111112715
0.0,0.3,0.8,0.5,0.9583333333333334,0.9583333333333334,1.0,0.9583333333333334,0.9583333333333334,1.0,0.041666666666666664,0.0,0.9383680555555556,0.0,-0.01996527777777779
0.0,0.3,0.8,0.5,1.0,1.0,1.0,1.0,1.0,1.0,0.0,1.0,1.0,0.0,0.0
0.0,0.3,0.8,0.5,0.9166666666666666,0.9166666666666666,1.0,0.9583333333333334,0.9583333333333334,1.0,0.08333333333333333,0.5,0.9184027777777779,0.04166666666666674,0.0017361111111112715
0.0,0.3,0.8,0.5,0.8333333333333334,0.8333333333333334,1.0,0.9583333333333334,0.9583333333333334,1.0,0.16666666666666666,0.75,0.8784722222222222,0.125,0.04513888888888884
0.0,0.35,0.8,0.5,0.8333333333333334,0.8333333333333334,1.0,1.0,1.0,1.0,0.16666666666666666,1.0,0.9166666666666666,0.16666666666666663,0.08333333333333326
0.0,0.35,0.8,0.5,0.7916666666666666,0.7916666666666666,1.0,0.9583333333333334,0.9583333333333334,1.0,0.20833333333333334,0.8,0.8585069444444445,0.16666666666666674,0.0668402777777779
0.0,0.35,0.8,0.5,0.9166666666666666,0.9166666666666666,1.0,1.0,1.0,1.0,0.08333333333333333,1.0,0.9583333333333334,0.08333333333333337,0.04166666666666674
0.0,0.35,0.8,0.5,0.7916666666666666,0.7916666666666666,1.0,0.9583333333333334,0.9583333333333334,1.0,0.20833333333333334,0.8,0.8585069444444445,0.16666666666666674,0.0668402777777779
0.0,0.35,0.8,0.5,0.75,0.75,1.0,0.875,0.875,1.0,0.25,0.5,0.765625,0.125,0.015625
0.0,0.35,0.8,0.5,0.7916666666666666,0.7916666666666666,1.0,0.9166666666666666,0.9166666666666666,1.0,0.20833333333333334,0.6,0.8211805555555556,0.125,0.02951388888888895
0.0,0.35,0.8,0.5,0.8333333333333334,0.8333333333333334,1.0,0.9583333333333334,0.9583333333333334,1.0,0.16666666666666666,0.75,0.8784722222222222,0.125,0.04513888888888884
0.0,0.35,0.8,0.5,0.875,0.875,1.0,0.9583333333333334,0.9583333333333334,1.0,0.125,0.6666666666666666,0.8984375,0.08333333333333337,0.0234375
0.0,0.35,0.8,0.5,0.875,0.875,1.0,1.0,1.0,1.0,0.125,1.0,0.9375,0.125,0.0625
0.0,0.35,0.8,0.5,0.75,0.75,1.0,0.9583333333333334,0.9583333333333334,1.0,0.25,0.8333333333333334,0.8385416666666667,0.20833333333333337,0.08854166666666674
0.0,0.35,0.8,0.5,0.875,0.875,1.0,0.9583333333333334,0.9583333333333334,1.0,0.125,0.6666666666666666,0.8984375,0.08333333333333337,0.0234375
0.0,0.35,0.8,0.5,0.875,0.875,1.0,0.9583333333333334,0.9583333333333334,1.0,0.125,0.6666666666666666,0.8984375,0.08333333333333337,0.0234375
0.0,0.35,0.8,0.5,0.7916666666666666,0.7916666666666666,1.0,1.0,1.0,1.0,0.20833333333333334,1.0,0.8958333333333334,0.20833333333333337,0.10416666666666674
0.0,0.35,0.8,0.5,0.75,0.75,1.0,0.9166666666666666,0.9166666666666666,1.0,0.25,0.6666666666666666,0.8020833333333333,0.16666666666666663,0.05208333333333326
0.0,0.35,0.8,0.5,0.75,0.75,1.0,0.9583333333333334,0.9583333333333334,1.0,0.25,0.8333333333333334,0.8385416666666667,0.20833333333333337,0.08854166666666674
0.0,0.35,0.8,0.5,0.875,0.875,1.0,1.0,1.0,1.0,0.125,1.0,0.9375,0.125,0.0625
0.0,0.35,0.8,0.5,0.9166666666666666,0.9166666666666666,1.0,1.0,1.0,1.0,0.08333333333333333,1.0,0.9583333333333334,0.08333333333333337,0.04166666666666674
0.0,0.35,0.8,0.5,0.9166666666666666,0.9166666666666666,1.0,1.0,1.0,1.0,0.08333333333333333,1.0,0.9583333333333334,0.08333333333333337,0.04166666666666674
0.0,0.35,0.8,0.5,0.8333333333333334,0.8333333333333334,1.0,0.9583333333333334,0.9583333333333334,1.0,0.16666666666666666,0.75,0.8784722222222222,0.125,0.04513888888888884
0.0,0.35,0.8,0.5,0.8333333333333334,0.8333333333333334,1.0,1.0,1.0,1.0,0.16666666666666666,1.0,0.9166666666666666,0.16666666666666663,0.08333333333333326
0.0,0.35,0.8,0.5,0.8333333333333334,0.8333333333333334,1.0,0.9583333333333334,0.9583333333333334,1.0,0.16666666666666666,0.75,0.8784722222222222,0.125,0.04513888888888884
0.0,0.35,0.8,0.5,0.9583333333333334,0.9583333333333334,1.0,1.0,1.0,1.0,0.041666666666666664,1.0,0.9791666666666666,0.04166666666666663,0.02083333333333326
0.0,0.35,0.8,0.5,0.9166666666666666,0.9166666666666666,1.0,0.9583333333333334,0.9583333333333334,1.0,0.08333333333333333,0.5,0.9184027777777779,0.04166666666666674,0.0017361111111112715
0.0,0.35,0.8,0.5,0.75,0.75,1.0,1.0,1.0,1.0,0.25,1.0,0.875,0.25,0.125
0.0,0.35,0.8,0.5,0.75,0.75,1.0,0.875,0.875,1.0,0.25,0.5,0.765625,0.125,0.015625
0.0,0.39999999999999997,0.8,0.5,0.7083333333333334,0.7083333333333334,1.0,0.9583333333333334,0.9583333333333334,1.0,0.2916666666666667,0.8571428571428571,0.8185763888888888,0.25,0.11024305555555547
0.0,0.39999999999999997,0.8,0.5,0.9166666666666666,0.9166666666666666,1.0,1.0,1.0,1.0,0.08333333333333333,1.0,0.9583333333333334,0.08333333333333337,0.04166666666666674
0.0,0.39999999999999997,0.8,0.5,0.875,0.875,1.0,1.0,1.0,1.0,0.125,1.0,0.9375,0.125,0.0625
0.0,0.39999999999999997,0.8,0.5,0.7916666666666666,0.7916666666666666,1.0,0.9583333333333334,0.9583333333333334,1.0,0.20833333333333334,0.8,0.8585069444444445,0.16666666666666674,0.0668402777777779
0.0,0.39999999999999997,0.8,0.5,0.75,0.75,1.0,0.8333333333333334,0.8333333333333334,1.0,0.25,0.3333333333333333,0.7291666666666667,0.08333333333333337,-0.02083333333333326
0.0,0.39999999999999997,0.8,0.5,0.6666666666666666,0.6666666666666666,1.0,0.9583333333333334,0.9583333333333334,1.0,0.3333333333333333,0.875,0.7986111111111112,0.29166666666666674,0.13194444444444453
0.0,0.39999999999999997,0.8,0.5,0.9166666666666666,0.9166666666666666,1.0,1.0,1.0,1.0,0.08333333333333333,1.0,0.9583333333333334,0.08333333333333337,0.04166666666666674
0.0,0.39999999999999997,0.8,0.5,0.9166666666666666,0.9166666666666666,1.0,0.9583333333333334,0.9583333333333334,1.0,0.08333333333333333,0.5,0.9184027777777779,0.04166666666666674,0.0017361111111112715
0.0,0.39999999999999997,0.8,0.5,0.7916666666666666,0.7916666666666666,1.0,0.9583333333333334,0.9583333333333334,1.0,0.20833333333333334,0.8,0.8585069444444445,0.16666666666666674,0.0668402777777779
0.0,0.39999999999999997,0.8,0.5,0.875,0.875,1.0,0.9583333333333334,0.9583333333333334,1.0,0.125,0.6666666666666666,0.8984375,0.08333333333333337,0.0234375
0.0,0.39999999999999997,0.8,0.5,0.8333333333333334,0.8333333333333334,1.0,1.0,1.0,1.0,0.16666666666666666,1.0,0.9166666666666666,0.16666666666666663,0.08333333333333326
0.0,0.39999999999999997,0.8,0.5,0.875,0.875,1.0,1.0,1.0,1.0,0.125,1.0,0.9375,0.125,0.0625
0.0,0.39999999999999997,0.8,0.5,0.7916666666666666,0.7916666666666666,1.0,1.0,1.0,1.0,0.20833333333333334,1.0,0.8958333333333334,0.20833333333333337,0.10416666666666674
0.0,0.39999999999999997,0.8,0.5,0.7083333333333334,0.7083333333333334,1.0,0.9166666666666666,0.9166666666666666,1.0,0.2916666666666667,0.7142857142857143,0.782986111111111,0.20833333333333326,0.07465277777777768
0.0,0.39999999999999997,0.8,0.5,0.875,0.875,1.0,0.9583333333333334,0.9583333333333334,1.0,0.125,0.6666666666666666,0.8984375,0.08333333333333337,0.0234375
0.0,0.39999999999999997,0.8,0.5,0.7916666666666666,0.7916666666666666,1.0,1.0,1.0,1.0,0.20833333333333334,1.0,0.8958333333333334,0.20833333333333337,0.10416666666666674
0.0,0.39999999999999997,0.8,0.5,0.9166666666666666,0.9166666666666666,1.0,0.9166666666666666,0.9166666666666666,1.0,0.08333333333333333,0.0,0.8784722222222222,0.0,-0.03819444444444442
0.0,0.39999999999999997,0.8,0.5,0.7083333333333334,0.7083333333333334,1.0,0.9166666666666666,0.9166666666666666,1.0,0.2916666666666667,0.7142857142857143,0.782986111111111,0.20833333333333326,0.07465277777777768
0.0,0.39999999999999997,0.8,0.5,0.7916666666666666,0.7916666666666666,1.0,0.9583333333333334,0.9583333333333334,1.0,0.20833333333333334,0.8,0.8585069444444445,0.16666666666666674,0.0668402777777779
0.0,0.39999999999999997,0.8,0.5,0.875,0.875,1.0,1.0,1.0,1.0,0.125,1.0,0.9375,0.125,0.0625
0.0,0.39999999999999997,0.8,0.5,0.875,0.875,1.0,1.0,1.0,1.0,0.125,1.0,0.9375,0.125,0.0625
0.0,0.39999999999999997,0.8,0.5,0.75,0.75,1.0,0.9583333333333334,0.9583333333333334,1.0,0.25,0.8333333333333334,0.8385416666666667,0.20833333333333337,0.08854166666666674
0.0,0.39999999999999997,0.8,0.5,0.7916666666666666,0.7916666666666666,1.0,1.0,1.0,1.0,0.20833333333333334,1.0,0.8958333333333334,0.20833333333333337,0.10416666666666674
0.0,0.39999999999999997,0.8,0.5,0.7083333333333334,0.7083333333333334,1.0,1.0,1.0,1.0,0.2916666666666667,1.0,0.8541666666666666,0.29166666666666663,0.14583333333333326
0.0,0.39999999999999997,0.8,0.5,0.7083333333333334,0.7083333333333334,1.0,0.875,0.875,1.0,0.2916666666666667,0.5714285714285714,0.7473958333333333,0.16666666666666663,0.03906249999999989
0.0,0.44999999999999996,0.8,0.5,0.75,0.75,1.0,0.9583333333333334,0.9583333333333334,1.0,0.25,0.8333333333333334,0.8385416666666667,0.20833333333333337,0.08854166666666674
0.0,0.44999999999999996,0.8,0.5,0.75,0.75,1.0,0.9166666666666666,0.9166666666666666,1.0,0.25,0.6666666666666666,0.8020833333333333,0.16666666666666663,0.05208333333333326
0.0,0.44999999999999996,0.8,0.5,0.7083333333333334,0.7083333333333334,1.0,1.0,1.0,1.0,0.2916666666666667,1.0,0.8541666666666666,0.29166666666666663,0.14583333333333326
0.0,0.44999999999999996,0.8,0.5,0.875,0.875,1.0,0.9583333333333334,0.9583333333333334,1.0,0.125,0.6666666666666666,0.8984375,0.08333333333333337,0.0234375
0.0,0.44999999999999996,0.8,0.5,0.6666666666666666,0.6666666666666666,1.0,0.9166666666666666,0.9166666666666666,1.0,0.3333333333333333,0.75,0.7638888888888888,0.25,0.09722222222222221
0.0,0.44999999999999996,0.8,0.5,0.75,0.75,1.0,0.9583333333333334,0.9583333333333334,1.0,0.25,0.8333333333333334,0.8385416666666667,0.20833333333333337,0.08854166666666674
0.0,0.44999999999999996,0.8,0.5,0.75,0.75,1.0,0.9166666666666666,0.9166666666666666,1.0,0.25,0.6666666666666666,0.8020833333333333,0.16666666666666663,0.05208333333333326
0.0,0.44999999999999996,0.8,0.5,0.7083333333333334,0.7083333333333334,1.0,0.9583333333333334,0.9583333333333334,1.0,0.2916666666666667,0.8571428571428571,0.8185763888888888,0.25,0.11024305555555547
0.0,0.44999999999999996,0.8,0.5,0.8333333333333334,0.8333333333333334,1.0,0.9583333333333334,0.9583333333333334,1.0,0.16666666666666666,0.75,0.8784722222222222,0.125,0.04513888888888884
0.0,0.44999999999999996,0.8,0.5,0.75,0.75,1.0,1.0,1.0,1.0,0.25,1.0,0.875,0.25,0.125
0.0,0.44999999999999996,0.8,0.5,0.8333333333333334,0.8333333333333334,1.0,1.0,1.0,1.0,0.16666666666666666,1.0,0.9166666666666666,0.16666666666666663,0.08333333333333326
0.0,0.44999999999999996,0.8,0.5,0.7916666666666666,0.7916666666666666,1.0,1.0,1.0,1.0,0.20833333333333334,1.0,0.8958333333333334,0.20833333333333337,0.10416666666666674
0.0,0.44999999999999996,0.8,0.5,0.75,0.75,1.0,0.9583333333333334,0.9583333333333334,1.0,0.25,0.8333333333333334,0.8385416666666667,0.20833333333333337,0.08854166666666674
0.0,0.44999999999999996,0.8,0.5,0.8333333333333334,0.8333333333333334,1.0,1.0,1.0,1.0,0.16666666666666666,1.0,0.9166666666666666,0.16666666666666663,0.08333333333333326
0.0,0.44999999999999996,0.8,0.5,0.7083333333333334,0.7083333333333334,1.0,0.9166666666666666,0.9166666666666666,1.0,0.2916666666666667,0.7142857142857143,0.782986111111111,0.20833333333333326,0.07465277777777768
0.0,0.44999999999999996,0.8,0.5,0.75,0.75,1.0,1.0,1.0,1.0,0.25,1.0,0.875,0.25,0.125
0.0,0.44999999999999996,0.8,0.5,0.75,0.75,1.0,0.9583333333333334,0.9583333333333334,1.0,0.25,0.8333333333333334,0.8385416666666667,0.20833333333333337,0.08854166666666674
0.0,0.44999999999999996,0.8,0.5,0.9583333333333334,0.9583333333333334,1.0,0.9583333333333334,0.9583333333333334,1.0,0.041666666666666664,0.0,0.9383680555555556,0.0,-0.01996527777777779
0.0,0.44999999999999996,0.8,0.5,0.7916666666666666,0.7916666666666666,1.0,0.9583333333333334,0.9583333333333334,1.0,0.20833333333333334,0.8,0.8585069444444445,0.16666666666666674,0.0668402777777779
0.0,0.44999999999999996,0.8,0.5,0.7916666666666666,0.7916666666666666,1.0,1.0,1.0,1.0,0.20833333333333334,1.0,0.8958333333333334,0.20833333333333337,0.10416666666666674
0.0,0.44999999999999996,0.8,0.5,0.7916666666666666,0.7916666666666666,1.0,0.9583333333333334,0.9583333333333334,1.0,0.20833333333333334,0.8,0.8585069444444445,0.16666666666666674,0.0668402777777779
0.0,0.44999999999999996,0.8,0.5,0.875,0.875,1.0,1.0,1.0,1.0,0.125,1.0,0.9375,0.125,0.0625
0.0,0.44999999999999996,0.8,0.5,0.8333333333333334,0.8333333333333334,1.0,1.0,1.0,1.0,0.16666666666666666,1.0,0.9166666666666666,0.16666666666666663,0.08333333333333326
0.0,0.44999999999999996,0.8,0.5,0.7916666666666666,0.7916666666666666,1.0,0.9583333333333334,0.9583333333333334,1.0,0.20833333333333334,0.8,0.8585069444444445,0.16666666666666674,0.0668402777777779
0.0,0.44999999999999996,0.8,0.5,0.7083333333333334,0.7083333333333334,1.0,0.9583333333333334,0.9583333333333334,1.0,0.2916666666666667,0.8571428571428571,0.8185763888888888,0.25,0.11024305555555547
0.0,0.49999999999999994,0.8,0.5,0.7083333333333334,0.7083333333333334,1.0,1.0,1.0,1.0,0.2916666666666667,1.0,0.8541666666666666,0.29166666666666663,0.14583333333333326
0.0,0.49999999999999994,0.8,0.5,0.875,0.875,1.0,0.9583333333333334,0.9583333333333334,1.0,0.125,0.6666666666666666,0.8984375,0.08333333333333337,0.0234375
0.0,0.49999999999999994,0.8,0.5,0.5833333333333334,0.5833333333333334,1.0,0.75,0.75,1.0,0.4166666666666667,0.4,0.59375,0.16666666666666663,0.01041666666666663
0.0,0.49999999999999994,0.8,0.5,0.7083333333333334,0.7083333333333334,1.0,0.9583333333333334,0.9583333333333334,1.0,0.2916666666666667,0.8571428571428571,0.8185763888888888,0.25,0.11024305555555547
0.0,0.49999999999999994,0.8,0.5,0.7083333333333334,0.7083333333333334,1.0,0.9166666666666666,0.9166666666666666,1.0,0.2916666666666667,0.7142857142857143,0.782986111111111,0.20833333333333326,0.07465277777777768
0.0,0.49999999999999994,0.8,0.5,0.7916666666666666,0.7916666666666666,1.0,0.9166666666666666,0.9166666666666666,1.0,0.20833333333333334,0.6,0.8211805555555556,0.125,0.02951388888888895
0.0,0.49999999999999994,0.8,0.5,0.8333333333333334,0.8333333333333334,1.0,1.0,1.0,1.0,0.16666666666666666,1.0,0.9166666666666666,0.16666666666666663,0.08333333333333326
0.0,0.49999999999999994,0.8,0.5,0.75,0.75,1.0,1.0,1.0,1.0,0.25,1.0,0.875,0.25,0.125
0.0,0.49999999999999994,0.8,0.5,0.4513888888888889,0.5416666666666666,0.8333333333333334,0.9583333333333334,0.9583333333333334,1.0,0.4583333333333333,0.9090909090909091,0.7387152777777778,0.5069444444444444,0.2873263888888889
0.0,0.49999999999999994,0.8,0.5,0.6493055555555556,0.7083333333333334,0.9166666666666666,0.9166666666666666,0.9166666666666666,1.0,0.2916666666666667,0.7142857142857143,0.782986111111111,0.26736111111111105,0.13368055555555547
0.0,0.49999999999999994,0.8,0.5,0.75,0.75,1.0,0.9166666666666666,0.9166666666666666,1.0,0.25,0.6666666666666666,0.8020833333333333,0.16666666666666663,0.05208333333333326
0.0,0.49999999999999994,0.8,0.5,0.7916666666666666,0.7916666666666666,1.0,1.0,1.0,1.0,0.20833333333333334,1.0,0.8958333333333334,0.20833333333333337,0.10416666666666674
0.0,0.49999999999999994,0.8,0.5,0.7083333333333334,0.7083333333333334,1.0,0.9166666666666666,0.9166666666666666,1.0,0.2916666666666667,0.7142857142857143,0.782986111111111,0.20833333333333326,0.07465277777777768
0.0,0.49999999999999994,0.8,0.5,0.625,0.625,1.0,0.9166666666666666,0.9166666666666666,1.0,0.375,0.7777777777777778,0.7447916666666666,0.29166666666666663,0.11979166666666663
0.0,0.49999999999999994,0.8,0.5,0.7083333333333334,0.7083333333333334,1.0,0.9583333333333334,0.9583333333333334,1.0,0.2916666666666667,0.8571428571428571,0.8185763888888888,0.25,0.11024305555555547
0.0,0.49999999999999994,0.8,0.5,0.7916666666666666,0.7916666666666666,1.0,0.9166666666666666,0.9166666666666666,1.0,0.20833333333333334,0.6,0.8211805555555556,0.125,0.02951388888888895
0.0,0.49999999999999994,0.8,0.5,0.9166666666666666,0.9166666666666666,1.0,1.0,1.0,1.0,0.08333333333333333,1.0,0.9583333333333334,0.08333333333333337,0.04166666666666674
0.0,0.49999999999999994,0.8,0.5,0.7083333333333334,0.7083333333333334,1.0,0.9166666666666666,0.9166666666666666,1.0,0.2916666666666667,0.7142857142857143,0.782986111111111,0.20833333333333326,0.07465277777777768
0.0,0.49999999999999994,0.8,0.5,0.75,0.75,1.0,0.9583333333333334,0.9583333333333334,1.0,0.25,0.8333333333333334,0.8385416666666667,0.20833333333333337,0.08854166666666674
0.0,0.49999999999999994,0.8,0.5,0.875,0.875,1.0,0.9583333333333334,0.9583333333333334,1.0,0.125,0.6666666666666666,0.8984375,0.08333333333333337,0.0234375
0.0,0.49999999999999994,0.8,0.5,0.7083333333333334,0.7083333333333334,1.0,0.9583333333333334,0.9583333333333334,1.0,0.2916666666666667,0.8571428571428571,0.8185763888888888,0.25,0.11024305555555547
0.0,0.49999999999999994,0.8,0.5,0.7916666666666666,0.7916666666666666,1.0,0.9583333333333334,0.9583333333333334,1.0,0.20833333333333334,0.8,0.8585069444444445,0.16666666666666674,0.0668402777777779
0.0,0.49999999999999994,0.8,0.5,0.8333333333333334,0.8333333333333334,1.0,1.0,1.0,1.0,0.16666666666666666,1.0,0.9166666666666666,0.16666666666666663,0.08333333333333326
0.0,0.49999999999999994,0.8,0.5,0.7916666666666666,0.7916666666666666,1.0,0.9166666666666666,0.9166666666666666,1.0,0.20833333333333334,0.6,0.8211805555555556,0.125,0.02951388888888895
0.0,0.49999999999999994,0.8,0.5,0.75,0.75,1.0,1.0,1.0,1.0,0.25,1.0,0.875,0.25,0.125
0.0,0.5499999999999999,0.8,0.5,0.625,0.625,1.0,0.9166666666666666,0.9166666666666666,1.0,0.375,0.7777777777777778,0.7447916666666666,0.29166666666666663,0.11979166666666663
0.0,0.5499999999999999,0.8,0.5,0.8333333333333334,0.8333333333333334,1.0,0.9583333333333334,0.9583333333333334,1.0,0.16666666666666666,0.75,0.8784722222222222,0.125,0.04513888888888884
0.0,0.5499999999999999,0.8,0.5,0.5347222222222222,0.5833333333333334,0.9166666666666666,1.0,1.0,1.0,0.4166666666666667,1.0,0.7916666666666666,0.4652777777777778,0.2569444444444444
0.0,0.5499999999999999,0.8,0.5,0.7916666666666666,0.7916666666666666,1.0,0.9583333333333334,0.9583333333333334,1.0,0.20833333333333334,0.8,0.8585069444444445,0.16666666666666674,0.0668402777777779
0.0,0.5499999999999999,0.8,0.5,0.7083333333333334,0.7083333333333334,1.0,0.875,0.875,1.0,0.2916666666666667,0.5714285714285714,0.7473958333333333,0.16666666666666663,0.03906249999999989
0.0,0.5499999999999999,0.8,0.5,0.4583333333333333,0.5,0.9166666666666666,0.9166666666666666,0.9166666666666666,1.0,0.5,0.8333333333333334,0.6875,0.4583333333333333,0.22916666666666669
0.0,0.5499999999999999,0.8,0.5,0.625,0.625,1.0,0.9166666666666666,0.9166666666666666,1.0,0.375,0.7777777777777778,0.7447916666666666,0.29166666666666663,0.11979166666666663
0.0,0.5499999999999999,0.8,0.5,0.48611111111111116,0.5833333333333334,0.8333333333333334,0.9583333333333334,0.9583333333333334,1.0,0.4166666666666667,0.9,0.7586805555555556,0.4722222222222222,0.2725694444444444
0.0,0.5499999999999999,0.8,0.5,0.7916666666666666,0.7916666666666666,1.0,0.9166666666666666,0.9166666666666666,1.0,0.20833333333333334,0.6,0.8211805555555556,0.125,0.02951388888888895
0.0,0.5499999999999999,0.8,0.5,0.5833333333333334,0.5833333333333334,1.0,1.0,1.0,1.0,0.4166666666666667,1.0,0.7916666666666666,0.41666666666666663,0.20833333333333326
0.0,0.5499999999999999,0.8,0.5,0.75,0.75,1.0,1.0,1.0,1.0,0.25,1.0,0.875,0.25,0.125
0.0,0.5499999999999999,0.8,0.5,0.75,0.75,1.0,1.0,1.0,1.0,0.25,1.0,0.875,0.25,0.125
0.0,0.5499999999999999,0.8,0.5,0.9583333333333334,0.9583333333333334,1.0,1.0,1.0,1.0,0.041666666666666664,1.0,0.9791666666666666,0.04166666666666663,0.02083333333333326
0.0,0.5499999999999999,0.8,0.5,0.625,0.625,1.0,0.875,0.875,1.0,0.375,0.6666666666666666,0.7109375,0.25,0.0859375
0.0,0.5499999999999999,0.8,0.5,0.6875,0.75,0.9166666666666666,0.9583333333333334,0.9583333333333334,1.0,0.25,0.8333333333333334,0.8385416666666667,0.27083333333333337,0.15104166666666674
0.0,0.5499999999999999,0.8,0.5,0.7083333333333334,0.7083333333333334,1.0,1.0,1.0,1.0,0.2916666666666667,1.0,0.8541666666666666,0.29166666666666663,0.14583333333333326
0.0,0.5499999999999999,0.8,0.5,0.75,0.75,1.0,0.9583333333333334,0.9583333333333334,1.0,0.25,0.8333333333333334,0.8385416666666667,0.20833333333333337,0.08854166666666674
0.0,0.5499999999999999,0.8,0.5,0.75,0.75,1.0,1.0,1.0,1.0,0.25,1.0,0.875,0.25,0.125
0.0,0.5499999999999999,0.8,0.5,0.7083333333333334,0.7083333333333334,1.0,1.0,1.0,1.0,0.2916666666666667,1.0,0.8541666666666666,0.29166666666666663,0.14583333333333326
0.0,0.5499999999999999,0.8,0.5,0.75,0.75,1.0,1.0,1.0,1.0,0.25,1.0,0.875,0.25,0.125
0.0,0.5499999999999999,0.8,0.5,0.7916666666666666,0.7916666666666666,1.0,1.0,1.0,1.0,0.20833333333333334,1.0,0.8958333333333334,0.20833333333333337,0.10416666666666674
0.0,0.5499999999999999,0.8,0.5,0.7083333333333334,0.7083333333333334,1.0,0.9166666666666666,0.9166666666666666,1.0,0.2916666666666667,0.7142857142857143,0.782986111111111,0.20833333333333326,0.07465277777777768
0.0,0.5499999999999999,0.8,0.5,0.5833333333333334,0.5833333333333334,1.0,0.875,0.875,1.0,0.4166666666666667,0.7,0.6927083333333333,0.29166666666666663,0.10937499999999989
0.0,0.5499999999999999,0.8,0.5,0.7916666666666666,0.7916666666666666,1.0,0.9166666666666666,0.9166666666666666,1.0,0.20833333333333334,0.6,0.8211805555555556,0.125,0.02951388888888895
0.0,0.5499999999999999,0.8,0.5,0.75,0.75,1.0,0.9166666666666666,0.9166666666666666,1.0,0.25,0.6666666666666666,0.8020833333333333,0.16666666666666663,0.05208333333333326
0.0,0.6,0.8,0.5,0.7916666666666666,0.7916666666666666,1.0,0.9166666666666666,0.9166666666666666,1.0,0.20833333333333334,0.6,0.8211805555555556,0.125,0.02951388888888895
0.0,0.6,0.8,0.5,0.6666666666666666,0.6666666666666666,1.0,0.875,0.875,1.0,0.3333333333333333,0.625,0.7291666666666667,0.20833333333333337,0.06250000000000011
0.0,0.6,0.8,0.5,0.875,0.875,1.0,0.9583333333333334,0.9583333333333334,1.0,0.125,0.6666666666666666,0.8984375,0.08333333333333337,0.0234375
0.0,0.6,0.8,0.5,0.75,0.75,1.0,1.0,1.0,1.0,0.25,1.0,0.875,0.25,0.125
0.0,0.6,0.8,0.5,0.625,0.625,1.0,0.9583333333333334,0.9583333333333334,1.0,0.375,0.8888888888888888,0.7786458333333334,0.33333333333333337,0.15364583333333337
0.0,0.6,0.8,0.5,0.5729166666666666,0.625,0.9166666666666666,0.9583333333333334,0.9583333333333334,1.0,0.375,0.8888888888888888,0.7786458333333334,0.38541666666666674,0.20572916666666674
0.0,0.6,0.8,0.5,0.6666666666666666,0.6666666666666666,1.0,0.7916666666666666,0.7916666666666666,1.0,0.3333333333333333,0.375,0.6597222222222222,0.125,-0.00694444444444442
0.0,0.6,0.8,0.5,0.49652777777777773,0.5416666666666666,0.9166666666666666,0.875,0.875,1.0,0.4583333333333333,0.7272727272727273,0.6744791666666667,0.37847222222222227,0.177951388888889
0.0,0.6,0.8,0.5,0.625,0.625,1.0,0.9166666666666666,0.9166666666666666,1.0,0.375,0.7777777777777778,0.7447916666666666,0.29166666666666663,0.11979166666666663
0.0,0.6,0.8,0.5,0.6666666666666666,0.6666666666666666,1.0,0.9166666666666666,0.9166666666666666,1.0,0.3333333333333333,0.75,0.7638888888888888,0.25,0.09722222222222221
0.0,0.6,0.8,0.5,0.7083333333333334,0.7083333333333334,1.0,0.875,0.875,1.0,0.2916666666666667,0.5714285714285714,0.7473958333333333,0.16666666666666663,0.03906249999999989
0.0,0.6,0.8,0.5,0.6666666666666666,0.6666666666666666,1.0,0.875,0.875,1.0,0.3333333333333333,0.625,0.7291666666666667,0.20833333333333337,0.06250000000000011
0.0,0.6,0.8,0.5,0.5833333333333334,0.5833333333333334,1.0,0.9166666666666666,0.9166666666666666,1.0,0.4166666666666667,0.8,0.7256944444444444,0.33333333333333326,0.14236111111111105
0.0,0.6,0.8,0.5,0.75,0.75,1.0,1.0,1.0,1.0,0.25,1.0,0.875,0.25,0.125
0.0,0.6,0.8,0.5,0.7083333333333334,0.7083333333333334,1.0,0.9166666666666666,0.9166666666666666,1.0,0.2916666666666667,0.7142857142857143,0.782986111111111,0.20833333333333326,0.07465277777777768
0.0,0.6,0.8,0.5,0.9166666666666666,0.9166666666666666,1.0,0.9583333333333334,0.9583333333333334,1.0,0.08333333333333333,0.5,0.9184027777777779,0.04166666666666674,0.0017361111111112715
0.0,0.6,0.8,0.5,0.75,0.75,1.0,0.9166666666666666,0.9166666666666666,1.0,0.25,0.6666666666666666,0.8020833333333333,0.16666666666666663,0.05208333333333326
0.0,0.6,0.8,0.5,0.875,0.875,1.0,0.9583333333333334,0.9583333333333334,1.0,0.125,0.6666666666666666,0.8984375,0.08333333333333337,0.0234375
0.0,0.6,0.8,0.5,0.7083333333333334,0.7083333333333334,1.0,0.9583333333333334,0.9583333333333334,1.0,0.2916666666666667,0.8571428571428571,0.8185763888888888,0.25,0.11024305555555547
0.0,0.6,0.8,0.5,0.49652777777777773,0.5416666666666666,0.9166666666666666,0.875,0.875,1.0,0.4583333333333333,0.7272727272727273,0.6744791666666667,0.37847222222222227,0.177951388888889
0.0,0.6,0.8,0.5,0.6666666666666666,0.6666666666666666,1.0,0.875,0.875,1.0,0.3333333333333333,0.625,0.7291666666666667,0.20833333333333337,0.06250000000000011
0.0,0.6,0.8,0.5,0.6666666666666666,0.6666666666666666,1.0,1.0,1.0,1.0,0.3333333333333333,1.0,0.8333333333333334,0.33333333333333337,0.16666666666666674
0.0,0.6,0.8,0.5,0.8333333333333334,0.8333333333333334,1.0,1.0,1.0,1.0,0.16666666666666666,1.0,0.9166666666666666,0.16666666666666663,0.08333333333333326
0.0,0.6,0.8,0.5,0.8333333333333334,0.8333333333333334,1.0,1.0,1.0,1.0,0.16666666666666666,1.0,0.9166666666666666,0.16666666666666663,0.08333333333333326
0.0,0.6,0.8,0.5,0.41666666666666663,0.625,0.6666666666666666,0.9166666666666666,0.9166666666666666,1.0,0.375,0.7777777777777778,0.7447916666666666,0.5,0.328125
0.0,0.6499999999999999,0.8,0.5,0.7083333333333334,0.7083333333333334,1.0,0.9583333333333334,0.9583333333333334,1.0,0.2916666666666667,0.8571428571428571,0.8185763888888888,0.25,0.11024305555555547
0.0,0.6499999999999999,0.8,0.5,0.8333333333333334,0.8333333333333334,1.0,0.9583333333333334,0.9583333333333334,1.0,0.16666666666666666,0.75,0.8784722222222222,0.125,0.04513888888888884
0.0,0.6499999999999999,0.8,0.5,0.75,0.75,1.0,1.0,1.0,1.0,0.25,1.0,0.875,0.25,0.125
0.0,0.6499999999999999,0.8,0.5,0.7083333333333334,0.7083333333333334,1.0,0.9166666666666666,0.9166666666666666,1.0,0.2916666666666667,0.7142857142857143,0.782986111111111,0.20833333333333326,0.07465277777777768
0.0,0.6499999999999999,0.8,0.5,0.75,0.75,1.0,0.9583333333333334,0.9583333333333334,1.0,0.25,0.8333333333333334,0.8385416666666667,0.20833333333333337,0.08854166666666674
0.0,0.6499999999999999,0.8,0.5,0.8333333333333334,0.8333333333333334,1.0,0.9166666666666666,0.9166666666666666,1.0,0.16666666666666666,0.5,0.8402777777777777,0.08333333333333326,0.006944444444444309
0.0,0.6499999999999999,0.8,0.5,0.75,0.75,1.0,0.875,0.875,1.0,0.25,0.5,0.765625,0.125,0.015625
0.0,0.6499999999999999,0.8,0.5,0.5729166666666666,0.625,0.9166666666666666,0.875,0.875,1.0,0.375,0.6666666666666666,0.7109375,0.30208333333333337,0.13802083333333337
0.0,0.6499999999999999,0.8,0.5,0.625,0.625,1.0,0.9166666666666666,0.9166666666666666,1.0,0.375,0.7777777777777778,0.7447916666666666,0.29166666666666663,0.11979166666666663
0.0,0.6499999999999999,0.8,0.5,0.40625,0.5416666666666666,0.75,1.0,1.0,1.0,0.4583333333333333,1.0,0.7708333333333334,0.59375,0.36458333333333337
0.0,0.6499999999999999,0.8,0.5,0.7916666666666666,0.7916666666666666,1.0,0.9583333333333334,0.9583333333333334,1.0,0.20833333333333334,0.8,0.8585069444444445,0.16666666666666674,0.0668402777777779
0.0,0.6499999999999999,0.8,0.5,0.5416666666666666,0.5416666666666666,1.0,0.9166666666666666,0.9166666666666666,1.0,0.4583333333333333,0.8181818181818182,0.7065972222222222,0.375,0.16493055555555558
0.0,0.6499999999999999,0.8,0.5,0.75,0.75,1.0,0.9583333333333334,0.9583333333333334,1.0,0.25,0.8333333333333334,0.8385416666666667,0.20833333333333337,0.08854166666666674
0.0,0.6499999999999999,0.8,0.5,0.625,0.625,1.0,0.9583333333333334,0.9583333333333334,1.0,0.375,0.8888888888888888,0.7786458333333334,0.33333333333333337,0.15364583333333337
0.0,0.6499999999999999,0.8,0.5,0.5729166666666666,0.625,0.9166666666666666,0.8333333333333334,0.8333333333333334,1.0,0.375,0.5555555555555556,0.6770833333333334,0.26041666666666674,0.10416666666666674
0.0,0.6499999999999999,0.8,0.5,0.6666666666666666,0.6666666666666666,1.0,0.9166666666666666,0.9166666666666666,1.0,0.3333333333333333,0.75,0.7638888888888888,0.25,0.09722222222222221
0.0,0.6499999999999999,0.8,0.5,0.7083333333333334,0.7083333333333334,1.0,0.9583333333333334,0.9583333333333334,1.0,0.2916666666666667,0.8571428571428571,0.8185763888888888,0.25,0.11024305555555547
0.0,0.6499999999999999,0.8,0.5,0.625,0.625,1.0,1.0,1.0,1.0,0.375,1.0,0.8125,0.375,0.1875
0.0,0.6499999999999999,0.8,0.5,0.7916666666666666,0.7916666666666666,1.0,0.9166666666666666,0.9166666666666666,1.0,0.20833333333333334,0.6,0.8211805555555556,0.125,0.02951388888888895
0.0,0.6499999999999999,0.8,0.5,0.6666666666666666,0.6666666666666666,1.0,1.0,1.0,1.0,0.3333333333333333,1.0,0.8333333333333334,0.33333333333333337,0.16666666666666674
0.0,0.6499999999999999,0.8,0.5,0.75,0.75,1.0,1.0,1.0,1.0,0.25,1.0,0.875,0.25,0.125
0.0,0.6499999999999999,0.8,0.5,0.7083333333333334,0.7083333333333334,1.0,1.0,1.0,1.0,0.2916666666666667,1.0,0.8541666666666666,0.29166666666666663,0.14583333333333326
0.0,0.6499999999999999,0.8,0.5,0.7083333333333334,0.7083333333333334,1.0,0.9583333333333334,0.9583333333333334,1.0,0.2916666666666667,0.8571428571428571,0.8185763888888888,0.25,0.11024305555555547
0.0,0.6499999999999999,0.8,0.5,0.611111111111111,0.6666666666666666,0.9166666666666666,0.9166666666666666,0.9166666666666666,1.0,0.3333333333333333,0.75,0.7638888888888888,0.3055555555555556,0.1527777777777778
0.0,0.6499999999999999,0.8,0.5,0.6666666666666666,0.6666666666666666,1.0,0.875,0.875,1.0,0.3333333333333333,0.625,0.7291666666666667,0.20833333333333337,0.06250000000000011
0.0,0.7,0.8,0.5,0.46875,0.625,0.75,0.875,0.875,1.0,0.375,0.6666666666666666,0.7109375,0.40625,0.2421875
0.0,0.7,0.8,0.5,0.7083333333333334,0.7083333333333334,1.0,0.9583333333333334,0.9583333333333334,1.0,0.2916666666666667,0.8571428571428571,0.8185763888888888,0.25,0.11024305555555547
0.0,0.7,0.8,0.5,0.625,0.625,1.0,0.875,0.875,1.0,0.375,0.6666666666666666,0.7109375,0.25,0.0859375
0.0,0.7,0.8,0.5,0.625,0.625,1.0,1.0,1.0,1.0,0.375,1.0,0.8125,0.375,0.1875
0.0,0.7,0.8,0.5,0.7916666666666666,0.7916666666666666,1.0,0.9583333333333334,0.9583333333333334,1.0,0.20833333333333334,0.8,0.8585069444444445,0.16666666666666674,0.0668402777777779
0.0,0.7,0.8,0.5,0.7083333333333334,0.7083333333333334,1.0,0.9583333333333334,0.9583333333333334,1.0,0.2916666666666667,0.8571428571428571,0.8185763888888888,0.25,0.11024305555555547
0.0,0.7,0.8,0.5,0.8333333333333334,0.8333333333333334,1.0,0.9583333333333334,0.9583333333333334,1.0,0.16666666666666666,0.75,0.8784722222222222,0.125,0.04513888888888884
0.0,0.7,0.8,0.5,0.36111111111111105,0.5416666666666666,0.6666666666666666,0.9166666666666666,0.9166666666666666,1.0,0.4583333333333333,0.8181818181818182,0.7065972222222222,0.5555555555555556,0.34548611111111116
0.0,0.7,0.8,0.5,0.5833333333333334,0.5833333333333334,1.0,0.8333333333333334,0.8333333333333334,1.0,0.4166666666666667,0.6,0.6597222222222222,0.25,0.07638888888888884
0.0,0.7,0.8,0.5,0.75,0.75,1.0,1.0,1.0,1.0,0.25,1.0,0.875,0.25,0.125
0.0,0.7,0.8,0.5,0.75,0.75,1.0,0.9583333333333334,0.9583333333333334,1.0,0.25,0.8333333333333334,0.8385416666666667,0.20833333333333337,0.08854166666666674
0.0,0.7,0.8,0.5,0.5729166666666666,0.625,0.9166666666666666,0.9166666666666666,0.9166666666666666,1.0,0.375,0.7777777777777778,0.7447916666666666,0.34375,0.171875
0.0,0.7,0.8,0.5,0.7083333333333334,0.7083333333333334,1.0,0.9166666666666666,0.9166666666666666,1.0,0.2916666666666667,0.7142857142857143,0.782986111111111,0.20833333333333326,0.07465277777777768
0.0,0.7,0.8,0.5,0.7916666666666666,0.7916666666666666,1.0,0.9166666666666666,0.9166666666666666,1.0,0.20833333333333334,0.6,0.8211805555555556,0.125,0.02951388888888895
0.0,0.7,0.8,0.5,0.625,0.625,1.0,0.9583333333333334,0.9583333333333334,1.0,0.375,0.8888888888888888,0.7786458333333334,0.33333333333333337,0.15364583333333337
0.0,0.7,0.8,0.5,0.6666666666666666,0.6666666666666666,1.0,1.0,1.0,1.0,0.3333333333333333,1.0,0.8333333333333334,0.33333333333333337,0.16666666666666674
0.0,0.7,0.8,0.5,0.625,0.625,1.0,0.9166666666666666,0.9166666666666666,1.0,0.375,0.7777777777777778,0.7447916666666666,0.29166666666666663,0.11979166666666663
0.0,0.7,0.8,0.5,0.49652777777777773,0.5416666666666666,0.9166666666666666,0.8333333333333334,0.8333333333333334,1.0,0.4583333333333333,0.6363636363636364,0.6423611111111112,0.33680555555555564,0.14583333333333343
0.0,0.7,0.8,0.5,0.6666666666666666,0.6666666666666666,1.0,0.9583333333333334,0.9583333333333334,1.0,0.3333333333333333,0.875,0.7986111111111112,0.29166666666666674,0.13194444444444453
0.0,0.7,0.8,0.5,0.6666666666666666,0.6666666666666666,1.0,0.9166666666666666,0.9166666666666666,1.0,0.3333333333333333,0.75,0.7638888888888888,0.25,0.09722222222222221
0.0,0.7,0.8,0.5,0.7083333333333334,0.7083333333333334,1.0,0.9583333333333334,0.9583333333333334,1.0,0.2916666666666667,0.8571428571428571,0.8185763888888888,0.25,0.11024305555555547
0.0,0.7,0.8,0.5,0.6666666666666666,0.6666666666666666,1.0,0.9583333333333334,0.9583333333333334,1.0,0.3333333333333333,0.875,0.7986111111111112,0.29166666666666674,0.13194444444444453
0.0,0.7,0.8,0.5,0.7916666666666666,0.7916666666666666,1.0,0.9166666666666666,0.9166666666666666,1.0,0.20833333333333334,0.6,0.8211805555555556,0.125,0.02951388888888895
0.0,0.7,0.8,0.5,0.3125,0.4166666666666667,0.75,0.75,0.75,1.0,0.5833333333333334,0.5714285714285714,0.53125,0.4375,0.21875
0.0,0.7,0.8,0.5,0.6666666666666666,0.6666666666666666,1.0,0.875,0.875,1.0,0.3333333333333333,0.625,0.7291666666666667,0.20833333333333337,0.06250000000000011
0.0,0.0,0.8,0.75,1.0,1.0,1.0,1.0,1.0,1.0,0.0,1.0,1.0,0.0,0.0
0.0,0.0,0.8,0.75,1.0,1.0,1.0,1.0,1.0,1.0,0.0,1.0,1.0,0.0,0.0
0.0,0.0,0.8,0.75,1.0,1.0,1.0,1.0,1.0,1.0,0.0,1.0,1.0,0.0,0.0
0.0,0.0,0.8,0.75,1.0,1.0,1.0,1.0,1.0,1.0,0.0,1.0,1.0,0.0,0.0
0.0,0.0,0.8,0.75,1.0,1.0,1.0,1.0,1.0,1.0,0.0,1.0,1.0,0.0,0.0
0.0,0.0,0.8,0.75,1.0,1.0,1.0,1.0,1.0,1.0,0.0,1.0,1.0,0.0,0.0
0.0,0.0,0.8,0.75,1.0,1.0,1.0,1.0,1.0,1.0,0.0,1.0,1.0,0.0,0.0
0.0,0.0,0.8,0.75,1.0,1.0,1.0,1.0,1.0,1.0,0.0,1.0,1.0,0.0,0.0
0.0,0.0,0.8,0.75,1.0,1.0,1.0,1.0,1.0,1.0,0.0,1.0,1.0,0.0,0.0
0.0,0.0,0.8,0.75,1.0,1.0,1.0,1.0,1.0,1.0,0.0,1.0,1.0,0.0,0.0
0.0,0.0,0.8,0.75,1.0,1.0,1.0,1.0,1.0,1.0,0.0,1.0,1.0,0.0,0.0
0.0,0.0,0.8,0.75,1.0,1.0,1.0,1.0,1.0,1.0,0.0,1.0,1.0,0.0,0.0
0.0,0.0,0.8,0.75,1.0,1.0,1.0,1.0,1.0,1.0,0.0,1.0,1.0,0.0,0.0
0.0,0.0,0.8,0.75,1.0,1.0,1.0,1.0,1.0,1.0,0.0,1.0,1.0,0.0,0.0
0.0,0.0,0.8,0.75,1.0,1.0,1.0,1.0,1.0,1.0,0.0,1.0,1.0,0.0,0.0
0.0,0.0,0.8,0.75,1.0,1.0,1.0,1.0,1.0,1.0,0.0,1.0,1.0,0.0,0.0
0.0,0.0,0.8,0.75,1.0,1.0,1.0,1.0,1.0,1.0,0.0,1.0,1.0,0.0,0.0
0.0,0.0,0.8,0.75,1.0,1.0,1.0,1.0,1.0,1.0,0.0,1.0,1.0,0.0,0.0
0.0,0.0,0.8,0.75,1.0,1.0,1.0,1.0,1.0,1.0,0.0,1.0,1.0,0.0,0.0
0.0,0.0,0.8,0.75,1.0,1.0,1.0,1.0,1.0,1.0,0.0,1.0,1.0,0.0,0.0
0.0,0.0,0.8,0.75,1.0,1.0,1.0,1.0,1.0,1.0,0.0,1.0,1.0,0.0,0.0
0.0,0.0,0.8,0.75,1.0,1.0,1.0,1.0,1.0,1.0,0.0,1.0,1.0,0.0,0.0
0.0,0.0,0.8,0.75,1.0,1.0,1.0,1.0,1.0,1.0,0.0,1.0,1.0,0.0,0.0
0.0,0.0,0.8,0.75,1.0,1.0,1.0,1.0,1.0,1.0,0.0,1.0,1.0,0.0,0.0
0.0,0.0,0.8,0.75,1.0,1.0,1.0,1.0,1.0,1.0,0.0,1.0,1.0,0.0,0.0
0.0,0.049999999999999996,0.8,0.75,1.0,1.0,1.0,1.0,1.0,1.0,0.0,1.0,1.0,0.0,0.0
0.0,0.049999999999999996,0.8,0.75,0.9583333333333334,0.9583333333333334,1.0,1.0,1.0,1.0,0.041666666666666664,1.0,0.96875,0.04166666666666663,0.01041666666666663
0.0,0.049999999999999996,0.8,0.75,1.0,1.0,1.0,1.0,1.0,1.0,0.0,1.0,1.0,0.0,0.0
0.0,0.049999999999999996,0.8,0.75,1.0,1.0,1.0,1.0,1.0,1.0,0.0,1.0,1.0,0.0,0.0
0.0,0.049999999999999996,0.8,0.75,0.9583333333333334,0.9583333333333334,1.0,1.0,1.0,1.0,0.041666666666666664,1.0,0.96875,0.04166666666666663,0.01041666666666663
0.0,0.049999999999999996,0.8,0.75,0.9583333333333334,0.9583333333333334,1.0,1.0,1.0,1.0,0.041666666666666664,1.0,0.96875,0.04166666666666663,0.01041666666666663
0.0,0.049999999999999996,0.8,0.75,1.0,1.0,1.0,1.0,1.0,1.0,0.0,1.0,1.0,0.0,0.0
0.0,0.049999999999999996,0.8,0.75,1.0,1.0,1.0,1.0,1.0,1.0,0.0,1.0,1.0,0.0,0.0
0.0,0.049999999999999996,0.8,0.75,0.9583333333333334,0.9583333333333334,1.0,1.0,1.0,1.0,0.041666666666666664,1.0,0.96875,0.04166666666666663,0.01041666666666663
0.0,0.049999999999999996,0.8,0.75,1.0,1.0,1.0,1.0,1.0,1.0,0.0,1.0,1.0,0.0,0.0
0.0,0.049999999999999996,0.8,0.75,0.9166666666666666,0.9166666666666666,1.0,1.0,1.0,1.0,0.08333333333333333,1.0,0.9375,0.08333333333333337,0.02083333333333337
0.0,0.049999999999999996,0.8,0.75,1.0,1.0,1.0,1.0,1.0,1.0,0.0,1.0,1.0,0.0,0.0
0.0,0.049999999999999996,0.8,0.75,0.9166666666666666,0.9166666666666666,1.0,1.0,1.0,1.0,0.08333333333333333,1.0,0.9375,0.08333333333333337,0.02083333333333337
0.0,0.049999999999999996,0.8,0.75,0.9583333333333334,0.9583333333333334,1.0,0.9583333333333334,0.9583333333333334,1.0,0.041666666666666664,0.0,0.9283854166666667,0.0,-0.02994791666666663
0.0,0.049999999999999996,0.8,0.75,0.9583333333333334,0.9583333333333334,1.0,1.0,1.0,1.0,0.041666666666666664,1.0,0.96875,0.04166666666666663,0.01041666666666663
0.0,0.049999999999999996,0.8,0.75,0.9583333333333334,0.9583333333333334,1.0,1.0,1.0,1.0,0.041666666666666664,1.0,0.96875,0.04166666666666663,0.01041666666666663
0.0,0.049999999999999996,0.8,0.75,0.9583333333333334,0.9583333333333334,1.0,1.0,1.0,1.0,0.041666666666666664,1.0,0.96875,0.04166666666666663,0.01041666666666663
0.0,0.049999999999999996,0.8,0.75,1.0,1.0,1.0,1.0,1.0,1.0,0.0,1.0,1.0,0.0,0.0
0.0,0.049999999999999996,0.8,0.75,1.0,1.0,1.0,1.0,1.0,1.0,0.0,1.0,1.0,0.0,0.0
0.0,0.049999999999999996,0.8,0.75,0.9583333333333334,0.9583333333333334,1.0,1.0,1.0,1.0,0.041666666666666664,1.0,0.96875,0.04166666666666663,0.01041666666666663
0.0,0.049999999999999996,0.8,0.75,1.0,1.0,1.0,1.0,1.0,1.0,0.0,1.0,1.0,0.0,0.0
0.0,0.049999999999999996,0.8,0.75,0.9583333333333334,0.9583333333333334,1.0,1.0,1.0,1.0,0.041666666666666664,1.0,0.96875,0.04166666666666663,0.01041666666666663
0.0,0.049999999999999996,0.8,0.75,1.0,1.0,1.0,1.0,1.0,1.0,0.0,1.0,1.0,0.0,0.0
0.0,0.049999999999999996,0.8,0.75,1.0,1.0,1.0,1.0,1.0,1.0,0.0,1.0,1.0,0.0,0.0
0.0,0.049999999999999996,0.8,0.75,1.0,1.0,1.0,1.0,1.0,1.0,0.0,1.0,1.0,0.0,0.0
0.0,0.09999999999999999,0.8,0.75,1.0,1.0,1.0,1.0,1.0,1.0,0.0,1.0,1.0,0.0,0.0
0.0,0.09999999999999999,0.8,0.75,1.0,1.0,1.0,1.0,1.0,1.0,0.0,1.0,1.0,0.0,0.0
0.0,0.09999999999999999,0.8,0.75,0.9166666666666666,0.9166666666666666,1.0,1.0,1.0,1.0,0.08333333333333333,1.0,0.9375,0.08333333333333337,0.02083333333333337
0.0,0.09999999999999999,0.8,0.75,1.0,1.0,1.0,1.0,1.0,1.0,0.0,1.0,1.0,0.0,0.0
0.0,0.09999999999999999,0.8,0.75,0.875,0.875,1.0,1.0,1.0,1.0,0.125,1.0,0.90625,0.125,0.03125
0.0,0.09999999999999999,0.8,0.75,0.9583333333333334,0.9583333333333334,1.0,1.0,1.0,1.0,0.041666666666666664,1.0,0.96875,0.04166666666666663,0.01041666666666663
0.0,0.09999999999999999,0.8,0.75,0.9583333333333334,0.9583333333333334,1.0,1.0,1.0,1.0,0.041666666666666664,1.0,0.96875,0.04166666666666663,0.01041666666666663
0.0,0.09999999999999999,0.8,0.75,0.875,0.875,1.0,1.0,1.0,1.0,0.125,1.0,0.90625,0.125,0.03125
0.0,0.09999999999999999,0.8,0.75,0.8333333333333334,0.8333333333333334,1.0,1.0,1.0,1.0,0.16666666666666666,1.0,0.875,0.16666666666666663,0.04166666666666663
0.0,0.09999999999999999,0.8,0.75,0.9166666666666666,0.9166666666666666,1.0,0.9583333333333334,0.9583333333333334,1.0,0.08333333333333333,0.5,0.8984375,0.04166666666666674,-0.01822916666666663
0.0,0.09999999999999999,0.8,0.75,0.8333333333333334,0.8333333333333334,1.0,1.0,1.0,1.0,0.16666666666666666,1.0,0.875,0.16666666666666663,0.04166666666666663
0.0,0.09999999999999999,0.8,0.75,0.9166666666666666,0.9166666666666666,1.0,1.0,1.0,1.0,0.08333333333333333,1.0,0.9375,0.08333333333333337,0.02083333333333337
0.0,0.09999999999999999,0.8,0.75,0.9583333333333334,0.9583333333333334,1.0,1.0,1.0,1.0,0.041666666666666664,1.0,0.96875,0.04166666666666663,0.01041666666666663
0.0,0.09999999999999999,0.8,0.75,0.9166666666666666,0.9166666666666666,1.0,1.0,1.0,1.0,0.08333333333333333,1.0,0.9375,0.08333333333333337,0.02083333333333337
0.0,0.09999999999999999,0.8,0.75,0.9583333333333334,0.9583333333333334,1.0,1.0,1.0,1.0,0.041666666666666664,1.0,0.96875,0.04166666666666663,0.01041666666666663
0.0,0.09999999999999999,0.8,0.75,1.0,1.0,1.0,1.0,1.0,1.0,0.0,1.0,1.0,0.0,0.0
0.0,0.09999999999999999,0.8,0.75,0.9583333333333334,0.9583333333333334,1.0,0.9583333333333334,0.9583333333333334,1.0,0.041666666666666664,0.0,0.9283854166666667,0.0,-0.02994791666666663
0.0,0.09999999999999999,0.8,0.75,0.9166666666666666,0.9166666666666666,1.0,1.0,1.0,1.0,0.08333333333333333,1.0,0.9375,0.08333333333333337,0.02083333333333337
0.0,0.09999999999999999,0.8,0.75,0.9166666666666666,0.9166666666666666,1.0,1.0,1.0,1.0,0.08333333333333333,1.0,0.9375,0.08333333333333337,0.02083333333333337
0.0,0.09999999999999999,0.8,0.75,0.9166666666666666,0.9166666666666666,1.0,1.0,1.0,1.0,0.08333333333333333,1.0,0.9375,0.08333333333333337,0.02083333333333337
0.0,0.09999999999999999,0.8,0.75,0.9166666666666666,0.9166666666666666,1.0,1.0,1.0,1.0,0.08333333333333333,1.0,0.9375,0.08333333333333337,0.02083333333333337
0.0,0.09999999999999999,0.8,0.75,1.0,1.0,1.0,1.0,1.0,1.0,0.0,1.0,1.0,0.0,0.0
0.0,0.09999999999999999,0.8,0.75,0.9583333333333334,0.9583333333333334,1.0,1.0,1.0,1.0,0.041666666666666664,1.0,0.96875,0.04166666666666663,0.01041666666666663
0.0,0.09999999999999999,0.8,0.75,1.0,1.0,1.0,1.0,1.0,1.0,0.0,1.0,1.0,0.0,0.0
0.0,0.09999999999999999,0.8,0.75,1.0,1.0,1.0,1.0,1.0,1.0,0.0,1.0,1.0,0.0,0.0
0.0,0.15,0.8,0.75,0.875,0.875,1.0,1.0,1.0,1.0,0.125,1.0,0.90625,0.125,0.03125
0.0,0.15,0.8,0.75,0.875,0.875,1.0,1.0,1.0,1.0,0.125,1.0,0.90625,0.125,0.03125
0.0,0.15,0.8,0.75,0.9583333333333334,0.9583333333333334,1.0,1.0,1.0,1.0,0.041666666666666664,1.0,0.96875,0.04166666666666663,0.01041666666666663
0.0,0.15,0.8,0.75,1.0,1.0,1.0,1.0,1.0,1.0,0.0,1.0,1.0,0.0,0.0
0.0,0.15,0.8,0.75,0.9166666666666666,0.9166666666666666,1.0,0.9166666666666666,0.9166666666666666,1.0,0.08333333333333333,0.0,0.859375,0.0,-0.05729166666666663
0.0,0.15,0.8,0.75,0.875,0.875,1.0,0.9166666666666666,0.9166666666666666,1.0,0.125,0.3333333333333333,0.8307291666666666,0.04166666666666663,-0.04427083333333337
0.0,0.15,0.8,0.75,0.875,0.875,1.0,1.0,1.0,1.0,0.125,1.0,0.90625,0.125,0.03125
0.0,0.15,0.8,0.75,1.0,1.0,1.0,1.0,1.0,1.0,0.0,1.0,1.0,0.0,0.0
0.0,0.15,0.8,0.75,0.9166666666666666,0.9166666666666666,1.0,0.9583333333333334,0.9583333333333334,1.0,0.08333333333333333,0.5,0.8984375,0.04166666666666674,-0.01822916666666663
0.0,0.15,0.8,0.75,1.0,1.0,1.0,1.0,1.0,1.0,0.0,1.0,1.0,0.0,0.0
0.0,0.15,0.8,0.75,1.0,1.0,1.0,1.0,1.0,1.0,0.0,1.0,1.0,0.0,0.0
0.0,0.15,0.8,0.75,0.9583333333333334,0.9583333333333334,1.0,1.0,1.0,1.0,0.041666666666666664,1.0,0.96875,0.04166666666666663,0.01041666666666663
0.0,0.15,0.8,0.75,0.9583333333333334,0.9583333333333334,1.0,1.0,1.0,1.0,0.041666666666666664,1.0,0.96875,0.04166666666666663,0.01041666666666663
0.0,0.15,0.8,0.75,0.9166666666666666,0.9166666666666666,1.0,1.0,1.0,1.0,0.08333333333333333,1.0,0.9375,0.08333333333333337,0.02083333333333337
0.0,0.15,0.8,0.75,0.9166666666666666,0.9166666666666666,1.0,1.0,1.0,1.0,0.08333333333333333,1.0,0.9375,0.08333333333333337,0.02083333333333337
0.0,0.15,0.8,0.75,0.9166666666666666,0.9166666666666666,1.0,1.0,1.0,1.0,0.08333333333333333,1.0,0.9375,0.08333333333333337,0.02083333333333337
0.0,0.15,0.8,0.75,0.9583333333333334,0.9583333333333334,1.0,1.0,1.0,1.0,0.041666666666666664,1.0,0.96875,0.04166666666666663,0.01041666666666663
0.0,0.15,0.8,0.75,0.9166666666666666,0.9166666666666666,1.0,1.0,1.0,1.0,0.08333333333333333,1.0,0.9375,0.08333333333333337,0.02083333333333337
0.0,0.15,0.8,0.75,0.875,0.875,1.0,1.0,1.0,1.0,0.125,1.0,0.90625,0.125,0.03125
0.0,0.15,0.8,0.75,1.0,1.0,1.0,1.0,1.0,1.0,0.0,1.0,1.0,0.0,0.0
0.0,0.15,0.8,0.75,0.875,0.875,1.0,1.0,1.0,1.0,0.125,1.0,0.90625,0.125,0.03125
0.0,0.15,0.8,0.75,0.9583333333333334,0.9583333333333334,1.0,1.0,1.0,1.0,0.041666666666666664,1.0,0.96875,0.04166666666666663,0.01041666666666663
0.0,0.15,0.8,0.75,0.8333333333333334,0.8333333333333334,1.0,0.9583333333333334,0.9583333333333334,1.0,0.16666666666666666,0.75,0.8385416666666667,0.125,0.00520833333333337
0.0,0.15,0.8,0.75,0.9583333333333334,0.9583333333333334,1.0,1.0,1.0,1.0,0.041666666666666664,1.0,0.96875,0.04166666666666663,0.01041666666666663
0.0,0.15,0.8,0.75,0.9583333333333334,0.9583333333333334,1.0,1.0,1.0,1.0,0.041666666666666664,1.0,0.96875,0.04166666666666663,0.01041666666666663
0.0,0.19999999999999998,0.8,0.75,0.875,0.875,1.0,0.9583333333333334,0.9583333333333334,1.0,0.125,0.6666666666666666,0.8684895833333334,0.08333333333333337,-0.00651041666666663
0.0,0.19999999999999998,0.8,0.75,0.9166666666666666,0.9166666666666666,1.0,0.9166666666666666,0.9166666666666666,1.0,0.08333333333333333,0.0,0.859375,0.0,-0.05729166666666663
0.0,0.19999999999999998,0.8,0.75,0.9166666666666666,0.9166666666666666,1.0,0.9583333333333334,0.9583333333333334,1.0,0.08333333333333333,0.5,0.8984375,0.04166666666666674,-0.01822916666666663
0.0,0.19999999999999998,0.8,0.75,0.9166666666666666,0.9166666666666666,1.0,0.9583333333333334,0.9583333333333334,1.0,0.08333333333333333,0.5,0.8984375,0.04166666666666674,-0.01822916666666663
0.0,0.19999999999999998,0.8,0.75,0.9583333333333334,0.9583333333333334,1.0,1.0,1.0,1.0,0.041666666666666664,1.0,0.96875,0.04166666666666663,0.01041666666666663
0.0,0.19999999999999998,0.8,0.75,0.7916666666666666,0.7916666666666666,1.0,0.9166666666666666,0.9166666666666666,1.0,0.20833333333333334,0.6,0.7734375,0.125,-0.01822916666666663
0.0,0.19999999999999998,0.8,0.75,1.0,1.0,1.0,1.0,1.0,1.0,0.0,1.0,1.0,0.0,0.0
0.0,0.19999999999999998,0.8,0.75,0.875,0.875,1.0,1.0,1.0,1.0,0.125,1.0,0.90625,0.125,0.03125
0.0,0.19999999999999998,0.8,0.75,0.7083333333333334,0.7083333333333334,1.0,0.9583333333333334,0.9583333333333334,1.0,0.2916666666666667,0.8571428571428571,0.7486979166666667,0.25,0.04036458333333337
0.0,0.19999999999999998,0.8,0.75,0.7916666666666666,0.7916666666666666,1.0,1.0,1.0,1.0,0.20833333333333334,1.0,0.84375,0.20833333333333337,0.05208333333333337
0.0,0.19999999999999998,0.8,0.75,0.875,0.875,1.0,1.0,1.0,1.0,0.125,1.0,0.90625,0.125,0.03125
0.0,0.19999999999999998,0.8,0.75,0.875,0.875,1.0,1.0,1.0,1.0,0.125,1.0,0.90625,0.125,0.03125
0.0,0.19999999999999998,0.8,0.75,0.8333333333333334,0.8333333333333334,1.0,1.0,1.0,1.0,0.16666666666666666,1.0,0.875,0.16666666666666663,0.04166666666666663
0.0,0.19999999999999998,0.8,0.75,1.0,1.0,1.0,1.0,1.0,1.0,0.0,1.0,1.0,0.0,0.0
0.0,0.19999999999999998,0.8,0.75,0.875,0.875,1.0,0.9583333333333334,0.9583333333333334,1.0,0.125,0.6666666666666666,0.8684895833333334,0.08333333333333337,-0.00651041666666663
0.0,0.19999999999999998,0.8,0.75,0.875,0.875,1.0,0.9583333333333334,0.9583333333333334,1.0,0.125,0.6666666666666666,0.8684895833333334,0.08333333333333337,-0.00651041666666663
0.0,0.19999999999999998,0.8,0.75,0.9583333333333334,0.9583333333333334,1.0,1.0,1.0,1.0,0.041666666666666664,1.0,0.96875,0.04166666666666663,0.01041666666666663
0.0,0.19999999999999998,0.8,0.75,0.8333333333333334,0.8333333333333334,1.0,0.9583333333333334,0.9583333333333334,1.0,0.16666666666666666,0.75,0.8385416666666667,0.125,0.00520833333333337
0.0,0.19999999999999998,0.8,0.75,0.7916666666666666,0.7916666666666666,1.0,0.9166666666666666,0.9166666666666666,1.0,0.20833333333333334,0.6,0.7734375,0.125,-0.01822916666666663
0.0,0.19999999999999998,0.8,0.75,0.9583333333333334,0.9583333333333334,1.0,1.0,1.0,1.0,0.041666666666666664,1.0,0.96875,0.04166666666666663,0.01041666666666663
0.0,0.19999999999999998,0.8,0.75,0.9166666666666666,0.9166666666666666,1.0,1.0,1.0,1.0,0.08333333333333333,1.0,0.9375,0.08333333333333337,0.02083333333333337
0.0,0.19999999999999998,0.8,0.75,0.9166666666666666,0.9166666666666666,1.0,1.0,1.0,1.0,0.08333333333333333,1.0,0.9375,0.08333333333333337,0.02083333333333337
0.0,0.19999999999999998,0.8,0.75,0.875,0.875,1.0,1.0,1.0,1.0,0.125,1.0,0.90625,0.125,0.03125
0.0,0.19999999999999998,0.8,0.75,0.9166666666666666,0.9166666666666666,1.0,0.9583333333333334,0.9583333333333334,1.0,0.08333333333333333,0.5,0.8984375,0.04166666666666674,-0.01822916666666663
0.0,0.19999999999999998,0.8,0.75,1.0,1.0,1.0,1.0,1.0,1.0,0.0,1.0,1.0,0.0,0.0
0.0,0.24999999999999997,0.8,0.75,0.875,0.875,1.0,0.9166666666666666,0.9166666666666666,1.0,0.125,0.3333333333333333,0.8307291666666666,0.04166666666666663,-0.04427083333333337
0.0,0.24999999999999997,0.8,0.75,0.875,0.875,1.0,0.9583333333333334,0.9583333333333334,1.0,0.125,0.6666666666666666,0.8684895833333334,0.08333333333333337,-0.00651041666666663
0.0,0.24999999999999997,0.8,0.75,0.875,0.875,1.0,0.9583333333333334,0.9583333333333334,1.0,0.125,0.6666666666666666,0.8684895833333334,0.08333333333333337,-0.00651041666666663
0.0,0.24999999999999997,0.8,0.75,0.9166666666666666,0.9166666666666666,1.0,1.0,1.0,1.0,0.08333333333333333,1.0,0.9375,0.08333333333333337,0.02083333333333337
0.0,0.24999999999999997,0.8,0.75,0.875,0.875,1.0,0.9583333333333334,0.9583333333333334,1.0,0.125,0.6666666666666666,0.8684895833333334,0.08333333333333337,-0.00651041666666663
0.0,0.24999999999999997,0.8,0.75,1.0,1.0,1.0,1.0,1.0,1.0,0.0,1.0,1.0,0.0,0.0
0.0,0.24999999999999997,0.8,0.75,0.9583333333333334,0.9583333333333334,1.0,0.9583333333333334,0.9583333333333334,1.0,0.041666666666666664,0.0,0.9283854166666667,0.0,-0.02994791666666663
0.0,0.24999999999999997,0.8,0.75,0.8333333333333334,0.8333333333333334,1.0,0.9583333333333334,0.9583333333333334,1.0,0.16666666666666666,0.75,0.8385416666666667,0.125,0.00520833333333337
0.0,0.24999999999999997,0.8,0.75,0.9583333333333334,0.9583333333333334,1.0,1.0,1.0,1.0,0.041666666666666664,1.0,0.96875,0.04166666666666663,0.01041666666666663
0.0,0.24999999999999997,0.8,0.75,0.9166666666666666,0.9166666666666666,1.0,0.9583333333333334,0.9583333333333334,1.0,0.08333333333333333,0.5,0.8984375,0.04166666666666674,-0.01822916666666663
0.0,0.24999999999999997,0.8,0.75,0.9583333333333334,0.9583333333333334,1.0,1.0,1.0,1.0,0.041666666666666664,1.0,0.96875,0.04166666666666663,0.01041666666666663
0.0,0.24999999999999997,0.8,0.75,0.9583333333333334,0.9583333333333334,1.0,0.9583333333333334,0.9583333333333334,1.0,0.041666666666666664,0.0,0.9283854166666667,0.0,-0.02994791666666663
0.0,0.24999999999999997,0.8,0.75,0.8333333333333334,0.8333333333333334,1.0,0.9583333333333334,0.9583333333333334,1.0,0.16666666666666666,0.75,0.8385416666666667,0.125,0.00520833333333337
0.0,0.24999999999999997,0.8,0.75,1.0,1.0,1.0,1.0,1.0,1.0,0.0,1.0,1.0,0.0,0.0
0.0,0.24999999999999997,0.8,0.75,0.9166666666666666,0.9166666666666666,1.0,0.9583333333333334,0.9583333333333334,1.0,0.08333333333333333,0.5,0.8984375,0.04166666666666674,-0.01822916666666663
0.0,0.24999999999999997,0.8,0.75,0.9583333333333334,0.9583333333333334,1.0,1.0,1.0,1.0,0.041666666666666664,1.0,0.96875,0.04166666666666663,0.01041666666666663
0.0,0.24999999999999997,0.8,0.75,0.9166666666666666,0.9166666666666666,1.0,0.9583333333333334,0.9583333333333334,1.0,0.08333333333333333,0.5,0.8984375,0.04166666666666674,-0.01822916666666663
0.0,0.24999999999999997,0.8,0.75,0.875,0.875,1.0,1.0,1.0,1.0,0.125,1.0,0.90625,0.125,0.03125
0.0,0.24999999999999997,0.8,0.75,0.9166666666666666,0.9166666666666666,1.0,0.9583333333333334,0.9583333333333334,1.0,0.08333333333333333,0.5,0.8984375,0.04166666666666674,-0.01822916666666663
0.0,0.24999999999999997,0.8,0.75,0.875,0.875,1.0,1.0,1.0,1.0,0.125,1.0,0.90625,0.125,0.03125
0.0,0.24999999999999997,0.8,0.75,0.9166666666666666,0.9166666666666666,1.0,1.0,1.0,1.0,0.08333333333333333,1.0,0.9375,0.08333333333333337,0.02083333333333337
0.0,0.24999999999999997,0.8,0.75,0.875,0.875,1.0,1.0,1.0,1.0,0.125,1.0,0.90625,0.125,0.03125
0.0,0.24999999999999997,0.8,0.75,0.7916666666666666,0.7916666666666666,1.0,0.875,0.875,1.0,0.20833333333333334,0.4,0.73828125,0.08333333333333337,-0.05338541666666663
0.0,0.24999999999999997,0.8,0.75,1.0,1.0,1.0,1.0,1.0,1.0,0.0,1.0,1.0,0.0,0.0
0.0,0.24999999999999997,0.8,0.75,1.0,1.0,1.0,1.0,1.0,1.0,0.0,1.0,1.0,0.0,0.0
0.0,0.3,0.8,0.75,0.875,0.875,1.0,1.0,1.0,1.0,0.125,1.0,0.90625,0.125,0.03125
0.0,0.3,0.8,0.75,0.875,0.875,1.0,1.0,1.0,1.0,0.125,1.0,0.90625,0.125,0.03125
0.0,0.3,0.8,0.75,0.7916666666666666,0.7916666666666666,1.0,0.9583333333333334,0.9583333333333334,1.0,0.20833333333333334,0.8,0.80859375,0.16666666666666674,0.01692708333333337
0.0,0.3,0.8,0.75,0.8333333333333334,0.8333333333333334,1.0,0.9166666666666666,0.9166666666666666,1.0,0.16666666666666666,0.5,0.8020833333333333,0.08333333333333326,-0.03125000000000011
0.0,0.3,0.8,0.75,0.875,0.875,1.0,0.9583333333333334,0.9583333333333334,1.0,0.125,0.6666666666666666,0.8684895833333334,0.08333333333333337,-0.00651041666666663
0.0,0.3,0.8,0.75,0.8333333333333334,0.8333333333333334,1.0,0.9166666666666666,0.9166666666666666,1.0,0.16666666666666666,0.5,0.8020833333333333,0.08333333333333326,-0.03125000000000011
0.0,0.3,0.8,0.75,0.875,0.875,1.0,1.0,1.0,1.0,0.125,1.0,0.90625,0.125,0.03125
0.0,0.3,0.8,0.75,0.75,0.75,1.0,0.9166666666666666,0.9166666666666666,1.0,0.25,0.6666666666666666,0.7447916666666666,0.16666666666666663,-0.00520833333333337
0.0,0.3,0.8,0.75,0.875,0.875,1.0,0.9583333333333334,0.9583333333333334,1.0,0.125,0.6666666666666666,0.8684895833333334,0.08333333333333337,-0.00651041666666663
0.0,0.3,0.8,0.75,0.8333333333333334,0.8333333333333334,1.0,1.0,1.0,1.0,0.16666666666666666,1.0,0.875,0.16666666666666663,0.04166666666666663
0.0,0.3,0.8,0.75,0.9166666666666666,0.9166666666666666,1.0,0.9583333333333334,0.9583333333333334,1.0,0.08333333333333333,0.5,0.8984375,0.04166666666666674,-0.01822916666666663
0.0,0.3,0.8,0.75,0.875,0.875,1.0,1.0,1.0,1.0,0.125,1.0,0.90625,0.125,0.03125
0.0,0.3,0.8,0.75,0.875,0.875,1.0,1.0,1.0,1.0,0.125,1.0,0.90625,0.125,0.03125
0.0,0.3,0.8,0.75,0.875,0.875,1.0,0.9583333333333334,0.9583333333333334,1.0,0.125,0.6666666666666666,0.8684895833333334,0.08333333333333337,-0.00651041666666663
0.0,0.3,0.8,0.75,0.875,0.875,1.0,1.0,1.0,1.0,0.125,1.0,0.90625,0.125,0.03125
0.0,0.3,0.8,0.75,0.8333333333333334,0.8333333333333334,1.0,0.9583333333333334,0.9583333333333334,1.0,0.16666666666666666,0.75,0.8385416666666667,0.125,0.00520833333333337
0.0,0.3,0.8,0.75,0.75,0.75,1.0,0.9583333333333334,0.9583333333333334,1.0,0.25,0.8333333333333334,0.7786458333333334,0.20833333333333337,0.02864583333333337
0.0,0.3,0.8,0.75,0.875,0.875,1.0,0.9583333333333334,0.9583333333333334,1.0,0.125,0.6666666666666666,0.8684895833333334,0.08333333333333337,-0.00651041666666663
0.0,0.3,0.8,0.75,1.0,1.0,1.0,1.0,1.0,1.0,0.0,1.0,1.0,0.0,0.0
0.0,0.3,0.8,0.75,0.875,0.875,1.0,1.0,1.0,1.0,0.125,1.0,0.90625,0.125,0.03125
0.0,0.3,0.8,0.75,0.875,0.875,1.0,0.9583333333333334,0.9583333333333334,1.0,0.125,0.6666666666666666,0.8684895833333334,0.08333333333333337,-0.00651041666666663
0.0,0.3,0.8,0.75,0.8333333333333334,0.8333333333333334,1.0,1.0,1.0,1.0,0.16666666666666666,1.0,0.875,0.16666666666666663,0.04166666666666663
0.0,0.3,0.8,0.75,0.875,0.875,1.0,0.9583333333333334,0.9583333333333334,1.0,0.125,0.6666666666666666,0.8684895833333334,0.08333333333333337,-0.00651041666666663
0.0,0.3,0.8,0.75,0.8333333333333334,0.8333333333333334,1.0,0.9583333333333334,0.9583333333333334,1.0,0.16666666666666666,0.75,0.8385416666666667,0.125,0.00520833333333337
0.0,0.3,0.8,0.75,0.6666666666666666,0.6666666666666666,1.0,0.9166666666666666,0.9166666666666666,1.0,0.3333333333333333,0.75,0.6875,0.25,0.02083333333333337
0.0,0.35,0.8,0.75,0.8333333333333334,0.8333333333333334,1.0,0.9166666666666666,0.9166666666666666,1.0,0.16666666666666666,0.5,0.8020833333333333,0.08333333333333326,-0.03125000000000011
0.0,0.35,0.8,0.75,0.8333333333333334,0.8333333333333334,1.0,0.9583333333333334,0.9583333333333334,1.0,0.16666666666666666,0.75,0.8385416666666667,0.125,0.00520833333333337
0.0,0.35,0.8,0.75,0.875,0.875,1.0,1.0,1.0,1.0,0.125,1.0,0.90625,0.125,0.03125
0.0,0.35,0.8,0.75,0.75,0.75,1.0,1.0,1.0,1.0,0.25,1.0,0.8125,0.25,0.0625
0.0,0.35,0.8,0.75,0.7916666666666666,0.7916666666666666,1.0,0.9583333333333334,0.9583333333333334,1.0,0.20833333333333334,0.8,0.80859375,0.16666666666666674,0.01692708333333337
0.0,0.35,0.8,0.75,0.8333333333333334,0.8333333333333334,1.0,0.9583333333333334,0.9583333333333334,1.0,0.16666666666666666,0.75,0.8385416666666667,0.125,0.00520833333333337
0.0,0.35,0.8,0.75,0.7916666666666666,0.7916666666666666,1.0,0.9583333333333334,0.9583333333333334,1.0,0.20833333333333334,0.8,0.80859375,0.16666666666666674,0.01692708333333337
0.0,0.35,0.8,0.75,0.9166666666666666,0.9166666666666666,1.0,1.0,1.0,1.0,0.08333333333333333,1.0,0.9375,0.08333333333333337,0.02083333333333337
0.0,0.35,0.8,0.75,0.75,0.75,1.0,0.875,0.875,1.0,0.25,0.5,0.7109375,0.125,-0.0390625
0.0,0.35,0.8,0.75,0.7916666666666666,0.7916666666666666,1.0,0.9166666666666666,0.9166666666666666,1.0,0.20833333333333334,0.6,0.7734375,0.125,-0.01822916666666663
0.0,0.35,0.8,0.75,0.7916666666666666,0.7916666666666666,1.0,0.9583333333333334,0.9583333333333334,1.0,0.20833333333333334,0.8,0.80859375,0.16666666666666674,0.01692708333333337
0.0,0.35,0.8,0.75,0.75,0.75,1.0,0.9583333333333334,0.9583333333333334,1.0,0.25,0.8333333333333334,0.7786458333333334,0.20833333333333337,0.02864583333333337
0.0,0.35,0.8,0.75,0.9166666666666666,0.9166666666666666,1.0,1.0,1.0,1.0,0.08333333333333333,1.0,0.9375,0.08333333333333337,0.02083333333333337
0.0,0.35,0.8,0.75,0.7916666666666666,0.7916666666666666,1.0,1.0,1.0,1.0,0.20833333333333334,1.0,0.84375,0.20833333333333337,0.05208333333333337
0.0,0.35,0.8,0.75,0.8333333333333334,0.8333333333333334,1.0,1.0,1.0,1.0,0.16666666666666666,1.0,0.875,0.16666666666666663,0.04166666666666663
0.0,0.35,0.8,0.75,0.7916666666666666,0.7916666666666666,1.0,1.0,1.0,1.0,0.20833333333333334,1.0,0.84375,0.20833333333333337,0.05208333333333337
0.0,0.35,0.8,0.75,0.875,0.875,1.0,0.9583333333333334,0.9583333333333334,1.0,0.125,0.6666666666666666,0.8684895833333334,0.08333333333333337,-0.00651041666666663
0.0,0.35,0.8,0.75,0.8333333333333334,0.8333333333333334,1.0,0.9583333333333334,0.9583333333333334,1.0,0.16666666666666666,0.75,0.8385416666666667,0.125,0.00520833333333337
0.0,0.35,0.8,0.75,0.7916666666666666,0.7916666666666666,1.0,0.9583333333333334,0.9583333333333334,1.0,0.20833333333333334,0.8,0.80859375,0.16666666666666674,0.01692708333333337
0.0,0.35,0.8,0.75,0.75,0.75,1.0,1.0,1.0,1.0,0.25,1.0,0.8125,0.25,0.0625
0.0,0.35,0.8,0.75,0.8333333333333334,0.8333333333333334,1.0,0.9583333333333334,0.9583333333333334,1.0,0.16666666666666666,0.75,0.8385416666666667,0.125,0.00520833333333337
0.0,0.35,0.8,0.75,0.75,0.75,1.0,0.9583333333333334,0.9583333333333334,1.0,0.25,0.8333333333333334,0.7786458333333334,0.20833333333333337,0.02864583333333337
0.0,0.35,0.8,0.75,0.9583333333333334,0.9583333333333334,1.0,1.0,1.0,1.0,0.041666666666666664,1.0,0.96875,0.04166666666666663,0.01041666666666663
0.0,0.35,0.8,0.75,0.8333333333333334,0.8333333333333334,1.0,0.9583333333333334,0.9583333333333334,1.0,0.16666666666666666,0.75,0.8385416666666667,0.125,0.00520833333333337
0.0,0.35,0.8,0.75,0.7083333333333334,0.7083333333333334,1.0,0.9166666666666666,0.9166666666666666,1.0,0.2916666666666667,0.7142857142857143,0.7161458333333333,0.20833333333333326,0.007812499999999889
0.0,0.39999999999999997,0.8,0.75,0.9166666666666666,0.9166666666666666,1.0,0.9583333333333334,0.9583333333333334,1.0,0.08333333333333333,0.5,0.8984375,0.04166666666666674,-0.01822916666666663
0.0,0.39999999999999997,0.8,0.75,0.75,0.75,1.0,0.9166666666666666,0.9166666666666666,1.0,0.25,0.6666666666666666,0.7447916666666666,0.16666666666666663,-0.00520833333333337
0.0,0.39999999999999997,0.8,0.75,0.7916666666666666,0.7916666666666666,1.0,0.9583333333333334,0.9583333333333334,1.0,0.20833333333333334,0.8,0.80859375,0.16666666666666674,0.01692708333333337
0.0,0.39999999999999997,0.8,0.75,0.7916666666666666,0.7916666666666666,1.0,1.0,1.0,1.0,0.20833333333333334,1.0,0.84375,0.20833333333333337,0.05208333333333337
0.0,0.39999999999999997,0.8,0.75,0.75,0.75,1.0,0.9583333333333334,0.9583333333333334,1.0,0.25,0.8333333333333334,0.7786458333333334,0.20833333333333337,0.02864583333333337
0.0,0.39999999999999997,0.8,0.75,0.8333333333333334,0.8333333333333334,1.0,1.0,1.0,1.0,0.16666666666666666,1.0,0.875,0.16666666666666663,0.04166666666666663
0.0,0.39999999999999997,0.8,0.75,0.7916666666666666,0.7916666666666666,1.0,0.9583333333333334,0.9583333333333334,1.0,0.20833333333333334,0.8,0.80859375,0.16666666666666674,0.01692708333333337
0.0,0.39999999999999997,0.8,0.75,0.7083333333333334,0.7083333333333334,1.0,1.0,1.0,1.0,0.2916666666666667,1.0,0.78125,0.29166666666666663,0.07291666666666663
0.0,0.39999999999999997,0.8,0.75,0.875,0.875,1.0,0.9583333333333334,0.9583333333333334,1.0,0.125,0.6666666666666666,0.8684895833333334,0.08333333333333337,-0.00651041666666663
0.0,0.39999999999999997,0.8,0.75,0.8333333333333334,0.8333333333333334,1.0,1.0,1.0,1.0,0.16666666666666666,1.0,0.875,0.16666666666666663,0.04166666666666663
0.0,0.39999999999999997,0.8,0.75,0.7916666666666666,0.7916666666666666,1.0,0.9583333333333334,0.9583333333333334,1.0,0.20833333333333334,0.8,0.80859375,0.16666666666666674,0.01692708333333337
0.0,0.39999999999999997,0.8,0.75,0.7916666666666666,0.7916666666666666,1.0,0.875,0.875,1.0,0.20833333333333334,0.4,0.73828125,0.08333333333333337,-0.05338541666666663
0.0,0.39999999999999997,0.8,0.75,0.7083333333333334,0.7083333333333334,1.0,0.875,0.875,1.0,0.2916666666666667,0.5714285714285714,0.68359375,0.16666666666666663,-0.02473958333333337
0.0,0.39999999999999997,0.8,0.75,0.9583333333333334,0.9583333333333334,1.0,1.0,1.0,1.0,0.041666666666666664,1.0,0.96875,0.04166666666666663,0.01041666666666663
0.0,0.39999999999999997,0.8,0.75,0.7916666666666666,0.7916666666666666,1.0,0.9583333333333334,0.9583333333333334,1.0,0.20833333333333334,0.8,0.80859375,0.16666666666666674,0.01692708333333337
0.0,0.39999999999999997,0.8,0.75,0.75,0.75,1.0,0.9583333333333334,0.9583333333333334,1.0,0.25,0.8333333333333334,0.7786458333333334,0.20833333333333337,0.02864583333333337
0.0,0.39999999999999997,0.8,0.75,0.9583333333333334,0.9583333333333334,1.0,1.0,1.0,1.0,0.041666666666666664,1.0,0.96875,0.04166666666666663,0.01041666666666663
0.0,0.39999999999999997,0.8,0.75,0.6666666666666666,0.6666666666666666,1.0,1.0,1.0,1.0,0.3333333333333333,1.0,0.75,0.33333333333333337,0.08333333333333337
0.0,0.39999999999999997,0.8,0.75,0.8333333333333334,0.8333333333333334,1.0,1.0,1.0,1.0,0.16666666666666666,1.0,0.875,0.16666666666666663,0.04166666666666663
0.0,0.39999999999999997,0.8,0.75,0.7916666666666666,0.7916666666666666,1.0,1.0,1.0,1.0,0.20833333333333334,1.0,0.84375,0.20833333333333337,0.05208333333333337
0.0,0.39999999999999997,0.8,0.75,0.6875,0.75,0.9166666666666666,0.9583333333333334,0.9583333333333334,1.0,0.25,0.8333333333333334,0.7786458333333334,0.27083333333333337,0.09114583333333337
0.0,0.39999999999999997,0.8,0.75,0.9166666666666666,0.9166666666666666,1.0,1.0,1.0,1.0,0.08333333333333333,1.0,0.9375,0.08333333333333337,0.02083333333333337
0.0,0.39999999999999997,0.8,0.75,1.0,1.0,1.0,1.0,1.0,1.0,0.0,1.0,1.0,0.0,0.0
0.0,0.39999999999999997,0.8,0.75,0.8333333333333334,0.8333333333333334,1.0,0.9583333333333334,0.9583333333333334,1.0,0.16666666666666666,0.75,0.8385416666666667,0.125,0.00520833333333337
0.0,0.39999999999999997,0.8,0.75,0.875,0.875,1.0,0.9583333333333334,0.9583333333333334,1.0,0.125,0.6666666666666666,0.8684895833333334,0.08333333333333337,-0.00651041666666663
0.0,0.44999999999999996,0.8,0.75,0.6493055555555556,0.7083333333333334,0.9166666666666666,0.9583333333333334,0.9583333333333334,1.0,0.2916666666666667,0.8571428571428571,0.7486979166666667,0.3090277777777778,0.09939236111111116
0.0,0.44999999999999996,0.8,0.75,0.7916666666666666,0.7916666666666666,1.0,0.875,0.875,1.0,0.20833333333333334,0.4,0.73828125,0.08333333333333337,-0.05338541666666663
0.0,0.44999999999999996,0.8,0.75,0.7916666666666666,0.7916666666666666,1.0,1.0,1.0,1.0,0.20833333333333334,1.0,0.84375,0.20833333333333337,0.05208333333333337
0.0,0.44999999999999996,0.8,0.75,0.8333333333333334,0.8333333333333334,1.0,0.9166666666666666,0.9166666666666666,1.0,0.16666666666666666,0.5,0.8020833333333333,0.08333333333333326,-0.03125000000000011
0.0,0.44999999999999996,0.8,0.75,0.7916666666666666,0.7916666666666666,1.0,0.9166666666666666,0.9166666666666666,1.0,0.20833333333333334,0.6,0.7734375,0.125,-0.01822916666666663
0.0,0.44999999999999996,0.8,0.75,0.8333333333333334,0.8333333333333334,1.0,0.9583333333333334,0.9583333333333334,1.0,0.16666666666666666,0.75,0.8385416666666667,0.125,0.00520833333333337
0.0,0.44999999999999996,0.8,0.75,0.6666666666666666,0.6666666666666666,1.0,1.0,1.0,1.0,0.3333333333333333,1.0,0.75,0.33333333333333337,0.08333333333333337
0.0,0.44999999999999996,0.8,0.75,0.8333333333333334,0.8333333333333334,1.0,0.9166666666666666,0.9166666666666666,1.0,0.16666666666666666,0.5,0.8020833333333333,0.08333333333333326,-0.03125000000000011
0.0,0.44999999999999996,0.8,0.75,0.75,0.75,1.0,0.9583333333333334,0.9583333333333334,1.0,0.25,0.8333333333333334,0.7786458333333334,0.20833333333333337,0.02864583333333337
0.0,0.44999999999999996,0.8,0.75,0.7638888888888888,0.8333333333333334,0.9166666666666666,0.9166666666666666,0.9166666666666666,1.0,0.16666666666666666,0.5,0.8020833333333333,0.1527777777777778,0.03819444444444442
0.0,0.44999999999999996,0.8,0.75,0.8333333333333334,0.8333333333333334,1.0,0.9583333333333334,0.9583333333333334,1.0,0.16666666666666666,0.75,0.8385416666666667,0.125,0.00520833333333337
0.0,0.44999999999999996,0.8,0.75,0.875,0.875,1.0,1.0,1.0,1.0,0.125,1.0,0.90625,0.125,0.03125
0.0,0.44999999999999996,0.8,0.75,0.7916666666666666,0.7916666666666666,1.0,1.0,1.0,1.0,0.20833333333333334,1.0,0.84375,0.20833333333333337,0.05208333333333337
0.0,0.44999999999999996,0.8,0.75,0.7916666666666666,0.7916666666666666,1.0,0.9583333333333334,0.9583333333333334,1.0,0.20833333333333334,0.8,0.80859375,0.16666666666666674,0.01692708333333337
0.0,0.44999999999999996,0.8,0.75,0.75,0.75,1.0,0.875,0.875,1.0,0.25,0.5,0.7109375,0.125,-0.0390625
0.0,0.44999999999999996,0.8,0.75,0.7916666666666666,0.7916666666666666,1.0,0.9583333333333334,0.9583333333333334,1.0,0.20833333333333334,0.8,0.80859375,0.16666666666666674,0.01692708333333337
0.0,0.44999999999999996,0.8,0.75,0.7083333333333334,0.7083333333333334,1.0,1.0,1.0,1.0,0.2916666666666667,1.0,0.78125,0.29166666666666663,0.07291666666666663
0.0,0.44999999999999996,0.8,0.75,0.7916666666666666,0.7916666666666666,1.0,0.9583333333333334,0.9583333333333334,1.0,0.20833333333333334,0.8,0.80859375,0.16666666666666674,0.01692708333333337
0.0,0.44999999999999996,0.8,0.75,0.9583333333333334,0.9583333333333334,1.0,1.0,1.0,1.0,0.041666666666666664,1.0,0.96875,0.04166666666666663,0.01041666666666663
0.0,0.44999999999999996,0.8,0.75,0.7083333333333334,0.7083333333333334,1.0,0.9583333333333334,0.9583333333333334,1.0,0.2916666666666667,0.8571428571428571,0.7486979166666667,0.25,0.04036458333333337
0.0,0.44999999999999996,0.8,0.75,0.875,0.875,1.0,0.9583333333333334,0.9583333333333334,1.0,0.125,0.6666666666666666,0.8684895833333334,0.08333333333333337,-0.00651041666666663
0.0,0.44999999999999996,0.8,0.75,0.8333333333333334,0.8333333333333334,1.0,0.9583333333333334,0.9583333333333334,1.0,0.16666666666666666,0.75,0.8385416666666667,0.125,0.00520833333333337
0.0,0.44999999999999996,0.8,0.75,0.611111111111111,0.6666666666666666,0.9166666666666666,0.9166666666666666,0.9166666666666666,1.0,0.3333333333333333,0.75,0.6875,0.3055555555555556,0.07638888888888895
0.0,0.44999999999999996,0.8,0.75,0.8333333333333334,0.8333333333333334,1.0,1.0,1.0,1.0,0.16666666666666666,1.0,0.875,0.16666666666666663,0.04166666666666663
0.0,0.44999999999999996,0.8,0.75,0.8333333333333334,0.8333333333333334,1.0,1.0,1.0,1.0,0.16666666666666666,1.0,0.875,0.16666666666666663,0.04166666666666663
0.0,0.49999999999999994,0.8,0.75,0.75,0.75,1.0,0.9166666666666666,0.9166666666666666,1.0,0.25,0.6666666666666666,0.7447916666666666,0.16666666666666663,-0.00520833333333337
0.0,0.49999999999999994,0.8,0.75,0.6666666666666666,0.6666666666666666,1.0,0.8333333333333334,0.8333333333333334,1.0,0.3333333333333333,0.5,0.625,0.16666666666666674,-0.04166666666666663
0.0,0.49999999999999994,0.8,0.75,0.9583333333333334,0.9583333333333334,1.0,0.9583333333333334,0.9583333333333334,1.0,0.041666666666666664,0.0,0.9283854166666667,0.0,-0.02994791666666663
0.0,0.49999999999999994,0.8,0.75,0.7083333333333334,0.7083333333333334,1.0,0.9166666666666666,0.9166666666666666,1.0,0.2916666666666667,0.7142857142857143,0.7161458333333333,0.20833333333333326,0.007812499999999889
0.0,0.49999999999999994,0.8,0.75,0.875,0.875,1.0,1.0,1.0,1.0,0.125,1.0,0.90625,0.125,0.03125
0.0,0.49999999999999994,0.8,0.75,0.6666666666666666,0.6666666666666666,1.0,0.7916666666666666,0.7916666666666666,1.0,0.3333333333333333,0.375,0.59375,0.125,-0.07291666666666663
0.0,0.49999999999999994,0.8,0.75,0.7083333333333334,0.7083333333333334,1.0,1.0,1.0,1.0,0.2916666666666667,1.0,0.78125,0.29166666666666663,0.07291666666666663
0.0,0.49999999999999994,0.8,0.75,0.5729166666666666,0.625,0.9166666666666666,1.0,1.0,1.0,0.375,1.0,0.71875,0.42708333333333337,0.14583333333333337
0.0,0.49999999999999994,0.8,0.75,0.75,0.75,1.0,0.875,0.875,1.0,0.25,0.5,0.7109375,0.125,-0.0390625
0.0,0.49999999999999994,0.8,0.75,0.75,0.75,1.0,0.9583333333333334,0.9583333333333334,1.0,0.25,0.8333333333333334,0.7786458333333334,0.20833333333333337,0.02864583333333337
0.0,0.49999999999999994,0.8,0.75,0.625,0.625,1.0,0.9583333333333334,0.9583333333333334,1.0,0.375,0.8888888888888888,0.6888020833333334,0.33333333333333337,0.06380208333333337
0.0,0.49999999999999994,0.8,0.75,0.7916666666666666,0.7916666666666666,1.0,0.9583333333333334,0.9583333333333334,1.0,0.20833333333333334,0.8,0.80859375,0.16666666666666674,0.01692708333333337
0.0,0.49999999999999994,0.8,0.75,0.75,0.75,1.0,0.9583333333333334,0.9583333333333334,1.0,0.25,0.8333333333333334,0.7786458333333334,0.20833333333333337,0.02864583333333337
0.0,0.49999999999999994,0.8,0.75,0.5833333333333334,0.5833333333333334,1.0,0.9166666666666666,0.9166666666666666,1.0,0.4166666666666667,0.8,0.6302083333333333,0.33333333333333326,0.04687499999999989
0.0,0.49999999999999994,0.8,0.75,0.7916666666666666,0.7916666666666666,1.0,1.0,1.0,1.0,0.20833333333333334,1.0,0.84375,0.20833333333333337,0.05208333333333337
0.0,0.49999999999999994,0.8,0.75,0.75,0.75,1.0,0.9583333333333334,0.9583333333333334,1.0,0.25,0.8333333333333334,0.7786458333333334,0.20833333333333337,0.02864583333333337
0.0,0.49999999999999994,0.8,0.75,0.7256944444444444,0.7916666666666666,0.9166666666666666,1.0,1.0,1.0,0.20833333333333334,1.0,0.84375,0.2743055555555556,0.11805555555555558
0.0,0.49999999999999994,0.8,0.75,0.6666666666666666,0.6666666666666666,1.0,0.9166666666666666,0.9166666666666666,1.0,0.3333333333333333,0.75,0.6875,0.25,0.02083333333333337
0.0,0.49999999999999994,0.8,0.75,0.8333333333333334,0.8333333333333334,1.0,0.9583333333333334,0.9583333333333334,1.0,0.16666666666666666,0.75,0.8385416666666667,0.125,0.00520833333333337
0.0,0.49999999999999994,0.8,0.75,0.75,0.75,1.0,0.9583333333333334,0.9583333333333334,1.0,0.25,0.8333333333333334,0.7786458333333334,0.20833333333333337,0.02864583333333337
0.0,0.49999999999999994,0.8,0.75,0.625,0.625,1.0,0.9583333333333334,0.9583333333333334,1.0,0.375,0.8888888888888888,0.6888020833333334,0.33333333333333337,0.06380208333333337
0.0,0.49999999999999994,0.8,0.75,0.625,0.625,1.0,0.9583333333333334,0.9583333333333334,1.0,0.375,0.8888888888888888,0.6888020833333334,0.33333333333333337,0.06380208333333337
0.0,0.49999999999999994,0.8,0.75,0.75,0.75,1.0,0.9166666666666666,0.9166666666666666,1.0,0.25,0.6666666666666666,0.7447916666666666,0.16666666666666663,-0.00520833333333337
0.0,0.49999999999999994,0.8,0.75,0.6666666666666666,0.6666666666666666,1.0,0.9166666666666666,0.9166666666666666,1.0,0.3333333333333333,0.75,0.6875,0.25,0.02083333333333337
0.0,0.49999999999999994,0.8,0.75,0.75,0.75,1.0,0.9166666666666666,0.9166666666666666,1.0,0.25,0.6666666666666666,0.7447916666666666,0.16666666666666663,-0.00520833333333337
0.0,0.5499999999999999,0.8,0.75,0.7083333333333334,0.7083333333333334,1.0,0.9583333333333334,0.9583333333333334,1.0,0.2916666666666667,0.8571428571428571,0.7486979166666667,0.25,0.04036458333333337
0.0,0.5499999999999999,0.8,0.75,0.9583333333333334,0.9583333333333334,1.0,0.9583333333333334,0.9583333333333334,1.0,0.041666666666666664,0.0,0.9283854166666667,0.0,-0.02994791666666663
0.0,0.5499999999999999,0.8,0.75,0.6666666666666666,0.6666666666666666,1.0,0.9583333333333334,0.9583333333333334,1.0,0.3333333333333333,0.875,0.71875,0.29166666666666674,0.05208333333333337
0.0,0.5499999999999999,0.8,0.75,0.7916666666666666,0.7916666666666666,1.0,1.0,1.0,1.0,0.20833333333333334,1.0,0.84375,0.20833333333333337,0.05208333333333337
0.0,0.5499999999999999,0.8,0.75,0.5,0.6666666666666666,0.75,1.0,1.0,1.0,0.3333333333333333,1.0,0.75,0.5,0.25
0.0,0.5499999999999999,0.8,0.75,0.5833333333333334,0.5833333333333334,1.0,0.875,0.875,1.0,0.4166666666666667,0.7,0.6015625,0.29166666666666663,0.01822916666666663
0.0,0.5499999999999999,0.8,0.75,0.9166666666666666,0.9166666666666666,1.0,0.9583333333333334,0.9583333333333334,1.0,0.08333333333333333,0.5,0.8984375,0.04166666666666674,-0.01822916666666663
0.0,0.5499999999999999,0.8,0.75,0.7083333333333334,0.7083333333333334,1.0,0.9166666666666666,0.9166666666666666,1.0,0.2916666666666667,0.7142857142857143,0.7161458333333333,0.20833333333333326,0.007812499999999889
0.0,0.5499999999999999,0.8,0.75,0.6666666666666666,0.6666666666666666,1.0,1.0,1.0,1.0,0.3333333333333333,1.0,0.75,0.33333333333333337,0.08333333333333337
0.0,0.5499999999999999,0.8,0.75,0.7638888888888888,0.8333333333333334,0.9166666666666666,1.0,1.0,1.0,0.16666666666666666,1.0,0.875,0.23611111111111116,0.11111111111111116
0.0,0.5499999999999999,0.8,0.75,0.7083333333333334,0.7083333333333334,1.0,0.9583333333333334,0.9583333333333334,1.0,0.2916666666666667,0.8571428571428571,0.7486979166666667,0.25,0.04036458333333337
0.0,0.5499999999999999,0.8,0.75,0.625,0.625,1.0,0.9166666666666666,0.9166666666666666,1.0,0.375,0.7777777777777778,0.6588541666666666,0.29166666666666663,0.03385416666666663
0.0,0.5499999999999999,0.8,0.75,0.7916666666666666,0.7916666666666666,1.0,1.0,1.0,1.0,0.20833333333333334,1.0,0.84375,0.20833333333333337,0.05208333333333337
0.0,0.5499999999999999,0.8,0.75,0.6666666666666666,0.6666666666666666,1.0,0.875,0.875,1.0,0.3333333333333333,0.625,0.65625,0.20833333333333337,-0.01041666666666663
0.0,0.5499999999999999,0.8,0.75,0.75,0.75,1.0,0.9166666666666666,0.9166666666666666,1.0,0.25,0.6666666666666666,0.7447916666666666,0.16666666666666663,-0.00520833333333337
0.0,0.5499999999999999,0.8,0.75,0.8333333333333334,0.8333333333333334,1.0,1.0,1.0,1.0,0.16666666666666666,1.0,0.875,0.16666666666666663,0.04166666666666663
0.0,0.5499999999999999,0.8,0.75,0.7083333333333334,0.7083333333333334,1.0,0.9583333333333334,0.9583333333333334,1.0,0.2916666666666667,0.8571428571428571,0.7486979166666667,0.25,0.04036458333333337
0.0,0.5499999999999999,0.8,0.75,0.5416666666666666,0.5416666666666666,1.0,0.9166666666666666,0.9166666666666666,1.0,0.4583333333333333,0.8181818181818182,0.6015625,0.375,0.05989583333333337
0.0,0.5499999999999999,0.8,0.75,0.6666666666666666,0.6666666666666666,1.0,0.9583333333333334,0.9583333333333334,1.0,0.3333333333333333,0.875,0.71875,0.29166666666666674,0.05208333333333337
0.0,0.5499999999999999,0.8,0.75,0.8333333333333334,0.8333333333333334,1.0,1.0,1.0,1.0,0.16666666666666666,1.0,0.875,0.16666666666666663,0.04166666666666663
0.0,0.5499999999999999,0.8,0.75,0.4722222222222222,0.7083333333333334,0.6666666666666666,0.9583333333333334,0.9583333333333334,1.0,0.2916666666666667,0.8571428571428571,0.7486979166666667,0.48611111111111116,0.27647569444444453
0.0,0.5499999999999999,0.8,0.75,0.7916666666666666,0.7916666666666666,1.0,0.9166666666666666,0.9166666666666666,1.0,0.20833333333333334,0.6,0.7734375,0.125,-0.01822916666666663
0.0,0.5499999999999999,0.8,0.75,0.75,0.75,1.0,1.0,1.0,1.0,0.25,1.0,0.8125,0.25,0.0625
0.0,0.5499999999999999,0.8,0.75,0.625,0.625,1.0,0.9166666666666666,0.9166666666666666,1.0,0.375,0.7777777777777778,0.6588541666666666,0.29166666666666663,0.03385416666666663
0.0,0.5499999999999999,0.8,0.75,0.6666666666666666,0.6666666666666666,1.0,0.9166666666666666,0.9166666666666666,1.0,0.3333333333333333,0.75,0.6875,0.25,0.02083333333333337
0.0,0.6,0.8,0.75,0.36458333333333337,0.625,0.5833333333333334,1.0,1.0,1.0,0.375,1.0,0.71875,0.6354166666666666,0.35416666666666663
0.0,0.6,0.8,0.75,0.4166666666666667,0.5,0.8333333333333334,0.9166666666666666,0.9166666666666666,1.0,0.5,0.8333333333333334,0.5729166666666666,0.49999999999999994,0.15624999999999994
0.0,0.6,0.8,0.75,0.7916666666666666,0.7916666666666666,1.0,0.9166666666666666,0.9166666666666666,1.0,0.20833333333333334,0.6,0.7734375,0.125,-0.01822916666666663
0.0,0.6,0.8,0.75,0.6666666666666666,0.6666666666666666,1.0,0.9583333333333334,0.9583333333333334,1.0,0.3333333333333333,0.875,0.71875,0.29166666666666674,0.05208333333333337
0.0,0.6,0.8,0.75,0.7083333333333334,0.7083333333333334,1.0,0.9583333333333334,0.9583333333333334,1.0,0.2916666666666667,0.8571428571428571,0.7486979166666667,0.25,0.04036458333333337
0.0,0.6,0.8,0.75,0.7083333333333334,0.7083333333333334,1.0,0.9583333333333334,0.9583333333333334,1.0,0.2916666666666667,0.8571428571428571,0.7486979166666667,0.25,0.04036458333333337
0.0,0.6,0.8,0.75,0.7083333333333334,0.7083333333333334,1.0,0.9166666666666666,0.9166666666666666,1.0,0.2916666666666667,0.7142857142857143,0.7161458333333333,0.20833333333333326,0.007812499999999889
0.0,0.6,0.8,0.75,0.625,0.625,1.0,0.9166666666666666,0.9166666666666666,1.0,0.375,0.7777777777777778,0.6588541666666666,0.29166666666666663,0.03385416666666663
0.0,0.6,0.8,0.75,0.7083333333333334,0.7083333333333334,1.0,0.9583333333333334,0.9583333333333334,1.0,0.2916666666666667,0.8571428571428571,0.7486979166666667,0.25,0.04036458333333337
0.0,0.6,0.8,0.75,0.9583333333333334,0.9583333333333334,1.0,1.0,1.0,1.0,0.041666666666666664,1.0,0.96875,0.04166666666666663,0.01041666666666663
0.0,0.6,0.8,0.75,0.7916666666666666,0.7916666666666666,1.0,0.9583333333333334,0.9583333333333334,1.0,0.20833333333333334,0.8,0.80859375,0.16666666666666674,0.01692708333333337
0.0,0.6,0.8,0.75,0.75,0.75,1.0,0.9166666666666666,0.9166666666666666,1.0,0.25,0.6666666666666666,0.7447916666666666,0.16666666666666663,-0.00520833333333337
0.0,0.6,0.8,0.75,0.875,0.875,1.0,1.0,1.0,1.0,0.125,1.0,0.90625,0.125,0.03125
0.0,0.6,0.8,0.75,0.7916666666666666,0.7916666666666666,1.0,0.9166666666666666,0.9166666666666666,1.0,0.20833333333333334,0.6,0.7734375,0.125,-0.01822916666666663
0.0,0.6,0.8,0.75,0.7083333333333334,0.7083333333333334,1.0,0.9583333333333334,0.9583333333333334,1.0,0.2916666666666667,0.8571428571428571,0.7486979166666667,0.25,0.04036458333333337
0.0,0.6,0.8,0.75,0.625,0.625,1.0,0.9166666666666666,0.9166666666666666,1.0,0.375,0.7777777777777778,0.6588541666666666,0.29166666666666663,0.03385416666666663
0.0,0.6,0.8,0.75,0.7916666666666666,0.7916666666666666,1.0,0.9583333333333334,0.9583333333333334,1.0,0.20833333333333334,0.8,0.80859375,0.16666666666666674,0.01692708333333337
0.0,0.6,0.8,0.75,0.7256944444444444,0.7916666666666666,0.9166666666666666,0.9583333333333334,0.9583333333333334,1.0,0.20833333333333334,0.8,0.80859375,0.23263888888888895,0.08289930555555558
0.0,0.6,0.8,0.75,0.4166666666666667,0.5,0.8333333333333334,0.7916666666666666,0.7916666666666666,1.0,0.5,0.5833333333333334,0.49479166666666663,0.37499999999999994,0.07812499999999994
0.0,0.6,0.8,0.75,0.7916666666666666,0.7916666666666666,1.0,1.0,1.0,1.0,0.20833333333333334,1.0,0.84375,0.20833333333333337,0.05208333333333337
0.0,0.6,0.8,0.75,0.7916666666666666,0.7916666666666666,1.0,0.9583333333333334,0.9583333333333334,1.0,0.20833333333333334,0.8,0.80859375,0.16666666666666674,0.01692708333333337
0.0,0.6,0.8,0.75,0.75,0.75,1.0,0.9166666666666666,0.9166666666666666,1.0,0.25,0.6666666666666666,0.7447916666666666,0.16666666666666663,-0.00520833333333337
0.0,0.6,0.8,0.75,0.625,0.625,1.0,0.9583333333333334,0.9583333333333334,1.0,0.375,0.8888888888888888,0.6888020833333334,0.33333333333333337,0.06380208333333337
0.0,0.6,0.8,0.75,0.7083333333333334,0.7083333333333334,1.0,0.875,0.875,1.0,0.2916666666666667,0.5714285714285714,0.68359375,0.16666666666666663,-0.02473958333333337
0.0,0.6,0.8,0.75,0.7083333333333334,0.7083333333333334,1.0,0.875,0.875,1.0,0.2916666666666667,0.5714285714285714,0.68359375,0.16666666666666663,-0.02473958333333337
0.0,0.6499999999999999,0.8,0.75,0.3333333333333333,0.6666666666666666,0.5,0.9166666666666666,0.9166666666666666,1.0,0.3333333333333333,0.75,0.6875,0.5833333333333333,0.3541666666666667
0.0,0.6499999999999999,0.8,0.75,0.48611111111111116,0.5833333333333334,0.8333333333333334,0.9583333333333334,0.9583333333333334,1.0,0.4166666666666667,0.9,0.6588541666666667,0.4722222222222222,0.17274305555555558
0.0,0.6499999999999999,0.8,0.75,0.5,0.5,1.0,0.9166666666666666,0.9166666666666666,1.0,0.5,0.8333333333333334,0.5729166666666666,0.41666666666666663,0.07291666666666663
0.0,0.6499999999999999,0.8,0.75,0.49652777777777773,0.5416666666666666,0.9166666666666666,0.9583333333333334,0.9583333333333334,1.0,0.4583333333333333,0.9090909090909091,0.62890625,0.46180555555555564,0.13237847222222227
0.0,0.6499999999999999,0.8,0.75,0.5833333333333334,0.5833333333333334,1.0,0.875,0.875,1.0,0.4166666666666667,0.7,0.6015625,0.29166666666666663,0.01822916666666663
0.0,0.6499999999999999,0.8,0.75,0.7083333333333334,0.7083333333333334,1.0,1.0,1.0,1.0,0.2916666666666667,1.0,0.78125,0.29166666666666663,0.07291666666666663
0.0,0.6499999999999999,0.8,0.75,0.5833333333333334,0.5833333333333334,1.0,0.875,0.875,1.0,0.4166666666666667,0.7,0.6015625,0.29166666666666663,0.01822916666666663
0.0,0.6499999999999999,0.8,0.75,0.8333333333333334,0.8333333333333334,1.0,1.0,1.0,1.0,0.16666666666666666,1.0,0.875,0.16666666666666663,0.04166666666666663
0.0,0.6499999999999999,0.8,0.75,0.625,0.625,1.0,0.9166666666666666,0.9166666666666666,1.0,0.375,0.7777777777777778,0.6588541666666666,0.29166666666666663,0.03385416666666663
0.0,0.6499999999999999,0.8,0.75,0.611111111111111,0.6666666666666666,0.9166666666666666,0.9166666666666666,0.9166666666666666,1.0,0.3333333333333333,0.75,0.6875,0.3055555555555556,0.07638888888888895
0.0,0.6499999999999999,0.8,0.75,0.5,0.5,1.0,0.7916666666666666,0.7916666666666666,1.0,0.5,0.5833333333333334,0.49479166666666663,0.29166666666666663,-0.00520833333333337
0.0,0.6499999999999999,0.8,0.75,0.75,0.75,1.0,0.9166666666666666,0.9166666666666666,1.0,0.25,0.6666666666666666,0.7447916666666666,0.16666666666666663,-0.00520833333333337
0.0,0.6499999999999999,0.8,0.75,0.7083333333333334,0.7083333333333334,1.0,1.0,1.0,1.0,0.2916666666666667,1.0,0.78125,0.29166666666666663,0.07291666666666663
0.0,0.6499999999999999,0.8,0.75,0.5347222222222222,0.5833333333333334,0.9166666666666666,0.9166666666666666,0.9166666666666666,1.0,0.4166666666666667,0.8,0.6302083333333333,0.3819444444444444,0.09548611111111105
0.0,0.6499999999999999,0.8,0.75,0.5729166666666666,0.625,0.9166666666666666,1.0,1.0,1.0,0.375,1.0,0.71875,0.42708333333333337,0.14583333333333337
0.0,0.6499999999999999,0.8,0.75,0.5833333333333334,0.5833333333333334,1.0,1.0,1.0,1.0,0.4166666666666667,1.0,0.6875,0.41666666666666663,0.10416666666666663
0.0,0.6499999999999999,0.8,0.75,0.7083333333333334,0.7083333333333334,1.0,0.9166666666666666,0.9166666666666666,1.0,0.2916666666666667,0.7142857142857143,0.7161458333333333,0.20833333333333326,0.007812499999999889
0.0,0.6499999999999999,0.8,0.75,0.7916666666666666,0.7916666666666666,1.0,0.9583333333333334,0.9583333333333334,1.0,0.20833333333333334,0.8,0.80859375,0.16666666666666674,0.01692708333333337
0.0,0.6499999999999999,0.8,0.75,0.5347222222222222,0.5833333333333334,0.9166666666666666,0.9166666666666666,0.9166666666666666,1.0,0.4166666666666667,0.8,0.6302083333333333,0.3819444444444444,0.09548611111111105
0.0,0.6499999999999999,0.8,0.75,0.7916666666666666,0.7916666666666666,1.0,0.9583333333333334,0.9583333333333334,1.0,0.20833333333333334,0.8,0.80859375,0.16666666666666674,0.01692708333333337
0.0,0.6499999999999999,0.8,0.75,0.75,0.75,1.0,0.9583333333333334,0.9583333333333334,1.0,0.25,0.8333333333333334,0.7786458333333334,0.20833333333333337,0.02864583333333337
0.0,0.6499999999999999,0.8,0.75,0.6666666666666666,0.6666666666666666,1.0,0.9166666666666666,0.9166666666666666,1.0,0.3333333333333333,0.75,0.6875,0.25,0.02083333333333337
0.0,0.6499999999999999,0.8,0.75,0.611111111111111,0.6666666666666666,0.9166666666666666,0.875,0.875,1.0,0.3333333333333333,0.625,0.65625,0.26388888888888895,0.04513888888888895
0.0,0.6499999999999999,0.8,0.75,0.5833333333333334,0.5833333333333334,1.0,0.7916666666666666,0.7916666666666666,1.0,0.4166666666666667,0.5,0.5442708333333333,0.20833333333333326,-0.03906250000000011
0.0,0.6499999999999999,0.8,0.75,0.7083333333333334,0.7083333333333334,1.0,0.9166666666666666,0.9166666666666666,1.0,0.2916666666666667,0.7142857142857143,0.7161458333333333,0.20833333333333326,0.007812499999999889
0.0,0.7,0.8,0.75,0.611111111111111,0.6666666666666666,0.9166666666666666,0.9583333333333334,0.9583333333333334,1.0,0.3333333333333333,0.875,0.71875,0.3472222222222223,0.10763888888888895
0.0,0.7,0.8,0.75,0.20833333333333334,0.4166666666666667,0.5,0.9583333333333334,0.9583333333333334,1.0,0.5833333333333334,0.9285714285714286,0.5390625,0.75,0.33072916666666663
0.0,0.7,0.8,0.75,0.5347222222222222,0.5833333333333334,0.9166666666666666,0.9583333333333334,0.9583333333333334,1.0,0.4166666666666667,0.9,0.6588541666666667,0.42361111111111116,0.12413194444444453
0.0,0.7,0.8,0.75,0.7083333333333334,0.7083333333333334,1.0,0.9583333333333334,0.9583333333333334,1.0,0.2916666666666667,0.8571428571428571,0.7486979166666667,0.25,0.04036458333333337
0.0,0.7,0.8,0.75,0.625,0.625,1.0,0.9583333333333334,0.9583333333333334,1.0,0.375,0.8888888888888888,0.6888020833333334,0.33333333333333337,0.06380208333333337
0.0,0.7,0.8,0.75,0.7083333333333334,0.7083333333333334,1.0,0.875,0.875,1.0,0.2916666666666667,0.5714285714285714,0.68359375,0.16666666666666663,-0.02473958333333337
0.0,0.7,0.8,0.75,0.49652777777777773,0.5416666666666666,0.9166666666666666,0.9583333333333334,0.9583333333333334,1.0,0.4583333333333333,0.9090909090909091,0.62890625,0.46180555555555564,0.13237847222222227
0.0,0.7,0.8,0.75,0.7083333333333334,0.7083333333333334,1.0,0.9583333333333334,0.9583333333333334,1.0,0.2916666666666667,0.8571428571428571,0.7486979166666667,0.25,0.04036458333333337
0.0,0.7,0.8,0.75,0.40625,0.5416666666666666,0.75,0.9583333333333334,0.9583333333333334,1.0,0.4583333333333333,0.9090909090909091,0.62890625,0.5520833333333334,0.22265625
0.0,0.7,0.8,0.75,0.6493055555555556,0.7083333333333334,0.9166666666666666,0.9583333333333334,0.9583333333333334,1.0,0.2916666666666667,0.8571428571428571,0.7486979166666667,0.3090277777777778,0.09939236111111116
0.0,0.7,0.8,0.75,0.42013888888888884,0.4583333333333333,0.9166666666666666,0.9166666666666666,0.9166666666666666,1.0,0.5416666666666666,0.8461538461538461,0.5442708333333333,0.4965277777777778,0.12413194444444442
0.0,0.7,0.8,0.75,0.4166666666666667,0.5,0.8333333333333334,0.9166666666666666,0.9166666666666666,1.0,0.5,0.8333333333333334,0.5729166666666666,0.49999999999999994,0.15624999999999994
0.0,0.7,0.8,0.75,0.625,0.625,1.0,1.0,1.0,1.0,0.375,1.0,0.71875,0.375,0.09375
0.0,0.7,0.8,0.75,0.7083333333333334,0.7083333333333334,1.0,0.9583333333333334,0.9583333333333334,1.0,0.2916666666666667,0.8571428571428571,0.7486979166666667,0.25,0.04036458333333337
0.0,0.7,0.8,0.75,0.75,0.75,1.0,0.875,0.875,1.0,0.25,0.5,0.7109375,0.125,-0.0390625
0.0,0.7,0.8,0.75,0.75,0.75,1.0,0.9583333333333334,0.9583333333333334,1.0,0.25,0.8333333333333334,0.7786458333333334,0.20833333333333337,0.02864583333333337
0.0,0.7,0.8,0.75,0.5,0.5,1.0,0.9583333333333334,0.9583333333333334,1.0,0.5,0.9166666666666666,0.5989583333333334,0.45833333333333337,0.09895833333333337
0.0,0.7,0.8,0.75,0.3333333333333333,0.5,0.6666666666666666,0.8333333333333334,0.8333333333333334,1.0,0.5,0.6666666666666666,0.5208333333333334,0.5,0.18750000000000006
0.0,0.7,0.8,0.75,0.8333333333333334,0.8333333333333334,1.0,1.0,1.0,1.0,0.16666666666666666,1.0,0.875,0.16666666666666663,0.04166666666666663
0.0,0.7,0.8,0.75,0.49652777777777773,0.5416666666666666,0.9166666666666666,0.875,0.875,1.0,0.4583333333333333,0.7272727272727273,0.57421875,0.37847222222222227,0.07769097222222227
0.0,0.7,0.8,0.75,0.75,0.75,1.0,1.0,1.0,1.0,0.25,1.0,0.8125,0.25,0.0625
0.0,0.7,0.8,0.75,0.7083333333333334,0.7083333333333334,1.0,0.9166666666666666,0.9166666666666666,1.0,0.2916666666666667,0.7142857142857143,0.7161458333333333,0.20833333333333326,0.007812499999999889
0.0,0.7,0.8,0.75,0.6666666666666666,0.6666666666666666,1.0,1.0,1.0,1.0,0.3333333333333333,1.0,0.75,0.33333333333333337,0.08333333333333337
0.0,0.7,0.8,0.75,0.8333333333333334,0.8333333333333334,1.0,0.9583333333333334,0.9583333333333334,1.0,0.16666666666666666,0.75,0.8385416666666667,0.125,0.00520833333333337
0.0,0.7,0.8,0.75,0.7916666666666666,0.7916666666666666,1.0,0.875,0.875,1.0,0.20833333333333334,0.4,0.73828125,0.08333333333333337,-0.05338541666666663
