n_modules,topology,link_noise,cgcs,z,shared_profile,collapse_residual,abs_residual
16,ring_lattice,0.0,0.9037653584128861,-3.0104713297524874,0.9530449509609846,-0.04927959254809855,0.04927959254809855
16,ring_lattice,0.005,0.8947113942693489,-2.9101222854274043,0.9483445552781239,-0.05363316100877502,0.05363316100877502
16,ring_lattice,0.01,0.8888260092353352,-2.8097732411023215,0.9432016724214067,-0.054375663186071566,0.054375663186071566
16,ring_lattice,0.015,0.8801078962403416,-2.7094241967772392,0.9375804591805531,-0.057472562940211525,0.057472562940211525
16,ring_lattice,0.02,0.875786487569408,-2.609075152452156,0.931443362192374,-0.05565687462296598,0.05565687462296598
16,ring_lattice,0.025,0.8679964915279837,-2.508726108127073,0.9247512929969981,-0.05675480146901435,0.05675480146901435
16,ring_lattice,0.03,0.8597090588468101,-2.40837706380199,0.9174638700198645,-0.057754811173054366,0.057754811173054366
16,ring_lattice,0.035,0.8517228760596552,-2.308028019476907,0.9095397372338289,-0.05781686117417362,0.05781686117417362
16,ring_lattice,0.04,0.8435562359733648,-2.2076789751518238,0.9009369690905822,-0.057380733117217364,0.057380733117217364
16,ring_lattice,0.045,0.8341399593682907,-2.107329930826741,0.8916135706058088,-0.05747361123751815,0.05747361123751815
16,ring_lattice,0.05,0.8268906543966136,-2.0069808865016583,0.8815280800885675,-0.054637425691953956,0.054637425691953956
16,ring_lattice,0.055,0.8170988695283593,-1.9066318421765756,0.8706402797691921,-0.05354141024083281,0.05354141024083281
16,ring_lattice,0.06,0.8055444416647827,-1.8062827978514926,0.8589120163588325,-0.053367574694049846,0.053367574694049846
16,ring_lattice,0.065,0.7922216910860661,-1.7059337535264094,0.8463081292545702,-0.054086438168504114,0.054086438168504114
16,ring_lattice,0.07,0.7764941783346933,-1.6055847092013265,0.8327974786283037,-0.056303300293610414,0.056303300293610414
16,ring_lattice,0.075,0.7643807200216477,-1.5052356648762437,0.8183540590303954,-0.05397333900874768,0.05397333900874768
16,ring_lattice,0.08,0.7495476900788304,-1.4048866205511608,0.8029581765405279,-0.05341048646169755,0.05341048646169755
16,ring_lattice,0.085,0.7367517077774802,-1.3045375762260778,0.7865976591929271,-0.0498459514154469,0.0498459514154469
16,ring_lattice,0.09,0.7230937880161177,-1.204188531900995,0.7692690618423759,-0.04617527382625819,0.04617527382625819
16,ring_lattice,0.095,0.7098883638196974,-1.1038394875759119,0.7509788184467973,-0.041090454627099815,0.041090454627099815
16,ring_lattice,0.1,0.6881704247534585,-1.003490443250829,0.7317442877070279,-0.043573862953569464,0.043573862953569464
16,ring_lattice,0.105,0.671898356374205,-0.9031413989257463,0.7115946330264137,-0.03969627665220865,0.03969627665220865
16,ring_lattice,0.11,0.6539122353440913,-0.8027923546006632,0.6905714757735067,-0.036659240429415485,0.036659240429415485
16,ring_lattice,0.115,0.6415309965445848,-0.7024433102755803,0.6687292627229572,-0.0271982661783724,0.0271982661783724
16,ring_lattice,0.12,0.6220938450122863,-0.6020942659504975,0.6461352949833379,-0.02404144997105162,0.02404144997105162
16,ring_lattice,0.125,0.6013105491889117,-0.5017452216254145,0.622869377023916,-0.02155882783500429,0.02155882783500429
16,ring_lattice,0.13,0.5750764149828603,-0.4013961773003315,0.5990230604440412,-0.02394664546118086,0.02394664546118086
16,ring_lattice,0.135,0.5636227433233418,-0.3010471329752485,0.5746984771950931,-0.011075733871751314,0.011075733871751314
16,ring_lattice,0.14,0.5390767101013354,-0.20069808865016547,0.5500067798047472,-0.010930069703411815,0.010930069703411815
16,ring_lattice,0.145,0.5161735453313115,-0.10034904432508301,0.5250662300107871,-0.008892684679475571,0.008892684679475571
16,ring_lattice,0.15,0.49987952426416654,0.0,0.5,-0.0001204757358334585,0.0001204757358334585
16,ring_lattice,0.155,0.4764523449560103,0.10034904432508301,0.474933769989213,0.0015185749667973036,0.0015185749667973036
16,ring_lattice,0.16,0.45826575999955454,0.20069808865016603,0.4499932201952528,0.00827253980430176,0.00827253980430176
16,ring_lattice,0.165,0.4349972526285206,0.30104713297524904,0.42530152280490674,0.009695729823613886,0.009695729823613886
16,ring_lattice,0.17,0.41011690443624055,0.40139617730033206,0.4009769395559588,0.009139964880281737,0.009139964880281737
16,ring_lattice,0.17500000000000002,0.3894398277185834,0.501745221625415,0.3771306229760838,0.01230920474249958,0.01230920474249958
16,ring_lattice,0.18,0.36183564820685116,0.6020942659504975,0.353864705016662,0.00797094319018915,0.00797094319018915
16,ring_lattice,0.185,0.3462284416385341,0.7024433102755805,0.3312707372770427,0.014957704361491408,0.014957704361491408
16,ring_lattice,0.19,0.32524539765045807,0.8027923546006636,0.30942852422649325,0.015816873423964817,0.015816873423964817
16,ring_lattice,0.195,0.3019582714873585,0.9031413989257465,0.2884053669735863,0.013552904513772168,0.013552904513772168
16,ring_lattice,0.2,0.2750708754879166,1.0034904432508296,0.26825571229297196,0.006815163194944629,0.006815163194944629
16,ring_lattice,0.20500000000000002,0.2580298594041218,1.1038394875759125,0.24902118155320263,0.009008677850919189,0.009008677850919189
16,ring_lattice,0.21,0.23870772673146592,1.204188531900995,0.23073093815762402,0.007976788573841903,0.007976788573841903
16,ring_lattice,0.215,0.21938680006295586,1.304537576226078,0.21340234080707277,0.00598445925588309,0.00598445925588309
16,ring_lattice,0.22,0.20141566841021438,1.404886620551161,0.19704182345947208,0.004373844950742306,0.004373844950742306
16,ring_lattice,0.225,0.18416187178100132,1.505235664876244,0.1816459409696045,0.0025159308113968104,0.0025159308113968104
16,ring_lattice,0.23,0.1638791861014992,1.6055847092013271,0.16720252137169622,-0.0033233352701970142,0.0033233352701970142
16,ring_lattice,0.23500000000000001,0.14853580401253308,1.70593375352641,0.15369187074542967,-0.0051560667328965915,0.0051560667328965915
16,ring_lattice,0.24,0.12745412766798503,1.8062827978514926,0.14108798364116737,-0.01363385597318234,0.01363385597318234
16,ring_lattice,0.245,0.12386421469185432,1.9066318421765756,0.12935972023080777,-0.005495505538953449,0.005495505538953449
16,ring_lattice,0.25,0.10356656452026357,2.0069808865016583,0.11847191991143247,-0.014905355391168898,0.014905355391168898
16,ring_lattice,0.255,0.08864326222275676,2.1073299308267415,0.10838642939419108,-0.019743167171434317,0.019743167171434317
16,ring_lattice,0.26,0.08275851232535582,2.2076789751518247,0.09906303090941782,-0.016304518584061997,0.016304518584061997
16,ring_lattice,0.265,0.0673376442367744,2.3080280194769074,0.09046026276617103,-0.023122618529396635,0.023122618529396635
16,ring_lattice,0.27,0.05815961206391367,2.4083770638019906,0.08253612998013538,-0.024376517916221703,0.024376517916221703
16,ring_lattice,0.275,0.04304043630573196,2.5087261081270738,0.07524870700300179,-0.03220827069726983,0.03220827069726983
16,ring_lattice,0.28,0.035869259078836944,2.6090751524521565,0.068556637807626,-0.03268737872878905,0.03268737872878905
16,ring_lattice,0.28500000000000003,0.024798325157937385,2.7094241967772397,0.062419540819446784,-0.0376212156615094,0.0376212156615094
16,ring_lattice,0.29,0.020209688508539176,2.8097732411023215,0.05679832757859338,-0.036588639070054205,0.036588639070054205
16,ring_lattice,0.295,0.010654099875235802,2.9101222854274043,0.05165544472187622,-0.04100134484664042,0.04100134484664042
16,ring_lattice,0.3,0.008883915060623174,3.0104713297524874,0.04695504903901537,-0.0380711339783922,0.0380711339783922
16,ring_lattice,0.305,0.0038468431141846487,3.1108203740775706,0.04266312511985204,-0.03881628200566739,0.03881628200566739
16,ring_lattice,0.31,0.0022257859828947913,3.2111694184026534,0.0387475545881526,-0.036521768605257805,0.036521768605257805
16,ring_lattice,0.315,0.0018262832452884345,3.3115184627277365,0.035178145212325984,-0.03335186196703755,0.03335186196703755
16,ring_lattice,0.32,0.00037794013641524363,3.4118675070528197,0.03192662737366636,-0.03154868723725112,0.03154868723725112
16,ring_lattice,0.325,1.8942240678226717e-05,3.5122165513779025,0.028966624520064377,-0.02894768227938615,0.02894768227938615
16,ring_lattice,0.33,0.0004950924964116638,3.6125655957029856,0.02627360338294571,-0.025778510886534045,0.025778510886534045
16,ring_lattice,0.335,0.0,3.7129146400280684,0.023824808919376106,-0.023824808919376106,0.023824808919376106
16,ring_lattice,0.34,0.0,3.8132636843531516,0.02159918818078932,-0.02159918818078932,0.02159918818078932
16,ring_lattice,0.34500000000000003,7.388368229814795e-05,3.9136127286782347,0.019577306616963108,-0.01950342293466496,0.01950342293466496
16,ring_lattice,0.35000000000000003,0.0,4.0139617730033175,0.017741259704529222,-0.017741259704529222,0.017741259704529222
16,ring_lattice,0.355,0.0,4.114310817328399,0.016074582244528846,-0.016074582244528846,0.016074582244528846
16,ring_lattice,0.36,0.0,4.214659861653482,0.014562157201080006,-0.014562157201080006,0.014562157201080006
16,ring_lattice,0.365,0.0,4.315008905978566,0.01319012554875365,-0.01319012554875365,0.01319012554875365
16,ring_lattice,0.37,0.0,4.415357950303648,0.01194579825402542,-0.01194579825402542,0.01194579825402542
16,ring_lattice,0.375,0.0,4.515706994628731,0.01081757122993221,-0.01081757122993221,0.01081757122993221
16,ring_lattice,0.38,0.0,4.616056038953815,0.00979484386627405,-0.00979484386627405,0.00979484386627405
16,ring_lattice,0.385,0.0,4.7164050832788975,0.008867941544065228,-0.008867941544065228,0.008867941544065228
16,ring_lattice,0.39,0.0,4.81675412760398,0.008028042386446832,-0.008028042386446832,0.008028042386446832
16,ring_lattice,0.395,0.0,4.917103171929064,0.007267108373464892,-0.007267108373464892,0.007267108373464892
16,ring_lattice,0.4,0.0,5.017452216254146,0.006577820850004024,-0.006577820850004024,0.006577820850004024
16,small_world,0.0,0.9296180313996333,-2.987239091953121,0.9519942907881231,-0.02237625938848986,0.02237625938848986
16,small_world,0.005,0.9243345966956141,-2.906502900278712,0.9481669638903478,-0.023832367194733695,0.023832367194733695
16,small_world,0.01,0.9172155463097614,-2.8257667086043035,0.9440524303130085,-0.02683688400324702,0.02683688400324702
16,small_world,0.015,0.913002790218887,-2.7450305169298947,0.9396320777625631,-0.026629287543676106,0.026629287543676106
16,small_world,0.02,0.9032259006858125,-2.6642943252554865,0.9348865666382655,-0.03166066595245298,0.03166066595245298
16,small_world,0.025,0.9020113274166861,-2.5835581335810778,0.9297958835355267,-0.027784556118840564,0.027784556118840564
16,small_world,0.03,0.890144152935808,-2.502821941906669,0.9243394119646092,-0.03419525902880127,0.03419525902880127
16,small_world,0.035,0.8873557618533282,-2.4220857502322604,0.9184960224066814,-0.031140260553353172,0.031140260553353172
16,small_world,0.04,0.8787526046209438,-2.341349558557851,0.9122441838446002,-0.03349157922365631,0.03349157922365631
16,small_world,0.045,0.8675128560132119,-2.260613366883443,0.9055620988580213,-0.03804924284480937,0.03804924284480937
16,small_world,0.05,0.862146053302236,-2.1798771752090342,0.8984278642454462,-0.03628181094321015,0.03628181094321015
16,small_world,0.055,0.8518075240116273,-2.0991409835346255,0.8908196589124181,-0.03901213490079081,0.03901213490079081
16,small_world,0.06,0.8437649023575196,-2.018404791860217,0.8827159604276212,-0.038951058070101685,0.038951058070101685
16,small_world,0.065,0.832686756510089,-1.937668600185808,0.8740957911800078,-0.04140903466991874,0.04140903466991874
16,small_world,0.07,0.8236613889551258,-1.8569324085113994,0.8649389944549715,-0.041277605499845715,0.041277605499845715
16,small_world,0.075,0.8136973018659385,-1.776196216836991,0.8552265399741212,-0.041529238108182764,0.041529238108182764
16,small_world,0.08,0.8036854564924715,-1.6954600251625822,0.8449408575048881,-0.04125540101241665,0.04125540101241665
16,small_world,0.085,0.7911927181167148,-1.6147238334881733,0.8340661960440705,-0.04287347792735574,0.04287347792735574
16,small_world,0.09,0.7758826223444556,-1.5339876418137648,0.8225890048244717,-0.04670638248001613,0.04670638248001613
16,small_world,0.095,0.7670621531633123,-1.453251450139356,0.8104983310092164,-0.043436177845904145,0.043436177845904145
16,small_world,0.1,0.7549749684825725,-1.3725152584649474,0.7977862274616282,-0.04281125897905569,0.04281125897905569
16,small_world,0.105,0.7421298704715449,-1.2917790667905389,0.7844481624629489,-0.04231829199140402,0.04231829199140402
16,small_world,0.11,0.7362411649175575,-1.2110428751161302,0.7704834217651708,-0.034242256847613284,0.034242256847613284
16,small_world,0.115,0.7202134136374414,-1.1303066834417212,0.7558954919967944,-0.035682078359353,0.035682078359353
16,small_world,0.12,0.7024631234713848,-1.0495704917673128,0.740692413283374,-0.03822928981198914,0.03822928981198914
16,small_world,0.125,0.6890312938296116,-0.968834300092904,0.7248870881088008,-0.03585579427918917,0.03585579427918917
16,small_world,0.13,0.6667832546506948,-0.8880981084184953,0.7084975330360549,-0.041714278385360126,0.041714278385360126
16,small_world,0.135,0.6610289578262395,-0.8073619167440865,0.6915470600300212,-0.030518102203781705,0.030518102203781705
16,small_world,0.14,0.644983406413654,-0.7266257250696778,0.6740643748661628,-0.029080968452508738,0.029080968452508738
16,small_world,0.145,0.6312571533876841,-0.6458895333952696,0.6560835815268211,-0.024826428139137047,0.024826428139137047
16,small_world,0.15,0.6133840702210092,-0.5651533417208607,0.6376440836039466,-0.024260013382937484,0.024260013382937484
16,small_world,0.155,0.5980778187617385,-0.484417150046452,0.6187903765194676,-0.020712557757729066,0.020712557757729066
16,small_world,0.16,0.576632788438611,-0.40368095837204326,0.5995717277667578,-0.022938939328146835,0.022938939328146835
16,small_world,0.165,0.561223428102556,-0.32294476669763456,0.5800417462398233,-0.01881831813726731,0.01881831813726731
16,small_world,0.17,0.5454007056410407,-0.2422085750232258,0.5602578458720849,-0.01485714023104423,0.01485714023104423
16,small_world,0.17500000000000002,0.5275095696790882,-0.16147238334881706,0.5402806130346108,-0.012771043355522593,0.012771043355522593
16,small_world,0.18,0.5128230777940238,-0.08073619167440875,0.5201730911989613,-0.007350013404937461,0.007350013404937461
16,small_world,0.185,0.4912007935977056,0.0,0.5,-0.008799206402294424,0.008799206402294424
16,small_world,0.19,0.47272596417074336,0.08073619167440875,0.47982690880103873,-0.007100944630295369,0.007100944630295369
16,small_world,0.195,0.4590375413249435,0.1614723833488175,0.45971938696538905,-0.0006818456404455442,0.0006818456404455442
16,small_world,0.2,0.4410852178461462,0.24220857502322624,0.43974215412791506,0.001343063718231119,0.001343063718231119
16,small_world,0.20500000000000002,0.41866944548773916,0.322944766697635,0.4199582537601766,-0.0012888082724374361,0.0012888082724374361
16,small_world,0.21,0.4009095680964287,0.40368095837204326,0.4004282722332422,0.00048129586318651496,0.00048129586318651496
16,small_world,0.215,0.38658489016050734,0.484417150046452,0.38120962348053244,0.005375266679974899,0.005375266679974899
16,small_world,0.22,0.3693936238009103,0.5651533417208607,0.36235591639605336,0.00703770740485693,0.00703770740485693
16,small_world,0.225,0.35479683313166177,0.6458895333952696,0.3439164184731788,0.010880414658482995,0.010880414658482995
16,small_world,0.23,0.3332272150834375,0.7266257250696783,0.3259356251338372,0.0072915899496002745,0.0072915899496002745
16,small_world,0.23500000000000001,0.31487566089487545,0.807361916744087,0.3084529399699787,0.006422720924896763,0.006422720924896763
16,small_world,0.24,0.29349079455186894,0.8880981084184953,0.2915024669639451,0.0019883275879238327,0.0019883275879238327
16,small_world,0.245,0.28268722280708347,0.968834300092904,0.27511291189119924,0.00757431091588423,0.00757431091588423
16,small_world,0.25,0.2697928494492218,1.0495704917673128,0.259307586716626,0.010485262732595813,0.010485262732595813
16,small_world,0.255,0.24843651869239583,1.1303066834417215,0.2441045080032056,0.00433201068919023,0.00433201068919023
16,small_world,0.26,0.23258607246149762,1.2110428751161304,0.22951657823482918,0.00306949422666844,0.00306949422666844
16,small_world,0.265,0.2235641499685779,1.291779066790539,0.2155518375370511,0.008012312431526808,0.008012312431526808
16,small_world,0.27,0.2066032702251134,1.3725152584649478,0.2022137725383717,0.004389497686741711,0.004389497686741711
16,small_world,0.275,0.1984580701527716,1.4532514501393565,0.18950166899078347,0.00895640116198812,0.00895640116198812
16,small_world,0.28,0.17720124741280774,1.5339876418137652,0.17741099517552827,-0.00020974776272053575,0.00020974776272053575
16,small_world,0.28500000000000003,0.16689138597201417,1.614723833488174,0.16593380395592938,0.0009575820160847848,0.0009575820160847848
16,small_world,0.29,0.15063359763160586,1.695460025162582,0.15505914249511177,-0.004425544863505909,0.004425544863505909
16,small_world,0.295,0.1439797004941551,1.7761962168369907,0.14477346002587888,-0.0007937595317237811,0.0007937595317237811
16,small_world,0.3,0.12890758456172796,1.8569324085113994,0.13506100554502865,-0.006153420983300684,0.006153420983300684
16,small_world,0.305,0.11795047503111461,1.937668600185808,0.1259042088199921,-0.007953733788877482,0.007953733788877482
16,small_world,0.31,0.10496830587107021,2.018404791860217,0.11728403957237876,-0.012315733701308548,0.012315733701308548
16,small_world,0.315,0.09919654712620775,2.0991409835346255,0.10918034108758201,-0.009983793961374263,0.009983793961374263
16,small_world,0.32,0.09090566453170601,2.1798771752090342,0.10157213575455382,-0.010666471222847806,0.010666471222847806
16,small_world,0.325,0.08426274656410808,2.260613366883443,0.09443790114197881,-0.01017515457787073,0.01017515457787073
16,small_world,0.33,0.07877343805935193,2.3413495585578517,0.08775581615539974,-0.008982378096047808,0.008982378096047808
16,small_world,0.335,0.0650095718452498,2.422085750232261,0.08150397759331862,-0.01649440574806882,0.01649440574806882
16,small_world,0.34,0.05287399261069289,2.5028219419066695,0.07566058803539066,-0.022786595424697777,0.022786595424697777
16,small_world,0.34500000000000003,0.05281846013265968,2.583558133581078,0.07020411646447333,-0.017385656331813652,0.017385656331813652
16,small_world,0.35000000000000003,0.04784640900732711,2.664294325255487,0.06511343336173447,-0.017267024354407363,0.017267024354407363
16,small_world,0.355,0.04307268344853072,2.7450305169298947,0.06036792223743692,-0.017295238788906202,0.017295238788906202
16,small_world,0.36,0.027820484684379504,2.8257667086043035,0.05594756968699144,-0.028127085002611935,0.028127085002611935
16,small_world,0.365,0.030260687610075585,2.906502900278712,0.051833036109652175,-0.02157234849957659,0.02157234849957659
16,small_world,0.37,0.02523996224359995,2.987239091953121,0.048005709211876746,-0.022765746968276795,0.022765746968276795
16,small_world,0.375,0.013964675994062587,3.0679752836275296,0.04444774235346227,-0.030483066359399687,0.030483066359399687
16,small_world,0.38,0.013587783971643999,3.1487114753019383,0.04114207969485073,-0.02755429572320673,0.02755429572320673
16,small_world,0.385,0.009823147077924468,3.229447666976347,0.038072469979428925,-0.028249322901504455,0.028249322901504455
16,small_world,0.39,0.009805574013388345,3.3101838586507557,0.03522347064431175,-0.025417896630923406,0.025417896630923406
16,small_world,0.395,0.006875886610462123,3.390920050325165,0.03258044380442582,-0.025704557193963695,0.025704557193963695
16,small_world,0.4,0.004998534593896029,3.4716562419995736,0.030129545503563504,-0.025131010909667476,0.025131010909667476
16,erdos_renyi,0.0,0.8835124994061657,-2.8476989052014243,0.9451996143104066,-0.061687114904240836,0.061687114904240836
16,erdos_renyi,0.005,0.8787542842418011,-2.7381720242321386,0.9392418640699287,-0.06048757982812758,0.06048757982812758
16,erdos_renyi,0.01,0.8682336336710071,-2.6286451432628533,0.9326825334651293,-0.06444889979412216,0.06444889979412216
16,erdos_renyi,0.015,0.8630585339413757,-2.5191182622935675,0.9254712604865143,-0.06241272654513863,0.06241272654513863
16,erdos_renyi,0.02,0.8510373742076296,-2.409591381324282,0.9175557762977289,-0.0665184020900993,0.0665184020900993
16,erdos_renyi,0.025,0.8487946566335824,-2.300064500354997,0.9088823807357371,-0.06008772410215468,0.06008772410215468
16,erdos_renyi,0.03,0.8380501217521705,-2.190537619385711,0.8993965619671334,-0.06134644021496283,0.06134644021496283
16,erdos_renyi,0.035,0.8322293303555538,-2.0810107384164254,0.8890437767315944,-0.056814446376040606,0.056814446376040606
16,erdos_renyi,0.04,0.8199685737873182,-1.9714838574471398,0.8777704047949464,-0.057801831007628146,0.057801831007628146
16,erdos_renyi,0.045,0.803529515883619,-1.8619569764778545,0.8655248865648881,-0.061995370681269146,0.061995370681269146
16,erdos_renyi,0.05,0.7988027761965147,-1.7524300955085688,0.8522590459571999,-0.05345626976068518,0.05345626976068518
16,erdos_renyi,0.055,0.7811676739100322,-1.6429032145392835,0.8379295912907903,-0.05676191738075809,0.05676191738075809
16,erdos_renyi,0.06,0.77009941514134,-1.533376333569998,0.8224997751470218,-0.05240036000568182,0.05240036000568182
16,erdos_renyi,0.065,0.7515447115726146,-1.4238494526007122,0.8059411799076635,-0.05439646833504885,0.05439646833504885
16,erdos_renyi,0.07,0.741128601667643,-1.3143225716314266,0.788235579574222,-0.04710697790657892,0.04710697790657892
16,erdos_renyi,0.075,0.7272407692455882,-1.204795690662141,0.7693768113649819,-0.0421360421193937,0.0421360421193937
16,erdos_renyi,0.08,0.7114521738757301,-1.0952688096928556,0.7493725738300798,-0.037920399954349704,0.037920399954349704
16,erdos_renyi,0.085,0.6963479104103839,-0.9857419287235699,0.7282460535968116,-0.031898143186427697,0.031898143186427697
16,erdos_renyi,0.09,0.675383641625895,-0.8762150477542846,0.7060372724659891,-0.030653630840094093,0.030653630840094093
16,erdos_renyi,0.095,0.6581165866389317,-0.766688166784999,0.6828040426650055,-0.024687456026073806,0.024687456026073806
16,erdos_renyi,0.1,0.6404093733253876,-0.6571612858157133,0.6586224226940828,-0.018213049368695167,0.018213049368695167
16,erdos_renyi,0.105,0.6183290240668678,-0.5476344048464279,0.6335865809037475,-0.015257556836879682,0.015257556836879682
16,erdos_renyi,0.11,0.6085343368092154,-0.4381075238771423,0.6078079992978871,0.0007263375113283344,0.0007263375113283344
16,erdos_renyi,0.115,0.5844635723402479,-0.32858064290785666,0.5814139853738898,0.003049586966358153,0.003049586966358153
16,erdos_renyi,0.12,0.559601766672413,-0.2190537619385713,0.5545455029316545,0.005056263740758515,0.005056263740758515
16,erdos_renyi,0.125,0.5393155606743412,-0.10952688096928564,0.5273543801323209,0.011961180542020222,0.011961180542020222
16,erdos_renyi,0.13,0.5050859519906531,0.0,0.5,0.0050859519906530926,0.0050859519906530926
16,erdos_renyi,0.135,0.4912984405257526,0.10952688096928564,0.47264561986767917,0.018652820658073443,0.018652820658073443
16,erdos_renyi,0.14,0.4660353456174791,0.2190537619385713,0.4454544970683455,0.020580848549133612,0.020580848549133612
16,erdos_renyi,0.145,0.4450615774904105,0.3285806429078563,0.4185860146261102,0.02647556286430025,0.02647556286430025
16,erdos_renyi,0.15,0.4182915448321405,0.43810752387714197,0.3921920007021129,0.026099544130027574,0.026099544130027574
16,erdos_renyi,0.155,0.3931777522269078,0.5476344048464277,0.36641341909625247,0.02676433313065535,0.02676433313065535
16,erdos_renyi,0.16,0.36352810434749766,0.6571612858157133,0.3413775773059172,0.022150527041580437,0.022150527041580437
16,erdos_renyi,0.165,0.3405449672532956,0.766688166784999,0.3171959573349945,0.023349009918301078,0.023349009918301078
16,erdos_renyi,0.17,0.3175310238816759,0.8762150477542846,0.29396272753401076,0.023568296347665163,0.023568296347665163
16,erdos_renyi,0.17500000000000002,0.29183589705251506,0.9857419287235702,0.2717539464031883,0.020081950649326774,0.020081950649326774
16,erdos_renyi,0.18,0.26860385853457486,1.0952688096928553,0.2506274261699203,0.01797643236465457,0.01797643236465457
16,erdos_renyi,0.185,0.23990453416100269,1.2047956906621409,0.23062318863501807,0.009281345525984613,0.009281345525984613
16,erdos_renyi,0.19,0.21854757103849842,1.3143225716314266,0.21176442042577814,0.006783150612720279,0.006783150612720279
16,erdos_renyi,0.195,0.19935090863754154,1.4238494526007122,0.19405882009233655,0.005292088545204993,0.005292088545204993
16,erdos_renyi,0.2,0.1746940052787558,1.533376333569998,0.17750022485297823,-0.0028062195742224183,0.0028062195742224183
16,erdos_renyi,0.20500000000000002,0.1528514130664469,1.6429032145392835,0.16207040870920975,-0.00921899564276285,0.00921899564276285
16,erdos_renyi,0.21,0.13191764189035762,1.7524300955085685,0.14774095404280008,-0.015823312152442454,0.015823312152442454
16,erdos_renyi,0.215,0.11869832771160238,1.861956976477854,0.13447511343511198,-0.0157767857235096,0.0157767857235096
16,erdos_renyi,0.22,0.1026996375213669,1.9714838574471398,0.12222959520505361,-0.019529957683686705,0.019529957683686705
16,erdos_renyi,0.225,0.0868721666127558,2.0810107384164254,0.1109562232684056,-0.02408405665564979,0.02408405665564979
16,erdos_renyi,0.23,0.07078129575181445,2.190537619385711,0.10060343803286664,-0.02982214228105219,0.02982214228105219
16,erdos_renyi,0.23500000000000001,0.05426024811901359,2.300064500354997,0.09111761926426287,-0.036857371145249285,0.036857371145249285
16,erdos_renyi,0.24,0.038989997368257354,2.4095913813242817,0.08244422370227122,-0.04345422633401387,0.04345422633401387
16,erdos_renyi,0.245,0.02996762738304937,2.5191182622935675,0.07452873951348582,-0.04456111213043645,0.04456111213043645
16,erdos_renyi,0.25,0.02419928064640432,2.6286451432628533,0.0673174665348707,-0.04311818588846637,0.04311818588846637
16,erdos_renyi,0.255,0.011326742927900669,2.7381720242321386,0.06075813593007129,-0.04943139300217062,0.04943139300217062
16,erdos_renyi,0.26,0.005891898409633296,2.8476989052014243,0.054800385689593334,-0.04890848727996004,0.04890848727996004
16,erdos_renyi,0.265,0.004453708689320289,2.95722578617071,0.049396109718220615,-0.044942401028900326,0.044942401028900326
16,erdos_renyi,0.27,0.0013658746952569165,3.066752667139996,0.04449969842404067,-0.04313382372878375,0.04313382372878375
16,erdos_renyi,0.275,0.0004981584468928038,3.176279548109281,0.04006818807312429,-0.03957002962623148,0.03957002962623148
16,erdos_renyi,0.28,0.0,3.285806429078567,0.03606133497457631,-0.03606133497457631,0.03606133497457631
16,erdos_renyi,0.28500000000000003,0.0,3.3953333100478527,0.03244162903294978,-0.03244162903294978,0.03244162903294978
16,erdos_renyi,0.29,0.0,3.504860191017137,0.029174259519345602,-0.029174259519345602,0.029174259519345602
16,erdos_renyi,0.295,0.0,3.614387071986423,0.02622704419458244,-0.02622704419458244,0.02622704419458244
16,erdos_renyi,0.3,0.0,3.723913952955708,0.023570331255208687,-0.023570331255208687,0.023570331255208687
16,erdos_renyi,0.305,0.0,3.833440833924994,0.02117688202276824,-0.02117688202276824,0.02117688202276824
16,erdos_renyi,0.31,0.0,3.9429677148942797,0.019021740891618788,-0.019021740891618788,0.019021740891618788
16,erdos_renyi,0.315,0.0,4.052494595863565,0.01708209780611436,-0.01708209780611436,0.01708209780611436
16,erdos_renyi,0.32,0.0,4.162021476832851,0.015337147456714217,-0.015337147456714217,0.015337147456714217
16,erdos_renyi,0.325,0.0,4.2715483578021365,0.013767948460830959,-0.013767948460830959,0.013767948460830959
16,erdos_renyi,0.33,0.0,4.381075238771422,0.012357285016770025,-0.012357285016770025,0.012357285016770025
16,erdos_renyi,0.335,0.0,4.490602119740708,0.011089532873889363,-0.011089532873889363,0.011089532873889363
16,erdos_renyi,0.34,0.0,4.600129000709994,0.009950530933762303,-0.009950530933762303,0.009950530933762303
16,erdos_renyi,0.34500000000000003,0.0,4.7096558816792795,0.008927459370235424,-0.008927459370235424,0.008927459370235424
16,erdos_renyi,0.35000000000000003,0.0,4.819182762648564,0.008008724816116697,-0.008008724816116697,0.008008724816116697
16,erdos_renyi,0.355,0.0,4.928709643617849,0.007183852897219678,-0.007183852897219678,0.007183852897219678
16,erdos_renyi,0.36,0.0,5.038236524587135,0.006443388188402177,-0.006443388188402177,0.006443388188402177
16,erdos_renyi,0.365,0.0,5.147763405556421,0.005778801510358367,-0.005778801510358367,0.005778801510358367
16,erdos_renyi,0.37,0.0,5.2572902865257065,0.005182404370925209,-0.005182404370925209,0.005182404370925209
16,erdos_renyi,0.375,0.0,5.366817167494991,0.004647270272631343,-0.004647270272631343,0.004647270272631343
16,erdos_renyi,0.38,0.0,5.476344048464277,0.004167162552449755,-0.004167162552449755,0.004167162552449755
16,erdos_renyi,0.385,0.0,5.585870929433563,0.0037364683846370372,-0.0037364683846370372,0.0037364683846370372
16,erdos_renyi,0.39,0.0,5.695397810402849,0.0033501385585460453,-0.0033501385585460453,0.0033501385585460453
16,erdos_renyi,0.395,0.0,5.804924691372134,0.0030036326366105204,-0.0030036326366105204,0.0030036326366105204
16,erdos_renyi,0.4,0.0,5.91445157234142,0.0026928691002665595,-0.0026928691002665595,0.0026928691002665595
16,scale_free,0.0,0.8564777441627177,-2.952496147853402,0.95038133084856,-0.09390358668584231,0.09390358668584231
16,scale_free,0.005,0.8445203259261986,-2.8241267501206453,0.9439657488011792,-0.0994454228749806,0.0994454228749806
16,scale_free,0.01,0.836487733249743,-2.695757352387889,0.9367758303427102,-0.10028809709296715,0.10028809709296715
16,scale_free,0.015,0.827038340149343,-2.5673879546551324,0.9287330033188876,-0.10169466316954467,0.10169466316954467
16,scale_free,0.02,0.8193901933743685,-2.4390185569223757,0.9197546812667904,-0.10036448789242192,0.10036448789242192
16,scale_free,0.025,0.807020386037142,-2.310649159189619,0.9097551659021199,-0.10273477986497792,0.10273477986497792
16,scale_free,0.03,0.7975479851924935,-2.1822797614568623,0.8986469030410343,-0.10109891784854086,0.10109891784854086
16,scale_free,0.035,0.7912528964387101,-2.0539103637241056,0.886342143298253,-0.0950892468595429,0.0950892468595429
16,scale_free,0.04,0.7792519566092091,-1.9255409659913494,0.8727550502998759,-0.09350309369066678,0.09350309369066678
16,scale_free,0.045,0.7603067195210825,-1.7971715682585927,0.8578042830669067,-0.09749756354582417,0.09749756354582417
16,scale_free,0.05,0.7457709099524811,-1.668802170525836,0.8414160540428537,-0.09564514409037261,0.09564514409037261
16,scale_free,0.055,0.7351234080094938,-1.5404327727930793,0.823527628842505,-0.08840422083301114,0.08840422083301114
16,scale_free,0.06,0.7177369879639556,-1.4120633750603229,0.8040911880747953,-0.08635420011083972,0.08635420011083972
16,scale_free,0.065,0.7056929846250641,-1.2836939773275662,0.7830779169961251,-0.07738493237106092,0.07738493237106092
16,scale_free,0.07,0.6885057170587348,-1.1553245795948095,0.7604821288554893,-0.07197641179675451,0.07197641179675451
16,scale_free,0.075,0.6692979533022122,-1.026955181862053,0.7363251686536318,-0.06702721535141964,0.06702721535141964
16,scale_free,0.08,0.6539029454927776,-0.8985857841292963,0.7106587941508609,-0.05675584865808325,0.05675584865808325
16,scale_free,0.085,0.6313502582972468,-0.7702163863965396,0.6835677006003141,-0.05221744230306735,0.05221744230306735
16,scale_free,0.09,0.6113282254734483,-0.6418469886637832,0.655170855495792,-0.043842630022343676,0.043842630022343676
16,scale_free,0.095,0.5853455219452891,-0.5134775909310265,0.6256213484656808,-0.040275826520391744,0.040275826520391744
16,scale_free,0.1,0.5737348112561441,-0.3851081931982698,0.5951045438400533,-0.021369732583909173,0.021369732583909173
16,scale_free,0.105,0.5395911585433858,-0.2567387954655134,0.5638344471815819,-0.024243288638196137,0.024243288638196137
16,scale_free,0.11,0.5208731673371652,-0.1283693977327567,0.5320483519113408,-0.011175184574175656,0.011175184574175656
16,scale_free,0.115,0.4949255783771073,0.0,0.5,-0.0050744216228926775,0.0050744216228926775
16,scale_free,0.12,0.47129732318951034,0.12836939773275635,0.4679516480886593,0.003345675100851042,0.003345675100851042
16,scale_free,0.125,0.4409637416683055,0.2567387954655131,0.43616555281841807,0.004798188849887419,0.004798188849887419
16,scale_free,0.13,0.4094522346511898,0.3851081931982698,0.4048954561599467,0.004556778491243085,0.004556778491243085
16,scale_free,0.135,0.3767790428019271,0.5134775909310265,0.37437865153431915,0.0024003912676079375,0.0024003912676079375
16,scale_free,0.14,0.35280634619589596,0.6418469886637832,0.3448291445042079,0.007977201691688085,0.007977201691688085
16,scale_free,0.145,0.3213007784502986,0.7702163863965392,0.316432299399686,0.004868479050612606,0.004868479050612606
16,scale_free,0.15,0.29049547227554545,0.8985857841292959,0.28934120584913925,0.001154266426406203,0.001154266426406203
16,scale_free,0.155,0.2635363013869005,1.0269551818620526,0.26367483134636815,-0.00013852995946767033,0.00013852995946767033
16,scale_free,0.16,0.23508494164356422,1.1553245795948095,0.23951787114451073,-0.004432929500946509,0.004432929500946509
16,scale_free,0.165,0.2005979604540573,1.2836939773275662,0.21692208300387494,-0.016324122549817632,0.016324122549817632
16,scale_free,0.17,0.17609266339778784,1.4120633750603229,0.1959088119252047,-0.019816148527416866,0.019816148527416866
16,scale_free,0.17500000000000002,0.14887684156220557,1.5404327727930796,0.17647237115749503,-0.027595529595289464,0.027595529595289464
16,scale_free,0.18,0.1296285507130848,1.6688021705258356,0.1585839459571463,-0.028955395244061516,0.028955395244061516
16,scale_free,0.185,0.1039709465521258,1.7971715682585923,0.1421957169330933,-0.0382247703809675,0.0382247703809675
16,scale_free,0.19,0.07517409427685869,1.925540965991349,0.12724494970012412,-0.052070855423265436,0.052070855423265436
16,scale_free,0.195,0.05672248383571817,2.0539103637241056,0.11365785670174688,-0.05693537286602871,0.05693537286602871
16,scale_free,0.2,0.03933877973328797,2.1822797614568623,0.10135309695896555,-0.06201431722567758,0.06201431722567758
16,scale_free,0.20500000000000002,0.018995619336286063,2.310649159189619,0.09024483409788009,-0.07124921476159403,0.07124921476159403
16,scale_free,0.21,0.010421073800448646,2.4390185569223752,0.08024531873320961,-0.06982424493276097,0.06982424493276097
16,scale_free,0.215,0.0038988708458590365,2.567387954655132,0.07126699668111236,-0.06736812583525333,0.06736812583525333
16,scale_free,0.22,0.00026736437346248313,2.6957573523878886,0.06322416965728983,-0.06295680528382734,0.06295680528382734
16,scale_free,0.225,0.0,2.8241267501206453,0.05603425119882077,-0.05603425119882077,0.05603425119882077
16,scale_free,0.23,0.0,2.952496147853402,0.049618669151439865,-0.049618669151439865,0.049618669151439865
16,scale_free,0.23500000000000001,0.0,3.0808655455861587,0.04390346894781505,-0.04390346894781505,0.04390346894781505
16,scale_free,0.24,0.0,3.209234943318915,0.038819670723819644,-0.038819670723819644,0.038819670723819644
16,scale_free,0.245,0.0,3.337604341051672,0.03430342950028287,-0.03430342950028287,0.03430342950028287
16,scale_free,0.25,0.0,3.4659737387844287,0.030296042331160566,-0.030296042331160566,0.030296042331160566
16,scale_free,0.255,0.0,3.5943431365171854,0.02674384033349886,-0.02674384033349886,0.02674384033349886
16,scale_free,0.26,0.0,3.722712534249942,0.02359799746385971,-0.02359799746385971,0.02359799746385971
16,scale_free,0.265,0.0,3.8510819319826988,0.020814282175199983,-0.020814282175199983,0.020814282175199983
16,scale_free,0.27,0.0,3.9794513297154555,0.018352772901630066,-0.018352772901630066,0.018352772901630066
16,scale_free,0.275,0.0,4.107820727448212,0.016177553782789733,-0.016177553782789733,0.016177553782789733
16,scale_free,0.28,0.0,4.236190125180969,0.014256403180806787,-0.014256403180806787,0.014256403180806787
16,scale_free,0.28500000000000003,0.0,4.3645595229137255,0.012560484335320199,-0.012560484335320199,0.012560484335320199
16,scale_free,0.29,0.0,4.492928920646481,0.011064044890030655,-0.011064044890030655,0.011064044890030655
16,scale_free,0.295,0.0,4.621298318379238,0.009744129937079404,-0.009744129937079404,0.009744129937079404
16,scale_free,0.3,0.0,4.749667716111994,0.008580311588171963,-0.008580311588171963,0.008580311588171963
16,scale_free,0.305,0.0,4.878037113844751,0.007554436820715549,-0.007554436820715549,0.007554436820715549
16,scale_free,0.31,0.0,5.006406511577508,0.0066503943961445655,-0.0066503943961445655,0.0066503943961445655
16,scale_free,0.315,0.0,5.134775909310265,0.005853900946563018,-0.005853900946563018,0.005853900946563018
16,scale_free,0.32,0.0,5.263145307043021,0.005152305823642789,-0.005152305823642789,0.005152305823642789
16,scale_free,0.325,0.0,5.391514704775778,0.0045344139573424425,-0.0045344139573424425,0.0045344139573424425
16,scale_free,0.33,0.0,5.519884102508534,0.00399032574585878,-0.00399032574585878,0.00399032574585878
16,scale_free,0.335,0.0,5.6482535002412915,0.003511292863437765,-0.003511292863437765,0.003511292863437765
16,scale_free,0.34,0.0,5.776622897974048,0.0030895888060195054,-0.0030895888060195054,0.0030895888060195054
16,scale_free,0.34500000000000003,0.0,5.904992295706805,0.0027183929778982208,-0.0027183929778982208,0.0027183929778982208
16,scale_free,0.35000000000000003,0.0,6.033361693439561,0.002391687141266252,-0.002391687141266252,0.002391687141266252
16,scale_free,0.355,0.0,6.161731091172316,0.0021041630936292632,-0.0021041630936292632,0.0021041630936292632
16,scale_free,0.36,0.0,6.290100488905074,0.0018511404971769396,-0.0018511404971769396,0.0018511404971769396
16,scale_free,0.365,0.0,6.41846988663783,0.0016284938529447235,-0.0016284938529447235,0.0016284938529447235
16,scale_free,0.37,0.0,6.546839284370587,0.0014325876862716358,-0.0014325876862716358,0.0014325876862716358
16,scale_free,0.375,0.0,6.675208682103344,0.0012602190852735173,-0.0012602190852735173,0.0012602190852735173
16,scale_free,0.38,0.0,6.8035780798361,0.001108566808369349,-0.001108566808369349,0.001108566808369349
16,scale_free,0.385,0.0,6.931947477568857,0.0009751462486673468,-0.0009751462486673468,0.0009751462486673468
16,scale_free,0.39,0.0,7.060316875301614,0.0008577696111494726,-0.0008577696111494726,0.0008577696111494726
16,scale_free,0.395,0.0,7.188686273034371,0.0007545107224363745,-0.0007545107224363745,0.0007545107224363745
16,scale_free,0.4,0.0,7.317055670767127,0.0006636739521207469,-0.0006636739521207469,0.0006636739521207469
16,modular_clustered,0.0,0.8123414108045766,-2.842703160050087,0.9449402719179775,-0.1325988611134009,0.1325988611134009
16,modular_clustered,0.005,0.801096292429964,-2.7005680020475826,0.9370601521258125,-0.13596385969584845,0.13596385969584845
16,modular_clustered,0.01,0.7961323318485637,-2.5584328440450785,0.9281380019083273,-0.1320056700597636,0.1320056700597636
16,modular_clustered,0.015,0.7907631007803674,-2.416297686042574,0.9180616707653222,-0.1272985699849548,0.1272985699849548
16,modular_clustered,0.02,0.7751436667388506,-2.27416252804007,0.9067144648628113,-0.13157079812396066,0.13157079812396066
16,modular_clustered,0.025,0.7665832759274719,-2.132027370037566,0.8939773197917573,-0.12739404386428543,0.12739404386428543
16,modular_clustered,0.03,0.7556120549357979,-1.989892212035061,0.8797317336216136,-0.12411967868581575,0.12411967868581575
16,modular_clustered,0.035,0.740875287364489,-1.8477570540325567,0.8638635403004196,-0.12298825293593052,0.12298825293593052
16,modular_clustered,0.04,0.7289070082576238,-1.7056218960300524,0.846267561357122,-0.11736055309949822,0.11736055309949822
16,modular_clustered,0.045,0.7155246625950461,-1.5634867380275481,0.8268531080039209,-0.11132844540887477,0.11132844540887477
16,modular_clustered,0.05,0.69631396314027,-1.4213515800250436,0.8055502140771048,-0.10923625093683476,0.10923625093683476
16,modular_clustered,0.055,0.6836271786056178,-1.2792164220225393,0.7823163645955578,-0.09868918598993992,0.09868918598993992
16,modular_clustered,0.06,0.662303138103149,-1.137081264020035,0.7571433526050119,-0.09484021450186286,0.09484021450186286
16,modular_clustered,0.065,0.6501429451708025,-0.9949461060175305,0.7300637631898516,-0.07992081801904904,0.07992081801904904
16,modular_clustered,0.07,0.6271283295220563,-0.8528109480150261,0.7011564703282329,-0.07402814080617659,0.07402814080617659
16,modular_clustered,0.075,0.6113259262364431,-0.710675790012522,0.6705504674986842,-0.05922454126224108,0.05922454126224108
16,modular_clustered,0.08,0.5930784449063488,-0.5685406320100175,0.6384263654548825,-0.04534792054853376,0.04534792054853376
16,modular_clustered,0.085,0.5675289447393562,-0.42640547400751305,0.6050150029613663,-0.03748605822201012,0.03748605822201012
16,modular_clustered,0.09,0.5474900968240037,-0.28427031600500896,0.5705928363821628,-0.023102739558159113,0.023102739558159113
16,modular_clustered,0.095,0.5199157593878742,-0.14213515800250448,0.5354740877811632,-0.015558328393289078,0.015558328393289078
16,modular_clustered,0.1,0.49772507358543544,0.0,0.5,-0.00227492641456456,0.00227492641456456
16,modular_clustered,0.105,0.46462341888637226,0.1421351580025041,0.46452591221883677,9.75066675354963e-05,9.75066675354963e-05
16,modular_clustered,0.11,0.4355704482137683,0.28427031600500857,0.42940716361783715,0.006163284595931129,0.006163284595931129
16,modular_clustered,0.115,0.40697669588956065,0.42640547400751305,0.39498499703863366,0.01199169885092699,0.01199169885092699
16,modular_clustered,0.12,0.37561562074778926,0.5685406320100171,0.3615736345451175,0.014041986202671775,0.014041986202671775
16,modular_clustered,0.125,0.3401228324100536,0.7106757900125216,0.3294495325013159,0.010673299908737666,0.010673299908737666
16,modular_clustered,0.13,0.30972381490513423,0.8528109480150261,0.2988435296717671,0.010880285233367148,0.010880285233367148
16,modular_clustered,0.135,0.27035078845032584,0.9949461060175305,0.26993623681014844,0.0004145516401773963,0.0004145516401773963
16,modular_clustered,0.14,0.238656235903882,1.137081264020035,0.24285664739498802,-0.004200411491106032,0.004200411491106032
16,modular_clustered,0.145,0.20374816238923266,1.2792164220225388,0.21768363540444224,-0.013935473015209587,0.013935473015209587
16,modular_clustered,0.15,0.1752888157407281,1.4213515800250431,0.1944497859228953,-0.019160970182167197,0.019160970182167197
16,modular_clustered,0.155,0.13652603088691084,1.5634867380275477,0.17314689199607924,-0.0366208611091684,0.0366208611091684
16,modular_clustered,0.16,0.11524507882524676,1.7056218960300522,0.1537324386428779,-0.03848735981763113,0.03848735981763113
16,modular_clustered,0.165,0.08329238127821555,1.8477570540325567,0.13613645969958044,-0.05284407842136489,0.05284407842136489
16,modular_clustered,0.17,0.061954008992529286,1.989892212035061,0.12026826637838639,-0.058314257385857104,0.058314257385857104
16,modular_clustered,0.17500000000000002,0.030301988199879778,2.132027370037566,0.10602268020824268,-0.0757206920083629,0.0757206920083629
16,modular_clustered,0.18,0.013420476236247267,2.2741625280400695,0.09328553513718874,-0.07986505890094146,0.07986505890094146
16,modular_clustered,0.185,0.0026518870106049266,2.4162976860425736,0.0819383292346777,-0.07928644222407277,0.07928644222407277
16,modular_clustered,0.19,0.0,2.558432844045078,0.07186199809167271,-0.07186199809167271,0.07186199809167271
16,modular_clustered,0.195,0.0,2.7005680020475826,0.0629398478741876,-0.0629398478741876,0.0629398478741876
16,modular_clustered,0.2,0.0,2.842703160050087,0.05505972808202264,-0.05505972808202264,0.05505972808202264
16,modular_clustered,0.20500000000000002,0.0,2.9848383180525917,0.0481155465023102,-0.0481155465023102,0.0481155465023102
16,modular_clustered,0.21,0.0,3.1269734760550953,0.04200823642272866,-0.04200823642272866,0.04200823642272866
16,modular_clustered,0.215,0.0,3.2691086340576,0.03664628346988019,-0.03664628346988019,0.03664628346988019
16,modular_clustered,0.22,0.0,3.4112437920601044,0.031945910360121066,-0.031945910360121066,0.031945910360121066
16,modular_clustered,0.225,0.0,3.553378950062609,0.027831005418268107,-0.027831005418268107,0.027831005418268107
16,modular_clustered,0.23,0.0,3.6955141080651135,0.024232867104572176,-0.024232867104572176,0.024232867104572176
16,modular_clustered,0.23500000000000001,0.0,3.8376492660676176,0.021089823426457377,-0.021089823426457377,0.021089823426457377
16,modular_clustered,0.24,0.0,3.9797844240701217,0.018346772853514826,-0.018346772853514826,0.018346772853514826
16,modular_clustered,0.245,0.0,4.121919582072626,0.015954682633055883,-0.015954682633055883,0.015954682633055883
16,modular_clustered,0.25,0.0,4.264054740075131,0.013870071361150482,-0.013870071361150482,0.013870071361150482
16,modular_clustered,0.255,0.0,4.406189898077635,0.012054495260122589,-0.012054495260122589,0.012054495260122589
16,modular_clustered,0.26,0.0,4.54832505608014,0.010474051704039478,-0.010474051704039478,0.010474051704039478
16,modular_clustered,0.265,0.0,4.690460214082644,0.00909890892584575,-0.00909890892584575,0.00909890892584575
16,modular_clustered,0.27,0.0,4.832595372085148,0.00790286732700729,-0.00790286732700729,0.00790286732700729
16,modular_clustered,0.275,0.0,4.974730530087653,0.006862955194297582,-0.006862955194297582,0.006862955194297582
16,modular_clustered,0.28,0.0,5.116865688090157,0.005959059729432115,-0.005959059729432115,0.005959059729432115
16,modular_clustered,0.28500000000000003,0.0,5.259000846092662,0.0051735929608438536,-0.0051735929608438536,0.0051735929608438536
16,modular_clustered,0.29,0.0,5.401136004095164,0.004491191203364053,-0.004491191203364053,0.004491191203364053
16,modular_clustered,0.295,0.0,5.543271162097669,0.003898446155121582,-0.003898446155121582,0.003898446155121582
16,modular_clustered,0.3,0.0,5.685406320100173,0.0033836653870275013,-0.0033836653870275013,0.0033836653870275013
16,modular_clustered,0.305,0.0,5.827541478102678,0.00293665982227731,-0.00293665982227731,0.00293665982227731
16,modular_clustered,0.31,0.0,5.9696766361051825,0.0025485557699771455,-0.0025485557699771455,0.0025485557699771455
16,modular_clustered,0.315,0.0,6.1118117941076875,0.0022116291291754964,-0.0022116291291754964,0.0022116291291754964
16,modular_clustered,0.32,0.0,6.253946952110192,0.0019191594878323892,-0.0019191594878323892,0.0019191594878323892
16,modular_clustered,0.325,0.0,6.396082110112696,0.0016653019839507621,-0.0016653019839507621,0.0016653019839507621
16,modular_clustered,0.33,0.0,6.538217268115201,0.001444974957445,-0.001444974957445,0.001444974957445
16,modular_clustered,0.335,0.0,6.680352426117705,0.0012537615901744292,-0.0012537615901744292,0.0012537615901744292
16,modular_clustered,0.34,0.0,6.82248758412021,0.001087823900147944,-0.001087823900147944,0.001087823900147944
16,modular_clustered,0.34500000000000003,0.0,6.964622742122714,0.000943827619054205,-0.000943827619054205,0.000943827619054205
16,modular_clustered,0.35000000000000003,0.0,7.106757900125218,0.0008188766366770128,-0.0008188766366770128,0.0008188766366770128
16,modular_clustered,0.355,0.0,7.248893058127722,0.0007104558395107929,-0.0007104558395107929,0.0007104558395107929
16,modular_clustered,0.36,0.0,7.391028216130227,0.0006163813030495291,-0.0006163813030495291,0.0006163813030495291
16,modular_clustered,0.365,0.0,7.533163374132731,0.0005347569175269129,-0.0005347569175269129,0.0005347569175269129
16,modular_clustered,0.37,0.0,7.675298532135235,0.00046393663552923847,-0.00046393663552923847,0.00046393663552923847
16,modular_clustered,0.375,0.0,7.81743369013774,0.00040249162741057276,-0.00040249162741057276,0.00040249162741057276
16,modular_clustered,0.38,0.0,7.959568848140244,0.00034918171747111426,-0.00034918171747111426,0.00034918171747111426
16,modular_clustered,0.385,0.0,8.101704006142748,0.0003029305512303182,-0.0003029305512303182,0.0003029305512303182
16,modular_clustered,0.39,0.0,8.243839164145253,0.00026280401263356623,-0.00026280401263356623,0.00026280401263356623
16,modular_clustered,0.395,0.0,8.385974322147758,0.00022799147054219926,-0.00022799147054219926,0.00022799147054219926
16,modular_clustered,0.4,0.0,8.528109480150263,0.00019778948712534383,-0.00019778948712534383,0.00019778948712534383
32,ring_lattice,0.0,0.9206264128545251,-3.113812372251019,0.9574589099324717,-0.03683249707794667,0.03683249707794667
32,ring_lattice,0.005,0.9122415549249768,-3.00643953182857,0.9528641969878232,-0.04062264206284638,0.04062264206284638
32,ring_lattice,0.01,0.9015745527329405,-2.899066691406121,0.947800280857956,-0.046225728125015464,0.046225728125015464
32,ring_lattice,0.015,0.8997673999098201,-2.791693850983673,0.9422253215906848,-0.04245792168086471,0.04245792168086471
32,ring_lattice,0.02,0.8928232375665214,-2.684321010561223,0.93609509865046,-0.043271861083938656,0.043271861083938656
32,ring_lattice,0.025,0.8828648880941068,-2.5769481701387744,0.9293631871899969,-0.046498299095890094,0.046498299095890094
32,ring_lattice,0.03,0.8736826162412039,-2.4695753297163257,0.9219812230262331,-0.048298606785029174,0.048298606785029174
32,ring_lattice,0.035,0.8713686526004979,-2.3622024892938764,0.9138992717076441,-0.04253061910714617,0.04253061910714617
32,ring_lattice,0.04,0.8618867678429941,-2.2548296488714277,0.9050663173052476,-0.04317954946225344,0.04317954946225344
32,ring_lattice,0.045,0.8500305627506902,-2.147456808448979,0.8954308859941406,-0.045400323243450336,0.045400323243450336
32,ring_lattice,0.05,0.8413517664749451,-2.0400839680265297,0.884941817838207,-0.043590051363261884,0.043590051363261884
32,ring_lattice,0.055,0.8296398870915516,-1.932711127604081,0.8735491971495151,-0.0439093100579635,0.0439093100579635
32,ring_lattice,0.06,0.8159029997578867,-1.825338287181632,0.8612054470720457,-0.045302447314159,0.045302447314159
32,ring_lattice,0.065,0.8051297517294004,-1.717965446759183,0.8478665873841914,-0.04273683565479103,0.04273683565479103
32,ring_lattice,0.07,0.790922603339807,-1.6105926063367337,0.8334936457647355,-0.042571042424928485,0.042571042424928485
32,ring_lattice,0.075,0.7769301472027216,-1.503219765914285,0.8180542019148446,-0.04112405471212299,0.04112405471212299
32,ring_lattice,0.08,0.7625577721824744,-1.395846925491836,0.801524031188543,-0.03896625900606854,0.03896625900606854
32,ring_lattice,0.085,0.7481346397713007,-1.288474085069387,0.7838888002610142,-0.03575416048971347,0.03575416048971347
32,ring_lattice,0.09,0.7310123879524459,-1.1811012446469382,0.7651457527059722,-0.03413336475352624,0.03413336475352624
32,ring_lattice,0.095,0.7127239148923273,-1.0737284042244892,0.7453053083724339,-0.03258139348010658,0.03258139348010658
32,ring_lattice,0.1,0.6946503318245907,-0.9663555638020401,0.7243924886927762,-0.029742156868185488,0.029742156868185488
32,ring_lattice,0.105,0.6750978214275932,-0.8589827233795915,0.7024480722964177,-0.027350250868824477,0.027350250868824477
32,ring_lattice,0.11,0.657969308832173,-0.7516098829571424,0.6795293833793369,-0.02156007454716391,0.02156007454716391
32,ring_lattice,0.115,0.6375228017591634,-0.6442370425346934,0.6557106208218797,-0.01818781906271627,0.01818781906271627
32,ring_lattice,0.12,0.6170838913966649,-0.5368642021122446,0.6310826501847944,-0.013998758788129506,0.013998758788129506
32,ring_lattice,0.125,0.5942750413336769,-0.42949136168979557,0.6057522037614563,-0.011477162427779408,0.011477162427779408
32,ring_lattice,0.13,0.5716481504349482,-0.3221185212673465,0.5798404650731641,-0.008192314638215903,0.008192314638215903
32,ring_lattice,0.135,0.5541080154565522,-0.21474568084489748,0.5534810516270081,0.0006269638295440805,0.0006269638295440805
32,ring_lattice,0.14,0.5250970806070188,-0.10737284042244845,0.5268174503529346,-0.0017203697459158285,0.0017203697459158285
32,ring_lattice,0.145,0.5018178397912006,0.0,0.5,0.0018178397912006483,0.0018178397912006483
32,ring_lattice,0.15,0.47632719549162733,0.10737284042244905,0.4731825496470653,0.003144645844562033,0.003144645844562033
32,ring_lattice,0.155,0.455451505229435,0.2147456808448981,0.4465189483729918,0.00893255685644323,0.00893255685644323
32,ring_lattice,0.16,0.42943234699166904,0.32211852126734714,0.4201595349268358,0.009272812064833269,0.009272812064833269
32,ring_lattice,0.165,0.40176508501821045,0.4294913616897962,0.39424779623854345,0.0075172887796670085,0.0075172887796670085
32,ring_lattice,0.17,0.3762485192918543,0.5368642021122452,0.3689173498152055,0.007331169476648802,0.007331169476648802
32,ring_lattice,0.17500000000000002,0.35356070766509484,0.6442370425346943,0.3442893791781201,0.009271328486974761,0.009271328486974761
32,ring_lattice,0.18,0.32767136251701806,0.7516098829571427,0.320470616620663,0.007200745896355054,0.007200745896355054
32,ring_lattice,0.185,0.30275741711646903,0.8589827233795917,0.2975519277035822,0.005205489412886843,0.005205489412886843
32,ring_lattice,0.19,0.27987636188207043,0.9663555638020408,0.2756075113072236,0.0042688505748468275,0.0042688505748468275
32,ring_lattice,0.195,0.25651431590290535,1.07372840422449,0.254694691627566,0.001819624275339382,0.001819624275339382
32,ring_lattice,0.2,0.2308877147848931,1.1811012446469389,0.2348542472940277,-0.003966532509134618,0.003966532509134618
32,ring_lattice,0.20500000000000002,0.2102939469848878,1.2884740850693879,0.21611119973898563,-0.005817252754097835,0.005817252754097835
32,ring_lattice,0.21,0.18853746519688588,1.3958469254918364,0.19847596881145702,-0.009938503614571131,0.009938503614571131
32,ring_lattice,0.215,0.16953426698616733,1.5032197659142854,0.18194579808515543,-0.012411531098988099,0.012411531098988099
32,ring_lattice,0.22,0.15346107298635436,1.6105926063367344,0.1665063542352644,-0.013045281248910023,0.013045281248910023
32,ring_lattice,0.225,0.13883518300669226,1.7179654467591834,0.15213341261580848,-0.013298229609116224,0.013298229609116224
32,ring_lattice,0.23,0.12010543336294983,1.8253382871816324,0.13879455292795428,-0.01868911956500445,0.01868911956500445
32,ring_lattice,0.23500000000000001,0.09708704085680685,1.9327111276040816,0.12645080285048493,-0.029363761993678086,0.029363761993678086
32,ring_lattice,0.24,0.08667972655818879,2.04008396802653,0.11505818216179298,-0.02837845560360419,0.02837845560360419
32,ring_lattice,0.245,0.0761202572320458,2.147456808448979,0.10456911400585944,-0.028448856773813647,0.028448856773813647
32,ring_lattice,0.25,0.0626211775705099,2.254829648871428,0.09493368269475233,-0.03231250512424243,0.03231250512424243
32,ring_lattice,0.255,0.04509491957146128,2.362202489293877,0.08610072829235593,-0.041005808720894654,0.041005808720894654
32,ring_lattice,0.26,0.03722842082618789,2.469575329716326,0.07801877697376691,-0.040790356147579025,0.040790356147579025
32,ring_lattice,0.265,0.026064180292105252,2.5769481701387753,0.070636812810003,-0.04457263251789775,0.04457263251789775
32,ring_lattice,0.27,0.01896824073261526,2.684321010561224,0.06390490134953986,-0.0449366606169246,0.0449366606169246
32,ring_lattice,0.275,0.012825106504899703,2.7916938509836733,0.05777467840931516,-0.04494957190441546,0.04494957190441546
32,ring_lattice,0.28,0.005102718449264304,2.8990666914061225,0.05219971914204391,-0.047097000692779604,0.047097000692779604
32,ring_lattice,0.28500000000000003,0.0010471992606264334,3.0064395318285713,0.04713580301217679,-0.046088603751550355,0.046088603751550355
32,ring_lattice,0.29,0.0018489653908834748,3.113812372251019,0.042541090067528375,-0.0406921246766449,0.0406921246766449
32,ring_lattice,0.295,0.0,3.2211852126734684,0.03837622308092614,-0.03837622308092614,0.03837622308092614
32,ring_lattice,0.3,0.0,3.328558053095917,0.03460436895879615,-0.03460436895879615,0.03460436895879615
32,ring_lattice,0.305,0.0,3.4359308935183663,0.031191211432554433,-0.031191211432554433,0.031191211432554433
32,ring_lattice,0.31,0.0,3.5433037339408155,0.02810490558654888,-0.02810490558654888,0.02810490558654888
32,ring_lattice,0.315,0.0,3.6506765743632643,0.025316003321881442,-0.025316003321881442,0.025316003321881442
32,ring_lattice,0.32,0.0,3.7580494147857135,0.022797357469439006,-0.022797357469439006,0.022797357469439006
32,ring_lattice,0.325,0.0,3.8654222552081623,0.020524010986152863,-0.020524010986152863,0.020524010986152863
32,ring_lattice,0.33,0.0,3.9727950956306115,0.018473076516966502,-0.018473076516966502,0.018473076516966502
32,ring_lattice,0.335,0.0,4.08016793605306,0.016623610589659554,-0.016623610589659554,0.016623610589659554
32,ring_lattice,0.34,0.0,4.18754077647551,0.014956485830043387,-0.014956485830043387,0.014956485830043387
32,ring_lattice,0.34500000000000003,0.0,4.294913616897959,0.013454263834714375,-0.013454263834714375,0.013454263834714375
32,ring_lattice,0.35000000000000003,0.0,4.4022864573204075,0.012101070707460582,-0.012101070707460582,0.012101070707460582
32,ring_lattice,0.355,0.0,4.509659297742855,0.010882476741602809,-0.010882476741602809,0.010882476741602809
32,ring_lattice,0.36,0.0,4.617032138165304,0.009785381301332219,-0.009785381301332219,0.009785381301332219
32,ring_lattice,0.365,0.0,4.724404978587754,0.00879790360790278,-0.00879790360790278,0.00879790360790278
32,ring_lattice,0.37,0.0,4.8317778190102025,0.007909279859463103,-0.007909279859463103,0.007909279859463103
32,ring_lattice,0.375,0.0,4.939150659432651,0.007109766895411873,-0.007109766895411873,0.007109766895411873
32,ring_lattice,0.38,0.0,5.046523499855101,0.006390552447658404,-0.006390552447658404,0.006390552447658404
32,ring_lattice,0.385,0.0,5.15389634027755,0.005743671893410296,-0.005743671893410296,0.005743671893410296
32,ring_lattice,0.39,0.0,5.2612691806999985,0.0051619313296626945,-0.0051619313296626945,0.0051619313296626945
32,ring_lattice,0.395,0.0,5.368642021122447,0.004638836722017703,-0.004638836722017703,0.004638836722017703
32,ring_lattice,0.4,0.0,5.476014861544896,0.0041685288344363025,-0.0041685288344363025,0.0041685288344363025
32,small_world,0.0,0.9419823638204837,-3.142635309248931,0.958617549708551,-0.016635185888067228,0.016635185888067228
32,small_world,0.005,0.942234978308076,-3.0528457289846758,0.9549052258786594,-0.012670247570583437,0.012670247570583437
32,small_world,0.01,0.9336089533800896,-2.963056148720421,0.9508769434329228,-0.017267990052833193,0.017267990052833193
32,small_world,0.015,0.9316927463294703,-2.873266568456166,0.9465089749173903,-0.014816228587919977,0.014816228587919977
32,small_world,0.02,0.9199884844054996,-2.783476988191911,0.9417763934157003,-0.021787909010200668,0.021787909010200668
32,small_world,0.025,0.912787130936592,-2.6936874079276554,0.9366531231069096,-0.023865992170317596,0.023865992170317596
32,small_world,0.03,0.9077014890769997,-2.6038978276634,0.9311120163091042,-0.023410527232104572,0.023410527232104572
32,small_world,0.035,0.9003758418363259,-2.514108247399145,0.9251249612314666,-0.024749119395140684,0.024749119395140684
32,small_world,0.04,0.8968419603172575,-2.4243186671348895,0.9186630248482102,-0.021821064530952672,0.021821064530952672
32,small_world,0.045,0.8841005082938215,-2.3345290868706345,0.9116966353862473,-0.02759612709242587,0.02759612709242587
32,small_world,0.05,0.874431531229448,-2.244739506606379,0.9041958088443712,-0.029764277614923285,0.029764277614923285
32,small_world,0.055,0.8677943098278703,-2.1549499263421246,0.8961304236896845,-0.028336113861814227,0.028336113861814227
32,small_world,0.06,0.8554405308650539,-2.065160346077869,0.8874705473577191,-0.032030016492665236,0.032030016492665236
32,small_world,0.065,0.844824129031871,-1.975370765813614,0.8781868173653823,-0.0333626883335113,0.0333626883335113
32,small_world,0.07,0.8347415174535603,-1.8855811855493587,0.8682508786816401,-0.03350936122807979,0.03350936122807979
32,small_world,0.075,0.8250990561186121,-1.7957916052851037,0.8576358774474577,-0.03253682132884561,0.03253682132884561
32,small_world,0.08,0.8140878105990533,-1.7060020250208485,0.8463170091642992,-0.032229198565245865,0.032229198565245865
32,small_world,0.085,0.8042555484660073,-1.616212444756593,0.8342721170696927,-0.0300165686036854,0.0300165686036854
32,small_world,0.09,0.7901006636518376,-1.526422864492338,0.8214823336071717,-0.03138166995533409,0.03138166995533409
32,small_world,0.095,0.7760549282171095,-1.436633284228083,0.8079327547308042,-0.03187782651369464,0.03187782651369464
32,small_world,0.1,0.765366717826247,-1.3468437039638277,0.7936131333600158,-0.02824641553376883,0.02824641553376883
32,small_world,0.105,0.7476378431665229,-1.2570541236995727,0.7785185747666373,-0.030880731600114397,0.030880731600114397
32,small_world,0.11,0.7370313277265202,-1.1672645434353175,0.7626502132331705,-0.025618885506650257,0.025618885506650257
32,small_world,0.115,0.7278134199033998,-1.0774749631710623,0.7460158462182234,-0.018202426314823605,0.018202426314823605
32,small_world,0.12,0.7070033586317085,-0.9876853829068072,0.7286304997904264,-0.02162714115871789,0.02162714115871789
32,small_world,0.125,0.6893798469148669,-0.897895802642552,0.710516897556486,-0.021137050641619082,0.021137050641619082
32,small_world,0.13,0.672646266426597,-0.8081062223782968,0.6917058050197415,-0.019059538593144576,0.019059538593144576
32,small_world,0.135,0.6549962517119589,-0.7183166421140414,0.6722362225344413,-0.01723997082248241,0.01723997082248241
32,small_world,0.14,0.6395430820706368,-0.6285270618497862,0.6521554029673148,-0.012612320896677964,0.012612320896677964
32,small_world,0.145,0.6212370506748127,-0.5387374815855315,0.6315186749313133,-0.010281624256500588,0.010281624256500588
32,small_world,0.15,0.6071188957044976,-0.4489479013212762,0.6103890589635046,-0.003270163259006975,0.003270163259006975
32,small_world,0.155,0.5831394576052736,-0.359158321057021,0.5888366720623885,-0.0056972144571149075,0.0056972144571149075
32,small_world,0.16,0.5667564390699182,-0.26936874079276574,0.5669379251916749,-0.00018148612175661327,0.00018148612175661327
32,small_world,0.165,0.5436651638065203,-0.1795791605285105,0.5447745281552248,-0.0011093643487044558,0.0011093643487044558
32,small_world,0.17,0.5253205695391346,-0.08978958026425525,0.52243232599102,0.0028882435481146773,0.0028882435481146773
32,small_world,0.17500000000000002,0.5092268471955813,0.0,0.5,0.009226847195581311,0.009226847195581311
32,small_world,0.18,0.4885330298009129,0.08978958026425475,0.47756767400898015,0.010965355791932752,0.010965355791932752
32,small_world,0.185,0.47070580712657534,0.17957916052851,0.45522547184477524,0.015480335281800095,0.015480335281800095
32,small_world,0.19,0.44494629078134884,0.26936874079276524,0.43306207480832515,0.011884215973023693,0.011884215973023693
32,small_world,0.195,0.4307670977688425,0.3591583210570205,0.4111633279376117,0.0196037698312308,0.0196037698312308
32,small_world,0.2,0.4074176014752176,0.4489479013212757,0.3896109410364955,0.01780666043872209,0.01780666043872209
32,small_world,0.20500000000000002,0.3858723076367148,0.538737481585531,0.3684813250686867,0.017390982568028124,0.017390982568028124
32,small_world,0.21,0.366127385273703,0.6285270618497857,0.34784459703268533,0.018282788241017645,0.018282788241017645
32,small_world,0.215,0.3476615140184863,0.718316642114041,0.32776377746555874,0.019897736552927536,0.019897736552927536
32,small_world,0.22,0.3279535511484879,0.8081062223782962,0.30829419498025856,0.019659356168229336,0.019659356168229336
32,small_world,0.225,0.3098186933613984,0.8978958026425514,0.28948310244351416,0.020335590917884228,0.020335590917884228
32,small_world,0.23,0.2939705847724939,0.9876853829068067,0.27136950020957373,0.02260108456292015,0.02260108456292015
32,small_world,0.23500000000000001,0.26669970453633224,1.077474963171062,0.25398415378177663,0.012715550754555605,0.012715550754555605
32,small_world,0.24,0.25615696211244526,1.1672645434353166,0.23734978676682972,0.018807175345615545,0.018807175345615545
32,small_world,0.245,0.23736031996093185,1.257054123699572,0.22148142523336267,0.015878894727569176,0.015878894727569176
32,small_world,0.25,0.22452101730819984,1.3468437039638272,0.2063868666399843,0.018134150668215554,0.018134150668215554
32,small_world,0.255,0.20638521171317725,1.4366332842280825,0.19206724526919605,0.0143179664439812,0.0143179664439812
32,small_world,0.26,0.1862264426640712,1.5264228644923377,0.1785176663928284,0.0077087762712428065,0.0077087762712428065
32,small_world,0.265,0.17869155254033942,1.6162124447565929,0.16572788293030727,0.012963669610032147,0.012963669610032147
32,small_world,0.27,0.16197847322202766,1.706002025020848,0.15368299083570092,0.008295482386326741,0.008295482386326741
32,small_world,0.275,0.14853508948159824,1.7957916052851035,0.14236412255254227,0.006170966929055971,0.006170966929055971
32,small_world,0.28,0.12937436597700883,1.8855811855493587,0.13174912131835992,-0.0023747553413510925,0.0023747553413510925
32,small_world,0.28500000000000003,0.12090735740224312,1.975370765813614,0.1218131826346176,-0.0009058252323744798,0.0009058252323744798
32,small_world,0.29,0.10691000495064072,2.0651603460778682,0.11252945264228087,-0.005619447691640148,0.005619447691640148
32,small_world,0.295,0.10004827434845996,2.1549499263421232,0.10386957631031568,-0.0038213019618557192,0.0038213019618557192
32,small_world,0.3,0.08865517463368233,2.2447395066063787,0.09580419115562888,-0.00714901652194655,0.00714901652194655
32,small_world,0.305,0.08160568977034106,2.334529086870634,0.08830336461375277,-0.006697674843411702,0.006697674843411702
32,small_world,0.31,0.06884867478225831,2.424318667134889,0.08133697515178995,-0.012488300369531635,0.012488300369531635
32,small_world,0.315,0.059997447552541716,2.5141082473991445,0.07487503876853341,-0.014877591215991692,0.014877591215991692
32,small_world,0.32,0.05226539743182218,2.6038978276633995,0.06888798369089577,-0.01662258625907359,0.01662258625907359
32,small_world,0.325,0.04521466753643861,2.693687407927655,0.06334687689309038,-0.018132209356651767,0.018132209356651767
32,small_world,0.33,0.04048347257233217,2.78347698819191,0.0582236065842997,-0.017740134011967536,0.017740134011967536
32,small_world,0.335,0.029234295496021398,2.8732665684561653,0.05349102508260961,-0.024256729586588213,0.024256729586588213
32,small_world,0.34,0.0268508583406542,2.963056148720421,0.04912305656707716,-0.02227219822642296,0.02227219822642296
32,small_world,0.34500000000000003,0.019168567591402303,3.0528457289846758,0.045094774121340664,-0.02592620652993836,0.02592620652993836
32,small_world,0.35000000000000003,0.014616853734323268,3.142635309248931,0.04138245029144905,-0.02676559655712578,0.02676559655712578
32,small_world,0.355,0.009284045573779072,3.2324248895131853,0.037963585112001486,-0.028679539538222415,0.028679539538222415
32,small_world,0.36,0.007674495309724611,3.3222144697774407,0.03481691523678543,-0.027142419927060818,0.027142419927060818
32,small_world,0.365,0.007844400497554834,3.4120040500416957,0.031922407465820424,-0.02407800696826559,0.02407800696826559
32,small_world,0.37,0.0036883523241063843,3.501793630305951,0.029261239607855316,-0.025572887283748933,0.025572887283748933
32,small_world,0.375,0.00191746820665453,3.591583210570206,0.026815771269327104,-0.024898303062672576,0.024898303062672576
32,small_world,0.38,0.000442033748138124,3.6813727908344616,0.024569506827145537,-0.024127473079007415,0.024127473079007415
32,small_world,0.385,0.0,3.771162371098717,0.02250705252991292,-0.02250705252991292,0.02250705252991292
32,small_world,0.39,0.00023307324558149742,3.860951951362972,0.020614069384320977,-0.02038099613873948,0.02038099613873948
32,small_world,0.395,0.00026533507585744755,3.9507415316272274,0.018877223222551143,-0.018611888146693695,0.018611888146693695
32,small_world,0.4,0.0,4.040531111891482,0.01728413311312249,-0.01728413311312249,0.01728413311312249
32,erdos_renyi,0.0,0.8977771286219264,-3.2171313655747857,0.9614738955433656,-0.06369676692143922,0.06369676692143922
32,erdos_renyi,0.005,0.8961041910542504,-3.0933955438219094,0.9566194941681493,-0.060515303113898855,0.060515303113898855
32,erdos_renyi,0.01,0.8836300800594192,-2.969659722069033,0.9511844794494018,-0.06755439938998253,0.06755439938998253
32,erdos_renyi,0.015,0.8814100955456192,-2.8459239003161567,0.9451076011562626,-0.06369750561064336,0.06369750561064336
32,erdos_renyi,0.02,0.869148456804591,-2.7221880785632804,0.9383232852604402,-0.06917482845584921,0.06917482845584921
32,erdos_renyi,0.025,0.863669013699473,-2.598452256810404,0.9307619030866839,-0.06709288938721092,0.06709288938721092
32,erdos_renyi,0.03,0.8565408243556978,-2.4747164350575277,0.9223502308743565,-0.06580940651865874,0.06580940651865874
32,erdos_renyi,0.035,0.8436199757917708,-2.350980613304651,0.9130121403702988,-0.06939216457852793,0.06939216457852793
32,erdos_renyi,0.04,0.8391691104016253,-2.2272447915517746,0.9026695624605493,-0.06350045205892396,0.06350045205892396
32,erdos_renyi,0.045,0.823279026255563,-2.1035089697988987,0.8912437645682739,-0.06796473831271088,0.06796473831271088
32,erdos_renyi,0.05,0.8097315751753996,-1.979773148046022,0.8786569774815041,-0.06892540230610444,0.06892540230610444
32,erdos_renyi,0.055,0.7980609139166166,-1.8560373262931458,0.864834397210883,-0.06677348329426636,0.06677348329426636
32,erdos_renyi,0.06,0.7812986078140445,-1.7323015045402694,0.8497065712321733,-0.06840796341812883,0.06840796341812883
32,erdos_renyi,0.065,0.7664491588601705,-1.6085656827873929,0.8332121551027803,-0.06676299624260984,0.06676299624260984
32,erdos_renyi,0.07,0.7509152007983331,-1.4848298610345163,0.8153009945532399,-0.06438579375490683,0.06438579375490683
32,erdos_renyi,0.075,0.7359336221692673,-1.3610940392816402,0.7959374502307288,-0.06000382806146154,0.06000382806146154
32,erdos_renyi,0.08,0.719463340573089,-1.2373582175287638,0.7751038390618893,-0.05564049848880026,0.05564049848880026
32,erdos_renyi,0.085,0.7033186355547904,-1.1136223957758873,0.7528038210269103,-0.04948518547212,0.04948518547212
32,erdos_renyi,0.09,0.6817464493725756,-0.9898865740230112,0.7290655180129402,-0.047319068640364614,0.047319068640364614
32,erdos_renyi,0.095,0.6613787646384542,-0.8661507522701347,0.7039441188647837,-0.042565354226329455,0.042565354226329455
32,erdos_renyi,0.1,0.6418398590330984,-0.7424149305172582,0.6775237091739279,-0.03568385014082953,0.03568385014082953
32,erdos_renyi,0.105,0.6170575901861732,-0.618679108764382,0.6499180729070788,-0.03286048272090558,0.03286048272090558
32,erdos_renyi,0.11,0.595228450386142,-0.4949432870115056,0.6212702510838026,-0.0260418006976606,0.0260418006976606
32,erdos_renyi,0.115,0.5794679759754814,-0.3712074652586291,0.5917507123561168,-0.012282736380635373,0.012282736380635373
32,erdos_renyi,0.12,0.5492656775540921,-0.24747164350575296,0.5615540886649069,-0.0122884111108148,0.0122884111108148
32,erdos_renyi,0.125,0.5223213082856728,-0.12373582175287648,0.5308945477739078,-0.008573239488234963,0.008573239488234963
32,erdos_renyi,0.13,0.49525476927213835,0.0,0.5,-0.004745230727861649,0.004745230727861649
32,erdos_renyi,0.135,0.46672997167313207,0.12373582175287648,0.46910545222609223,-0.002375480552960163,0.002375480552960163
32,erdos_renyi,0.14,0.44054356434433606,0.24747164350575296,0.43844591133509314,0.002097653009242917,0.002097653009242917
32,erdos_renyi,0.145,0.41226597747497123,0.37120746525862874,0.40824928764388335,0.004016689831087883,0.004016689831087883
32,erdos_renyi,0.15,0.3856189485405684,0.49494328701150525,0.3787297489161976,0.00688919962437079,0.00688919962437079
32,erdos_renyi,0.155,0.35361511113252625,0.6186791087643817,0.3500819270929212,0.003533184039605064,0.003533184039605064
32,erdos_renyi,0.16,0.3290881437827349,0.7424149305172582,0.3224762908260721,0.006611852956662778,0.006611852956662778
32,erdos_renyi,0.165,0.2948707914902226,0.8661507522701347,0.2960558811352163,-0.0011850896449936976,0.0011850896449936976
32,erdos_renyi,0.17,0.26722023290629665,0.9898865740230112,0.2709344819870598,-0.0037142490807631767,0.0037142490807631767
32,erdos_renyi,0.17500000000000002,0.24374716436542743,1.1136223957758877,0.24719617897308954,-0.0034490146076621153,0.0034490146076621153
32,erdos_renyi,0.18,0.21642172798968592,1.2373582175287634,0.22489616093811082,-0.008474432948424898,0.008474432948424898
32,erdos_renyi,0.185,0.19543657649541354,1.36109403928164,0.2040625497692713,-0.008625973273857751,0.008625973273857751
32,erdos_renyi,0.19,0.16483542956204103,1.4848298610345163,0.1846990054467601,-0.01986357588471907,0.01986357588471907
32,erdos_renyi,0.195,0.14714214334135756,1.6085656827873929,0.16678784489721976,-0.019645701555862205,0.019645701555862205
32,erdos_renyi,0.2,0.12447143822231847,1.7323015045402694,0.1502934287678267,-0.025821990545508225,0.025821990545508225
32,erdos_renyi,0.20500000000000002,0.10355383946600993,1.8560373262931458,0.13516560278911705,-0.03161176332310711,0.03161176332310711
32,erdos_renyi,0.21,0.08362795886006363,1.9797731480460217,0.12134302251849594,-0.0377150636584323,0.0377150636584323
32,erdos_renyi,0.215,0.06760681324836901,2.1035089697988982,0.10875623543172608,-0.04114942218335707,0.04114942218335707
32,erdos_renyi,0.22,0.0493944933583205,2.2272447915517746,0.0973304375394507,-0.047935944181130195,0.047935944181130195
32,erdos_renyi,0.225,0.03827377340780697,2.350980613304651,0.08698785962970124,-0.048714086221894264,0.048714086221894264
32,erdos_renyi,0.23,0.029620358439442246,2.4747164350575277,0.07764976912564336,-0.04802941068620112,0.04802941068620112
32,erdos_renyi,0.23500000000000001,0.009436951019837336,2.598452256810404,0.06923809691331617,-0.05980114589347883,0.05980114589347883
32,erdos_renyi,0.24,0.006852042464676811,2.72218807856328,0.061676714739559824,-0.05482467227488301,0.05482467227488301
32,erdos_renyi,0.245,0.001771491872756907,2.8459239003161563,0.05489239884373731,-0.0531209069709804,0.0531209069709804
32,erdos_renyi,0.25,8.751074490851781e-05,2.9696597220690326,0.048815520550598346,-0.04872800980568983,0.04872800980568983
32,erdos_renyi,0.255,5.8494374535835586e-05,3.0933955438219094,0.04338050583185071,-0.043322011457314874,0.043322011457314874
32,erdos_renyi,0.26,0.0,3.2171313655747857,0.03852610445663451,-0.03852610445663451,0.03852610445663451
32,erdos_renyi,0.265,0.0,3.340867187327662,0.03419550624150913,-0.03419550624150913,0.03419550624150913
32,erdos_renyi,0.27,0.0,3.464603009080539,0.03033633782921752,-0.03033633782921752,0.03033633782921752
32,erdos_renyi,0.275,0.0,3.588338830833415,0.026900568933633684,-0.026900568933633684,0.026900568933633684
32,erdos_renyi,0.28,0.0,3.7120746525862915,0.023844352480630104,-0.023844352480630104,0.023844352480630104
32,erdos_renyi,0.28500000000000003,0.0,3.8358104743391683,0.021127818808983068,-0.021127818808983068,0.021127818808983068
32,erdos_renyi,0.29,0.0,3.9595462960920433,0.018714840223716056,-0.018714840223716056,0.018714840223716056
32,erdos_renyi,0.295,0.0,4.08328211784492,0.016572778790339915,-0.016572778790339915,0.016572778790339915
32,erdos_renyi,0.3,0.0,4.2070179395977965,0.014672227341854582,-0.014672227341854582,0.014672227341854582
32,erdos_renyi,0.305,0.0,4.330753761350673,0.012986751225256388,-0.012986751225256388,0.012986751225256388
32,erdos_renyi,0.31,0.0,4.454489583103549,0.011492636303528037,-0.011492636303528037,0.011492636303528037
32,erdos_renyi,0.315,0.0,4.5782254048564255,0.010168647104616846,-0.010168647104616846,0.010168647104616846
32,erdos_renyi,0.32,0.0,4.701961226609302,0.008995797718756915,-0.008995797718756915,0.008995797718756915
32,erdos_renyi,0.325,0.0,4.825697048362179,0.007957137038419937,-0.007957137038419937,0.007957137038419937
32,erdos_renyi,0.33,0.0,4.949432870115055,0.007037549163365409,-0.007037549163365409,0.007037549163365409
32,erdos_renyi,0.335,0.0,5.073168691867932,0.006223569213829938,-0.006223569213829938,0.006223569213829938
32,erdos_renyi,0.34,0.0,5.196904513620808,0.005503214370475518,-0.005503214370475518,0.005503214370475518
32,erdos_renyi,0.34500000000000003,0.0,5.320640335373684,0.004865829658419751,-0.004865829658419751,0.004865829658419751
32,erdos_renyi,0.35000000000000003,0.0,5.444376157126561,0.004301947787891391,-0.004301947787891391,0.004301947787891391
32,erdos_renyi,0.355,0.0,5.568111978879436,0.003803162233783297,-0.003803162233783297,0.003803162233783297
32,erdos_renyi,0.36,0.0,5.6918478006323125,0.003362012662784797,-0.003362012662784797,0.003362012662784797
32,erdos_renyi,0.365,0.0,5.815583622385189,0.0029718817855421964,-0.0029718817855421964,0.0029718817855421964
32,erdos_renyi,0.37,0.0,5.939319444138065,0.002626902711031054,-0.002626902711031054,0.002626902711031054
32,erdos_renyi,0.375,0.0,6.0630552658909425,0.0023218759021217394,-0.0023218759021217394,0.0023218759021217394
32,erdos_renyi,0.38,0.0,6.186791087643819,0.002052194868248036,-0.002052194868248036,0.002052194868248036
32,erdos_renyi,0.385,0.0,6.310526909396695,0.0018137797778498,-0.0018137797778498,0.0018137797778498
32,erdos_renyi,0.39,0.0,6.4342627311495715,0.0016030182258462977,-0.0016030182258462977,0.0016030182258462977
32,erdos_renyi,0.395,0.0,6.557998552902448,0.0014167124468178471,-0.0014167124468178471,0.0014167124468178471
32,erdos_renyi,0.4,0.0,6.681734374655324,0.0012520323206480777,-0.0012520323206480777,0.0012520323206480777
32,scale_free,0.0,0.8676782697068504,-3.0663630582516155,0.9554837326702433,-0.08780546296339298,0.08780546296339298
32,scale_free,0.005,0.8569189203534445,-2.926982919240178,0.9491642937117756,-0.09224537335833105,0.09224537335833105
32,scale_free,0.01,0.8547882747264954,-2.7876027802287413,0.9420022136033956,-0.08721393887690021,0.08721393887690021
32,scale_free,0.015,0.8441007530838536,-2.648222641217304,0.9339013594199534,-0.08980060633609988,0.08980060633609988
32,scale_free,0.02,0.8329551141534283,-2.508842502205867,0.9247593920344204,-0.0918042778809921,0.0918042778809921
32,scale_free,0.025,0.8254819456677933,-2.3694623631944296,0.9144688183500427,-0.08898687268224936,0.08898687268224936
32,scale_free,0.03,0.8175811510216505,-2.230082224182993,0.9029185667469548,-0.08533741572530429,0.08533741572530429
32,scale_free,0.035,0.8041045273645321,-2.090702085171556,0.8899961806903706,-0.08589165332583848,0.08589165332583848
32,scale_free,0.04,0.7949537235025684,-1.951321946160119,0.8755907150553627,-0.08063699155279425,0.08063699155279425
32,scale_free,0.045,0.7772232055236881,-1.811941807148682,0.8595963954948843,-0.08237318997119625,0.08237318997119625
32,scale_free,0.05,0.7597857249845338,-1.6725616681372446,0.8419170592432892,-0.0821313342587554,0.0821313342587554
32,scale_free,0.055,0.745943065508415,-1.5331815291258077,0.822471333100681,-0.07652826759226594,0.07652826759226594
32,scale_free,0.06,0.7338264299984626,-1.3938013901143707,0.8011984200387999,-0.06737199004033734,0.06737199004033734
32,scale_free,0.065,0.7139771763636089,-1.2544212511029336,0.7780642624944966,-0.06408708613088765,0.06408708613088765
32,scale_free,0.07,0.6969682998795901,-1.1150411120914963,0.7530677355706147,-0.0560994356910246,0.0560994356910246
32,scale_free,0.075,0.6758616209464431,-0.9756609730800595,0.7262464106615498,-0.05038478971510674,0.05038478971510674
32,scale_free,0.08,0.6531377412116233,-0.8362808340686223,0.697681338975409,-0.04454359776378569,0.04454359776378569
32,scale_free,0.085,0.6343785745081273,-0.6969006950571851,0.6675002585374942,-0.03312168402936688,0.03312168402936688
32,scale_free,0.09,0.6089883720031388,-0.5575205560457484,0.6358786509253521,-0.026890278922213295,0.026890278922213295
32,scale_free,0.095,0.5824962136358672,-0.41814041703431115,0.6030381824751647,-0.020541968839297486,0.020541968839297486
32,scale_free,0.1,0.5609902920444906,-0.27876027802287395,0.5692422634121148,-0.008251971367624233,0.008251971367624233
32,scale_free,0.105,0.527962992386457,-0.13938013901143717,0.534788733431925,-0.006825741045467959,0.006825741045467959
32,scale_free,0.11,0.502238244475007,0.0,0.5,0.0022382444750069785,0.0022382444750069785
32,scale_free,0.115,0.47330794789398206,0.13938013901143717,0.465211266568075,0.008096681325907074,0.008096681325907074
32,scale_free,0.12,0.44269485732945163,0.27876027802287395,0.4307577365878851,0.011937120741566554,0.011937120741566554
32,scale_free,0.125,0.4082935156751642,0.41814041703431115,0.3969618175248353,0.011331698150328917,0.011331698150328917
32,scale_free,0.13,0.3730047878237331,0.5575205560457484,0.3641213490746479,0.008883438749085204,0.008883438749085204
32,scale_free,0.135,0.3398988764484468,0.6969006950571855,0.3324997414625057,0.00739913498594108,0.00739913498594108
32,scale_free,0.14,0.3112295294583602,0.8362808340686227,0.30231866102459093,0.008910868433769259,0.008910868433769259
32,scale_free,0.145,0.27403778845972887,0.9756609730800591,0.2737535893384502,0.0002841991212786943,0.0002841991212786943
32,scale_free,0.15,0.24257310215330963,1.1150411120914963,0.24693226442938532,-0.00435916227607569,0.00435916227607569
32,scale_free,0.155,0.20854358170204046,1.2544212511029336,0.22193573750550344,-0.01339215580346298,0.01339215580346298
32,scale_free,0.16,0.17641105917607425,1.3938013901143707,0.19880157996120007,-0.022390520785125823,0.022390520785125823
32,scale_free,0.165,0.1481793863079854,1.5331815291258077,0.177528666899319,-0.0293492805913336,0.0293492805913336
32,scale_free,0.17,0.11759963737910589,1.672561668137245,0.1580829407567107,-0.04048330337760481,0.04048330337760481
32,scale_free,0.17500000000000002,0.09459360394508165,1.8119418071486821,0.1404036045051157,-0.04581000056003404,0.04581000056003404
32,scale_free,0.18,0.06630602052878652,1.9513219461601186,0.12440928494463754,-0.05810326441585102,0.05810326441585102
32,scale_free,0.185,0.04747168054022172,2.090702085171556,0.11000381930962955,-0.06253213876940783,0.06253213876940783
32,scale_free,0.19,0.027476949245363577,2.230082224182993,0.09708143325304508,-0.0696044840076815,0.0696044840076815
32,scale_free,0.195,0.009593995955413302,2.36946236319443,0.08553118164995721,-0.07593718569454391,0.07593718569454391
32,scale_free,0.2,0.001835551803154583,2.508842502205867,0.07524060796557963,-0.07340505616242504,0.07340505616242504
32,scale_free,0.20500000000000002,0.0,2.6482226412173047,0.06609864058004655,-0.06609864058004655,0.06609864058004655
32,scale_free,0.21,0.0,2.787602780228741,0.057997786396604356,-0.057997786396604356,0.057997786396604356
32,scale_free,0.215,0.0,2.926982919240178,0.050835706288224314,-0.050835706288224314,0.050835706288224314
32,scale_free,0.22,0.0,3.0663630582516155,0.044516267329756776,-0.044516267329756776,0.044516267329756776
32,scale_free,0.225,0.0,3.2057431972630526,0.038950167219585885,-0.038950167219585885,0.038950167219585885
32,scale_free,0.23,0.0,3.3451233362744897,0.03405522026094743,-0.03405522026094743,0.03405522026094743
32,scale_free,0.23500000000000001,0.0,3.4845034752859263,0.029756384519324275,-0.029756384519324275,0.029756384519324275
32,scale_free,0.24,0.0,3.623883614297364,0.02598559835968528,-0.02598559835968528,0.02598559835968528
32,scale_free,0.245,0.0,3.763263753308801,0.022681482916358076,-0.022681482916358076,0.022681482916358076
32,scale_free,0.25,0.0,3.902643892320238,0.01978895605573383,-0.01978895605573383,0.01978895605573383
32,scale_free,0.255,0.0,4.0420240313316755,0.017258793557228813,-0.017258793557228813,0.017258793557228813
32,scale_free,0.26,0.0,4.181404170343113,0.015047164778817956,-0.015047164778817956,0.015047164778817956
32,scale_free,0.265,0.0,4.32078430935455,0.013115163021677922,-0.013115163021677922,0.013115163021677922
32,scale_free,0.27,0.0,4.460164448365987,0.01142834508263546,-0.01142834508263546,0.01142834508263546
32,scale_free,0.275,0.0,4.599544587377424,0.00995628994131692,-0.00995628994131692,0.00995628994131692
32,scale_free,0.28,0.0,4.738924726388861,0.008672183004427292,-0.008672183004427292,0.008672183004427292
32,scale_free,0.28500000000000003,0.0,4.878304865400298,0.007552429653620352,-0.007552429653620352,0.007552429653620352
32,scale_free,0.29,0.0,5.017685004411734,0.006576299858134238,-0.006576299858134238,0.006576299858134238
32,scale_free,0.295,0.0,5.157065143423171,0.005725604178715371,-0.005725604178715371,0.005725604178715371
32,scale_free,0.3,0.0,5.296445282434608,0.004984400485572582,-0.004984400485572582,0.004984400485572582
32,scale_free,0.305,0.0,5.4358254214460455,0.004338730040488903,-0.004338730040488903,0.004338730040488903
32,scale_free,0.31,0.0,5.575205560457483,0.0037763811707186568,-0.0037763811707186568,0.0037763811707186568
32,scale_free,0.315,0.0,5.71458569946892,0.0032866785251457475,-0.0032866785251457475,0.0032866785251457475
32,scale_free,0.32,0.0,5.853965838480357,0.0028602958005181645,-0.0028602958005181645,0.0028602958005181645
32,scale_free,0.325,0.0,5.993345977491794,0.0024890898180635057,-0.0024890898180635057,0.0024890898180635057
32,scale_free,0.33,0.0,6.132726116503231,0.0021659538883889162,-0.0021659538883889162,0.0021659538883889162
32,scale_free,0.335,0.0,6.272106255514669,0.001884688502732268,-0.001884688502732268,0.001884688502732268
32,scale_free,0.34,0.0,6.411486394526106,0.0016398875146471648,-0.0016398875146471648,0.0016398875146471648
32,scale_free,0.34500000000000003,0.0,6.550866533537543,0.0014268381159348031,-0.0014268381159348031,0.0014268381159348031
32,scale_free,0.35000000000000003,0.0,6.69024667254898,0.0012414330554014752,-0.0012414330554014752,0.0012414330554014752
32,scale_free,0.355,0.0,6.8296268115604155,0.0010800936928445637,-0.0010800936928445637,0.0010800936928445637
32,scale_free,0.36,0.0,6.969006950571853,0.0009397026194987168,-0.0009397026194987168,0.0009397026194987168
32,scale_free,0.365,0.0,7.10838708958329,0.0008175447074609821,-0.0008175447074609821,0.0008175447074609821
32,scale_free,0.37,0.0,7.247767228594728,0.0007112555728745473,-0.0007112555728745473,0.0007112555728745473
32,scale_free,0.375,0.0,7.387147367606165,0.0006187765501444176,-0.0006187765501444176,0.0006187765501444176
32,scale_free,0.38,0.0,7.526527506617602,0.0005383153770061044,-0.0005383153770061044,0.0005383153770061044
32,scale_free,0.385,0.0,7.665907645629039,0.00046831188306217797,-0.00046831188306217797,0.00046831188306217797
32,scale_free,0.39,0.0,7.805287784640476,0.0004074080578242434,-0.0004074080578242434,0.0004074080578242434
32,scale_free,0.395,0.0,7.944667923651913,0.0003544219489588496,-0.0003544219489588496,0.0003544219489588496
32,scale_free,0.4,0.0,8.084048062663351,0.0003083249079338657,-0.0003083249079338657,0.0003083249079338657
32,modular_clustered,0.0,0.8258703791358425,-3.111393416938647,0.9573602735271008,-0.13148989439125836,0.13148989439125836
32,modular_clustered,0.005,0.8168741261874956,-2.947635868678718,0.9501516339820013,-0.13327750779450576,0.13327750779450576
32,modular_clustered,0.01,0.8136470751102521,-2.7838783204187894,0.9417983960124726,-0.12815132090222048,0.12815132090222048
32,modular_clustered,0.015,0.8026516472701927,-2.6201207721588604,0.9321453457090779,-0.12949369843888525,0.12949369843888525
32,modular_clustered,0.02,0.7921155949544715,-2.4563632238989315,0.9210255375530073,-0.12890994259853583,0.12890994259853583
32,modular_clustered,0.025,0.7815001563108422,-2.2926056756390034,0.9082627899403026,-0.1267626336294604,0.1267626336294604
32,modular_clustered,0.03,0.77132097065861,-2.1288481273790745,0.893675607567301,-0.12235463690869097,0.12235463690869097
32,modular_clustered,0.035,0.7547963151385648,-1.9650905791191453,0.8770828147042586,-0.12228649956569382,0.12228649956569382
32,modular_clustered,0.04,0.741548477929455,-1.8013330308592166,0.8583111266085182,-0.11676264867906316,0.11676264867906316
32,modular_clustered,0.045,0.724477634282084,-1.6375754825992879,0.837204762894403,-0.11272712861231904,0.11272712861231904
32,modular_clustered,0.05,0.7062268340626882,-1.473817934339359,0.8136369997635053,-0.10741016570081718,0.10741016570081718
32,modular_clustered,0.055,0.6910329004860628,-1.3100603860794302,0.7875232604781947,-0.09649035999213185,0.09649035999213185
32,modular_clustered,0.06,0.6700289054635914,-1.1463028378195017,0.7588349674051958,-0.08880606194160445,0.08880606194160445
32,modular_clustered,0.065,0.6557943282317501,-0.9825452895595727,0.727612965379069,-0.07181863714731895,0.07181863714731895
32,modular_clustered,0.07,0.6333088248625429,-0.8187877412996437,0.6939789506585707,-0.06067012579602782,0.06067012579602782
32,modular_clustered,0.075,0.6076269413823837,-0.6550301930397152,0.6581431082353251,-0.05051616685294136,0.05051616685294136
32,modular_clustered,0.08,0.5862975000540076,-0.4912726447797863,0.6204061890715353,-0.03410868901752773,0.03410868901752773
32,modular_clustered,0.085,0.5650191585589938,-0.3275150965198574,0.5811546389970417,-0.01613548043804791,0.01613548043804791
32,modular_clustered,0.09,0.5352671581083289,-0.16375754825992894,0.54084814403185,-0.005580985923521076,0.005580985923521076
32,modular_clustered,0.095,0.505495715116813,0.0,0.5,0.005495715116813016,0.005495715116813016
32,modular_clustered,0.1,0.4810739320101906,0.16375754825992894,0.4591518559681501,0.021922076042040495,0.021922076042040495
32,modular_clustered,0.105,0.4389906084084681,0.3275150965198574,0.41884536100295844,0.02014524740550966,0.02014524740550966
32,modular_clustered,0.11,0.409262024068763,0.4912726447797863,0.37959381092846456,0.02966821314029844,0.02966821314029844
32,modular_clustered,0.115,0.37426385288271025,0.6550301930397152,0.3418568917646748,0.03240696111803543,0.03240696111803543
32,modular_clustered,0.12,0.3359282217053978,0.8187877412996437,0.30602104934142926,0.02990717236396856,0.02990717236396856
32,modular_clustered,0.125,0.29967907175802455,0.9825452895595727,0.27238703462093106,0.027292037137093494,0.027292037137093494
32,modular_clustered,0.13,0.2553447296974114,1.1463028378195017,0.24116503259480415,0.014179697102607247,0.014179697102607247
32,modular_clustered,0.135,0.2178002976280601,1.3100603860794304,0.21247673952180524,0.005323558106254872,0.005323558106254872
32,modular_clustered,0.14,0.18022965881997036,1.4738179343393594,0.18636300023649466,-0.006133341416524302,0.006133341416524302
32,modular_clustered,0.145,0.1450394255483227,1.6375754825992874,0.16279523710559707,-0.017755811557274376,0.017755811557274376
32,modular_clustered,0.15,0.11021081415769161,1.8013330308592164,0.14168887339148195,-0.03147805923379034,0.03147805923379034
32,modular_clustered,0.155,0.07635710909732896,1.9650905791191453,0.12291718529574147,-0.046560076198412514,0.046560076198412514
32,modular_clustered,0.16,0.05288594394011035,2.1288481273790745,0.10632439243269898,-0.05343844849258863,0.05343844849258863
32,modular_clustered,0.165,0.022247701473217644,2.2926056756390034,0.09173721005969726,-0.06948950858647962,0.06948950858647962
32,modular_clustered,0.17,0.00596909959734052,2.4563632238989324,0.07897446244699269,-0.07300536284965217,0.07300536284965217
32,modular_clustered,0.17500000000000002,0.0,2.620120772158861,0.06785465429092208,-0.06785465429092208,0.06785465429092208
32,modular_clustered,0.18,0.0,2.783878320418789,0.058201603987527495,-0.058201603987527495,0.058201603987527495
32,modular_clustered,0.185,0.0,2.947635868678718,0.0498483660179988,-0.0498483660179988,0.0498483660179988
32,modular_clustered,0.19,0.0,3.111393416938647,0.04263972647289915,-0.04263972647289915,0.04263972647289915
32,modular_clustered,0.195,0.0,3.2751509651985757,0.036433565241430044,-0.036433565241430044,0.036433565241430044
32,modular_clustered,0.2,0.0,3.4389085134585047,0.031101358256600875,-0.031101358256600875,0.031101358256600875
32,modular_clustered,0.20500000000000002,0.0,3.6026660617184336,0.02652805736941566,-0.02652805736941566,0.02652805736941566
32,modular_clustered,0.21,0.0,3.7664236099783617,0.022611543812914303,-0.022611543812914303,0.022611543812914303
32,modular_clustered,0.215,0.0,3.9301811582382906,0.01926181011079453,-0.01926181011079453,0.01926181011079453
32,modular_clustered,0.22,0.0,4.09393870649822,0.016399988208434357,-0.016399988208434357,0.016399988208434357
32,modular_clustered,0.225,0.0,4.257696254758149,0.013957310133448919,-0.013957310133448919,0.013957310133448919
32,modular_clustered,0.23,0.0,4.4214538030180774,0.01187406196351759,-0.01187406196351759,0.01187406196351759
32,modular_clustered,0.23500000000000001,0.0,4.585211351278007,0.010098571915069243,-0.010098571915069243,0.010098571915069243
32,modular_clustered,0.24,0.0,4.748968899537934,0.008586258245936396,-0.008586258245936396,0.008586258245936396
32,modular_clustered,0.245,0.0,4.912726447797863,0.007298751553238669,-0.007298751553238669,0.007298751553238669
32,modular_clustered,0.25,0.0,5.076483996057792,0.006203098130103779,-0.006203098130103779,0.006203098130103779
32,modular_clustered,0.255,0.0,5.240241544317721,0.005271045595530044,-0.005271045595530044,0.005271045595530044
32,modular_clustered,0.26,0.0,5.40399909257765,0.004478408419820168,-0.004478408419820168,0.004478408419820168
32,modular_clustered,0.265,0.0,5.567756640837579,0.003804508739778223,-0.003804508739778223,0.003804508739778223
32,modular_clustered,0.27,0.0,5.731514189097508,0.0032316866063535343,-0.0032316866063535343,0.0032316866063535343
32,modular_clustered,0.275,0.0,5.895271737357437,0.0027448732370533024,-0.0027448732370533024,0.0027448732370533024
32,modular_clustered,0.28,0.0,6.059029285617366,0.002331220735288908,-0.002331220735288908,0.002331220735288908
32,modular_clustered,0.28500000000000003,0.0,6.2227868338772945,0.0019797819271127892,-0.0019797819271127892,0.0019797819271127892
32,modular_clustered,0.29,0.0,6.386544382137222,0.0016812343363376003,-0.0016812343363376003,0.0016812343363376003
32,modular_clustered,0.295,0.0,6.550301930397151,0.0014276427902503164,-0.0014276427902503164,0.0014276427902503164
32,modular_clustered,0.3,0.0,6.71405947865708,0.0012122556639864168,-0.0012122556639864168,0.0012122556639864168
32,modular_clustered,0.305,0.0,6.8778170269170085,0.0010293302949018202,-0.0010293302949018202,0.0010293302949018202
32,modular_clustered,0.31,0.0,7.041574575176938,0.0008739836051201433,-0.0008739836051201433,0.0008739836051201433
32,modular_clustered,0.315,0.0,7.205332123436866,0.0007420644465725434,-0.0007420644465725434,0.0007420644465725434
32,modular_clustered,0.32,0.0,7.369089671696796,0.0006300446205110832,-0.0006300446205110832,0.0006300446205110832
32,modular_clustered,0.325,0.0,7.532847219956724,0.0005349259194358247,-0.0005349259194358247,0.0005349259194358247
32,modular_clustered,0.33,0.0,7.696604768216654,0.000454160893256228,-0.000454160893256228,0.000454160893256228
32,modular_clustered,0.335,0.0,7.860362316476582,0.00038558535481969525,-0.00038558535481969525,0.00038558535481969525
32,modular_clustered,0.34,0.0,8.02411986473651,0.00032736091528517974,-0.00032736091528517974,0.00032736091528517974
32,modular_clustered,0.34500000000000003,0.0,8.18787741299644,0.0002779260803352779,-0.0002779260803352779,0.0002779260803352779
32,modular_clustered,0.35000000000000003,0.0,8.351634961256368,0.00023595464732795168,-0.00023595464732795168,0.00023595464732795168
32,modular_clustered,0.355,0.0,8.515392509516298,0.00020032032454775361,-0.00020032032454775361,0.00020032032454775361
32,modular_clustered,0.36,0.0,8.679150057776226,0.00017006665000607324,-0.00017006665000607324,0.00017006665000607324
32,modular_clustered,0.365,0.0,8.842907606036155,0.00014438142177053415,-0.00014438142177053415,0.00014438142177053415
32,modular_clustered,0.37,0.0,9.006665154296083,0.00012257496735212925,-0.00012257496735212925,0.00012257496735212925
32,modular_clustered,0.375,0.0,9.170422702556014,0.0001040616787565396,-0.0001040616787565396,0.0001040616787565396
32,modular_clustered,0.38,0.0,9.334180250815942,8.834432459203789e-05,-8.834432459203789e-05,8.834432459203789e-05
32,modular_clustered,0.385,0.0,9.49793779907587,7.500072313970652e-05,-7.500072313970652e-05,7.500072313970652e-05
32,modular_clustered,0.39,0.0,9.6616953473358,6.367242218985325e-05,-6.367242218985325e-05,6.367242218985325e-05
32,modular_clustered,0.395,0.0,9.82545289559573,5.40550842760279e-05,-5.40550842760279e-05,5.40550842760279e-05
32,modular_clustered,0.4,0.0,9.989210443855658,4.589032097079837e-05,-4.589032097079837e-05,4.589032097079837e-05
64,ring_lattice,0.0,0.9275556049147045,-3.238102636323894,0.962243236435807,-0.03468763152110255,0.03468763152110255
64,ring_lattice,0.005,0.9218105745256174,-3.1224561135980404,0.9578095923131956,-0.03599901778757819,0.03599901778757819
64,ring_lattice,0.01,0.9125335515826815,-3.006809590872187,0.9528808150416204,-0.04034726345893891,0.04034726345893891
64,ring_lattice,0.015,0.9132270155924851,-2.8911630681463336,0.94740786300059,-0.0341808474081049,0.0341808474081049
64,ring_lattice,0.02,0.9036099914660386,-2.7755165454204804,0.9413383553850796,-0.037728363919041,0.037728363919041
64,ring_lattice,0.025,0.9020591969201567,-2.6598700226946272,0.9346167243305473,-0.03255752741039064,0.03255752741039064
64,ring_lattice,0.03,0.889348862458074,-2.544223499968774,0.9271844844522266,-0.03783562199415258,0.03783562199415258
64,ring_lattice,0.035,0.8840655659590614,-2.4285769772429204,0.9189806444632068,-0.034915078504145436,0.034915078504145436
64,ring_lattice,0.04,0.8730771392623461,-2.312930454517067,0.9099422868578879,-0.036865147595541825,0.036865147595541825
64,ring_lattice,0.045,0.8635531339907074,-2.1972839317912136,0.9000053417741247,-0.03645220778341729,0.03645220778341729
64,ring_lattice,0.05,0.853675363348128,-2.0816374090653604,0.8891055795503316,-0.03543021620220366,0.03543021620220366
64,ring_lattice,0.055,0.8453411176200074,-1.9659908863395072,0.8771798425744275,-0.03183872495442008,0.03183872495442008
64,ring_lattice,0.06,0.8291285443263812,-1.8503443636136538,0.8641675301534522,-0.03503898582707099,0.03503898582707099
64,ring_lattice,0.065,0.8178267448985097,-1.7346978408878004,0.8500123397331938,-0.032185594834684084,0.032185594834684084
64,ring_lattice,0.07,0.8065206944841449,-1.619051318161947,0.8346642534316622,-0.0281435589475173,0.0281435589475173
64,ring_lattice,0.075,0.7860471829453961,-1.5034047954360938,0.8180817403702741,-0.03203455742487804,0.03203455742487804
64,ring_lattice,0.08,0.7744104072453996,-1.3877582727102404,0.8002341229920363,-0.025823715746636777,0.025823715746636777
64,ring_lattice,0.085,0.7554008771130238,-1.272111749984387,0.7811040303620009,-0.025703153248977095,0.025703153248977095
64,ring_lattice,0.09,0.7374692690267892,-1.1564652272585338,0.7606898350200224,-0.02322056599323319,0.02322056599323319
64,ring_lattice,0.095,0.7198288200033925,-1.0408187045326804,0.73900794478277,-0.019179124779377443,0.019179124779377443
64,ring_lattice,0.1,0.6996103610983907,-0.9251721818068269,0.7160948002024268,-0.016484439104036075,0.016484439104036075
64,ring_lattice,0.105,0.6808678419556049,-0.8095256590809737,0.6920084159174051,-0.011140573961800238,0.011140573961800238
64,ring_lattice,0.11,0.6591421521676926,-0.6938791363551203,0.6668293036622625,-0.007687151494569888,0.007687151494569888
64,ring_lattice,0.115,0.639473946369541,-0.5782326136292669,0.6406606294421395,-0.0011866830725985045,0.0011866830725985045
64,ring_lattice,0.12,0.6129985512412529,-0.4625860909034138,0.6136274891928748,-0.0006289379516218885,0.0006289379516218885
64,ring_lattice,0.125,0.5898810455856687,-0.34693956817756033,0.5858752359665476,0.0040058096191211146,0.0040058096191211146
64,ring_lattice,0.13,0.5660327531422927,-0.2312930454517069,0.5575668545837015,0.008465898558591256,0.008465898558591256
64,ring_lattice,0.135,0.5376056693796464,-0.11564652272585345,0.5288794514204835,0.00872621795916284,0.00872621795916284
64,ring_lattice,0.14,0.5153871268121505,0.0,0.5,0.015387126812150487,0.015387126812150487
64,ring_lattice,0.145,0.48451590094697283,0.1156465227258528,0.4711205485795167,0.013395352367456148,0.013395352367456148
64,ring_lattice,0.15,0.4587177794385339,0.23129304545170626,0.44243314541629875,0.016284634022235178,0.016284634022235178
64,ring_lattice,0.155,0.4310720025460395,0.34693956817755967,0.41412476403345255,0.01694723851258695,0.01694723851258695
64,ring_lattice,0.16,0.40089451807560716,0.4625860909034131,0.3863725108071253,0.014522007268481851,0.014522007268481851
64,ring_lattice,0.165,0.37497840343348293,0.5782326136292666,0.3593393705578606,0.01563903287562235,0.01563903287562235
64,ring_lattice,0.17,0.3468048195667101,0.69387913635512,0.33317069633773755,0.013634123228972561,0.013634123228972561
64,ring_lattice,0.17500000000000002,0.320584908977511,0.8095256590809735,0.30799158408259497,0.012593324894916047,0.012593324894916047
64,ring_lattice,0.18,0.29316015202440177,0.9251721818068263,0.28390519979757334,0.009254952226828428,0.009254952226828428
64,ring_lattice,0.185,0.265064890947226,1.0408187045326798,0.26099205521723035,0.004072835729995672,0.004072835729995672
64,ring_lattice,0.19,0.2399482743207959,1.1564652272585332,0.2393101649799777,0.0006381093408182048,0.0006381093408182048
64,ring_lattice,0.195,0.21713357607646067,1.2721117499843866,0.21889596963799918,-0.0017623935615385111,0.0017623935615385111
64,ring_lattice,0.2,0.19442613396243394,1.38775827271024,0.19976587700796378,-0.005339743045529838,0.005339743045529838
64,ring_lattice,0.20500000000000002,0.17076047165127872,1.5034047954360934,0.18191825962972596,-0.011157787978447242,0.011157787978447242
64,ring_lattice,0.21,0.14985045445859593,1.6190513181619464,0.16533574656833783,-0.015485292109741894,0.015485292109741894
64,ring_lattice,0.215,0.1302754962266993,1.7346978408877998,0.14998766026680632,-0.019712164040107033,0.019712164040107033
64,ring_lattice,0.22,0.11335977461789286,1.8503443636136532,0.13583246984654784,-0.022472695228654985,0.022472695228654985
64,ring_lattice,0.225,0.09559814690161232,1.9659908863395066,0.12282015742557262,-0.027222010523960297,0.027222010523960297
64,ring_lattice,0.23,0.0825491984148996,2.08163740906536,0.11089442044966835,-0.028345222034768747,0.028345222034768747
64,ring_lattice,0.23500000000000001,0.06811664386820962,2.1972839317912136,0.09999465822587528,-0.03187801435766566,0.03187801435766566
64,ring_lattice,0.24,0.04966474384429662,2.3129304545170664,0.0900577131421122,-0.04039296929781557,0.04039296929781557
64,ring_lattice,0.245,0.038475850877470484,2.4285769772429195,0.08101935553679329,-0.04254350465932281,0.04254350465932281
64,ring_lattice,0.25,0.028897996868069736,2.544223499968773,0.07281551554777355,-0.04391751867970381,0.04391751867970381
64,ring_lattice,0.255,0.0214263502921324,2.659870022694627,0.06538327566945279,-0.04395692537732039,0.04395692537732039
64,ring_lattice,0.26,0.012723225473773985,2.77551654542048,0.058661644614920405,-0.04593841914114642,0.04593841914114642
64,ring_lattice,0.265,0.005644339201020882,2.8911630681463336,0.05259213699941001,-0.04694779779838913,0.04694779779838913
64,ring_lattice,0.27,0.0006246074052627264,3.006809590872187,0.04711918495837952,-0.0464945775531168,0.0464945775531168
64,ring_lattice,0.275,0.0,3.1224561135980404,0.042190407686804265,-0.042190407686804265,0.042190407686804265
64,ring_lattice,0.28,0.0,3.238102636323894,0.03775676356419311,-0.03775676356419311,0.03775676356419311
64,ring_lattice,0.28500000000000003,0.0,3.3537491590497472,0.033772607451197145,-0.033772607451197145,0.033772607451197145
64,ring_lattice,0.29,0.0,3.4693956817755995,0.03019567325361483,-0.03019567325361483,0.03019567325361483
64,ring_lattice,0.295,0.0,3.5850422045014527,0.026986999205985573,-0.026986999205985573,0.026986999205985573
64,ring_lattice,0.3,0.0,3.7006887272273064,0.024110810711935105,-0.024110810711935105,0.024110810711935105
64,ring_lattice,0.305,0.0,3.81633524995316,0.02153437311209072,-0.02153437311209072,0.02153437311209072
64,ring_lattice,0.31,0.0,3.931981772679013,0.019227824504457702,-0.019227824504457702,0.019227824504457702
64,ring_lattice,0.315,0.0,4.047628295404866,0.017163996752281196,-0.017163996752281196,0.017163996752281196
64,ring_lattice,0.32,0.0,4.16327481813072,0.015318231090681755,-0.015318231090681755,0.015318231090681755
64,ring_lattice,0.325,0.0,4.278921340856574,0.013668193278594254,-0.013668193278594254,0.013668193278594254
64,ring_lattice,0.33,0.0,4.394567863582427,0.01219369201889764,-0.01219369201889764,0.01219369201889764
64,ring_lattice,0.335,0.0,4.510214386308281,0.010876503363342005,-0.010876503363342005,0.010876503363342005
64,ring_lattice,0.34,0.0,4.625860909034134,0.009700203003643715,-0.009700203003643715,0.009700203003643715
64,ring_lattice,0.34500000000000003,0.0,4.741507431759987,0.008650007699490647,-0.008650007699490647,0.008650007699490647
64,ring_lattice,0.35000000000000003,0.0,4.857153954485841,0.007712626582906723,-0.007712626582906723,0.007712626582906723
64,ring_lattice,0.355,0.0,4.972800477211693,0.006876122683393104,-0.006876122683393104,0.006876122683393104
64,ring_lattice,0.36,0.0,5.088446999937546,0.006129784718906683,-0.006129784718906683,0.006129784718906683
64,ring_lattice,0.365,0.0,5.2040935226634,0.0054640089761383015,-0.0054640089761383015,0.0054640089761383015
64,ring_lattice,0.37,0.0,5.319740045389254,0.004870190944403996,-0.004870190944403996,0.004870190944403996
64,ring_lattice,0.375,0.0,5.435386568115106,0.004340626257829938,-0.004340626257829938,0.004340626257829938
64,ring_lattice,0.38,0.0,5.55103309084096,0.0038684204296923763,-0.0038684204296923763,0.0038684204296923763
64,ring_lattice,0.385,0.0,5.666679613566814,0.003447406821914578,-0.003447406821914578,0.003447406821914578
64,ring_lattice,0.39,0.0,5.782326136292667,0.003072072274653559,-0.003072072274653559,0.003072072274653559
64,ring_lattice,0.395,0.0,5.897972659018521,0.002737489819868877,-0.002737489819868877,0.002737489819868877
64,ring_lattice,0.4,0.0,6.013619181744374,0.0024392579141142567,-0.0024392579141142567,0.0024392579141142567
64,small_world,0.0,0.9566630615577868,-3.20763511229194,0.9611205911921488,-0.0044575296343619675,0.0044575296343619675
64,small_world,0.005,0.9515300267273675,-3.115988394797885,0.9575474540837215,-0.0060174273563540215,0.0060174273563540215
64,small_world,0.01,0.9474851890889496,-3.024341677303829,0.9536617668993411,-0.0061765778103914926,0.0061765778103914926
64,small_world,0.015,0.9411838738229106,-2.932694959809774,0.9494392018149438,-0.008255327992033212,0.008255327992033212
64,small_world,0.02,0.9341877281004359,-2.841048242315719,0.9448541061749535,-0.010666378074517535,0.010666378074517535
64,small_world,0.025,0.9297237739153631,-2.7494015248216632,0.9398795412953999,-0.010155767380036762,0.010155767380036762
64,small_world,0.03,0.9219393797528683,-2.6577548073276076,0.9344873482208806,-0.012547968468012316,0.012547968468012316
64,small_world,0.035,0.9147296174852145,-2.566108089833552,0.9286482451139142,-0.013918627628699665,0.013918627628699665
64,small_world,0.04,0.9086467604119542,-2.474461372339497,0.9223319612424293,-0.013685200830475086,0.013685200830475086
64,small_world,0.045,0.8986915989025891,-2.382814654845441,0.9155074127101708,-0.01681581380758168,0.01681581380758168
64,small_world,0.05,0.8906297722433051,-2.2911679373513856,0.908142925100672,-0.017513152857366876,0.017513152857366876
64,small_world,0.055,0.8819642070783219,-2.199521219857331,0.9002065080260846,-0.01824230094776269,0.01824230094776269
64,small_world,0.06,0.8731362179859391,-2.1078745023632752,0.8916661861296056,-0.018529968143666475,0.018529968143666475
64,small_world,0.065,0.861012734997189,-2.0162277848692196,0.8824903903228563,-0.021477655325667255,0.021477655325667255
64,small_world,0.07,0.8494278196626125,-1.9245810673751642,0.8726484118855549,-0.02322059222294237,0.02322059222294237
64,small_world,0.075,0.8398149477043857,-1.8329343498811088,0.8621109204574254,-0.02229597275303974,0.02229597275303974
64,small_world,0.08,0.8293705369658236,-1.7412876323870534,0.8508505448665482,-0.021480007900724574,0.021480007900724574
64,small_world,0.085,0.8152337489993555,-1.6496409148929978,0.838842513139661,-0.023608764140305438,0.023608764140305438
64,small_world,0.09,0.800917079307463,-1.5579941973989426,0.8260653449339044,-0.025148265626441346,0.025148265626441346
64,small_world,0.095,0.7868714019818278,-1.466347479904887,0.8125015860626013,-0.025630184080773444,0.025630184080773444
64,small_world,0.1,0.7751701048750782,-1.3747007624108316,0.7981385708575481,-0.022968465982469932,0.022968465982469932
64,small_world,0.105,0.7568941388040947,-1.2830540449167764,0.7829691939742875,-0.026075055170192818,0.026075055170192818
64,small_world,0.11,0.740747382664038,-1.1914073274227208,0.7669926691267881,-0.02624528646275015,0.02624528646275015
64,small_world,0.115,0.7222039781558415,-1.0997606099286654,0.7502152484191172,-0.028011270263275767,0.028011270263275767
64,small_world,0.12,0.7107734844569616,-1.00811389243461,0.7326508727636531,-0.021877388306691503,0.021877388306691503
64,small_world,0.125,0.6931620757562936,-0.9164671749405545,0.7143217217132689,-0.02115964595697528,0.02115964595697528
64,small_world,0.13,0.6744718598417645,-0.824820457446499,0.6952586302701478,-0.020786770428383283,0.020786770428383283
64,small_world,0.135,0.6530158782097011,-0.7331737399524435,0.6755013412152666,-0.02248546300556553,0.02248546300556553
64,small_world,0.14,0.6339280870063143,-0.641527022458388,0.6550985645003535,-0.02117047749403922,0.02117047749403922
64,small_world,0.145,0.6162351862382095,-0.549880304964333,0.6341078204018359,-0.01787263416362639,0.01787263416362639
64,small_world,0.15,0.5964427053384161,-0.45823358747027754,0.6125950504271556,-0.016152345088739417,0.016152345088739417
64,small_world,0.155,0.5763157856283867,-0.36658686997622203,0.5906339891593304,-0.014318203530943707,0.014318203530943707
64,small_world,0.16,0.5527678125726314,-0.2749401524821665,0.56830530088424,-0.015537488311608616,0.015537488311608616
64,small_world,0.165,0.5317436182735622,-0.18329343498811101,0.5456954963270073,-0.01395187805344511,0.01395187805344511
64,small_world,0.17,0.5135176304363426,-0.09164671749405551,0.522895656334372,-0.009378025898029385,0.009378025898029385
64,small_world,0.17500000000000002,0.4896428883876274,0.0,0.5,-0.010357111612372627,0.010357111612372627
64,small_world,0.18,0.46886430349041697,0.091646717494055,0.47710434366562815,-0.008240040175211183,0.008240040175211183
64,small_world,0.185,0.4441036071343299,0.18329343498811052,0.4543045036729928,-0.010200896538662907,0.010200896538662907
64,small_world,0.19,0.4230409447433892,0.274940152482166,0.4316946991157602,-0.008653754372370981,0.008653754372370981
64,small_world,0.195,0.39935100144278285,0.36658686997622153,0.4093660108406698,-0.010015009397886965,0.010015009397886965
64,small_world,0.2,0.3773904240555565,0.45823358747027704,0.38740494957284444,-0.010014525517287931,0.010014525517287931
64,small_world,0.20500000000000002,0.3565811090246031,0.5498803049643325,0.36589217959816434,-0.009311070573561231,0.009311070573561231
64,small_world,0.21,0.33510937941834884,0.6415270224583876,0.3449014354996466,-0.00979205608129774,0.00979205608129774
64,small_world,0.215,0.31594859257459035,0.7331737399524431,0.3244986587847335,-0.008550066210143148,0.008550066210143148
64,small_world,0.22,0.29308895918615613,0.8248204574464986,0.30474136972985233,-0.011652410543696201,0.011652410543696201
64,small_world,0.225,0.27226213687274775,0.9164671749405541,0.2856782782867312,-0.013416141413983451,0.013416141413983451
64,small_world,0.23,0.2526279454622797,1.0081138924346096,0.26734912723634696,-0.014721181774067282,0.014721181774067282
64,small_world,0.23500000000000001,0.23711531984008816,1.099760609928665,0.24978475158088287,-0.012669431740794712,0.012669431740794712
64,small_world,0.24,0.21710071214245585,1.1914073274227202,0.23300733087321202,-0.01590661873075616,0.01590661873075616
64,small_world,0.245,0.19888219996755196,1.2830540449167755,0.21703080602571267,-0.01814860605816071,0.01814860605816071
64,small_world,0.25,0.18241187280121293,1.3747007624108312,0.2018614291424521,-0.019449556341239155,0.019449556341239155
64,small_world,0.255,0.16575740359392013,1.4663474799048866,0.18749841393739886,-0.021741010343478723,0.021741010343478723
64,small_world,0.26,0.15090165582410328,1.5579941973989422,0.17393465506609573,-0.023032999241992452,0.023032999241992452
64,small_world,0.265,0.1378531464898618,1.6496409148929976,0.16115748686033904,-0.02330434037047724,0.02330434037047724
64,small_world,0.27,0.12209525984647905,1.7412876323870532,0.1491494551334519,-0.02705419528697285,0.02705419528697285
64,small_world,0.275,0.11086304695023318,1.8329343498811086,0.13788907954257457,-0.02702603259234139,0.02702603259234139
64,small_world,0.28,0.09849318718064475,1.9245810673751642,0.12735158811444514,-0.02885840093380039,0.02885840093380039
64,small_world,0.28500000000000003,0.08603969912181912,2.0162277848692196,0.11750960967714374,-0.03146991055532462,0.03146991055532462
64,small_world,0.29,0.07838551526842405,2.107874502363274,0.10833381387039454,-0.029948298601970486,0.029948298601970486
64,small_world,0.295,0.06608727444612734,2.1995212198573295,0.09979349197391563,-0.03370621752778828,0.03370621752778828
64,small_world,0.3,0.05927554756842828,2.291167937351385,0.09185707489932804,-0.03258152733089976,0.03258152733089976
64,small_world,0.305,0.049802424964332605,2.3828146548454407,0.08449258728982922,-0.03469016232549662,0.03469016232549662
64,small_world,0.31,0.041879124962408414,2.474461372339496,0.07766803875757089,-0.035788913795162476,0.035788913795162476
64,small_world,0.315,0.03498439875542321,2.5661080898335515,0.07135175488608592,-0.036367356130662706,0.036367356130662706
64,small_world,0.32,0.026629913830465368,2.657754807327607,0.06551265177911936,-0.03888273794865399,0.03888273794865399
64,small_world,0.325,0.021974045241334502,2.749401524821663,0.06012045870460003,-0.03814641346326553,0.03814641346326553
64,small_world,0.33,0.014959842035355714,2.841048242315718,0.05514589382504653,-0.04018605178969082,0.04018605178969082
64,small_world,0.335,0.009235345539915703,2.9326949598097736,0.05056079818505632,-0.04132545264514062,0.04132545264514062
64,small_world,0.34,0.006187596093627549,3.024341677303829,0.046338233100658766,-0.04015063700703122,0.04015063700703122
64,small_world,0.34500000000000003,0.0010654316364333187,3.115988394797885,0.04245254591627834,-0.04138711427984502,0.04138711427984502
64,small_world,0.35000000000000003,0.000897657866489004,3.20763511229194,0.038879408807851235,-0.03798175094136223,0.03798175094136223
64,small_world,0.355,0.000728960427999414,3.2992818297859947,0.03559583495288432,-0.034866874524884905,0.034866874524884905
64,small_world,0.36,0.0,3.3909285472800503,0.03258017599032115,-0.03258017599032115,0.03258017599032115
64,small_world,0.365,0.0,3.4825752647741055,0.029812104278807317,-0.029812104278807317,0.029812104278807317
64,small_world,0.37,0.0,3.574221982268161,0.027272583049273824,-0.027272583049273824,0.027272583049273824
64,small_world,0.375,0.0,3.6658686997622167,0.02494382714966581,-0.02494382714966581,0.02494382714966581
64,small_world,0.38,0.0,3.7575154172562724,0.02280925670501277,-0.02280925670501277,0.02280925670501277
64,small_world,0.385,0.0,3.8491621347503275,0.020853445670436455,-0.020853445670436455,0.020853445670436455
64,small_world,0.39,0.0,3.940808852244383,0.019062066941112232,-0.019062066941112232,0.019062066941112232
64,small_world,0.395,0.0,4.032455569738438,0.01742183540270137,-0.01742183540270137,0.01742183540270137
64,small_world,0.4,0.0,4.124102287232494,0.015920450057961943,-0.015920450057961943,0.015920450057961943
64,erdos_renyi,0.0,0.9096796079146219,-3.2323078272675083,0.9620321392682852,-0.052352531353663356,0.052352531353663356
64,erdos_renyi,0.005,0.9035806366129747,-3.103015514176808,0.9570169608275745,-0.05343632421459976,0.05343632421459976
64,erdos_renyi,0.01,0.8989222854967713,-2.9737232010861074,0.9513728116616333,-0.05245052616486201,0.05245052616486201
64,erdos_renyi,0.015,0.8910334667980683,-2.844430887995407,0.9450300933430387,-0.053996626544970394,0.053996626544970394
64,erdos_renyi,0.02,0.8835361323768808,-2.7151385749047066,0.9379140486362998,-0.05437791625941901,0.05437791625941901
64,erdos_renyi,0.025,0.8756999757981895,-2.5858462618140066,0.9299450954422721,-0.05424511964408263,0.05424511964408263
64,erdos_renyi,0.03,0.8684933796139891,-2.456553948723306,0.9210394092853538,-0.05254602967136468,0.05254602967136468
64,erdos_renyi,0.035,0.8565137770783622,-2.3272616356326057,0.9111098096348106,-0.054596032556448404,0.054596032556448404
64,erdos_renyi,0.04,0.847543141461588,-2.1979693225419052,0.9000670071041268,-0.05252386564253875,0.05252386564253875
64,erdos_renyi,0.045,0.8364000078185546,-2.0686770094512053,0.8878212662317954,-0.051421258413240745,0.051421258413240745
64,erdos_renyi,0.05,0.8246357263003574,-1.9393846963605048,0.8742845303640958,-0.049648804063738394,0.049648804063738394
64,erdos_renyi,0.055,0.8116785536284447,-1.8100923832698048,0.859373039248799,-0.04769448562035439,0.04769448562035439
64,erdos_renyi,0.06,0.7988575484688415,-1.6808000701791044,0.8430104445306996,-0.04415289606185813,0.04415289606185813
64,erdos_renyi,0.065,0.779659961646801,-1.551507757088404,0.8251313921297612,-0.04547143048296021,0.04547143048296021
64,erdos_renyi,0.07,0.762286251467708,-1.4222154439977035,0.8056854932076621,-0.04339924173995413,0.04339924173995413
64,erdos_renyi,0.075,0.747560459288998,-1.2929231309070033,0.7846415484440977,-0.03708108915509978,0.03708108915509978
64,erdos_renyi,0.08,0.7291542517402335,-1.1636308178163028,0.7619918272406571,-0.032837575500423544,0.032837575500423544
64,erdos_renyi,0.085,0.7084068865715364,-1.0343385047256024,0.7377561404958555,-0.029349253924319085,0.029349253924319085
64,erdos_renyi,0.09,0.688637165301709,-0.9050461916349024,0.7119853916635284,-0.023348226361819324,0.023348226361819324
64,erdos_renyi,0.095,0.6629444261894896,-0.775753878544202,0.6847642568440573,-0.021819830654567718,0.021819830654567718
64,erdos_renyi,0.1,0.6435309594033596,-0.6464615654535015,0.6562126421214141,-0.012681682718054477,0.012681682718054477
64,erdos_renyi,0.105,0.6157470360125978,-0.5171692523628014,0.626485604954692,-0.010738568942094129,0.010738568942094129
64,erdos_renyi,0.11,0.5895296180970059,-0.387876939272101,0.5957715113462342,-0.006241893249228303,0.006241893249228303
64,erdos_renyi,0.115,0.5621416808336689,-0.25858462618140055,0.5642883297931491,-0.0021466489594802463,0.0021466489594802463
64,erdos_renyi,0.12,0.5389614444063787,-0.12929231309070044,0.5322781260148116,0.006683318391567106,0.006683318391567106
64,erdos_renyi,0.125,0.5095626295671969,0.0,0.5,0.00956262956719689,0.00956262956719689
64,erdos_renyi,0.13,0.4782314186431739,0.12929231309070044,0.4677218739851884,0.010509544657985537,0.010509544657985537
64,erdos_renyi,0.135,0.4449164730218467,0.2585846261814009,0.43571167020685087,0.00920480281499586,0.00920480281499586
64,erdos_renyi,0.14,0.4149813655265606,0.3878769392721013,0.4042284886537657,0.010752876872794914,0.010752876872794914
64,erdos_renyi,0.145,0.38388600186498173,0.5171692523628011,0.37351439504530815,0.010371606819673584,0.010371606819673584
64,erdos_renyi,0.15,0.35200770952237764,0.6464615654535015,0.34378735787858594,0.008220351643791701,0.008220351643791701
64,erdos_renyi,0.155,0.3220007245108574,0.775753878544202,0.3152357431559427,0.0067649813549146565,0.0067649813549146565
64,erdos_renyi,0.16,0.28744769400067394,0.9050461916349024,0.28801460833647174,-0.0005669143357978079,0.0005669143357978079
64,erdos_renyi,0.165,0.2586217515491595,1.0343385047256028,0.2622438595041444,-0.00362210795498491,0.00362210795498491
64,erdos_renyi,0.17,0.23106182941689601,1.1636308178163033,0.23800817275934294,-0.006946343342446926,0.006946343342446926
64,erdos_renyi,0.17500000000000002,0.200763682589536,1.2929231309070037,0.21535845155590216,-0.014594768966366162,0.014594768966366162
64,erdos_renyi,0.18,0.17545486124827633,1.4222154439977035,0.19431450679233786,-0.018859645544061526,0.018859645544061526
64,erdos_renyi,0.185,0.14712098710034444,1.551507757088404,0.17486860787023883,-0.0277476207698944,0.0277476207698944
64,erdos_renyi,0.19,0.12463020996194228,1.6808000701791044,0.1569895554693005,-0.03235934550735821,0.03235934550735821
64,erdos_renyi,0.195,0.10155483345341909,1.8100923832698048,0.14062696075120096,-0.03907212729778187,0.03907212729778187
64,erdos_renyi,0.2,0.08130063892964509,1.9393846963605053,0.1257154696359042,-0.044414830706259095,0.044414830706259095
64,erdos_renyi,0.20500000000000002,0.06314087339430709,2.0686770094512057,0.11217873376820464,-0.049037860373897554,0.049037860373897554
64,erdos_renyi,0.21,0.04702931715245907,2.1979693225419052,0.09993299289587321,-0.05290367574341414,0.05290367574341414
64,erdos_renyi,0.215,0.033156963833640044,2.3272616356326057,0.08889019036518941,-0.05573322653154937,0.05573322653154937
64,erdos_renyi,0.22,0.018917084441890202,2.456553948723306,0.07896059071464623,-0.06004350627275602,0.06004350627275602
64,erdos_renyi,0.225,0.006177718936345851,2.5858462618140066,0.07005490455772789,-0.06387718562138205,0.06387718562138205
64,erdos_renyi,0.23,0.000729368786676155,2.715138574904707,0.06208595136370032,-0.061356582577024164,0.061356582577024164
64,erdos_renyi,0.23500000000000001,4.788227359911352e-06,2.8444308879954074,0.05496990665696133,-0.05496511842960142,0.05496511842960142
64,erdos_renyi,0.24,0.00011558210814568185,2.9737232010861074,0.04862718833836677,-0.048511606230221084,0.048511606230221084
64,erdos_renyi,0.245,0.0,3.103015514176808,0.04298303917242552,-0.04298303917242552,0.04298303917242552
64,erdos_renyi,0.25,0.0,3.2323078272675083,0.037967860731714875,-0.037967860731714875,0.037967860731714875
64,erdos_renyi,0.255,0.0,3.3616001403582088,0.03351734972622811,-0.03351734972622811,0.03351734972622811
64,erdos_renyi,0.26,0.0,3.490892453448909,0.02957248183909922,-0.02957248183909922,0.02957248183909922
64,erdos_renyi,0.265,0.0,3.6201847665396096,0.026079381804328672,-0.026079381804328672,0.026079381804328672
64,erdos_renyi,0.27,0.0,3.74947707963031,0.022989112092761332,-0.022989112092761332,0.022989112092761332
64,erdos_renyi,0.275,0.0,3.8787693927210105,0.02025740659885844,-0.02025740659885844,0.02025740659885844
64,erdos_renyi,0.28,0.0,4.008061705811711,0.017844370356861594,-0.017844370356861594,0.017844370356861594
64,erdos_renyi,0.28500000000000003,0.0,4.137354018902411,0.015714161656017023,-0.015714161656017023,0.015714161656017023
64,erdos_renyi,0.29,0.0,4.26664633199311,0.013834668985370224,-0.013834668985370224,0.013834668985370224
64,erdos_renyi,0.295,0.0,4.3959386450838105,0.01217719198339362,-0.01217719198339362,0.01217719198339362
64,erdos_renyi,0.3,0.0,4.525230958174511,0.01071613293192586,-0.01071613293192586,0.01071613293192586
64,erdos_renyi,0.305,0.0,4.654523271265211,0.009428703239859781,-0.009428703239859781,0.009428703239859781
64,erdos_renyi,0.31,0.0,4.783815584355912,0.008294647729163218,-0.008294647729163218,0.008294647729163218
64,erdos_renyi,0.315,0.0,4.913107897446612,0.007295988286885824,-0.007295988286885824,0.007295988286885824
64,erdos_renyi,0.32,0.0,5.042400210537313,0.006416787511539179,-0.006416787511539179,0.006416787511539179
64,erdos_renyi,0.325,0.0,5.171692523628013,0.0056429322989408615,-0.0056429322989408615,0.0056429322989408615
64,erdos_renyi,0.33,0.0,5.300984836718714,0.004961936828595692,-0.004961936828595692,0.004961936828595692
64,erdos_renyi,0.335,0.0,5.430277149809414,0.004362764082923021,-0.004362764082923021,0.004362764082923021
64,erdos_renyi,0.34,0.0,5.5595694629001144,0.003835664821940643,-0.003835664821940643,0.003835664821940643
64,erdos_renyi,0.34500000000000003,0.0,5.688861775990815,0.003372032816193138,-0.003372032816193138,0.003372032816193138
64,erdos_renyi,0.35000000000000003,0.0,5.818154089081515,0.00296427508741981,-0.00296427508741981,0.00296427508741981
64,erdos_renyi,0.355,0.0,5.947446402172215,0.002605695901378935,-0.002605695901378935,0.002605695901378935
64,erdos_renyi,0.36,0.0,6.076738715262915,0.00229039328608871,-0.00229039328608871,0.00229039328608871
64,erdos_renyi,0.365,0.0,6.206031028353616,0.0020131669005736264,-0.0020131669005736264,0.0020131669005736264
64,erdos_renyi,0.37,0.0,6.335323341444316,0.0017694361457143426,-0.0017694361457143426,0.0017694361457143426
64,erdos_renyi,0.375,0.0,6.464615654535017,0.0015551674837691598,-0.0015551674837691598,0.0015551674837691598
64,erdos_renyi,0.38,0.0,6.593907967625717,0.0013668100120496351,-0.0013668100120496351,0.0013668100120496351
64,erdos_renyi,0.385,0.0,6.7232002807164175,0.001201238415780348,-0.001201238415780348,0.001201238415780348
64,erdos_renyi,0.39,0.0,6.852492593807118,0.0010557025030802913,-0.0010557025030802913,0.0010557025030802913
64,erdos_renyi,0.395,0.0,6.981784906897818,0.0009277825997311417,-0.0009277825997311417,0.0009277825997311417
64,erdos_renyi,0.4,0.0,7.111077219988519,0.0008153501519305717,-0.0008153501519305717,0.0008153501519305717
64,scale_free,0.0,0.8755507310229117,-3.3936714571478777,0.9675061662325375,-0.09195543520962579,0.09195543520962579
64,scale_free,0.005,0.867803439294203,-3.239413663641156,0.9622908387643774,-0.09448739947017437,0.09448739947017437
64,scale_free,0.01,0.8647966282003048,-3.0851558701344346,0.956276269531279,-0.09147964133097419,0.09147964133097419
64,scale_free,0.015,0.8560025528800016,-2.9308980766277126,0.9493528738145817,-0.09335032093458007,0.09335032093458007
64,scale_free,0.02,0.8440290984203003,-2.7766402831209906,0.9414003779268839,-0.09737127950658364,0.09737127950658364
64,scale_free,0.025,0.8375431467688051,-2.622382489614269,0.932288260498727,-0.09474511372992189,0.09474511372992189
64,scale_free,0.03,0.826483535523645,-2.4681246961075476,0.9218768123751925,-0.09539327685154753,0.09539327685154753
64,scale_free,0.035,0.8167409662133077,-2.3138669026008256,0.9100189968162586,-0.09327803060295092,0.09327803060295092
64,scale_free,0.04,0.8028888620935709,-2.159609109094104,0.8965633038972353,-0.09367444180366435,0.09367444180366435
64,scale_free,0.045,0.7912023640113777,-2.0053513155873826,0.8813577878548079,-0.09015542384343023,0.09015542384343023
64,scale_free,0.05,0.7741197533258363,-1.8510935220806606,0.864255443891438,-0.09013569056560178,0.09013569056560178
64,scale_free,0.055,0.7557634109715581,-1.6968357285739388,0.8451210108767961,-0.08935759990523806,0.08935759990523806
64,scale_free,0.06,0.7401497970974541,-1.5425779350672173,0.8238391686700653,-0.08368937157261125,0.08368937157261125
64,scale_free,0.065,0.7203865706227758,-1.3883201415604953,0.8003239278976794,-0.07993735727490359,0.07993735727490359
64,scale_free,0.07,0.7007026386832261,-1.2340623480537736,0.774528789208924,-0.07382615052569785,0.07382615052569785
64,scale_free,0.075,0.680905255127166,-1.079804554547052,0.7464569953183506,-0.0655517401911846,0.0655517401911846
64,scale_free,0.08,0.6585898994080136,-0.9255467610403303,0.716170947133742,-0.05758104772572836,0.05758104772572836
64,scale_free,0.085,0.6307282933802257,-0.7712889675336084,0.6837996573175065,-0.053071363937280736,0.053071363937280736
64,scale_free,0.09,0.6059029757152927,-0.617031174026887,0.6495430346919417,-0.04364005897664902,0.04364005897664902
64,scale_free,0.095,0.5794683711765879,-0.46277338052016515,0.6136718925170948,-0.03420352134050686,0.03420352134050686
64,scale_free,0.1,0.5509332092095977,-0.3085155870134433,0.5765228914697659,-0.025589682260168223,0.025589682260168223
64,scale_free,0.105,0.519749715706647,-0.15425779350672186,0.538488158319523,-0.01873844261287605,0.01873844261287605
64,scale_free,0.11,0.48995423286205964,0.0,0.5,-0.010045767137940365,0.010045767137940365
64,scale_free,0.115,0.45429769277704835,0.15425779350672186,0.461511841680477,-0.007214148903428641,0.007214148903428641
64,scale_free,0.12,0.4198640337692212,0.3085155870134433,0.4234771085302341,-0.0036130747610129132,0.0036130747610129132
64,scale_free,0.125,0.38038119551504473,0.46277338052016515,0.38632810748290514,-0.005946911967860402,0.005946911967860402
64,scale_free,0.13,0.3438180213747806,0.617031174026887,0.35045696530805837,-0.006638943933277741,0.006638943933277741
64,scale_free,0.135,0.3072199604687975,0.7712889675336089,0.3162003426824934,-0.008980382213695903,0.008980382213695903
64,scale_free,0.14,0.26775042864126075,0.9255467610403307,0.2838290528662579,-0.016078624224997173,0.016078624224997173
64,scale_free,0.145,0.23009106371543678,1.0798045545470516,0.25354300468164936,-0.023451940966212587,0.023451940966212587
64,scale_free,0.15,0.19432082638101592,1.2340623480537736,0.22547121079107613,-0.03115038441006021,0.03115038441006021
64,scale_free,0.155,0.16102877498621246,1.3883201415604953,0.19967607210232063,-0.038647297116108176,0.038647297116108176
64,scale_free,0.16,0.13064493145374192,1.5425779350672173,0.17616083132993454,-0.04551589987619262,0.04551589987619262
64,scale_free,0.165,0.09948041705045611,1.696835728573939,0.15487898912320375,-0.055398572072747634,0.055398572072747634
64,scale_free,0.17,0.07328805941927877,1.851093522080661,0.13574455610856195,-0.062456496689283186,0.062456496689283186
64,scale_free,0.17500000000000002,0.045543187918727114,2.005351315587383,0.1186422121451921,-0.073099024226465,0.073099024226465
64,scale_free,0.18,0.02634867030870637,2.1596091090941036,0.10343669610276474,-0.07708802579405837,0.07708802579405837
64,scale_free,0.185,0.0069746167851841645,2.3138669026008256,0.08998100318374136,-0.08300638639855719,0.08300638639855719
64,scale_free,0.19,0.0001811626501387832,2.4681246961075476,0.07812318762480752,-0.07794202497466873,0.07794202497466873
64,scale_free,0.195,0.0,2.6223824896142696,0.06771173950127285,-0.06771173950127285,0.06771173950127285
64,scale_free,0.2,0.0,2.776640283120991,0.05859962207311609,-0.05859962207311609,0.05859962207311609
64,scale_free,0.20500000000000002,0.0,2.930898076627713,0.050647126185418334,-0.050647126185418334,0.050647126185418334
64,scale_free,0.21,0.0,3.085155870134434,0.04372373046872102,-0.04372373046872102,0.04372373046872102
64,scale_free,0.215,0.0,3.239413663641156,0.03770916123562251,-0.03770916123562251,0.03770916123562251
64,scale_free,0.22,0.0,3.3936714571478777,0.03249383376746251,-0.03249383376746251,0.03249383376746251
64,scale_free,0.225,0.0,3.5479292506545996,0.027978834912241735,-0.027978834912241735,0.027978834912241735
64,scale_free,0.23,0.0,3.7021870441613216,0.024075581220698306,-0.024075581220698306,0.024075581220698306
64,scale_free,0.23500000000000001,0.0,3.8564448376680427,0.020705260964936745,-0.020705260964936745,0.020705260964936745
64,scale_free,0.24,0.0,4.010702631174765,0.017798144522088832,-0.017798144522088832,0.017798144522088832
64,scale_free,0.245,0.0,4.164960424681486,0.015292826865387799,-0.015292826865387799,0.015292826865387799
64,scale_free,0.25,0.0,4.319218218188208,0.013135448646969028,-0.013135448646969028,0.013135448646969028
64,scale_free,0.255,0.0,4.47347601169493,0.011278928487589823,-0.011278928487589823,0.011278928487589823
64,scale_free,0.26,0.0,4.627733805201652,0.009682228269894178,-0.009682228269894178,0.009682228269894178
64,scale_free,0.265,0.0,4.781991598708374,0.008309665019502255,-0.008309665019502255,0.008309665019502255
64,scale_free,0.27,0.0,4.936249392215096,0.0071302768885285195,-0.0071302768885285195,0.0071302768885285195
64,scale_free,0.275,0.0,5.090507185721818,0.006117246395258458,-0.006117246395258458,0.006117246395258458
64,scale_free,0.28,0.0,5.24476497922854,0.005247381041274868,-0.005247381041274868,0.005247381041274868
64,scale_free,0.28500000000000003,0.0,5.399022772735261,0.004500649404290957,-0.004500649404290957,0.004500649404290957
64,scale_free,0.29,0.0,5.553280566241981,0.0038597695324468217,-0.0038597695324468217,0.0038597695324468217
64,scale_free,0.295,0.0,5.707538359748703,0.003309845739221551,-0.003309845739221551,0.003309845739221551
64,scale_free,0.3,0.0,5.861796153255425,0.0028380495590960564,-0.0028380495590960564,0.0028380495590960564
64,scale_free,0.305,0.0,6.016053946762147,0.002433340552549179,-0.002433340552549179,0.002433340552549179
64,scale_free,0.31,0.0,6.170311740268869,0.0020862227553591906,-0.0020862227553591906,0.0020862227553591906
64,scale_free,0.315,0.0,6.324569533775591,0.0017885327859544775,-0.0017885327859544775,0.0017885327859544775
64,scale_free,0.32,0.0,6.478827327282312,0.0015332559085859954,-0.0015332559085859954,0.0015332559085859954
64,scale_free,0.325,0.0,6.633085120789034,0.0013143666662508435,-0.0013143666662508435,0.0013143666662508435
64,scale_free,0.33,0.0,6.787342914295756,0.0011266910228080462,-0.0011266910228080462,0.0011266910228080462
64,scale_free,0.335,0.0,6.941600707802478,0.0009657872735207018,-0.0009657872735207018,0.0009657872735207018
64,scale_free,0.34,0.0,7.0958585013092,0.000827843287788177,-0.000827843287788177,0.000827843287788177
64,scale_free,0.34500000000000003,0.0,7.250116294815922,0.0007095879314706899,-0.0007095879314706899,0.0007095879314706899
64,scale_free,0.35000000000000003,0.0,7.404374088322644,0.0006082147761459211,-0.0006082147761459211,0.0006082147761459211
64,scale_free,0.355,0.0,7.558631881829364,0.0005213164378856661,-0.0005213164378856661,0.0005213164378856661
64,scale_free,0.36,0.0,7.712889675336085,0.00044682809900820075,-0.00044682809900820075,0.00044682809900820075
64,scale_free,0.365,0.0,7.867147468842807,0.0003829789538213335,-0.0003829789538213335,0.0003829789538213335
64,scale_free,0.37,0.0,8.02140526234953,0.0003282504851737089,-0.0003282504851737089,0.0003282504851737089
64,scale_free,0.375,0.0,8.175663055856251,0.00028134062445461794,-0.00028134062445461794,0.00028134062445461794
64,scale_free,0.38,0.0,8.329920849362972,0.0002411329754190561,-0.0002411329754190561,0.0002411329754190561
64,scale_free,0.385,0.0,8.484178642869695,0.0002066703937207981,-0.0002066703937207981,0.0002066703937207981
64,scale_free,0.39,0.0,8.638436436376416,0.00017713231108740235,-0.00017713231108740235,0.00017713231108740235
64,scale_free,0.395,0.0,8.79269422988314,0.00015181527736152223,-0.00015181527736152223,0.00015181527736152223
64,scale_free,0.4,0.0,8.94695202338986,0.00013011626668146814,-0.00013011626668146814,0.00013011626668146814
64,modular_clustered,0.0,0.8415779291830808,-3.2833826754682325,0.9638543183276713,-0.12227638914459049,0.12227638914459049
64,modular_clustered,0.005,0.8319099666839883,-3.1105730609699043,0.9573267727325708,-0.12541680604858252,0.12541680604858252
64,modular_clustered,0.01,0.8247644082373519,-2.9377634464715765,0.9496819579831147,-0.12491754974576286,0.12491754974576286
64,modular_clustered,0.015,0.8187496941693023,-2.7649538319732483,0.9407523511859417,-0.12200265701663937,0.12200265701663937
64,modular_clustered,0.02,0.8031617592550712,-2.59214421747492,0.9303542803798717,-0.1271925211248005,0.1271925211248005
64,modular_clustered,0.025,0.7928779697271157,-2.4193346029765923,0.9182898312871076,-0.12541186155999196,0.12541186155999196
64,modular_clustered,0.03,0.7788034238650406,-2.246524988478264,0.9043503659647593,-0.12554694209971862,0.12554694209971862
64,modular_clustered,0.035,0.7677767922998688,-2.073715373979936,0.8883220808179111,-0.12054528851804225,0.12054528851804225
64,modular_clustered,0.04,0.7518044600571296,-1.9009057594816081,0.8699940053888795,-0.11818954533174986,0.11818954533174986
64,modular_clustered,0.045,0.7365113680638586,-1.7280961449832801,0.8491687342964307,-0.11265736623257205,0.11265736623257205
64,modular_clustered,0.05,0.7174273972933007,-1.5552865304849521,0.8256759600449779,-0.10824856275167716,0.10824856275167716
64,modular_clustered,0.055,0.6971829774077903,-1.3824769159866241,0.7993885092215272,-0.10220553181373682,0.10220553181373682
64,modular_clustered,0.06,0.6791041003205226,-1.2096673014882962,0.770240076584517,-0.09113597626399439,0.09113597626399439
64,modular_clustered,0.065,0.6572702691435882,-1.036857686989968,0.7382432397651613,-0.08097297062157305,0.08097297062157305
64,modular_clustered,0.07,0.6331221448883451,-0.8640480724916398,0.7035057182708924,-0.0703835733825473,0.0703835733825473
64,modular_clustered,0.075,0.6094500693322024,-0.6912384579933122,0.6662423712480805,-0.05679230191587814,0.05679230191587814
64,modular_clustered,0.08,0.582975001084039,-0.518428843494984,0.62678030404218,-0.043805302958141,0.043805302958141
64,modular_clustered,0.085,0.5533843635481284,-0.34561922899665587,0.5855548518067167,-0.03217048825858837,0.03217048825858837
64,modular_clustered,0.09,0.5257298763110326,-0.17280961449832816,0.5430952103582427,-0.01736533404721008,0.01736533404721008
64,modular_clustered,0.095,0.49483700443004164,0.0,0.5,-0.005162995569958362,0.005162995569958362
64,modular_clustered,0.1,0.4585080782991462,0.17280961449832816,0.4569047896417573,0.0016032886573889016,0.0016032886573889016
64,modular_clustered,0.105,0.42044257836138427,0.34561922899665587,0.4144451481932834,0.005997430168100892,0.005997430168100892
64,modular_clustered,0.11,0.37981613884610615,0.518428843494984,0.3732196959578201,0.006596442888286036,0.006596442888286036
64,modular_clustered,0.115,0.33845578525891634,0.6912384579933122,0.3337576287519195,0.004698156506996842,0.004698156506996842
64,modular_clustered,0.12,0.29568950373557185,0.8640480724916398,0.29649428172910763,-0.0008047779935357879,0.0008047779935357879
64,modular_clustered,0.125,0.2520509780097524,1.036857686989968,0.26175676023483885,-0.009705782225086446,0.009705782225086446
64,modular_clustered,0.13,0.2119332459010043,1.2096673014882962,0.22975992341548301,-0.017826677514478723,0.017826677514478723
64,modular_clustered,0.135,0.16984861211336777,1.3824769159866244,0.20061149077847296,-0.030762878665105187,0.030762878665105187
64,modular_clustered,0.14,0.1291779498482009,1.5552865304849526,0.174324039955022,-0.04514609010682108,0.04514609010682108
64,modular_clustered,0.145,0.09725123886331834,1.7280961449832797,0.15083126570356942,-0.05358002684025108,0.05358002684025108
64,modular_clustered,0.15,0.05929400115732797,1.900905759481608,0.1300059946111205,-0.07071199345379253,0.07071199345379253
64,modular_clustered,0.155,0.028664879829546245,2.073715373979936,0.11167791918208891,-0.08301303935254267,0.08301303935254267
64,modular_clustered,0.16,0.0048266246270581015,2.246524988478264,0.09564963403524074,-0.09082300940818264,0.09082300940818264
64,modular_clustered,0.165,0.0,2.4193346029765923,0.0817101687128925,-0.0817101687128925,0.0817101687128925
64,modular_clustered,0.17,0.0,2.5921442174749205,0.06964571962012833,-0.06964571962012833,0.06964571962012833
64,modular_clustered,0.17500000000000002,0.0,2.7649538319732487,0.05924764881405831,-0.05924764881405831,0.05924764881405831
64,modular_clustered,0.18,0.0,2.937763446471576,0.05031804201688528,-0.05031804201688528,0.05031804201688528
64,modular_clustered,0.185,0.0,3.1105730609699043,0.04267322726742917,-0.04267322726742917,0.04267322726742917
64,modular_clustered,0.19,0.0,3.2833826754682325,0.03614568167232868,-0.03614568167232868,0.03614568167232868
64,modular_clustered,0.195,0.0,3.4561922899665602,0.030584727643871767,-0.030584727643871767,0.030584727643871767
64,modular_clustered,0.2,0.0,3.6290019044648885,0.025856366476490256,-0.025856366476490256,0.025856366476490256
64,modular_clustered,0.20500000000000002,0.0,3.8018115189632167,0.021842533497994587,-0.021842533497994587,0.021842533497994587
64,modular_clustered,0.21,0.0,3.974621133461544,0.018439996220368404,-0.018439996220368404,0.018439996220368404
64,modular_clustered,0.215,0.0,4.147430747959872,0.015559060809700154,-0.015559060809700154,0.015559060809700154
64,modular_clustered,0.22,0.0,4.3202403624582,0.013122205275845733,-0.013122205275845733,0.013122205275845733
64,modular_clustered,0.225,0.0,4.493049976956528,0.011062720414854565,-0.011062720414854565,0.011062720414854565
64,modular_clustered,0.23,0.0,4.665859591454857,0.009323410931777354,-0.009323410931777354,0.009323410931777354
64,modular_clustered,0.23500000000000001,0.0,4.838669205953185,0.007855388024593513,-0.007855388024593513,0.007855388024593513
64,modular_clustered,0.24,0.0,5.011478820451512,0.0066169695930323735,-0.0066169695930323735,0.0066169695930323735
64,modular_clustered,0.245,0.0,5.18428843494984,0.00557269380689962,-0.00557269380689962,0.00557269380689962
64,modular_clustered,0.25,0.0,5.357098049448168,0.004692444868632517,-0.004692444868632517,0.004692444868632517
64,modular_clustered,0.255,0.0,5.529907663946497,0.003950685487418948,-0.003950685487418948,0.003950685487418948
64,modular_clustered,0.26,0.0,5.702717278444824,0.003325788103754168,-0.003325788103754168,0.003325788103754168
64,modular_clustered,0.265,0.0,5.875526892943153,0.0027994556975075024,-0.0027994556975075024,0.0027994556975075024
64,modular_clustered,0.27,0.0,6.048336507441481,0.0023562226591915536,-0.0023562226591915536,0.0023562226591915536
64,modular_clustered,0.275,0.0,6.221146121939809,0.0019830263984788044,-0.0019830263984788044,0.0019830263984788044
64,modular_clustered,0.28,0.0,6.393955736438137,0.001668840889978429,-0.001668840889978429,0.001668840889978429
64,modular_clustered,0.28500000000000003,0.0,6.566765350936466,0.0014043640641471233,-0.0014043640641471233,0.0014043640641471233
64,modular_clustered,0.29,0.0,6.739574965434792,0.001181751739888326,-0.001181751739888326,0.001181751739888326
64,modular_clustered,0.295,0.0,6.91238457993312,0.0009943915988476215,-0.0009943915988476215,0.0009943915988476215
64,modular_clustered,0.3,0.0,7.085194194431448,0.0008367114783598417,-0.0008367114783598417,0.0008367114783598417
64,modular_clustered,0.305,0.0,7.258003808929776,0.000704016986284528,-0.000704016986284528,0.000704016986284528
64,modular_clustered,0.31,0.0,7.430813423428105,0.0005923541041232827,-0.0005923541041232827,0.0005923541041232827
64,modular_clustered,0.315,0.0,7.6036230379264325,0.0004983930400348502,-0.0004983930400348502,0.0004983930400348502
64,modular_clustered,0.32,0.0,7.776432652424761,0.00041933012078387844,-0.00041933012078387844,0.00041933012078387844
64,modular_clustered,0.325,0.0,7.949242266923089,0.0003528049744035977,-0.0003528049744035977,0.0003528049744035977
64,modular_clustered,0.33,0.0,8.122051881421417,0.0002968306582120661,-0.0002968306582120661,0.0002968306582120661
64,modular_clustered,0.335,0.0,8.294861495919745,0.00024973473539480207,-0.00024973473539480207,0.00024973473539480207
64,modular_clustered,0.34,0.0,8.467671110418074,0.00021010960347345176,-0.00021010960347345176,0.00021010960347345176
64,modular_clustered,0.34500000000000003,0.0,8.6404807249164,0.00017677063535470605,-0.00017677063535470605,0.00017677063535470605
64,modular_clustered,0.35000000000000003,0.0,8.81329033941473,0.00014872091361395334,-0.00014872091361395334,0.00014872091361395334
64,modular_clustered,0.355,0.0,8.986099953913056,0.00012512152621058092,-0.00012512152621058092,0.00012512152621058092
64,modular_clustered,0.36,0.0,9.158909568411385,0.00010526655132681029,-0.00010526655132681029,0.00010526655132681029
64,modular_clustered,0.365,0.0,9.331719182909714,8.856199445905766e-05,-8.856199445905766e-05,8.856199445905766e-05
64,modular_clustered,0.37,0.0,9.504528797408042,7.45080556988631e-05,-7.45080556988631e-05,7.45080556988631e-05
64,modular_clustered,0.375,0.0,9.67733841190637,6.268420235855388e-05,-6.268420235855388e-05,6.268420235855388e-05
64,modular_clustered,0.38,0.0,9.850148026404698,5.273660431992511e-05,-5.273660431992511e-05,5.273660431992511e-05
64,modular_clustered,0.385,0.0,10.022957640903027,4.436755896841671e-05,-4.436755896841671e-05,4.436755896841671e-05
64,modular_clustered,0.39,0.0,10.195767255401353,3.732659126776117e-05,-3.732659126776117e-05,3.732659126776117e-05
64,modular_clustered,0.395,0.0,10.368576869899682,3.140296403914e-05,-3.140296403914e-05,3.140296403914e-05
64,modular_clustered,0.4,0.0,10.54138648439801,2.641937529967997e-05,-2.641937529967997e-05,2.641937529967997e-05
128,ring_lattice,0.0,0.9358704050281356,-3.4810719321583394,0.9701443835684107,-0.03427397854027514,0.03427397854027514
128,ring_lattice,0.005,0.9329688583487545,-3.356747934581256,0.9663251119514056,-0.03335625360265104,0.03335625360265104
128,ring_lattice,0.01,0.9262470089546162,-3.2324239370041723,0.9620363801001144,-0.03578937114549818,0.03578937114549818
128,ring_lattice,0.015,0.9227272785931717,-3.1080999394270883,0.9572256258718979,-0.03449834727872614,0.03449834727872614
128,ring_lattice,0.02,0.9164658525824302,-2.983775941850005,0.9518357728338255,-0.03536992025139529,0.03536992025139529
128,ring_lattice,0.025,0.9107432731867346,-2.859451944272922,0.9458052142994015,-0.035061941112666806,0.035061941112666806
128,ring_lattice,0.03,0.9026713530535587,-2.735127946695838,0.9390679165123461,-0.03639656345878739,0.03639656345878739
128,ring_lattice,0.035,0.892834551118837,-2.6108039491187545,0.9315536750058364,-0.038719123886999385,0.038719123886999385
128,ring_lattice,0.04,0.885754625942393,-2.486479951541671,0.9231885624776097,-0.03743393653521676,0.03743393653521676
128,ring_lattice,0.045,0.8760024691615959,-2.3621559539645878,0.9138956098933761,-0.037893140731780295,0.037893140731780295
128,ring_lattice,0.05,0.865237155899954,-2.2378319563875038,0.9035957641985637,-0.03835860829860971,0.03835860829860971
128,ring_lattice,0.055,0.8549748181127376,-2.1135079588104206,0.8922091650111846,-0.03723434689844707,0.03723434689844707
128,ring_lattice,0.06,0.8417879044567852,-1.989183961233337,0.8796567778321408,-0.037868873375355605,0.037868873375355605
128,ring_lattice,0.065,0.8279199932797997,-1.8648599636562533,0.8658624113740525,-0.037942418094252806,0.037942418094252806
128,ring_lattice,0.07,0.8135540180810863,-1.7405359660791697,0.85075513032574,-0.03720111224465372,0.03720111224465372
128,ring_lattice,0.075,0.7988114933234082,-1.6162119685020864,0.8342720512217094,-0.03546055789830127,0.03546055789830127
128,ring_lattice,0.08,0.7799899035788185,-1.4918879709250028,0.8163614775950869,-0.03637157401626845,0.03637157401626845
128,ring_lattice,0.085,0.7651653472280014,-1.367563973347919,0.7969862916859911,-0.031820944457989664,0.031820944457989664
128,ring_lattice,0.09,0.7450184265170647,-1.243239975770836,0.7761274753848533,-0.031109048867788536,0.031109048867788536
128,ring_lattice,0.095,0.7268120336882755,-1.118915978193752,0.7537875861773529,-0.026975552489077348,0.026975552489077348
128,ring_lattice,0.1,0.7044871624847046,-0.9945919806166685,0.7299939697762181,-0.025506807291513556,0.025506807291513556
128,ring_lattice,0.105,0.6822635862661404,-0.8702679830395852,0.7048014566346346,-0.022537870368494195,0.022537870368494195
128,ring_lattice,0.11,0.6603501878110036,-0.7459439854625015,0.6782942723671119,-0.017944084556108297,0.017944084556108297
128,ring_lattice,0.115,0.6366940022574124,-0.621619987885418,0.65058689980692,-0.013892897549507621,0.013892897549507621
128,ring_lattice,0.12,0.6100022657730931,-0.4972959903083346,0.6218236687861265,-0.01182140301303336,0.01182140301303336
128,ring_lattice,0.125,0.583457181389731,-0.3729719927312509,0.5921769209787348,-0.008719739589003739,0.008719739589003739
128,ring_lattice,0.13,0.557405105808764,-0.2486479951541673,0.5618436984875619,-0.00443859267879787,0.00443859267879787
128,ring_lattice,0.135,0.5284624802825347,-0.12432399757708365,0.5310410276659964,-0.002578547383461638,0.002578547383461638
128,ring_lattice,0.14,0.4989530918740632,0.0,0.5,-0.001046908125936774,0.001046908125936774
128,ring_lattice,0.145,0.47164514114409956,0.12432399757708296,0.46895897233400385,0.0026861688100957015,0.0026861688100957015
128,ring_lattice,0.15,0.4406478739519595,0.2486479951541666,0.43815630151243823,0.00249157243952125,0.00249157243952125
128,ring_lattice,0.155,0.40948314235555777,0.37297199273125026,0.40782307902126536,0.0016600633342924165,0.0016600633342924165
128,ring_lattice,0.16,0.3792570900857251,0.49729599030833394,0.3781763312138736,0.0010807588718514949,0.0010807588718514949
128,ring_lattice,0.165,0.34882910399741834,0.6216199878854175,0.34941310019308003,-0.0005839961956616846,0.0005839961956616846
128,ring_lattice,0.17,0.3195178812601259,0.7459439854625012,0.32170572763288807,-0.0021878463727621478,0.0021878463727621478
128,ring_lattice,0.17500000000000002,0.2897943568101263,0.8702679830395849,0.29519854336536544,-0.0054041865552391655,0.0054041865552391655
128,ring_lattice,0.18,0.2604696797653177,0.9945919806166679,0.270006030223782,-0.009536350458464293,0.009536350458464293
128,ring_lattice,0.185,0.23487868658988972,1.1189159781937514,0.24621241382264725,-0.011333727232757523,0.011333727232757523
128,ring_lattice,0.19,0.20757310417839278,1.243239975770835,0.22387252461514695,-0.01629942043675417,0.01629942043675417
128,ring_lattice,0.195,0.18402838564692306,1.3675639733479188,0.2030137083140091,-0.018985322667086052,0.018985322667086052
128,ring_lattice,0.2,0.16106258857366448,1.4918879709250024,0.18363852240491318,-0.0225759338312487,0.0225759338312487
128,ring_lattice,0.20500000000000002,0.13836317722388475,1.6162119685020861,0.16572794877829056,-0.02736477155440581,0.02736477155440581
128,ring_lattice,0.21,0.11614530043679783,1.740535966079169,0.1492448696742601,-0.03309956923746227,0.03309956923746227
128,ring_lattice,0.215,0.09965530041899982,1.8648599636562526,0.1341375886259477,-0.03448228820694789,0.03448228820694789
128,ring_lattice,0.22,0.07983695121076174,1.9891839612333364,0.12034322216785931,-0.040506270957097565,0.040506270957097565
128,ring_lattice,0.225,0.06523735489564338,2.1135079588104198,0.10779083498881536,-0.04255348009317199,0.04255348009317199
128,ring_lattice,0.23,0.051197203991942136,2.2378319563875038,0.09640423580143642,-0.045207031809494286,0.045207031809494286
128,ring_lattice,0.23500000000000001,0.038265150460392514,2.3621559539645873,0.08610439010662385,-0.04783923964623134,0.04783923964623134
128,ring_lattice,0.24,0.02764985118721477,2.48647995154167,0.07681143752239028,-0.049161586335175506,0.049161586335175506
128,ring_lattice,0.245,0.0159945837110829,2.610803949118754,0.06844632499416359,-0.05245174128308069,0.05245174128308069
128,ring_lattice,0.25,0.006684577067376455,2.7351279466958376,0.06093208348765389,-0.05424750642027743,0.05424750642027743
128,ring_lattice,0.255,0.0008593183825191184,2.859451944272921,0.05419478570059855,-0.05333546731807943,0.05333546731807943
128,ring_lattice,0.26,6.070839139993694e-06,2.9837759418500047,0.048164227166174634,-0.04815815632703464,0.04815815632703464
128,ring_lattice,0.265,0.0,3.1080999394270883,0.04277437412810203,-0.04277437412810203,0.04277437412810203
128,ring_lattice,0.27,0.0,3.2324239370041723,0.037963619899885725,-0.037963619899885725,0.037963619899885725
128,ring_lattice,0.275,0.0,3.356747934581256,0.03367488804859431,-0.03367488804859431,0.03367488804859431
128,ring_lattice,0.28,0.0,3.4810719321583394,0.029855616431589294,-0.029855616431589294,0.029855616431589294
128,ring_lattice,0.28500000000000003,0.0,3.605395929735423,0.026457651429958595,-0.026457651429958595,0.026457651429958595
128,ring_lattice,0.29,0.0,3.7297199273125052,0.023437077060342704,-0.023437077060342704,0.023437077060342704
128,ring_lattice,0.295,0.0,3.854043924889589,0.020753999262390854,-0.020753999262390854,0.020753999262390854
128,ring_lattice,0.3,0.0,3.978367922466673,0.01837230169957671,-0.01837230169957671,0.01837230169957671
128,ring_lattice,0.305,0.0,4.102691920043756,0.016259385945158522,-0.016259385945158522,0.016259385945158522
128,ring_lattice,0.31,0.0,4.2270159176208395,0.014385905967127521,-0.014385905967127521,0.014385905967127521
128,ring_lattice,0.315,0.0,4.351339915197924,0.01272550435546893,-0.01272550435546893,0.01272550435546893
128,ring_lattice,0.32,0.0,4.4756639127750075,0.011254555710799696,-0.011254555710799696,0.011254555710799696
128,ring_lattice,0.325,0.0,4.599987910352091,0.009951920984051732,-0.009951920984051732,0.009951920984051732
128,ring_lattice,0.33,0.0,4.724311907929175,0.008798715267733237,-0.008798715267733237,0.008798715267733237
128,ring_lattice,0.335,0.0,4.848635905506258,0.007778090537096327,-0.007778090537096327,0.007778090537096327
128,ring_lattice,0.34,0.0,4.972959903083342,0.006875034074950603,-0.006875034074950603,0.006875034074950603
128,ring_lattice,0.34500000000000003,0.0,5.097283900660425,0.006076182742865033,-0.006076182742865033,0.006076182742865033
128,ring_lattice,0.35000000000000003,0.0,5.221607898237509,0.005369652845959028,-0.005369652845959028,0.005369652845959028
128,ring_lattice,0.355,0.0,5.345931895814592,0.00474488504597026,-0.00474488504597026,0.00474488504597026
128,ring_lattice,0.36,0.0,5.470255893391675,0.004192503580856655,-0.004192503580856655,0.004192503580856655
128,ring_lattice,0.365,0.0,5.594579890968759,0.0037041889266198336,-0.0037041889266198336,0.0037041889266198336
128,ring_lattice,0.37,0.0,5.718903888545842,0.0032725629704378756,-0.0032725629704378756,0.0032725629704378756
128,ring_lattice,0.375,0.0,5.843227886122926,0.0028910857391526434,-0.0028910857391526434,0.0028910857391526434
128,ring_lattice,0.38,0.0,5.967551883700009,0.0025539627323371006,-0.0025539627323371006,0.0025539627323371006
128,ring_lattice,0.385,0.0,6.091875881277093,0.0022560619357018252,-0.0022560619357018252,0.0022560619357018252
128,ring_lattice,0.39,0.0,6.216199878854177,0.001992839631573484,-0.001992839631573484,0.001992839631573484
128,ring_lattice,0.395,0.0,6.340523876431261,0.0017602741734280558,-0.0017602741734280558,0.0017602741734280558
128,ring_lattice,0.4,0.0,6.464847874008345,0.001554806946961862,-0.001554806946961862,0.001554806946961862
128,small_world,0.0,0.967510517330719,-3.350014061164422,0.9661052962886596,0.0014052210420594236,0.0014052210420594236
128,small_world,0.005,0.9624041813161518,-3.2514842358360565,0.9627264099691888,-0.00032222865303699333,0.00032222865303699333
128,small_world,0.01,0.9565215217885652,-3.152954410507691,0.9590249760990454,-0.0025034543104801577,0.0025034543104801577
128,small_world,0.015,0.9522238982683299,-3.0544245851793264,0.954973164567315,-0.002749266298985087,0.002749266298985087
128,small_world,0.02,0.946383149176071,-2.9558947598509606,0.950541352932948,-0.0041582037568769215,0.0041582037568769215
128,small_world,0.025,0.9395016495129478,-2.8573649345225953,0.9456981393733384,-0.006196489860390564,0.006196489860390564
128,small_world,0.03,0.9320778289689616,-2.75883510919423,0.9404103885494132,-0.008332559580451537,0.008332559580451537
128,small_world,0.035,0.9286119543908088,-2.6603052838658643,0.9346433173709812,-0.006031362980172372,0.006031362980172372
128,small_world,0.04,0.9212881449237814,-2.561775458537499,0.9283606283047838,-0.007072483381002415,0.007072483381002415
128,small_world,0.045,0.910900971418603,-2.4632456332091337,0.9215246984038935,-0.01062372698529046,0.01062372698529046
128,small_world,0.05,0.9034160203559223,-2.3647158078807684,0.914096832575914,-0.010680812219991731,0.010680812219991731
128,small_world,0.055,0.8939388838512374,-2.266185982552403,0.9060375896576013,-0.012098705806363852,0.012098705806363852
128,small_world,0.06,0.8840726161920799,-2.167656157224038,0.8973071895181703,-0.01323457332609046,0.01323457332609046
128,small_world,0.065,0.873535138015717,-2.0691263318956725,0.8878660085529286,-0.014330870537211604,0.014330870537211604
128,small_world,0.07,0.8633094643542485,-1.970596506567307,0.8776751694257927,-0.014365705071544221,0.014365705071544221
128,small_world,0.075,0.850367289673895,-1.872066681238942,0.8666972286480864,-0.016329938974191438,0.016329938974191438
128,small_world,0.08,0.8395944976231484,-1.7735368559105764,0.8548969624307321,-0.015302464807583682,0.015302464807583682
128,small_world,0.085,0.8247743425220097,-1.675007030582211,0.8422422471384535,-0.017467904616443874,0.017467904616443874
128,small_world,0.09,0.8118895160878078,-1.5764772052538458,0.8287050255822792,-0.016815509494471415,0.016815509494471415
128,small_world,0.095,0.7967954885934936,-1.4779473799254803,0.8142623443626743,-0.017466855769180722,0.017466855769180722
128,small_world,0.1,0.7823659741930428,-1.379417554597115,0.7988974406752511,-0.01653146648220838,0.01653146648220838
128,small_world,0.105,0.7667320117488198,-1.2808877292687497,0.7826008496947249,-0.0158688379459051,0.0158688379459051
128,small_world,0.11,0.748352093924737,-1.1823579039403844,0.7653714962811771,-0.01701940235644006,0.01701940235644006
128,small_world,0.115,0.731179330608466,-1.083828078612019,0.7472177278678226,-0.01603839725935663,0.01603839725935663
128,small_world,0.12,0.7131349231828984,-0.9852982532836537,0.7281582396771156,-0.015023316494217176,0.015023316494217176
128,small_world,0.125,0.6939753165091388,-0.8867684279552883,0.7082228396397261,-0.014247523130587303,0.014247523130587303
128,small_world,0.13,0.6739329221887796,-0.7882386026269229,0.6874529993397246,-0.013520077150944942,0.013520077150944942
128,small_world,0.135,0.6563031419945328,-0.6897087772985575,0.6659021396809037,-0.009598997686370958,0.009598997686370958
128,small_world,0.14,0.6334554805120303,-0.591178951970192,0.6436356062762563,-0.010180125764226,0.010180125764226
128,small_world,0.145,0.6104900275980092,-0.49264912664182714,0.6207303000159445,-0.010240272417935348,0.010240272417935348
128,small_world,0.15,0.5895649109476778,-0.39411930131346173,0.5972739426804164,-0.007709031732738625,0.007709031732738625
128,small_world,0.155,0.567937017352334,-0.2955894759850963,0.573363975187565,-0.00542695783523095,0.00542695783523095
128,small_world,0.16,0.545289592904029,-0.19705965065673087,0.5491061059874301,-0.0038165130834011407,0.0038165130834011407
128,small_world,0.165,0.5202405689951405,-0.09852982532836543,0.5246125477425814,-0.0043719787474408855,0.0043719787474408855
128,small_world,0.17,0.49602468023984625,0.0,0.5,-0.0039753197601537504,0.0039753197601537504
128,small_world,0.17500000000000002,0.47384252705959984,0.09852982532836543,0.47538745225741874,-0.0015449251978189027,0.0015449251978189027
128,small_world,0.18,0.4499381754915535,0.1970596506567303,0.4508938940125701,-0.0009557185210165575,0.0009557185210165575
128,small_world,0.185,0.4263508878295869,0.2955894759850958,0.4266360248124351,-0.0002851369828482109,0.0002851369828482109
128,small_world,0.19,0.4008813521300169,0.3941193013134612,0.4027260573195838,-0.0018447051895668642,0.0018447051895668642
128,small_world,0.195,0.377896248061973,0.4926491266418266,0.3792696999840557,-0.0013734519220827135,0.0013734519220827135
128,small_world,0.2,0.35362316518267845,0.591178951970192,0.35636439372374373,-0.002741228541065288,0.002741228541065288
128,small_world,0.20500000000000002,0.3290704069064328,0.6897087772985575,0.3340978603190964,-0.005027453412663585,0.005027453412663585
128,small_world,0.21,0.30724280893966593,0.7882386026269224,0.3125470006602755,-0.005304191720609586,0.005304191720609586
128,small_world,0.215,0.28663293424533604,0.8867684279552878,0.2917771603602739,-0.0051442261149378665,0.0051442261149378665
128,small_world,0.22,0.2644118804105536,0.9852982532836532,0.27184176032288454,-0.007429879912330961,0.007429879912330961
128,small_world,0.225,0.24653242075181447,1.0838280786120187,0.2527822721321774,-0.006249851380362936,0.006249851380362936
128,small_world,0.23,0.22396951651562125,1.182357903940384,0.23462850371882293,-0.010658987203201686,0.010658987203201686
128,small_world,0.23500000000000001,0.205125156863056,1.2808877292687495,0.21739915030527512,-0.012273993442219133,0.012273993442219133
128,small_world,0.24,0.18692541659778264,1.3794175545971143,0.20110255932474896,-0.014177142726966324,0.014177142726966324
128,small_world,0.245,0.16844771146878643,1.4779473799254799,0.1857376556373257,-0.017289944168539267,0.017289944168539267
128,small_world,0.25,0.15246038390692018,1.5764772052538452,0.1712949744177209,-0.01883459051080072,0.01883459051080072
128,small_world,0.255,0.13579176532617773,1.6750070305822107,0.15775775286154647,-0.02196598753536874,0.02196598753536874
128,small_world,0.26,0.12190783538292284,1.7735368559105762,0.145103037569268,-0.023195202186345174,0.023195202186345174
128,small_world,0.265,0.10821591740063528,1.8720666812389415,0.1333027713519136,-0.025086853951278312,0.025086853951278312
128,small_world,0.27,0.09414860957075377,1.970596506567307,0.1223248305742074,-0.028176221003453628,0.028176221003453628
128,small_world,0.275,0.08199288988350226,2.0691263318956725,0.11213399144707148,-0.030141101563569223,0.030141101563569223
128,small_world,0.28,0.07165774619936237,2.167656157224038,0.10269281048182977,-0.031035064282467398,0.031035064282467398
128,small_world,0.28500000000000003,0.06093296507585677,2.266185982552403,0.09396241034239872,-0.033029445266541946,0.033029445266541946
128,small_world,0.29,0.052182365843532974,2.3647158078807675,0.0859031674240861,-0.03372080158055313,0.03372080158055313
128,small_world,0.295,0.04375512622623625,2.4632456332091333,0.0784753015961066,-0.034720175369870356,0.034720175369870356
128,small_world,0.3,0.03586176720796441,2.5617754585374986,0.07163937169521628,-0.03577760448725187,0.03577760448725187
128,small_world,0.305,0.026950611194463955,2.660305283865864,0.06535668262901884,-0.03840607143455488,0.03840607143455488
128,small_world,0.31,0.01883967393910121,2.758835109194229,0.05958961145058694,-0.04074993751148573,0.04074993751148573
128,small_world,0.315,0.015332651845239714,2.857364934522595,0.05430186062666176,-0.03896920878142204,0.03896920878142204
128,small_world,0.32,0.009959727201306357,2.95589475985096,0.04945864706705205,-0.0394989198657457,0.0394989198657457
128,small_world,0.325,0.004038264739776118,3.0544245851793255,0.04502683543268515,-0.04098857069290904,0.04098857069290904
128,small_world,0.33,0.0020239602506334363,3.152954410507691,0.040975023900954644,-0.03895106365032121,0.03895106365032121
128,small_world,0.335,0.00016594108163274835,3.2514842358360565,0.03727359003081121,-0.037107648949178465,0.037107648949178465
128,small_world,0.34,1.583329669184134e-05,3.350014061164422,0.0338947037113404,-0.03387887041464856,0.03387887041464856
128,small_world,0.34500000000000003,0.0,3.4485438864927875,0.030812313455639506,-0.030812313455639506,0.030812313455639506
128,small_world,0.35000000000000003,0.0,3.547073711821153,0.028002111561664544,-0.028002111561664544,0.028002111561664544
128,small_world,0.355,0.0,3.6456035371495172,0.02544148293620674,-0.02544148293620674,0.02544148293620674
128,small_world,0.36,0.0,3.7441333624778825,0.02310944168989193,-0.02310944168989193,0.02310944168989193
128,small_world,0.365,0.0,3.842663187806248,0.020986558974506075,-0.020986558974506075,0.020986558974506075
128,small_world,0.37,0.0,3.9411930131346136,0.01905488495714225,-0.01905488495714225,0.01905488495714225
128,small_world,0.375,0.0,4.039722838462979,0.01729786731190741,-0.01729786731190741,0.01729786731190741
128,small_world,0.38,0.0,4.138252663791344,0.01570026815912462,-0.01570026815912462,0.01570026815912462
128,small_world,0.385,0.0,4.23678248911971,0.014248080991538736,-0.014248080991538736,0.014248080991538736
128,small_world,0.39,0.0,4.335312314448075,0.01292844879300914,-0.01292844879300914,0.01292844879300914
128,small_world,0.395,0.0,4.4338421397764405,0.011729584272542892,-0.011729584272542892,0.011729584272542892
128,small_world,0.4,0.0,4.532371965104806,0.010640692900035997,-0.010640692900035997,0.010640692900035997
128,erdos_renyi,0.0,0.9174051409987718,-3.557575979205666,0.9722823264942413,-0.054877185495469494,0.054877185495469494
128,erdos_renyi,0.005,0.9122131923002473,-3.4152729400374393,0.9681784578194003,-0.05596526551915293,0.05596526551915293
128,erdos_renyi,0.01,0.906136725862907,-3.272969900869213,0.9634897884998084,-0.05735306263690132,0.05735306263690132
128,erdos_renyi,0.015,0.9010042491777814,-3.1306668617009863,0.9581401473410716,-0.05713589816329012,0.05713589816329012
128,erdos_renyi,0.02,0.8938304627175465,-2.9883638225327593,0.9520456661583263,-0.058215203440779795,0.058215203440779795
128,erdos_renyi,0.025,0.8850773702615023,-2.846060783364533,0.9451147021098523,-0.06003733184834992,0.06003733184834992
128,erdos_renyi,0.03,0.8763620493051157,-2.7037577441963063,0.9372480160267975,-0.060885966721681783,0.060885966721681783
128,erdos_renyi,0.035,0.8689686432468827,-2.5614547050280794,0.9283392929646714,-0.059370649717788715,0.059370649717788715
128,erdos_renyi,0.04,0.8591423713045031,-2.419151665859853,0.9182761038031485,-0.0591337324986454,0.0591337324986454
128,erdos_renyi,0.045,0.8459217243545698,-2.2768486266916264,0.9069414159943314,-0.06101969163976162,0.06101969163976162
128,erdos_renyi,0.05,0.8346964818765265,-2.1345455875233994,0.8942157644660088,-0.05951928258948236,0.05951928258948236
128,erdos_renyi,0.055,0.8217982623531553,-1.9922425483551731,0.8799801863024768,-0.058181923949321424,0.058181923949321424
128,erdos_renyi,0.06,0.8058876621774206,-1.8499395091869464,0.8641200005202206,-0.05823233834280006,0.05823233834280006
128,erdos_renyi,0.065,0.7899034914711641,-1.7076364700187197,0.8465294721743586,-0.05662598070319447,0.05662598070319447
128,erdos_renyi,0.07,0.7728166622346045,-1.565333430850493,0.8271173339986758,-0.05430067176407127,0.05430067176407127
128,erdos_renyi,0.075,0.7529213053506382,-1.4230303916822664,0.8058130466835433,-0.052891741332905085,0.052891741332905085
128,erdos_renyi,0.08,0.7351353886047846,-1.2807273525140397,0.7825735624766696,-0.04743817387188509,0.04743817387188509
128,erdos_renyi,0.085,0.7122916997672526,-1.138424313345813,0.7573902235881793,-0.04509852382092672,0.04509852382092672
128,erdos_renyi,0.09,0.6900076154101974,-0.9961212741775866,0.7302952917369451,-0.04028767632674768,0.04028767632674768
128,erdos_renyi,0.095,0.6666431755766965,-0.8538182350093598,0.701367490515628,-0.034724314938931466,0.034724314938931466
128,erdos_renyi,0.1,0.6416379984021726,-0.711515195841133,0.6707358762165303,-0.029097877814357687,0.029097877814357687
128,erdos_renyi,0.105,0.6155600994027838,-0.5692121566729067,0.638581364545901,-0.023021265143117198,0.023021265143117198
128,erdos_renyi,0.11,0.5861005710433118,-0.4269091175046799,0.6051353532113147,-0.019034782168002917,0.019034782168002917
128,erdos_renyi,0.115,0.5575468315671305,-0.2846060783364531,0.5706751017936351,-0.013128270226504646,0.013128270226504646
128,erdos_renyi,0.12,0.5259352234268642,-0.14230303916822676,0.5355158465603147,-0.009580623133450539,0.009580623133450539
128,erdos_renyi,0.125,0.4934655573987126,0.0,0.5,-0.006534442601287382,0.006534442601287382
128,erdos_renyi,0.13,0.46063091101919346,0.14230303916822676,0.4644841534396852,-0.0038532424204917315,0.0038532424204917315
128,erdos_renyi,0.135,0.42838063110900376,0.2846060783364535,0.42932489820636477,-0.0009442670973610068,0.0009442670973610068
128,erdos_renyi,0.14,0.3924816568110013,0.4269091175046803,0.39486464678868527,-0.0023829899776839913,0.0023829899776839913
128,erdos_renyi,0.145,0.3572291115248905,0.5692121566729063,0.36141863545409914,-0.004189523929208627,0.004189523929208627
128,erdos_renyi,0.15,0.32330001498339944,0.711515195841133,0.3292641237834697,-0.005964108800070256,0.005964108800070256
128,erdos_renyi,0.155,0.2912014568317622,0.8538182350093598,0.29863250948437203,-0.007431052652609849,0.007431052652609849
128,erdos_renyi,0.16,0.256946819539272,0.9961212741775866,0.2697047082630549,-0.012757888723782917,0.012757888723782917
128,erdos_renyi,0.165,0.22489478213697914,1.1384243133458134,0.24260977641182058,-0.01771499427484144,0.01771499427484144
128,erdos_renyi,0.17,0.19399055587019595,1.2807273525140401,0.21742643752333024,-0.02343588165313429,0.02343588165313429
128,erdos_renyi,0.17500000000000002,0.16568866196441412,1.4230303916822669,0.19418695331645663,-0.028498291352042515,0.028498291352042515
128,erdos_renyi,0.18,0.13922141550964715,1.565333430850493,0.1728826660013243,-0.03366125049167715,0.03366125049167715
128,erdos_renyi,0.185,0.11477914360380014,1.7076364700187197,0.1534705278256413,-0.038691384221841166,0.038691384221841166
128,erdos_renyi,0.19,0.08989763266263551,1.8499395091869464,0.13587999947977936,-0.04598236681714385,0.04598236681714385
128,erdos_renyi,0.195,0.06983459983423024,1.9922425483551731,0.12001981369752324,-0.050185213863293,0.050185213863293
128,erdos_renyi,0.2,0.0511020360585982,2.1345455875234,0.10578423553399108,-0.05468219947539288,0.05468219947539288
128,erdos_renyi,0.20500000000000002,0.03366935288797977,2.276848626691627,0.09305858400566847,-0.05938923111768869,0.05938923111768869
128,erdos_renyi,0.21,0.019563873192923947,2.419151665859853,0.08172389619685139,-0.062160023003927437,0.062160023003927437
128,erdos_renyi,0.215,0.006999933093712506,2.5614547050280794,0.07166070703532856,-0.06466077394161605,0.06466077394161605
128,erdos_renyi,0.22,0.0003764051121154624,2.7037577441963063,0.06275198397320247,-0.062375578861087015,0.062375578861087015
128,erdos_renyi,0.225,0.0,2.846060783364533,0.05488529789014762,-0.05488529789014762,0.05488529789014762
128,erdos_renyi,0.23,0.0,2.98836382253276,0.0479543338416738,-0.0479543338416738,0.0479543338416738
128,erdos_renyi,0.23500000000000001,0.0,3.1306668617009863,0.04185985265892844,-0.04185985265892844,0.04185985265892844
128,erdos_renyi,0.24,0.0,3.2729699008692124,0.036510211500191625,-0.036510211500191625,0.036510211500191625
128,erdos_renyi,0.245,0.0,3.4152729400374393,0.03182154218059974,-0.03182154218059974,0.03182154218059974
128,erdos_renyi,0.25,0.0,3.557575979205666,0.0277176735057586,-0.0277176735057586,0.0277176735057586
128,erdos_renyi,0.255,0.0,3.6998790183738928,0.024129870082955973,-0.024129870082955973,0.024129870082955973
128,erdos_renyi,0.26,0.0,3.8421820575421197,0.020996446614837017,-0.020996446614837017,0.020996446614837017
128,erdos_renyi,0.265,0.0,3.9844850967103462,0.018262304346078007,-0.018262304346078007,0.018262304346078007
128,erdos_renyi,0.27,0.0,4.126788135878573,0.01587842555990704,-0.01587842555990704,0.01587842555990704
128,erdos_renyi,0.275,0.0,4.2690911750468,0.01380135294520457,-0.01380135294520457,0.01380135294520457
128,erdos_renyi,0.28,0.0,4.411394214215027,0.011992673231342788,-0.011992673231342788,0.011992673231342788
128,erdos_renyi,0.28500000000000003,0.0,4.553697253383254,0.010418518568968582,-0.010418518568968582,0.010418518568968582
128,erdos_renyi,0.29,0.0,4.696000292551479,0.009049094524486878,-0.009049094524486878,0.009049094524486878
128,erdos_renyi,0.295,0.0,4.838303331719706,0.007858240045131915,-0.007858240045131915,0.007858240045131915
128,erdos_renyi,0.3,0.0,4.980606370887932,0.006823022139864965,-0.006823022139864965,0.006823022139864965
128,erdos_renyi,0.305,0.0,5.122909410056159,0.005923366128435803,-0.005923366128435803,0.005923366128435803
128,erdos_renyi,0.31,0.0,5.265212449224386,0.005141720981049591,-0.005141720981049591,0.005141720981049591
128,erdos_renyi,0.315,0.0,5.407515488392613,0.004462758374077835,-0.004462758374077835,0.004462758374077835
128,erdos_renyi,0.32,0.0,5.549818527560839,0.0038731035169257133,-0.0038731035169257133,0.0038731035169257133
128,erdos_renyi,0.325,0.0,5.692121566729066,0.0033610954768230616,-0.0033610954768230616,0.0033610954768230616
128,erdos_renyi,0.33,0.0,5.834424605897293,0.0029165745752935957,-0.0029165745752935957,0.0029165745752935957
128,erdos_renyi,0.335,0.0,5.97672764506552,0.00253069440104281,-0.00253069440104281,0.00253069440104281
128,erdos_renyi,0.34,0.0,6.1190306842337465,0.002195756039828245,-0.002195756039828245,0.002195756039828245
128,erdos_renyi,0.34500000000000003,0.0,6.261333723401973,0.0019050622332311695,-0.0019050622332311695,0.0019050622332311695
128,erdos_renyi,0.35000000000000003,0.0,6.4036367625701995,0.0016527893235119828,-0.0016527893235119828,0.0016527893235119828
128,erdos_renyi,0.355,0.0,6.545939801738425,0.0014338750052146354,-0.0014338750052146354,0.0014338750052146354
128,erdos_renyi,0.36,0.0,6.688242840906652,0.0012439200747876855,-0.0012439200747876855,0.0012439200747876855
128,erdos_renyi,0.365,0.0,6.830545880074879,0.0010791025394811804,-0.0010791025394811804,0.0010791025394811804
128,erdos_renyi,0.37,0.0,6.972848919243106,0.0009361026110812354,-0.0009361026110812354,0.0009361026110812354
128,erdos_renyi,0.375,0.0,7.115151958411332,0.0008120372653581676,-0.0008120372653581676,0.0008120372653581676
128,erdos_renyi,0.38,0.0,7.257454997579559,0.0007044031926025651,-0.0007044031926025651,0.0007044031926025651
128,erdos_renyi,0.385,0.0,7.3997580367477855,0.0006110270973475052,-0.0006110270973475052,0.0006110270973475052
128,erdos_renyi,0.39,0.0,7.5420610759160125,0.0005300224261335362,-0.0005300224261335362,0.0005300224261335362
128,erdos_renyi,0.395,0.0,7.684364115084239,0.0004597517111770699,-0.0004597517111770699,0.0004597517111770699
128,erdos_renyi,0.4,0.0,7.8266671542524655,0.0003987938155649573,-0.0003987938155649573,0.0003987938155649573
128,scale_free,0.0,0.8857504644538147,-3.442406008287458,0.9690038628089035,-0.08325339835508883,0.08325339835508883
128,scale_free,0.005,0.8793815861654011,-3.2784819126547218,0.9636831911415135,-0.08430160497611239,0.08430160497611239
128,scale_free,0.01,0.8707908070834803,-3.114557817021986,0.9574892625491935,-0.0866984554657132,0.0866984554657132
128,scale_free,0.015,0.8633552942683789,-2.9506337213892495,0.9502934313380446,-0.08693813706966569,0.08693813706966569
128,scale_free,0.02,0.8573863517835836,-2.7867096257565134,0.9419533976952865,-0.08456704591170294,0.08456704591170294
128,scale_free,0.025,0.8478959860541985,-2.6227855301237772,0.9323136987480362,-0.08441771269383769,0.08441771269383769
128,scale_free,0.03,0.8375168996232657,-2.4588614344910416,0.9212070601160395,-0.08369016049277378,0.08369016049277378
128,scale_free,0.035,0.8259646169024323,-2.294937338858305,0.9084568827530919,-0.08249226585065961,0.08249226585065961
128,scale_free,0.04,0.8124980607796942,-2.1310132432255693,0.8938811605430785,-0.08138309976338431,0.08138309976338431
128,scale_free,0.045,0.7978216569516081,-1.9670891475928332,0.8772981151475524,-0.07947645819594429,0.07947645819594429
128,scale_free,0.05,0.782294129197933,-1.8031650519600968,0.8585337782225573,-0.07623964902462432,0.07623964902462432
128,scale_free,0.055,0.7674859263227543,-1.6392409563273609,0.8374316277573869,-0.06994570143463263,0.06994570143463263
128,scale_free,0.06,0.7478115178785645,-1.4753168606946248,0.8138641778701301,-0.06605265999156562,0.06605265999156562
128,scale_free,0.065,0.7289684273730064,-1.3113927650618886,0.787746122543364,-0.05877769517035758,0.05877769517035758
128,scale_free,0.07,0.7088991706664522,-1.1474686694291523,0.7590482554034462,-0.050149084736993976,0.050149084736993976
128,scale_free,0.075,0.6832529127047197,-0.9835445737964166,0.7278109708054663,-0.044558058100746645,0.044558058100746645
128,scale_free,0.08,0.6572636346952596,-0.8196204781636803,0.6941557722178684,-0.03689213752260878,0.03689213752260878
128,scale_free,0.085,0.6351383217475156,-0.6556963825309441,0.6582929789185634,-0.02315465717104781,0.02315465717104781
128,scale_free,0.09,0.6057614063322657,-0.4917722868982083,0.6205238488835371,-0.014762442551271349,0.014762442551271349
128,scale_free,0.095,0.5744738201430026,-0.32784819126547204,0.581235716703868,-0.006761896560865344,0.006761896560865344
128,scale_free,0.1,0.543601340075439,-0.1639240956327358,0.540889502697492,0.0027118373779470017,0.0027118373779470017
128,scale_free,0.105,0.5104382377061226,0.0,0.5,0.010438237706122622,0.010438237706122622
128,scale_free,0.11,0.473935826425776,0.16392409563273624,0.45911049730250797,0.014825329123268005,0.014825329123268005
128,scale_free,0.115,0.43512208869334007,0.3278481912654725,0.4187642832961319,0.01635780539720816,0.01635780539720816
128,scale_free,0.12,0.39588459583800156,0.4917722868982083,0.37947615111646293,0.01640844472153863,0.01640844472153863
128,scale_free,0.125,0.3546084835334702,0.6556963825309445,0.34170702108143647,0.012901462452033718,0.012901462452033718
128,scale_free,0.13,0.3144758085936104,0.8196204781636808,0.3058442277821315,0.008631580811478912,0.008631580811478912
128,scale_free,0.135,0.27264643571710206,0.983544573796417,0.2721890291945336,0.000457406522568482,0.000457406522568482
128,scale_free,0.14,0.2348808685213805,1.1474686694291534,0.24095174459655355,-0.006070876075173065,0.006070876075173065
128,scale_free,0.145,0.19398432406467836,1.3113927650618886,0.21225387745663604,-0.018269553391957682,0.018269553391957682
128,scale_free,0.15,0.1577651520714949,1.4753168606946248,0.1861358221298699,-0.028370670058374986,0.028370670058374986
128,scale_free,0.155,0.12461527546554473,1.639240956327361,0.1625683722426131,-0.03795309677706839,0.03795309677706839
128,scale_free,0.16,0.09320424226881258,1.8031650519600975,0.1414662217774426,-0.04826197950863004,0.04826197950863004
128,scale_free,0.165,0.0646105452865362,1.9670891475928336,0.12270188485244748,-0.05809133956591128,0.05809133956591128
128,scale_free,0.17,0.03795096095717022,2.1310132432255697,0.10611883945692135,-0.06816787849975114,0.06816787849975114
128,scale_free,0.17500000000000002,0.01462475705384827,2.2949373388583063,0.09154311724690789,-0.07691836019305962,0.07691836019305962
128,scale_free,0.18,0.0009507322552311137,2.4588614344910416,0.07879293988396063,-0.07784220762872952,0.07784220762872952
128,scale_free,0.185,0.0,2.6227855301237777,0.06768630125196373,-0.06768630125196373,0.06768630125196373
128,scale_free,0.19,0.0,2.786709625756514,0.05804660230471348,-0.05804660230471348,0.05804660230471348
128,scale_free,0.195,0.0,2.9506337213892504,0.04970656866195544,-0.04970656866195544,0.04970656866195544
128,scale_free,0.2,0.0,3.1145578170219865,0.04251073745080647,-0.04251073745080647,0.04251073745080647
128,scale_free,0.20500000000000002,0.0,3.2784819126547227,0.03631680885848643,-0.03631680885848643,0.03631680885848643
128,scale_free,0.21,0.0,3.442406008287458,0.030996137191096618,-0.030996137191096618,0.030996137191096618
128,scale_free,0.215,0.0,3.606330103920194,0.026433599945199115,-0.026433599945199115,0.026433599945199115
128,scale_free,0.22,0.0,3.7702541995529306,0.022527041411203763,-0.022527041411203763,0.022527041411203763
128,scale_free,0.225,0.0,3.9341782951856668,0.019186445943346064,-0.019186445943346064,0.019186445943346064
128,scale_free,0.23,0.0,4.098102390818402,0.016332958762104277,-0.016332958762104277,0.016332958762104277
128,scale_free,0.23500000000000001,0.0,4.262026486451139,0.013897840561260977,-0.013897840561260977,0.013897840561260977
128,scale_free,0.24,0.0,4.425950582083875,0.011821416591202172,-0.011821416591202172,0.011821416591202172
128,scale_free,0.245,0.0,4.589874677716612,0.010052060891072023,-0.010052060891072023,0.010052060891072023
128,scale_free,0.25,0.0,4.753798773349348,0.008545241211183607,-0.008545241211183607,0.008545241211183607
128,scale_free,0.255,0.0,4.917722868982084,0.00726263905938529,-0.00726263905938529,0.00726263905938529
128,scale_free,0.26,0.0,5.08164696461482,0.0061713513998797875,-0.0061713513998797875,0.0061713513998797875
128,scale_free,0.265,0.0,5.245571060247556,0.00524317510006711,-0.00524317510006711,0.00524317510006711
128,scale_free,0.27,0.0,5.409495155880292,0.004453971646537602,-0.004453971646537602,0.004453971646537602
128,scale_free,0.275,0.0,5.5734192515130285,0.003783107439966793,-0.003783107439966793,0.003783107439966793
128,scale_free,0.28,0.0,5.737343347145765,0.003212963742494024,-0.003212963742494024,0.003212963742494024
128,scale_free,0.28500000000000003,0.0,5.901267442778502,0.002728509794234224,-0.002728509794234224,0.002728509794234224
128,scale_free,0.29,0.0,6.065191538411236,0.0023169325168806987,-0.0023169325168806987,0.0023169325168806987
128,scale_free,0.295,0.0,6.229115634043972,0.001967316420156018,-0.001967316420156018,0.001967316420156018
128,scale_free,0.3,0.0,6.393039729676708,0.0016703677052569699,-0.0016703677052569699,0.0016703677052569699
128,scale_free,0.305,0.0,6.556963825309444,0.0014181770369513513,-0.0014181770369513513,0.0014181770369513513
128,scale_free,0.31,0.0,6.720887920942181,0.001204015976905226,-0.001204015976905226,0.001204015976905226
128,scale_free,0.315,0.0,6.884812016574917,0.001022162598072085,-0.001022162598072085,0.001022162598072085
128,scale_free,0.32,0.0,7.048736112207653,0.000867752309944736,-0.000867752309944736,0.000867752309944736
128,scale_free,0.325,0.0,7.21266020784039,0.0007366504030267285,-0.0007366504030267285,0.0007366504030267285
128,scale_free,0.33,0.0,7.376584303473126,0.000625343260406197,-0.000625343260406197,0.000625343260406197
128,scale_free,0.335,0.0,7.540508399105862,0.0005308455816841473,-0.0005308455816841473,0.0005308455816841473
128,scale_free,0.34,0.0,7.704432494738598,0.00045062131944828554,-0.00045062131944828554,0.00045062131944828554
128,scale_free,0.34500000000000003,0.0,7.868356590371334,0.0003825163425873468,-0.0003825163425873468,0.0003825163425873468
128,scale_free,0.35000000000000003,0.0,8.032280686004071,0.00032470111664784085,-0.00032470111664784085,0.00032470111664784085
128,scale_free,0.355,0.0,8.196204781636805,0.00027562193236685406,-0.00027562193236685406,0.00027562193236685406
128,scale_free,0.36,0.0,8.360128877269542,0.00023395942289716753,-0.00023395942289716753,0.00023395942289716753
128,scale_free,0.365,0.0,8.524052972902277,0.00019859329149207738,-0.00019859329149207738,0.00019859329149207738
128,scale_free,0.37,0.0,8.687977068535014,0.00016857232781597453,-0.00016857232781597453,0.00016857232781597453
128,scale_free,0.375,0.0,8.85190116416775,0.00014308892564351972,-0.00014308892564351972,0.00014308892564351972
128,scale_free,0.38,0.0,9.015825259800486,0.0001214574302844662,-0.0001214574302844662,0.0001214574302844662
128,scale_free,0.385,0.0,9.179749355433223,0.00010309574313538405,-0.00010309574313538405,0.00010309574313538405
128,scale_free,0.39,0.0,9.343673451065959,8.750969553805721e-05,-8.750969553805721e-05,8.750969553805721e-05
128,scale_free,0.395,0.0,9.507597546698696,7.427977658447382e-05,-7.427977658447382e-05,7.427977658447382e-05
128,scale_free,0.4,0.0,9.671521642331431,6.304986137672941e-05,-6.304986137672941e-05,6.304986137672941e-05
128,modular_clustered,0.0,0.8459614698131888,-3.3864628095007836,0.9672787755375046,-0.12131730572431587,0.12131730572431587
128,modular_clustered,0.005,0.8402646682609495,-3.19832598675074,0.9607712325027622,-0.12050656424181272,0.12050656424181272
128,modular_clustered,0.01,0.832176346409175,-3.0101891640006966,0.9530323223524487,-0.12085597594327369,0.12085597594327369
128,modular_clustered,0.015,0.8237461448082501,-2.822052341250653,0.94385592305338,-0.1201097782451298,0.1201097782451298
128,modular_clustered,0.02,0.8131756621192322,-2.633915518500609,0.9330126846829032,-0.11983702256367101,0.11983702256367101
128,modular_clustered,0.025,0.7992870467200083,-2.4457786957505663,0.92025220645207,-0.12096515973206168,0.12096515973206168
128,modular_clustered,0.03,0.7888269114005869,-2.2576418730005225,0.9053076721027759,-0.11648076070218893,0.11648076070218893
128,modular_clustered,0.035,0.773637717686897,-2.069505050250479,0.8879037081987345,-0.1142659905118375,0.1142659905118375
128,modular_clustered,0.04,0.759000179741485,-1.8813682275004353,0.8677682048556643,-0.10876802511417927,0.10876802511417927
128,modular_clustered,0.045,0.7400446551099732,-1.6932314047503918,0.844648648495475,-0.10460399338550186,0.10460399338550186
128,modular_clustered,0.05,0.7223180038090081,-1.505094582000348,0.8183330860211557,-0.0960150822121476,0.0960150822121476
128,modular_clustered,0.055,0.7050958896718117,-1.3169577592503046,0.7886751116490599,-0.08357922197724821,0.08357922197724821
128,modular_clustered,0.06,0.6820654170013705,-1.1288209365002613,0.7556212414712316,-0.07355582446986109,0.07355582446986109
128,modular_clustered,0.065,0.6599339711453567,-0.9406841137502174,0.7192378244909143,-0.059303853345557656,0.059303853345557656
128,modular_clustered,0.07,0.6344000588828246,-0.7525472910001738,0.6797334876152984,-0.04533342873247381,0.04533342873247381
128,modular_clustered,0.075,0.6088865347720304,-0.5644104682501306,0.6374724220932491,-0.028585887321218695,0.028585887321218695
128,modular_clustered,0.08,0.5818892935112001,-0.3762736455000869,0.5929740380826536,-0.011084744571453475,0.011084744571453475
128,modular_clustered,0.085,0.5490144985631125,-0.18813682275004318,0.5468959618592057,0.002118536703906715,0.002118536703906715
128,modular_clustered,0.09,0.5165201688342436,0.0,0.5,0.016520168834243565,0.016520168834243565
128,modular_clustered,0.095,0.48036761660657823,0.1881368227500437,0.45310403814079414,0.02726357846578409,0.02726357846578409
128,modular_clustered,0.1,0.44149594524473473,0.3762736455000874,0.4070259619173463,0.03446998332738843,0.03446998332738843
128,modular_clustered,0.105,0.39950829066252047,0.5644104682501306,0.36252757790675094,0.03698071275576953,0.03698071275576953
128,modular_clustered,0.11,0.3536856592538566,0.7525472910001743,0.3202665123847015,0.03341914686915509,0.03341914686915509
128,modular_clustered,0.115,0.3106184352061206,0.940684113750218,0.28076217550908555,0.029856259697035037,0.029856259697035037
128,modular_clustered,0.12,0.26295549337319407,1.1288209365002613,0.24437875852876856,0.018576734844425513,0.018576734844425513
128,modular_clustered,0.125,0.2165500238310989,1.316957759250305,0.21132488835093988,0.0052251354801590155,0.0052251354801590155
128,modular_clustered,0.13,0.17183652071558583,1.5050945820003485,0.18166691397884427,-0.009830393263258436,0.009830393263258436
128,modular_clustered,0.135,0.13011340025478754,1.6932314047503922,0.15535135150452495,-0.025237951249737406,0.025237951249737406
128,modular_clustered,0.14,0.09152328752686435,1.881368227500436,0.1322317951443357,-0.04070850761747134,0.04070850761747134
128,modular_clustered,0.145,0.05689670298610156,2.069505050250479,0.11209629180126546,-0.055199588815163896,0.055199588815163896
128,modular_clustered,0.15,0.025330737867406014,2.2576418730005225,0.09469232789722415,-0.06936159002981813,0.06936159002981813
128,modular_clustered,0.155,5.5450892438676276e-05,2.4457786957505663,0.07974779354793016,-0.07969234265549148,0.07969234265549148
128,modular_clustered,0.16,0.0,2.63391551850061,0.06698731531709667,-0.06698731531709667,0.06698731531709667
128,modular_clustered,0.165,0.0,2.8220523412506533,0.05614407694662016,-0.05614407694662016,0.05614407694662016
128,modular_clustered,0.17,0.0,3.010189164000697,0.046967677647551165,-0.046967677647551165,0.046967677647551165
128,modular_clustered,0.17500000000000002,0.0,3.1983259867507408,0.03922876749723769,-0.03922876749723769,0.03922876749723769
128,modular_clustered,0.18,0.0,3.3864628095007836,0.03272122446249537,-0.03272122446249537,0.03272122446249537
128,modular_clustered,0.185,0.0,3.5745996322508273,0.027262566240843333,-0.027262566240843333,0.027262566240843333
128,modular_clustered,0.19,0.0,3.762736455000871,0.02269317449785646,-0.02269317449785646,0.02269317449785646
128,modular_clustered,0.195,0.0,3.950873277750915,0.01887478332389747,-0.01887478332389747,0.01887478332389747
128,modular_clustered,0.2,0.0,4.1390101005009585,0.015688567199402592,-0.015688567199402592,0.015688567199402592
128,modular_clustered,0.20500000000000002,0.0,4.327146923251002,0.013033065324651316,-0.013033065324651316,0.013033065324651316
128,modular_clustered,0.21,0.0,4.515283746001045,0.010822101161455988,-0.010822101161455988,0.010822101161455988
128,modular_clustered,0.215,0.0,4.703420568751088,0.008982797186149583,-0.008982797186149583,0.008982797186149583
128,modular_clustered,0.22,0.0,4.891557391501133,0.007453742291203214,-0.007453742291203214,0.007453742291203214
128,modular_clustered,0.225,0.0,5.079694214251176,0.006183339693734524,-0.006183339693734524,0.006183339693734524
128,modular_clustered,0.23,0.0,5.26783103700122,0.005128343504291255,-0.005128343504291255,0.005128343504291255
128,modular_clustered,0.23500000000000001,0.0,5.455967859751263,0.004252579634652642,-0.004252579634652642,0.004252579634652642
128,modular_clustered,0.24,0.0,5.644104682501306,0.003525839368674122,-0.003525839368674122,0.003525839368674122
128,modular_clustered,0.245,0.0,5.83224150525135,0.002922930075147101,-0.002922930075147101,0.002922930075147101
128,modular_clustered,0.25,0.0,6.020378328001393,0.00242286601964814,-0.00242286601964814,0.00242286601964814
128,modular_clustered,0.255,0.0,6.208515150751437,0.0020081821842961034,-0.0020081821842961034,0.0020081821842961034
128,modular_clustered,0.26,0.0,6.396651973501481,0.0016643548386799933,-0.0016643548386799933,0.0016643548386799933
128,modular_clustered,0.265,0.0,6.584788796251525,0.001379313920767733,-0.001379313920767733,0.001379313920767733
128,modular_clustered,0.27,0.0,6.772925619001568,0.0011430338191126266,-0.0011430338191126266,0.0011430338191126266
128,modular_clustered,0.275,0.0,6.961062441751612,0.0009471907293110426,-0.0009471907293110426,0.0009471907293110426
128,modular_clustered,0.28,0.0,7.1491992645016555,0.000784876286854419,-0.000784876286854419,0.000784876286854419
128,modular_clustered,0.28500000000000003,0.0,7.3373360872517,0.0006503585983533844,-0.0006503585983533844,0.0006503585983533844
128,modular_clustered,0.29,0.0,7.525472910001741,0.0005388830759482932,-0.0005388830759482932,0.0005388830759482932
128,modular_clustered,0.295,0.0,7.7136097327517845,0.0004465066165384446,-0.0004465066165384446,0.0004465066165384446
128,modular_clustered,0.3,0.0,7.901746555501829,0.00036995966062247643,-0.00036995966062247643,0.00036995966062247643
128,modular_clustered,0.305,0.0,8.089883378251873,0.0003065315238655053,-0.0003065315238655053,0.0003065315238655053
128,modular_clustered,0.31,0.0,8.278020201001915,0.0002539751301869897,-0.0002539751301869897,0.0002539751301869897
128,modular_clustered,0.315,0.0,8.46615702375196,0.0002104279015850974,-0.0002104279015850974,0.0002104279015850974
128,modular_clustered,0.32,0.0,8.654293846502004,0.00017434609060240636,-0.00017434609060240636,0.00017434609060240636
128,modular_clustered,0.325,0.0,8.842430669252046,0.000144450289055853,-0.000144450289055853,0.000144450289055853
128,modular_clustered,0.33,0.0,9.03056749200209,0.00011968022312558446,-0.00011968022312558446,0.00011968022312558446
128,modular_clustered,0.335,0.0,9.218704314752134,9.915726063058905e-05,-9.915726063058905e-05,9.915726063058905e-05
128,modular_clustered,0.34,0.0,9.406841137502177,8.215332051131341e-05,-8.215332051131341e-05,8.215332051131341e-05
128,modular_clustered,0.34500000000000003,0.0,9.594977960252221,6.806509524581728e-05,-6.806509524581728e-05,6.806509524581728e-05
128,modular_clustered,0.35000000000000003,0.0,9.783114783002265,5.6392681006212086e-05,-5.6392681006212086e-05,5.6392681006212086e-05
128,modular_clustered,0.355,0.0,9.971251605752308,4.6721863732446245e-05,-4.6721863732446245e-05,4.6721863732446245e-05
128,modular_clustered,0.36,0.0,10.159388428502352,3.8709436955053356e-05,-3.8709436955053356e-05,3.8709436955053356e-05
128,modular_clustered,0.365,0.0,10.347525251252396,3.207103335889361e-05,-3.207103335889361e-05,3.207103335889361e-05
128,modular_clustered,0.37,0.0,10.53566207400244,2.6571040310119365e-05,-2.6571040310119365e-05,2.6571040310119365e-05
128,modular_clustered,0.375,0.0,10.723798896752482,2.2014242862522515e-05,-2.2014242862522515e-05,2.2014242862522515e-05
128,modular_clustered,0.38,0.0,10.911935719502527,1.8238898606304232e-05,-1.8238898606304232e-05,1.8238898606304232e-05
128,modular_clustered,0.385,0.0,11.10007254225257,1.5110999231904287e-05,-1.5110999231904287e-05,1.5110999231904287e-05
128,modular_clustered,0.39,0.0,11.288209365002613,1.2519515581677076e-05,-1.2519515581677076e-05,1.2519515581677076e-05
128,modular_clustered,0.395,0.0,11.476346187752657,1.0372457726726125e-05,-1.0372457726726125e-05,1.0372457726726125e-05
128,modular_clustered,0.4,0.0,11.664483010502702,8.593610429596943e-06,-8.593610429596943e-06,8.593610429596943e-06
